filename,category,organism,cfu,label,donor_id,experiment_date,timepoint_hours,n_wl,wl_min,wl_max,abs_min,abs_max,abs_mean
20230215_PBSspiked_LZD9P6_D3_30%_1,sterile,PBS control,0,0.0,Unknown,20230215,,419,237.4571838,300.1626587,-0.4037057401176614,0.9039419499823386,-4.1123296759385274e-16
20230321_PBSspiked_LZD7P4_D5_60%_3,sterile,PBS control,0,0.0,D5,20230321,,419,237.4410706,300.1396484,-0.4273586252143198,0.9469270879190136,5.935321181766947e-17
20230215_PBSspiked_LZD9P4_D5_50%,sterile,PBS control,0,0.0,D5,20230215,,419,237.4571838,300.1626587,-0.4131736565050918,0.9116150776615748,-4.239515129833533e-16
20230208_PBSspiked_LZD5P6_D5_50%,sterile,PBS control,0,0.0,D5,20230208,,419,237.4533997,300.1588745,-0.4164190154001592,0.932256916299841,-1.2294593876517246e-16
20230214_PBSspiked_LZD9P2_D3_20%_2,sterile,PBS control,0,0.0,Unknown,20230214,,419,237.4571838,300.1626587,-0.4017934488122513,0.9090725344877486,1.1870642363533893e-16
20230209_PBSspiked_LZD6P4_D2_20%_3,sterile,PBS control,0,0.0,Unknown,20230209,,419,237.4351044,300.1477051,-0.4383619536225137,0.9835949927441529,2.54370907790012e-16
20230213_PBSspiked_LZD8P4_D2_20%_3,sterile,PBS control,0,0.0,Unknown,20230213,,419,237.4573364,300.1625671,-0.4397581286334127,0.9948713715332536,1.9925721110217606e-16
20230209_PBSspiked_LZD6P4_D4_50%_3,sterile,PBS control,0,0.0,Unknown,20230209,,419,237.4351044,300.1477051,-0.4302695638657917,0.9754599585342084,-1.9925721110217606e-16
20230209_PBSspiked_LZD6P4_D3_40%_1,sterile,PBS control,0,0.0,Unknown,20230209,,419,237.4351044,300.1477051,-0.407579482449244,0.9268587969174226,2.416523624005114e-16
20230215_PBSspiked_LZD9P6_D4_50%_3,sterile,PBS control,0,0.0,Unknown,20230215,,419,237.4571838,300.1626587,-0.4362958901465391,0.9926696832534608,2.925265439585138e-16
20230221_PBSspiked_LZD1P2_D3_30%_2,sterile,PBS control,0,0.0,Unknown,20230221,,419,237.4582214,300.163208,-0.4359961251259351,0.9659343810740648,-3.052450893480144e-16
20230210_PBSspiked_LZD6P6_D5_50%_3,sterile,PBS control,0,0.0,D5,20230210,,419,237.439743,300.1523438,-0.4284219050005566,0.97631594986611,2.162152716215102e-16
20230208_PBSspiked_LZD5P4_D6_70%_2,sterile,PBS control,0,0.0,D5,20230208,,419,237.4533997,300.1588745,-0.3905913227116152,0.8854283946217179,-2.798079985690132e-16
20230221_PBSspiked_LZD1P2_D4_40%,sterile,PBS control,0,0.0,Unknown,20230221,,419,237.4582214,300.163208,-0.4352734090918058,0.9583338450415274,8.479030259667066e-17
20230209_PBSspiked_LZD6P4_D4_50%_2,sterile,PBS control,0,0.0,Unknown,20230209,,419,237.4351044,300.1477051,-0.4252041835779629,0.9707034517553704,4.0275393733418565e-16
20230410_PBSspiked_LZD7P6_D2_30%_2,sterile,PBS control,0,0.0,Unknown,20230410,,419,237.4662628,300.1254272,-0.4342260635783611,0.9694291326883054,5.935321181766947e-17
20230214_PBSspiked_LZD9P2_D3_20%_1,sterile,PBS control,0,0.0,Unknown,20230214,,419,237.4571838,300.1626587,-0.4001281591353223,0.8989412450980112,-5.935321181766947e-17
20230216_PBSspiked_LZD10P2_D7_80%,sterile,PBS control,0,0.0,Unknown,20230216,,419,237.436676,300.1416626,-0.4200213634497219,0.928884755950278,-4.324305432430204e-16
20230216_PBSspiked_LZD10P2_D4_40%_1,sterile,PBS control,0,0.0,Unknown,20230216,,419,237.436676,300.1416626,-0.400312035757598,0.8980224536757353,-5.850530879170276e-16
20230213_PBSspiked_LZD8P2_D4_30%_3,sterile,PBS control,0,0.0,Unknown,20230213,,419,237.4573364,300.1625671,-0.4330834440880673,0.9709925859119326,-4.45149088632521e-16
20230223_PBSspiked_LZD7P2_D2_20%_2,sterile,PBS control,0,0.0,Unknown,20230223,,419,237.438385,300.1438599,-0.4328990194960224,0.9799386201706444,-1.0598787824583833e-16
20230217_PBSspiked_LZD10P6_D3_30%_2,sterile,PBS control,0,0.0,Unknown,20230217,,419,237.4504242,300.1421814,-0.4358746415631667,0.9968866800035,-3.7731684655518446e-16
20230209_PBSspiked_LZD6P2_D5_50%_2,sterile,PBS control,0,0.0,D5,20230209,,419,237.4351044,300.1477051,-0.4257463435132856,0.9695783534533812,-1.144669085055054e-16
20230223_PBSspiked_LZD7P2_D3_30%_3,sterile,PBS control,0,0.0,Unknown,20230223,,419,237.438385,300.1438599,-0.433472661795545,0.9976955217377884,-4.239515129833533e-17
20230411_PBSspiked_LZD1P4_D4_40%_1,sterile,PBS control,0,0.0,Unknown,20230411,,419,237.43573,300.1345825,-0.4337730845194908,0.994518698580509,5.08741815580024e-17
20230209_PBSspiked_LZD6P4_D3_40%,sterile,PBS control,0,0.0,Unknown,20230209,,419,237.4351044,300.1477051,-0.4085956977954652,0.919734287404535,1.1022739337567186e-16
20230214_PBSspiked_LZD8P6_D6_60%_2,sterile,PBS control,0,0.0,Unknown,20230214,,419,237.4571838,300.1626587,-0.4228780902740661,0.9541276159592672,-8.563820562263738e-16
20230217_PBSspiked_LZD10P6_D4_40%_3,sterile,PBS control,0,0.0,Unknown,20230217,,419,237.4504242,300.1421814,-0.4388630446864766,1.0120076677135232,-9.157352680440433e-16
20230214_PBSspiked_LZD8P6_D7_70%,sterile,PBS control,0,0.0,Unknown,20230214,,419,237.4571838,300.1626587,-0.4161424911660298,0.92905293643397,3.6459830116568384e-16
20230213_PBSspiked_LZD8P4_D6_70%_2,sterile,PBS control,0,0.0,Unknown,20230213,,419,237.4573364,300.1625671,-0.4200641768813048,0.9408018529520286,-6.783224207733654e-17
20230214_PBSspiked_LZD8P6_D7_70%_2,sterile,PBS control,0,0.0,Unknown,20230214,,419,237.4571838,300.1626587,-0.4153481828282418,0.9346847871384252,4.663466642816887e-17
20230321_PBSspiked_LZD7P4_D7_90%_3,sterile,PBS control,0,0.0,Unknown,20230321,,419,237.4410706,300.1396484,-0.425378782186635,0.9502791736800316,-2.162152716215102e-16
20230417_PBSspiked_LZD1P6_D5_60%,sterile,PBS control,0,0.0,D5,20230417,,419,237.4287262,300.1347351,-0.4314697427768494,0.9842980063231506,2.162152716215102e-16
20230213_PBSspiked_LZD8P2_D4_30%_2,sterile,PBS control,0,0.0,Unknown,20230213,,419,237.4573364,300.1625671,-0.4331566274931584,0.972343272940175,-7.207175720717007e-17
20230209_PBSspiked_LZD6P2_D7_90%_1,sterile,PBS control,0,0.0,Unknown,20230209,,419,237.4351044,300.1477051,-0.3715931880011134,0.8448622863655528,3.0100557421818085e-16
20230215_PBSspiked_LZD9P4_D3_30%_2,sterile,PBS control,0,0.0,Unknown,20230215,,419,237.4571838,300.1626587,-0.4292284919964198,0.9627771799369136,2.5649066535492877e-16
20230221_PBSspiked_LZD1P2_D5_50%_2,sterile,PBS control,0,0.0,D5,20230221,,419,237.4582214,300.163208,-0.4325775091131271,0.9748279965868728,-5.341789063590252e-16
20230209_PBSspiked_LZD6P2_D6_70%_3,sterile,PBS control,0,0.0,Unknown,20230209,,419,237.4351044,300.1477051,-0.4105067189791564,0.9335536472208436,2.3317333214084434e-16
20230131_PBSspiked_LZD5P2_D6_70%_2,sterile,PBS control,0,0.0,D5,20230131,,419,237.4545898,300.1534424,-0.4077760257464601,0.9443959516202064,-2.9676605908834733e-16
20230209_PBSspiked_LZD6P4_D2_20%_2,sterile,PBS control,0,0.0,Unknown,20230209,,419,237.4351044,300.1477051,-0.4353886766766106,0.984330736490056,3.052450893480144e-16
20230410_PBSspiked_LZD7P6_D4_50%_3,sterile,PBS control,0,0.0,Unknown,20230410,,419,237.4662628,300.1254272,-0.4307964123757356,0.9794457775909312,2.289338170110108e-16
20230321_PBSspiked_LZD7P4_D2_30%_3,sterile,PBS control,0,0.0,Unknown,20230321,,419,237.4410706,300.1396484,-0.4298788282249797,0.9407983000750202,3.942749070745186e-16
20230214_PBSspiked_LZD8P6_D2_20%,sterile,PBS control,0,0.0,Unknown,20230214,,419,237.4571838,300.1626587,-0.4228738835144797,0.9462357425188536,-7.885498141490372e-16
20230217_PBSspiked_LZD10P6_D5_50%_2,sterile,PBS control,0,0.0,D5,20230217,,419,237.4504242,300.1421814,-0.4366005548995232,1.0110088001338102,-5.00262785320357e-16
20230411_PBSspiked_LZD1P4_D5_50%,sterile,PBS control,0,0.0,D5,20230411,,419,237.43573,300.1345825,-0.433098319129355,0.990814454403978,5.765740576573606e-16
20230131_PBSspiked_LZD5P2_D5_50%,sterile,PBS control,0,0.0,D5,20230131,,419,237.4545898,300.1534424,-0.4220995262977727,0.9744070018022274,-2.289338170110108e-16
20230214_PBSspiked_LZD9P2_D5_50%_1,sterile,PBS control,0,0.0,D5,20230214,,419,237.4571838,300.1626587,-0.3901130360945111,0.8732284104388224,-3.1372411960768147e-16
20230131_PBSspiked_LZD5P2_D2_20%_3,sterile,PBS control,0,0.0,D5,20230131,,419,237.4545898,300.1534424,-0.4392460056401751,1.0191819601931582,-1.27185453895006e-16
20230221_PBSspiked_LZD1P2_D6_60%,sterile,PBS control,0,0.0,Unknown,20230221,,419,237.4582214,300.163208,-0.4345028697073192,0.9451347491260144,-1.5686205980384074e-16
20230223_PBSspiked_LZD7P2_D5_50%_2,sterile,PBS control,0,0.0,D5,20230223,,419,237.438385,300.1438599,-0.4308884448071596,0.9826903635261734,3.052450893480144e-16
20230208_PBSspiked_LZD5P4_D6_70%,sterile,PBS control,0,0.0,D5,20230208,,419,237.4533997,300.1588745,-0.3906132480201271,0.8717031974465397,1.4838302954417367e-16
20230321_PBSspiked_LZD7P4_D3_40%_1,sterile,PBS control,0,0.0,Unknown,20230321,,419,237.4410706,300.1396484,-0.4269282090630071,0.922992312070326,6.783224207733654e-17
20230216_PBSspiked_LZD10P2_D7_80%_1,sterile,PBS control,0,0.0,Unknown,20230216,,419,237.436676,300.1416626,-0.4207596606637231,0.9344841813029434,-1.6958060519334134e-17
20230213_PBSspiked_LZD8P4_D2_20%_2,sterile,PBS control,0,0.0,Unknown,20230213,,419,237.4573364,300.1625671,-0.4368448454175015,0.976163874149165,4.069934524640192e-16
20230214_PBSspiked_LZD8P6_D7_70%_1,sterile,PBS control,0,0.0,Unknown,20230214,,419,237.4571838,300.1626587,-0.414539857475655,0.9324937275910116,1.280333569209727e-15
20230221_PBSspiked_LZD1P2_D2_20%_1,sterile,PBS control,0,0.0,Unknown,20230221,,419,237.4582214,300.163208,-0.4334052445499605,0.9600043054500396,-3.688378162955174e-16
20230223_PBSspiked_LZD7P2_D2_20%_1,sterile,PBS control,0,0.0,Unknown,20230223,,419,237.438385,300.1438599,-0.4305310106042167,0.9685530756291169,-3.900353919446851e-16
20230214_PBSspiked_LZD9P2_D7_80%_1,sterile,PBS control,0,0.0,Unknown,20230214,,419,237.4571838,300.1626587,-0.4070042373244235,0.90890640460891,-1.780596354530084e-16
20230223_PBSspiked_LZD7P2_D6_70%_2,sterile,PBS control,0,0.0,Unknown,20230223,,419,237.438385,300.1438599,-0.430636525851551,0.9733032229151156,3.561192709060168e-16
20230208_PBSspiked_LZD5P4_D7_80%,sterile,PBS control,0,0.0,D5,20230208,,419,237.4533997,300.1588745,-0.423589739241766,0.9550864271249008,5.935321181766947e-17
20230131_PBSspiked_LZD5P4_D2_20%,sterile,PBS control,0,0.0,D5,20230131,,419,237.4545898,300.1534424,-0.4432185924002383,1.023967188133095,3.306821801270156e-16
20230208_PBSspiked_LZD5P4_D7_80%_3,sterile,PBS control,0,0.0,D5,20230208,,419,237.4533997,300.1588745,-0.4250557444656324,0.9760068285343676,2.54370907790012e-17
20230216_PBSspiked_LZD10P4_D6_60%_3,sterile,PBS control,0,0.0,Unknown,20230216,,419,237.436676,300.1416626,-0.4235020934826575,0.9392005543506758,-3.985144222043521e-16
20230321_PBSspiked_LZD7P4_D7_90%,sterile,PBS control,0,0.0,Unknown,20230321,,419,237.4410706,300.1396484,-0.4226135076781222,0.9290760051218778,3.306821801270156e-16
20230131_PBSspiked_LZD5P4_D4_40%,sterile,PBS control,0,0.0,D5,20230131,,419,237.4545898,300.1534424,-0.4395255695393001,0.9884755956940332,-2.2045478675134372e-16
20230214_PBSspiked_LZD8P6_D6_60%,sterile,PBS control,0,0.0,Unknown,20230214,,419,237.4571838,300.1626587,-0.4176935107635637,0.9419637120697696,2.670894531795126e-16
20230210_PBSspiked_LZD6P6_D6_70%_3,sterile,PBS control,0,0.0,Unknown,20230210,,419,237.439743,300.1523438,-0.3958498809732693,0.9050013698267304,3.0100557421818085e-16
20230213_PBSspiked_LZD8P2_D2_10%_3,sterile,PBS control,0,0.0,Unknown,20230213,,419,237.4573364,300.1625671,-0.4371014511708834,0.9808214081291166,-2.7132896830934615e-16
20230209_PBSspiked_LZD6P4_D2_20%_1,sterile,PBS control,0,0.0,Unknown,20230209,,419,237.4351044,300.1477051,-0.4327489669603817,0.9689991835062848,1.399039992845066e-16
20230208_PBSspiked_LZD5P6_D2_20%_2,sterile,PBS control,0,0.0,D5,20230208,,419,237.4533997,300.1588745,-0.4306491962643594,0.9688702271356404,1.5686205980384074e-16
20230209_PBSspiked_LZD6P2_D2_10%_1,sterile,PBS control,0,0.0,Unknown,20230209,,419,237.4351044,300.1477051,-0.431354518938027,0.9697623983286396,7.63112723370036e-17
20230208_PBSspiked_LZD5P2_D7_80%,sterile,PBS control,0,0.0,D5,20230208,,419,237.4533997,300.1588745,-0.414367172111694,0.9425359338216392,4.4090957350268745e-16
20230217_PBSspiked_LZD10P6_D7_70%,sterile,PBS control,0,0.0,Unknown,20230217,,419,237.4504242,300.1421814,-0.4322664640030229,0.9846541829636436,1.0598787824583833e-16
20230215_PBSspiked_LZD9P6_D6_70%_3,sterile,PBS control,0,0.0,Unknown,20230215,,419,237.4571838,300.1626587,-0.4171767976854417,0.9232613648478916,-2.162152716215102e-16
20230208_PBSspiked_LZD5P6_D3_30%_2,sterile,PBS control,0,0.0,D5,20230208,,419,237.4533997,300.1588745,-0.4352449549431982,0.9809922703901351,-2.3317333214084434e-16
20230411_PBSspiked_LZD1P4_D6_70%_1,sterile,PBS control,0,0.0,Unknown,20230411,,419,237.4364624,300.1353149,-0.4345709606255369,0.9918544462411298,1.399039992845066e-16
20230215_PBSspiked_LZD9P4_D5_50%_1,sterile,PBS control,0,0.0,D5,20230215,,419,237.4571838,300.1626587,-0.4125487418076368,0.9151602675590298,4.324305432430204e-16
20230214_PBSspiked_LZD8P6_D4_40%_2,sterile,PBS control,0,0.0,Unknown,20230214,,419,237.4571838,300.1626587,-0.432976221045743,0.9787312694542568,7.291966023313677e-16
20230321_PBSspiked_LZD7P4_D6_80%,sterile,PBS control,0,0.0,Unknown,20230321,,419,237.4410706,300.1396484,-0.4246022313291167,0.9182073068708833,2.7132896830934615e-16
20230214_PBSspiked_LZD9P2_D4_40%_1,sterile,PBS control,0,0.0,Unknown,20230214,,419,237.4571838,300.1626587,-0.4124707601325376,0.925395868934129,2.034967262320096e-16
20230417_PBSspiked_LZD1P6_D6_80%_1,sterile,PBS control,0,0.0,Unknown,20230417,,419,237.4287262,300.1347351,-0.4230089086328562,0.9735961558338104,-2.1197575649167665e-16
20230410_PBSspiked_LZD7P6_D5_60%,sterile,PBS control,0,0.0,D5,20230410,,419,237.4662628,300.1254272,-0.4316497931320602,0.9644809623679396,2.882870288286803e-16
20230131_PBSspiked_LZD5P2_D5_50%_3,sterile,PBS control,0,0.0,D5,20230131,,419,237.4545898,300.1534424,-0.4237280471530625,0.9876892283802708,3.3916121038668266e-16
20230209_PBSspiked_LZD6P2_D7_90%_3,sterile,PBS control,0,0.0,Unknown,20230209,,419,237.4351044,300.1477051,-0.3731567093910902,0.8592526733089098,-3.17963634737515e-16
20230209_PBSspiked_LZD6P2_D4_40%_2,sterile,PBS control,0,0.0,Unknown,20230209,,419,237.4351044,300.1477051,-0.4272339179871123,0.970239894012888,-1.1022739337567186e-16
20230209_PBSspiked_LZD6P4_D7_90%_1,sterile,PBS control,0,0.0,Unknown,20230209,,419,237.4351044,300.1477051,-0.3865304204792364,0.8690790026540967,-2.225745443162605e-16
20230208_PBSspiked_LZD5P6_D4_40%_2,sterile,PBS control,0,0.0,D5,20230208,,419,237.4533997,300.1588745,-0.4324550789275253,0.9793107500391416,5.553764820081929e-16
20230221_PBSspiked_LZD1P2_D7_70%_3,sterile,PBS control,0,0.0,Unknown,20230221,,419,237.4582214,300.163208,-0.4321332588951471,0.9687476244048532,8.90298177265042e-17
20230215_PBSspiked_LZD9P4_D2_20%,sterile,PBS control,0,0.0,Unknown,20230215,,419,237.4571838,300.1626587,-0.4295681221689738,0.9521923804976928,2.7556848343917966e-17
20230410_PBSspiked_LZD7P6_D4_50%,sterile,PBS control,0,0.0,Unknown,20230410,,419,237.4662628,300.1254272,-0.430926093036834,0.9697985466631658,-3.434007255165162e-16
20230210_PBSspiked_LZD6P6_D3_30%_1,sterile,PBS control,0,0.0,Unknown,20230210,,419,237.439743,300.1523438,-0.4294064688788387,0.9699047655544945,-2.5861042291984553e-16
20230213_PBSspiked_LZD8P2_D3_20%_1,sterile,PBS control,0,0.0,Unknown,20230213,,419,237.4573364,300.1625671,-0.4328871728922037,0.9575592466411296,-3.391612103866827e-17
20230216_PBSspiked_LZD10P4_D6_60%_1,sterile,PBS control,0,0.0,Unknown,20230216,,419,237.436676,300.1416626,-0.4182852852264124,0.9168335151735876,-3.264426649971821e-16
20230208_PBSspiked_LZD5P4_D4_40%_1,sterile,PBS control,0,0.0,D5,20230208,,419,237.4533997,300.1588745,-0.4343380848306286,0.9971950830027044,-1.1870642363533893e-16
20230417_PBSspiked_LZD1P6_D5_60%_3,sterile,PBS control,0,0.0,D5,20230417,,419,237.4287262,300.1347351,-0.4304003615583132,0.9900334226416868,2.670894531795126e-16
20230217_PBSspiked_LZD10P6_D2_20%_3,sterile,PBS control,0,0.0,Unknown,20230217,,419,237.4504242,300.1421814,-0.4261655101723145,0.9715906391943522,5.426579366186923e-16
20230221_PBSspiked_LZD1P2_D4_40%_1,sterile,PBS control,0,0.0,Unknown,20230221,,419,237.4582214,300.163208,-0.4340446194474942,0.9591804193191724,-7.207175720717007e-17
20230417_PBSspiked_LZD1P6_D4_50%_3,sterile,PBS control,0,0.0,Unknown,20230417,,419,237.4287262,300.1347351,-0.4326182983145582,0.9870708551521086,3.052450893480144e-16
20230214_PBSspiked_LZD8P6_D5_50%_3,sterile,PBS control,0,0.0,D5,20230214,,419,237.4571838,300.1626587,-0.418950164198886,0.9401263607344476,2.798079985690132e-16
20230214_PBSspiked_LZD9P2_D2_10%_3,sterile,PBS control,0,0.0,Unknown,20230214,,419,237.4571838,300.1626587,-0.4314470136225932,0.9670438669440732,2.2469430188117725e-16
20230210_PBSspiked_LZD6P6_D3_30%_3,sterile,PBS control,0,0.0,Unknown,20230210,,419,237.439743,300.1523438,-0.4358501415070806,0.9832094828929192,-2.2045478675134372e-16
20230210_PBSspiked_LZD6P6_D7_90%_2,sterile,PBS control,0,0.0,Unknown,20230210,,419,237.439743,300.1523438,-0.4326169373645985,0.9781043249020682,-2.034967262320096e-16
20230131_PBSspiked_LZD5P4_D3_30%_3,sterile,PBS control,0,0.0,D5,20230131,,419,237.4545898,300.1534424,-0.4482329252860773,1.0207607582139224,6.740829056435318e-16
20230214_PBSspiked_LZD8P6_D3_30%_3,sterile,PBS control,0,0.0,Unknown,20230214,,419,237.4571838,300.1626587,-0.4328651854169448,0.9707207597163884,2.416523624005114e-16
20230216_PBSspiked_LZD10P2_D3_20%_1,sterile,PBS control,0,0.0,Unknown,20230216,,419,237.436676,300.1416626,-0.419294516167383,0.9340200624326168,-3.052450893480144e-16
20230213_PBSspiked_LZD8P4_D4_40%_2,sterile,PBS control,0,0.0,Unknown,20230213,,419,237.4573364,300.1625671,-0.4310074250252986,0.9675963916747012,-3.0948460447784795e-16
20230131_PBSspiked_LZD5P2_D2_20%,sterile,PBS control,0,0.0,D5,20230131,,419,237.4545898,300.1534424,-0.4373061563549723,1.0050559733783608,-1.4414351441434014e-16
20230210_PBSspiked_LZD6P6_D7_90%_1,sterile,PBS control,0,0.0,Unknown,20230210,,419,237.439743,300.1523438,-0.4319686426550517,0.9703180060116148,-1.6958060519334134e-17
20230213_PBSspiked_LZD8P4_D3_30%_1,sterile,PBS control,0,0.0,Unknown,20230213,,419,237.4573364,300.1625671,-0.435359919474065,0.9671183134926016,1.27185453895006e-16
20230215_PBSspiked_LZD9P4_D7_70%,sterile,PBS control,0,0.0,Unknown,20230215,,419,237.4571838,300.1626587,-0.3960959110974538,0.8709604197025465,4.260712705482701e-16
20230209_PBSspiked_LZD6P4_D7_90%_2,sterile,PBS control,0,0.0,Unknown,20230209,,419,237.4351044,300.1477051,-0.3834003288184561,0.8678757121482105,5.129813307098575e-16
20230208_PBSspiked_LZD5P6_D3_30%_1,sterile,PBS control,0,0.0,D5,20230208,,419,237.4533997,300.1588745,-0.4325526863127287,0.9674991755872712,0.0
20230208_PBSspiked_LZD5P4_D5_50%_1,sterile,PBS control,0,0.0,D5,20230208,,419,237.4533997,300.1588745,-0.4213848218417662,0.9451665478249008,1.6958060519334134e-17
20230210_PBSspiked_LZD6P6_D2_20%_3,sterile,PBS control,0,0.0,Unknown,20230210,,419,237.439743,300.1523438,-0.441711756101512,0.9918222901318212,-4.281910281131869e-16
20230321_PBSspiked_LZD7P4_D5_60%_2,sterile,PBS control,0,0.0,D5,20230321,,419,237.4410706,300.1396484,-0.4256119251948294,0.9248735140718376,-4.53628118892188e-16
20230221_PBSspiked_LZD1P2_D2_20%_2,sterile,PBS control,0,0.0,Unknown,20230221,,419,237.4582214,300.163208,-0.4377359001223544,0.9672065626443124,3.7307733142535094e-16
20230417_PBSspiked_LZD1P6_D7_90%_1,sterile,PBS control,0,0.0,Unknown,20230417,,419,237.4287262,300.1347351,-0.4267446319537786,0.9801397801462216,2.1197575649167665e-16
20230215_PBSspiked_LZD9P4_D4_40%_2,sterile,PBS control,0,0.0,Unknown,20230215,,419,237.4571838,300.1626587,-0.4273130806495618,0.9561790659837712,6.274482392153629e-16
20230214_PBSspiked_LZD8P6_D6_60%_1,sterile,PBS control,0,0.0,Unknown,20230214,,419,237.4571838,300.1626587,-0.4204824621686555,0.9467521899980113,8.479030259667066e-17
20230215_PBSspiked_LZD9P4_D2_20%_1,sterile,PBS control,0,0.0,Unknown,20230215,,419,237.4571838,300.1626587,-0.428766981497374,0.9478626296359592,6.126099362609456e-16
20230215_PBSspiked_LZD9P4_D7_70%_1,sterile,PBS control,0,0.0,Unknown,20230215,,419,237.4571838,300.1626587,-0.393170303446141,0.8697303172871923,6.3592726947503e-16
20230216_PBSspiked_LZD10P2_D6_60%,sterile,PBS control,0,0.0,Unknown,20230216,,419,237.436676,300.1416626,-0.4252200424943514,0.9342059444389822,1.8653866571267547e-16
20230208_PBSspiked_LZD5P2_D7_80%_2,sterile,PBS control,0,0.0,D5,20230208,,419,237.4533997,300.1588745,-0.4147283255391405,0.9386527020941928,3.306821801270156e-16
20230321_PBSspiked_LZD7P4_D4_50%,sterile,PBS control,0,0.0,Unknown,20230321,,419,237.4410706,300.1396484,-0.4281119621247419,0.929390567575258,-4.748256945413557e-16
20230208_PBSspiked_LZD5P4_D5_50%,sterile,PBS control,0,0.0,D5,20230208,,419,237.4533997,300.1588745,-0.4202637876479717,0.9460122678853616,-3.4764024064634975e-16
20230209_PBSspiked_LZD6P2_D3_20%_1,sterile,PBS control,0,0.0,Unknown,20230209,,419,237.4351044,300.1477051,-0.4305726541914086,0.9690453405419244,-5.172208458396911e-16
20230213_PBSspiked_LZD8P4_D3_30%_3,sterile,PBS control,0,0.0,Unknown,20230213,,419,237.4573364,300.1625671,-0.4354381595401752,0.9760007872264916,-2.1197575649167665e-16
20230131_PBSspiked_LZD5P4_D3_30%_1,sterile,PBS control,0,0.0,D5,20230131,,419,237.4545898,300.1534424,-0.443294712041528,1.0108106005251387,-5.426579366186923e-16
20230223_PBSspiked_LZD7P2_D5_50%,sterile,PBS control,0,0.0,D5,20230223,,419,237.438385,300.1438599,-0.4310373644625305,0.974799436304136,-6.571248451241977e-16
20230210_PBSspiked_LZD6P6_D4_40%_2,sterile,PBS control,0,0.0,Unknown,20230210,,419,237.439743,300.1523438,-0.434314343709149,0.981618664024184,-2.882870288286803e-16
20230411_PBSspiked_LZD1P4_D5_50%_3,sterile,PBS control,0,0.0,D5,20230411,,419,237.4364624,300.1353149,-0.4348458664023864,1.0046869597976136,1.8653866571267547e-16
20230131_PBSspiked_LZD5P2_D3_30%_2,sterile,PBS control,0,0.0,D5,20230131,,419,237.4545898,300.1534424,-0.4420363898972161,1.016571511936117,-5.638555122678599e-16
20230321_PBSspiked_LZD7P4_D2_30%,sterile,PBS control,0,0.0,Unknown,20230321,,419,237.4410706,300.1396484,-0.4253538352846465,0.9282955227486868,-5.744543000924438e-16
20230411_PBSspiked_LZD1P4_D3_30%_2,sterile,PBS control,0,0.0,Unknown,20230411,,419,237.43573,300.1345825,-0.4333138544555293,0.9839957627111372,-2.798079985690132e-16
20230208_PBSspiked_LZD5P6_D7_70%_3,sterile,PBS control,0,0.0,D5,20230208,,419,237.4533997,300.1588745,-0.4197743738365155,0.9490762296968178,0.0
20230208_PBSspiked_LZD5P6_D2_20%,sterile,PBS control,0,0.0,D5,20230208,,419,237.4533997,300.1588745,-0.425719169550199,0.9713623943498012,-2.0561648379692637e-16
20230208_PBSspiked_LZD5P6_D6_60%_3,sterile,PBS control,0,0.0,D5,20230208,,419,237.4533997,300.1588745,-0.4140109221623707,0.9464223037709628,5.511369668783593e-17
20230209_PBSspiked_LZD6P4_D4_50%_1,sterile,PBS control,0,0.0,Unknown,20230209,,419,237.4351044,300.1477051,-0.4234641616020678,0.9584848558979322,5.808135727871941e-16
20230214_PBSspiked_LZD9P2_D4_40%_3,sterile,PBS control,0,0.0,Unknown,20230214,,419,237.4571838,300.1626587,-0.4180764278241047,0.9464845188425622,3.3916121038668266e-16
20230410_PBSspiked_LZD7P6_D3_40%,sterile,PBS control,0,0.0,Unknown,20230410,,419,237.4662628,300.1254272,-0.4331334481711216,0.9660919209955452,1.144669085055054e-16
20230223_PBSspiked_LZD7P2_D6_70%_1,sterile,PBS control,0,0.0,Unknown,20230223,,419,237.438385,300.1438599,-0.4276712483075574,0.9633283565591092,2.54370907790012e-16
20230209_PBSspiked_LZD6P2_D5_50%,sterile,PBS control,0,0.0,D5,20230209,,419,237.4351044,300.1477051,-0.4226702923805089,0.9506911213528242,2.1197575649167665e-16
20230131_PBSspiked_LZD5P4_D3_30%,sterile,PBS control,0,0.0,D5,20230131,,419,237.4545898,300.1534424,-0.4416973519895785,0.9968476614770884,-8.479030259667066e-17
20230223_PBSspiked_LZD7P2_D4_40%,sterile,PBS control,0,0.0,Unknown,20230223,,419,237.438385,300.1438599,-0.4334986052257752,0.9763397482408914,4.324305432430204e-16
20230223_PBSspiked_LZD7P2_D7_80%,sterile,PBS control,0,0.0,Unknown,20230223,,419,237.438385,300.1438599,-0.4261202270644392,0.9695607070688942,-6.3592726947503e-17
20230215_PBSspiked_LZD9P6_D3_30%_3,sterile,PBS control,0,0.0,Unknown,20230215,,419,237.4571838,300.1626587,-0.4044454904133652,0.9036293213866348,-5.08741815580024e-17
20230213_PBSspiked_LZD8P2_D6_60%_2,sterile,PBS control,0,0.0,Unknown,20230213,,419,237.4573364,300.1625671,-0.4176234145222748,0.9449595920110586,4.4090957350268745e-16
20230131_PBSspiked_LZD5P4_D2_20%_3,sterile,PBS control,0,0.0,D5,20230131,,419,237.4545898,300.1534424,-0.4467745387273668,1.0231250808393,-9.750884798617127e-17
20230215_PBSspiked_LZD9P4_D6_60%_3,sterile,PBS control,0,0.0,Unknown,20230215,,419,237.4571838,300.1626587,-0.4043239315259346,0.8970754186073988,1.526225446740072e-16
20230216_PBSspiked_LZD10P4_D4_40%,sterile,PBS control,0,0.0,Unknown,20230216,,419,237.436676,300.1416626,-0.4290537628241048,0.9507139778425618,2.416523624005114e-16
20230213_PBSspiked_LZD8P2_D2_10%_1,sterile,PBS control,0,0.0,Unknown,20230213,,419,237.4573364,300.1625671,-0.433551604281464,0.956993381318536,-2.1197575649167665e-16
20230209_PBSspiked_LZD6P4_D5_60%_1,sterile,PBS control,0,0.0,D5,20230209,,419,237.4351044,300.1477051,-0.3794810455105011,0.8584796210228324,1.1234715094058862e-16
20230223_PBSspiked_LZD7P2_D7_80%_3,sterile,PBS control,0,0.0,Unknown,20230223,,419,237.438385,300.1438599,-0.4264755220049321,0.9774036387617344,2.501313926601785e-16
20230208_PBSspiked_LZD5P4_D5_50%_2,sterile,PBS control,0,0.0,D5,20230208,,419,237.4533997,300.1588745,-0.421806620609785,0.9525593151902148,2.0773624136184313e-16
20230417_PBSspiked_LZD1P6_D3_30%_3,sterile,PBS control,0,0.0,Unknown,20230417,,419,237.4287262,300.1347351,-0.434161245719332,1.0032702291140012,-2.501313926601785e-16
20230417_PBSspiked_LZD1P6_D2_20%_2,sterile,PBS control,0,0.0,Unknown,20230417,,419,237.4287262,300.1347351,-0.4314954576865552,0.994999448646778,6.3592726947503e-17
20230209_PBSspiked_LZD6P2_D2_10%_3,sterile,PBS control,0,0.0,Unknown,20230209,,419,237.4351044,300.1477051,-0.4350739571462209,0.980436130853779,2.416523624005114e-16
20230223_PBSspiked_LZD7P2_D4_40%_3,sterile,PBS control,0,0.0,Unknown,20230223,,419,237.438385,300.1438599,-0.4341643774105012,1.0053716630228324,3.391612103866827e-17
20230210_PBSspiked_LZD6P6_D6_70%_2,sterile,PBS control,0,0.0,Unknown,20230210,,419,237.439743,300.1523438,-0.3951562508739056,0.900703398792761,5.511369668783593e-16
20230208_PBSspiked_LZD5P4_D7_80%_1,sterile,PBS control,0,0.0,D5,20230208,,419,237.4533997,300.1588745,-0.4230820376787587,0.9573122869212412,2.840475136988467e-16
20230321_PBSspiked_LZD7P4_D7_90%_2,sterile,PBS control,0,0.0,Unknown,20230321,,419,237.4410706,300.1396484,-0.4238165889773276,0.9373400437226724,-6.783224207733653e-16
20230221_PBSspiked_LZD1P2_D2_20%_3,sterile,PBS control,0,0.0,Unknown,20230221,,419,237.4582214,300.163208,-0.4375575166783615,0.9745890166216384,-3.5187975577618327e-16
20230209_PBSspiked_LZD6P2_D5_50%_3,sterile,PBS control,0,0.0,D5,20230209,,419,237.4351044,300.1477051,-0.4287491209512331,0.9888734153154336,8.479030259667067e-18
20230215_PBSspiked_LZD9P6_D7_70%_2,sterile,PBS control,0,0.0,Unknown,20230215,,419,237.4571838,300.1626587,-0.4366056774679396,0.9608838354987268,-1.1022739337567186e-16
20230208_PBSspiked_LZD5P6_D6_60%_2,sterile,PBS control,0,0.0,D5,20230208,,419,237.4533997,300.1588745,-0.4130955618906921,0.938471135009308,1.27185453895006e-17
20230216_PBSspiked_LZD10P4_D5_50%_1,sterile,PBS control,0,0.0,D5,20230216,,419,237.436676,300.1416626,-0.4071995129101827,0.8960926717898171,2.5861042291984553e-16
20230217_PBSspiked_LZD10P6_D7_70%_3,sterile,PBS control,0,0.0,Unknown,20230217,,419,237.4504242,300.1421814,-0.4360229270123312,0.9951520762543354,-2.670894531795126e-16
20230411_PBSspiked_LZD1P4_D7_70%_3,sterile,PBS control,0,0.0,Unknown,20230411,,419,237.4364624,300.1353149,-0.4321876210365154,0.9897439190634846,1.1870642363533893e-16
20230215_PBSspiked_LZD9P4_D4_40%,sterile,PBS control,0,0.0,Unknown,20230215,,419,237.4571838,300.1626587,-0.4250373497805091,0.9477483624528245,6.783224207733654e-17
20230209_PBSspiked_LZD6P2_D7_90%_2,sterile,PBS control,0,0.0,Unknown,20230209,,419,237.4351044,300.1477051,-0.3727406702022271,0.8499373506311062,4.621071491518552e-16
20230131_PBSspiked_LZD5P2_D5_50%_1,sterile,PBS control,0,0.0,D5,20230131,,419,237.4545898,300.1534424,-0.421195483568655,0.9691985383646782,4.621071491518552e-16
20230209_PBSspiked_LZD6P4_D3_40%_3,sterile,PBS control,0,0.0,Unknown,20230209,,419,237.4351044,300.1477051,-0.4091484290356403,0.9393598991310262,8.055078746683713e-17
20230131_PBSspiked_LZD5P6_D5_50%_2,sterile,PBS control,0,0.0,D5,20230131,,419,237.4533997,300.1588745,-0.4184037908138424,0.9395488682861576,8.479030259667066e-17
20230217_PBSspiked_LZD10P6_D6_70%,sterile,PBS control,0,0.0,Unknown,20230217,,419,237.4504242,300.1421814,-0.4361497241292753,0.985336583904058,7.376756325910348e-16
20230210_PBSspiked_LZD6P6_D5_50%_2,sterile,PBS control,0,0.0,D5,20230210,,419,237.439743,300.1523438,-0.4296599522362769,0.9713057084970564,-3.391612103866827e-17
20230209_PBSspiked_LZD6P4_D6_70%_3,sterile,PBS control,0,0.0,Unknown,20230209,,419,237.4351044,300.1477051,-0.394558521060382,0.8914330677729514,-1.1022739337567186e-16
20230213_PBSspiked_LZD8P2_D6_60%,sterile,PBS control,0,0.0,Unknown,20230213,,419,237.4573364,300.1625671,-0.4166868476597449,0.9414863587069217,4.3667005837285393e-16
20230214_PBSspiked_LZD9P2_D3_20%,sterile,PBS control,0,0.0,Unknown,20230214,,419,237.4571838,300.1626587,-0.3985428669233892,0.8940450644432776,-1.7382012032317488e-16
20230216_PBSspiked_LZD10P4_D2_20%_2,sterile,PBS control,0,0.0,Unknown,20230216,,419,237.436676,300.1416626,-0.424162306563007,0.9482803065703264,1.4838302954417367e-16
20230321_PBSspiked_LZD7P4_D6_80%_2,sterile,PBS control,0,0.0,Unknown,20230321,,419,237.4410706,300.1396484,-0.4239252831356405,0.9347888456643596,-5.935321181766947e-17
20230214_PBSspiked_LZD9P2_D4_40%_2,sterile,PBS control,0,0.0,Unknown,20230214,,419,237.4571838,300.1626587,-0.4123649777574379,0.9265166687092288,4.1123296759385274e-16
20230214_PBSspiked_LZD8P6_D2_20%_1,sterile,PBS control,0,0.0,Unknown,20230214,,419,237.4571838,300.1626587,-0.4265051611488459,0.9513771458844876,4.960232701905234e-16
20230216_PBSspiked_LZD10P2_D2_10%_2,sterile,PBS control,0,0.0,Unknown,20230216,,419,237.436676,300.1416626,-0.432300565202705,0.9620849713306284,-1.2294593876517246e-16
20230210_PBSspiked_LZD6P6_D5_50%_1,sterile,PBS control,0,0.0,D5,20230210,,419,237.439743,300.1523438,-0.4286834368444708,0.9723158058888624,1.1870642363533893e-16
20230216_PBSspiked_LZD10P2_D2_10%_3,sterile,PBS control,0,0.0,Unknown,20230216,,419,237.436676,300.1416626,-0.4333329099582339,0.9672620049417664,-2.1197575649167666e-17
20230411_PBSspiked_LZD1P4_D5_50%_1,sterile,PBS control,0,0.0,D5,20230411,,419,237.4364624,300.1353149,-0.4343406637686556,0.9831890633646778,-1.6110157493367426e-16
20230411_PBSspiked_LZD1P4_D7_70%_1,sterile,PBS control,0,0.0,Unknown,20230411,,419,237.4364624,300.1353149,-0.4301697885279236,0.9681527491054096,2.9676605908834733e-17
20230213_PBSspiked_LZD8P4_D7_80%_3,sterile,PBS control,0,0.0,Unknown,20230213,,419,237.4573364,300.1625671,-0.4207666494046942,0.9498855343286392,-4.748256945413557e-16
20230213_PBSspiked_LZD8P4_D2_20%,sterile,PBS control,0,0.0,Unknown,20230213,,419,237.4573364,300.1625671,-0.4352764711252185,0.9719456755081148,2.840475136988467e-16
20230217_PBSspiked_LZD10P6_D4_40%_1,sterile,PBS control,0,0.0,Unknown,20230217,,419,237.4504242,300.1421814,-0.4370647881356401,0.9995476985976932,3.052450893480144e-16
20230411_PBSspiked_LZD1P4_D5_50%_2,sterile,PBS control,0,0.0,D5,20230411,,419,237.4364624,300.1353149,-0.4346681074018294,0.9826014853981708,3.7731684655518446e-16
20230210_PBSspiked_LZD6P6_D4_40%,sterile,PBS control,0,0.0,Unknown,20230210,,419,237.439743,300.1523438,-0.4296599109083531,0.9686856590916468,1.1022739337567186e-16
20230131_PBSspiked_LZD5P2_D4_40%_2,sterile,PBS control,0,0.0,D5,20230131,,419,237.4545898,300.1534424,-0.4438482108096259,1.0154051000570408,1.0598787824583833e-16
20230210_PBSspiked_LZD6P6_D5_50%,sterile,PBS control,0,0.0,D5,20230210,,419,237.439743,300.1523438,-0.4294568358875891,0.9670267094457442,4.324305432430204e-16
20230131_PBSspiked_LZD5P4_D3_30%_2,sterile,PBS control,0,0.0,D5,20230131,,419,237.4545898,300.1534424,-0.4451278114667458,1.0175027932665874,3.900353919446851e-16
20230215_PBSspiked_LZD9P4_D3_30%_1,sterile,PBS control,0,0.0,Unknown,20230215,,419,237.4571838,300.1626587,-0.4238072110986477,0.9440973476013524,-1.017483631160048e-16
20230221_PBSspiked_LZD1P2_D5_50%_3,sterile,PBS control,0,0.0,D5,20230221,,419,237.4582214,300.163208,-0.4336628892497218,0.971796425250278,-3.052450893480144e-16
20230209_PBSspiked_LZD6P4_D2_20%,sterile,PBS control,0,0.0,Unknown,20230209,,419,237.4351044,300.1477051,-0.4334954171497217,0.9759726223836118,-1.7382012032317488e-16
20230215_PBSspiked_LZD9P4_D5_50%_2,sterile,PBS control,0,0.0,D5,20230215,,419,237.4571838,300.1626587,-0.4154315277713601,0.9201063278953066,2.501313926601785e-16
20230410_PBSspiked_LZD7P6_D6_80%_1,sterile,PBS control,0,0.0,Unknown,20230410,,419,237.4662628,300.1254272,-0.4318258434834524,0.9722839821498812,2.7556848343917967e-16
20230411_PBSspiked_LZD1P4_D6_70%,sterile,PBS control,0,0.0,Unknown,20230411,,419,237.4364624,300.1353149,-0.4333280813946691,0.9829582133719976,7.079990266822001e-16
20230209_PBSspiked_LZD6P4_D4_50%,sterile,PBS control,0,0.0,Unknown,20230209,,419,237.4351044,300.1477051,-0.4242434469665076,0.9554832909001592,-8.479030259667067e-18
20230215_PBSspiked_LZD9P6_D4_50%_2,sterile,PBS control,0,0.0,Unknown,20230215,,419,237.4571838,300.1626587,-0.433985605542641,0.9758838664906926,2.416523624005114e-16
20230213_PBSspiked_LZD8P2_D5_50%_1,sterile,PBS control,0,0.0,D5,20230213,,419,237.4573364,300.1625671,-0.4079686837022276,0.9243901586977724,-9.750884798617127e-17
20230208_PBSspiked_LZD5P4_D5_50%_3,sterile,PBS control,0,0.0,D5,20230208,,419,237.4533997,300.1588745,-0.4224199142196501,0.9692700272803504,-8.479030259667066e-17
20230223_PBSspiked_LZD7P2_D7_80%_2,sterile,PBS control,0,0.0,Unknown,20230223,,419,237.438385,300.1438599,-0.4273424434529834,0.97610478198035,-1.6958060519334133e-16
20230410_PBSspiked_LZD7P6_D6_80%,sterile,PBS control,0,0.0,Unknown,20230410,,419,237.4662628,300.1254272,-0.432504243610342,0.977974576389658,1.6958060519334134e-17
20230214_PBSspiked_LZD8P6_D4_40%,sterile,PBS control,0,0.0,Unknown,20230214,,419,237.4571838,300.1626587,-0.4277740695812253,0.9670317494854412,-1.4414351441434014e-16
20230210_PBSspiked_LZD6P6_D4_40%_1,sterile,PBS control,0,0.0,Unknown,20230210,,419,237.439743,300.1523438,-0.4341398920004776,0.9761288069995224,-3.0948460447784795e-16
20230216_PBSspiked_LZD10P4_D3_30%_1,sterile,PBS control,0,0.0,Unknown,20230216,,419,237.436676,300.1416626,-0.433751400204614,0.963688839495386,2.034967262320096e-16
20230321_PBSspiked_LZD7P4_D2_30%_2,sterile,PBS control,0,0.0,Unknown,20230321,,419,237.4410706,300.1396484,-0.4262425531833725,0.9394237819166276,6.104901786960288e-16
20230223_PBSspiked_LZD7P2_D4_40%_1,sterile,PBS control,0,0.0,Unknown,20230223,,419,237.438385,300.1438599,-0.4324495841000001,0.974232077833333,-1.3142496902483953e-16
20230208_PBSspiked_LZD5P6_D3_30%,sterile,PBS control,0,0.0,D5,20230208,,419,237.4533997,300.1588745,-0.432178497126889,0.9713318448397776,3.222031498673485e-16
20230215_PBSspiked_LZD9P4_D4_40%_3,sterile,PBS control,0,0.0,Unknown,20230215,,419,237.4571838,300.1626587,-0.4261263222021477,0.9513247054645187,2.3317333214084434e-16
20230215_PBSspiked_LZD9P6_D3_30%_2,sterile,PBS control,0,0.0,Unknown,20230215,,419,237.4571838,300.1626587,-0.4035456961548137,0.900532470211853,-7.291966023313677e-16
20230217_PBSspiked_LZD10P6_D4_40%,sterile,PBS control,0,0.0,Unknown,20230217,,419,237.4504242,300.1421814,-0.4368060570487672,0.9989678172845664,-2.6284993804967905e-16
20230214_PBSspiked_LZD9P2_D2_10%_1,sterile,PBS control,0,0.0,Unknown,20230214,,419,237.4571838,300.1626587,-0.4283942774430394,0.9564168060569604,-4.3667005837285393e-16
20230410_PBSspiked_LZD7P6_D6_80%_2,sterile,PBS control,0,0.0,Unknown,20230410,,419,237.4662628,300.1254272,-0.4331787312733495,0.979714554259984,-1.9501769597234254e-16
20230221_PBSspiked_LZD1P2_D3_30%_3,sterile,PBS control,0,0.0,Unknown,20230221,,419,237.4582214,300.163208,-0.4371349228632455,0.9782233971034212,2.882870288286803e-16
20230214_PBSspiked_LZD8P6_D5_50%,sterile,PBS control,0,0.0,D5,20230214,,419,237.4571838,300.1626587,-0.4178415706554494,0.9373861479445504,5.935321181766947e-17
20230213_PBSspiked_LZD8P4_D3_30%,sterile,PBS control,0,0.0,Unknown,20230213,,419,237.4573364,300.1625671,-0.4345198456587109,0.966202037141289,2.840475136988467e-16
20230217_PBSspiked_LZD10P6_D3_30%_1,sterile,PBS control,0,0.0,Unknown,20230217,,419,237.4504242,300.1421814,-0.4349023884354013,0.9933174167979322,4.45149088632521e-16
20230209_PBSspiked_LZD6P4_D5_60%,sterile,PBS control,0,0.0,D5,20230209,,419,237.4351044,300.1477051,-0.3801938770232299,0.8594194425434367,-2.9676605908834733e-17
20230213_PBSspiked_LZD8P4_D3_30%_2,sterile,PBS control,0,0.0,Unknown,20230213,,419,237.4573364,300.1625671,-0.4370134206699287,0.9785468246300713,-3.434007255165162e-16
20230214_PBSspiked_LZD8P6_D5_50%_1,sterile,PBS control,0,0.0,D5,20230214,,419,237.4571838,300.1626587,-0.4187542307696899,0.9342123210969768,-1.8653866571267547e-16
20230208_PBSspiked_LZD5P6_D4_40%,sterile,PBS control,0,0.0,D5,20230208,,419,237.4533997,300.1588745,-0.4287802627887829,0.9630701539778836,-9.326933285633773e-17
20230213_PBSspiked_LZD8P4_D6_70%,sterile,PBS control,0,0.0,Unknown,20230213,,419,237.4573364,300.1625671,-0.4192519262809859,0.9349333669523476,5.7233454252752695e-16
20230216_PBSspiked_LZD10P2_D2_10%_1,sterile,PBS control,0,0.0,Unknown,20230216,,419,237.436676,300.1416626,-0.429828934784487,0.9516957869821796,-2.034967262320096e-16
20230216_PBSspiked_LZD10P4_D3_30%,sterile,PBS control,0,0.0,Unknown,20230216,,419,237.436676,300.1416626,-0.432864731080032,0.9616953577533012,-1.2294593876517246e-16
20230209_PBSspiked_LZD6P4_D7_90%_3,sterile,PBS control,0,0.0,Unknown,20230209,,419,237.4351044,300.1477051,-0.3858719314446301,0.8691728915220366,-5.08741815580024e-17
20230215_PBSspiked_LZD9P6_D6_70%_2,sterile,PBS control,0,0.0,Unknown,20230215,,419,237.4571838,300.1626587,-0.414756744296977,0.9224745688363564,-8.055078746683713e-17
20230217_PBSspiked_LZD10P6_D2_20%_2,sterile,PBS control,0,0.0,Unknown,20230217,,419,237.4504242,300.1421814,-0.4238294091091488,0.9664171762575176,-8.90298177265042e-17
20230208_PBSspiked_LZD5P6_D4_40%_3,sterile,PBS control,0,0.0,D5,20230208,,419,237.4533997,300.1588745,-0.430331801777486,0.9714860759891806,6.3592726947503e-17
20230417_PBSspiked_LZD1P6_D5_60%_1,sterile,PBS control,0,0.0,D5,20230417,,419,237.4287262,300.1347351,-0.4297063908775657,0.9842121293224342,-2.54370907790012e-17
20230214_PBSspiked_LZD9P2_D2_10%,sterile,PBS control,0,0.0,Unknown,20230214,,419,237.4571838,300.1626587,-0.4264880137237866,0.9447399011095468,1.3566448415467307e-16
20230131_PBSspiked_LZD5P2_D4_40%_1,sterile,PBS control,0,0.0,D5,20230131,,419,237.4545898,300.1534424,-0.4433974396899759,1.017468087810024,2.2469430188117725e-16
20230215_PBSspiked_LZD9P4_D3_30%,sterile,PBS control,0,0.0,Unknown,20230215,,419,237.4571838,300.1626587,-0.4270143416532223,0.9506951413134443,-2.798079985690132e-16
20230216_PBSspiked_LZD10P4_D6_60%,sterile,PBS control,0,0.0,Unknown,20230216,,419,237.436676,300.1416626,-0.4193192282787591,0.9143389011545744,-1.335447265897563e-16
20230217_PBSspiked_LZD10P6_D2_20%,sterile,PBS control,0,0.0,Unknown,20230217,,419,237.4504242,300.1421814,-0.4205533460295149,0.9543049690704852,-1.399039992845066e-16
20230215_PBSspiked_LZD9P6_D5_60%_2,sterile,PBS control,0,0.0,D5,20230215,,419,237.4571838,300.1626587,-0.4295527894817024,0.9484827508182978,9.750884798617127e-17
20230213_PBSspiked_LZD8P2_D7_70%_1,sterile,PBS control,0,0.0,Unknown,20230213,,419,237.4573364,300.1625671,-0.4147636182410503,0.9282743990256164,-2.416523624005114e-16
20230411_PBSspiked_LZD1P4_D6_70%_2,sterile,PBS control,0,0.0,Unknown,20230411,,419,237.4364624,300.1353149,-0.4339059383602227,0.9820953814731108,6.3592726947503e-17
20230411_PBSspiked_LZD1P4_D4_40%_3,sterile,PBS control,0,0.0,Unknown,20230411,,419,237.43573,300.1345825,-0.4341767459896578,0.991363393410342,5.511369668783593e-17
20230216_PBSspiked_LZD10P4_D2_20%,sterile,PBS control,0,0.0,Unknown,20230216,,419,237.436676,300.1416626,-0.4232193419377087,0.942572678828958,1.144669085055054e-16
20230216_PBSspiked_LZD10P2_D3_20%,sterile,PBS control,0,0.0,Unknown,20230216,,419,237.436676,300.1416626,-0.4204786473030231,0.9294978674636436,8.479030259667067e-18
20230410_PBSspiked_LZD7P6_D5_60%_1,sterile,PBS control,0,0.0,D5,20230410,,419,237.4662628,300.1254272,-0.430911364687112,0.9766235775795546,2.2469430188117725e-16
20230209_PBSspiked_LZD6P4_D6_70%,sterile,PBS control,0,0.0,Unknown,20230209,,419,237.4351044,300.1477051,-0.3927120675638024,0.8808961200028642,2.925265439585138e-16
20230214_PBSspiked_LZD9P2_D3_20%_3,sterile,PBS control,0,0.0,Unknown,20230214,,419,237.4571838,300.1626587,-0.4021467127253778,0.9120430392412888,7.207175720717007e-17
20230131_PBSspiked_LZD5P2_D3_30%_1,sterile,PBS control,0,0.0,D5,20230131,,419,237.4545898,300.1534424,-0.4407787798010336,1.0195586902322995,6.274482392153629e-16
20230210_PBSspiked_LZD6P6_D3_30%_2,sterile,PBS control,0,0.0,Unknown,20230210,,419,237.439743,300.1523438,-0.4345135982193311,0.977528919914002,6.062506635661952e-16
20230213_PBSspiked_LZD8P2_D5_50%_3,sterile,PBS control,0,0.0,D5,20230213,,419,237.4573364,300.1625671,-0.4100282357000795,0.9233618956665872,-2.54370907790012e-17
20230221_PBSspiked_LZD1P2_D5_50%_1,sterile,PBS control,0,0.0,D5,20230221,,419,237.4582214,300.163208,-0.4302856447630862,0.9533409702702472,5.299393912291916e-16
20230216_PBSspiked_LZD10P2_D5_50%_2,sterile,PBS control,0,0.0,D5,20230216,,419,237.436676,300.1416626,-0.423353615180032,0.9437630748533012,-2.0773624136184313e-16
20230321_PBSspiked_LZD7P4_D7_90%_1,sterile,PBS control,0,0.0,Unknown,20230321,,419,237.4410706,300.1396484,-0.4225789286423227,0.934442125424344,2.501313926601785e-16
20230417_PBSspiked_LZD1P6_D7_90%_2,sterile,PBS control,0,0.0,Unknown,20230417,,419,237.4287262,300.1347351,-0.4302184837490853,0.9814919375509148,-2.034967262320096e-16
20230411_PBSspiked_LZD1P4_D4_40%_2,sterile,PBS control,0,0.0,Unknown,20230411,,419,237.43573,300.1345825,-0.4342538118126496,0.995551000054017,-5.341789063590252e-16
20230410_PBSspiked_LZD7P6_D7_80%_1,sterile,PBS control,0,0.0,Unknown,20230410,,419,237.4662628,300.1254272,-0.4283884239975343,0.964021993735799,-4.493886037623545e-16
20230216_PBSspiked_LZD10P2_D6_60%_1,sterile,PBS control,0,0.0,Unknown,20230216,,419,237.436676,300.1416626,-0.4272839686206842,0.9531179657459824,4.663466642816887e-17
20230411_PBSspiked_LZD1P4_D3_30%_3,sterile,PBS control,0,0.0,Unknown,20230411,,419,237.43573,300.1345825,-0.4354598069820202,0.9953862482846464,4.748256945413557e-16
20230417_PBSspiked_LZD1P6_D7_90%,sterile,PBS control,0,0.0,Unknown,20230417,,419,237.4287262,300.1347351,-0.4270337604716785,0.9714419065949884,1.4838302954417367e-16
20230209_PBSspiked_LZD6P2_D7_90%,sterile,PBS control,0,0.0,Unknown,20230209,,419,237.4351044,300.1477051,-0.3744502397360386,0.8432349977639615,-4.133527251587695e-16
20230209_PBSspiked_LZD6P2_D6_70%_1,sterile,PBS control,0,0.0,Unknown,20230209,,419,237.4351044,300.1477051,-0.410875593708353,0.923830643291647,2.2045478675134372e-16
20230215_PBSspiked_LZD9P4_D6_60%,sterile,PBS control,0,0.0,Unknown,20230215,,419,237.4571838,300.1626587,-0.4051517324411298,0.8908465723922033,-1.4414351441434014e-16
20230216_PBSspiked_LZD10P2_D2_10%,sterile,PBS control,0,0.0,Unknown,20230216,,419,237.436676,300.1416626,-0.4301293339153541,0.949275066817979,-1.27185453895006e-16
20230213_PBSspiked_LZD8P4_D7_80%_1,sterile,PBS control,0,0.0,Unknown,20230213,,419,237.4573364,300.1625671,-0.4217775383360381,0.9371224571306284,4.663466642816887e-17
20230410_PBSspiked_LZD7P6_D2_30%_3,sterile,PBS control,0,0.0,Unknown,20230410,,419,237.4662628,300.1254272,-0.4338123740777245,0.9664748271222756,2.416523624005114e-16
20230217_PBSspiked_LZD10P6_D4_40%_2,sterile,PBS control,0,0.0,Unknown,20230217,,419,237.4504242,300.1421814,-0.4378246410856002,1.0064538077477332,3.1372411960768147e-16
20230417_PBSspiked_LZD1P6_D3_30%,sterile,PBS control,0,0.0,Unknown,20230417,,419,237.4287262,300.1347351,-0.4294776720138424,0.9816118478528244,4.45149088632521e-17
20230213_PBSspiked_LZD8P2_D5_50%,sterile,PBS control,0,0.0,D5,20230213,,419,237.4573364,300.1625671,-0.4078535774752588,0.9146916577580744,-3.3492169525684913e-16
20230216_PBSspiked_LZD10P2_D4_40%,sterile,PBS control,0,0.0,Unknown,20230216,,419,237.436676,300.1416626,-0.3975631436014314,0.8880863099652353,5.871728454819443e-16
20230410_PBSspiked_LZD7P6_D7_80%,sterile,PBS control,0,0.0,Unknown,20230410,,419,237.4662628,300.1254272,-0.4301613018207637,0.9706238809459028,-3.81556361685018e-17
20230217_PBSspiked_LZD10P6_D3_30%_3,sterile,PBS control,0,0.0,Unknown,20230217,,419,237.4504242,300.1421814,-0.4365388515590294,1.009432855874304,2.54370907790012e-17
20230208_PBSspiked_LZD5P4_D6_70%_3,sterile,PBS control,0,0.0,D5,20230208,,419,237.4533997,300.1588745,-0.3917324839573586,0.8956978821759748,1.144669085055054e-16
20230411_PBSspiked_LZD1P4_D2_20%_3,sterile,PBS control,0,0.0,Unknown,20230411,,419,237.43573,300.1345825,-0.4373642030106606,0.9925867348560058,-2.840475136988467e-16
20230213_PBSspiked_LZD8P2_D6_60%_1,sterile,PBS control,0,0.0,Unknown,20230213,,419,237.4573364,300.1625671,-0.414625185657518,0.9317301431758154,-1.017483631160048e-16
20230215_PBSspiked_LZD9P4_D7_70%_3,sterile,PBS control,0,0.0,Unknown,20230215,,419,237.4571838,300.1626587,-0.40148053623214,0.89015219536786,1.6958060519334134e-17
20230131_PBSspiked_LZD5P2_D6_70%_1,sterile,PBS control,0,0.0,D5,20230131,,419,237.4545898,300.1534424,-0.4059463795386633,0.9345734062946702,2.289338170110108e-16
20230223_PBSspiked_LZD7P2_D3_30%_1,sterile,PBS control,0,0.0,Unknown,20230223,,419,237.438385,300.1438599,-0.4323822287943512,0.9780259998723154,4.53628118892188e-16
20230213_PBSspiked_LZD8P2_D7_70%_3,sterile,PBS control,0,0.0,Unknown,20230213,,419,237.4573364,300.1625671,-0.4149617606020682,0.9343447585645986,1.8653866571267547e-16
20230215_PBSspiked_LZD9P4_D7_70%_2,sterile,PBS control,0,0.0,Unknown,20230215,,419,237.4571838,300.1626587,-0.4014427583457435,0.8881756098542564,3.4764024064634975e-16
20230215_PBSspiked_LZD9P6_D2_20%_2,sterile,PBS control,0,0.0,Unknown,20230215,,419,237.4571838,300.1626587,-0.4380727358602221,0.9832469179064446,6.486458148645306e-16
20230210_PBSspiked_LZD6P6_D4_40%_3,sterile,PBS control,0,0.0,Unknown,20230210,,419,237.439743,300.1523438,-0.4368800508115354,0.987155384355131,-4.239515129833533e-17
20230208_PBSspiked_LZD5P6_D7_70%_1,sterile,PBS control,0,0.0,D5,20230208,,419,237.4533997,300.1588745,-0.415863600239777,0.9328242224268898,2.9040678639359705e-16
20230215_PBSspiked_LZD9P6_D7_70%_3,sterile,PBS control,0,0.0,Unknown,20230215,,419,237.4571838,300.1626587,-0.4385295312657117,0.9715160181676216,3.7731684655518446e-16
20230209_PBSspiked_LZD6P2_D6_70%_2,sterile,PBS control,0,0.0,Unknown,20230209,,419,237.4351044,300.1477051,-0.4103695245944305,0.9384784111055694,6.232087240855294e-16
20230417_PBSspiked_LZD1P6_D3_30%_2,sterile,PBS control,0,0.0,Unknown,20230417,,419,237.4287262,300.1347351,-0.4313610661568809,0.9966834267097856,4.875442399308563e-16
20230209_PBSspiked_LZD6P2_D2_10%,sterile,PBS control,0,0.0,Unknown,20230209,,419,237.4351044,300.1477051,-0.4281281510200477,0.957600521179952,-1.6958060519334134e-17
20230223_PBSspiked_LZD7P2_D5_50%_1,sterile,PBS control,0,0.0,D5,20230223,,419,237.438385,300.1438599,-0.4278465194417662,0.971264816191567,-1.144669085055054e-16
20230221_PBSspiked_LZD1P2_D3_30%_1,sterile,PBS control,0,0.0,Unknown,20230221,,419,237.4582214,300.163208,-0.4339888630606999,0.9609312875059668,9.750884798617127e-17
20230214_PBSspiked_LZD9P2_D6_60%_3,sterile,PBS control,0,0.0,Unknown,20230214,,419,237.4571838,300.1626587,-0.4220518721182176,0.9578586860484491,4.069934524640192e-16
20230209_PBSspiked_LZD6P2_D4_40%,sterile,PBS control,0,0.0,Unknown,20230209,,419,237.4351044,300.1477051,-0.4267727413149561,0.959946436018377,8.90298177265042e-17
20230216_PBSspiked_LZD10P4_D5_50%_2,sterile,PBS control,0,0.0,D5,20230216,,419,237.436676,300.1416626,-0.4100966237641206,0.9025290972358796,3.306821801270156e-16
20230410_PBSspiked_LZD7P6_D5_60%_2,sterile,PBS control,0,0.0,D5,20230410,,419,237.4662628,300.1254272,-0.4341133561861573,0.9780319356138428,2.2469430188117725e-16
20230417_PBSspiked_LZD1P6_D7_90%_3,sterile,PBS control,0,0.0,Unknown,20230417,,419,237.4287262,300.1347351,-0.4303368845049328,0.9839683754950672,-4.493886037623545e-16
20230221_PBSspiked_LZD1P2_D7_70%_2,sterile,PBS control,0,0.0,Unknown,20230221,,419,237.4582214,300.163208,-0.4366558475541766,0.9689316618458234,-2.54370907790012e-17
20230131_PBSspiked_LZD5P2_D3_30%_3,sterile,PBS control,0,0.0,D5,20230131,,419,237.4545898,300.1534424,-0.441973374439777,1.0249599258935564,2.670894531795126e-16
20230214_PBSspiked_LZD8P6_D4_40%_1,sterile,PBS control,0,0.0,Unknown,20230214,,419,237.4571838,300.1626587,-0.4295551447579159,0.9680049549420844,-1.7382012032317488e-16
20230321_PBSspiked_LZD7P4_D3_40%_2,sterile,PBS control,0,0.0,Unknown,20230321,,419,237.4410706,300.1396484,-0.4296490678284008,0.941523340738266,1.780596354530084e-16
20230417_PBSspiked_LZD1P6_D5_60%_2,sterile,PBS control,0,0.0,D5,20230417,,419,237.4287262,300.1347351,-0.431702594695863,0.9868762038374704,1.6110157493367426e-16
20230215_PBSspiked_LZD9P6_D2_20%,sterile,PBS control,0,0.0,Unknown,20230215,,419,237.4571838,300.1626587,-0.4378606022010336,0.9651447296322998,6.274482392153629e-16
20230221_PBSspiked_LZD1P2_D7_70%,sterile,PBS control,0,0.0,Unknown,20230221,,419,237.4582214,300.163208,-0.4335754113136031,0.9602089577530638,7.419151477208684e-16
20230213_PBSspiked_LZD8P2_D7_70%_2,sterile,PBS control,0,0.0,Unknown,20230213,,419,237.4573364,300.1625671,-0.4165138232432771,0.930030184090056,5.341789063590252e-16
20230216_PBSspiked_LZD10P2_D3_20%_2,sterile,PBS control,0,0.0,Unknown,20230216,,419,237.436676,300.1416626,-0.422890501257518,0.9338050465758156,-8.90298177265042e-17
20230208_PBSspiked_LZD5P6_D7_70%_2,sterile,PBS control,0,0.0,D5,20230208,,419,237.4533997,300.1588745,-0.4201609847361971,0.9534702343304694,1.717003627582581e-16
20230214_PBSspiked_LZD8P6_D2_20%_2,sterile,PBS control,0,0.0,Unknown,20230214,,419,237.4571838,300.1626587,-0.4239874065422436,0.95608335409109,-2.0773624136184313e-16
20230208_PBSspiked_LZD5P6_D2_20%_1,sterile,PBS control,0,0.0,D5,20230208,,419,237.4533997,300.1588745,-0.4279560816149558,0.9652656343850442,4.45149088632521e-16
20230209_PBSspiked_LZD6P4_D5_60%_3,sterile,PBS control,0,0.0,D5,20230209,,419,237.4351044,300.1477051,-0.3827955495972153,0.8631924072361179,3.3916121038668266e-16
20230221_PBSspiked_LZD1P2_D2_20%,sterile,PBS control,0,0.0,Unknown,20230221,,419,237.4582214,300.163208,-0.4337030451153542,0.9589354047513124,-1.9925721110217606e-16
20230210_PBSspiked_LZD6P6_D7_90%_3,sterile,PBS control,0,0.0,Unknown,20230210,,419,237.439743,300.1523438,-0.4353976822285602,0.9782940268381064,-1.144669085055054e-16
20230216_PBSspiked_LZD10P4_D4_40%_2,sterile,PBS control,0,0.0,Unknown,20230216,,419,237.436676,300.1416626,-0.4311574231822591,0.9619028289177408,2.034967262320096e-16
20230411_PBSspiked_LZD1P4_D3_30%_1,sterile,PBS control,0,0.0,Unknown,20230411,,419,237.43573,300.1345825,-0.434032746644391,0.9760027390222756,3.8579587681485156e-16
20230410_PBSspiked_LZD7P6_D3_40%_1,sterile,PBS control,0,0.0,Unknown,20230410,,419,237.4662628,300.1254272,-0.432012827800557,0.970865307699443,-1.9501769597234254e-16
20230217_PBSspiked_LZD10P6_D7_70%_1,sterile,PBS control,0,0.0,Unknown,20230217,,419,237.4504242,300.1421814,-0.4330378972478919,0.9840255724521082,-3.81556361685018e-17
20230417_PBSspiked_LZD1P6_D4_50%_2,sterile,PBS control,0,0.0,Unknown,20230417,,419,237.4287262,300.1347351,-0.4333867070833731,0.9873134903499604,8.479030259667067e-18
20230214_PBSspiked_LZD9P2_D4_40%,sterile,PBS control,0,0.0,Unknown,20230214,,419,237.4571838,300.1626587,-0.4092964836505171,0.9159637382828162,-1.6958060519334134e-17
20230221_PBSspiked_LZD1P2_D6_60%_1,sterile,PBS control,0,0.0,Unknown,20230221,,419,237.4582214,300.163208,-0.4330616690286393,0.950469399804694,3.6459830116568384e-16
20230208_PBSspiked_LZD5P6_D5_50%_1,sterile,PBS control,0,0.0,D5,20230208,,419,237.4533997,300.1588745,-0.414775002831185,0.9299485943354814,2.54370907790012e-16
20230417_PBSspiked_LZD1P6_D6_80%_3,sterile,PBS control,0,0.0,Unknown,20230417,,419,237.4287262,300.1347351,-0.4269689936490852,0.9814590494842478,-9.326933285633773e-17
20230417_PBSspiked_LZD1P6_D2_20%_3,sterile,PBS control,0,0.0,Unknown,20230417,,419,237.4287262,300.1347351,-0.4313476530571999,0.9870008879428002,-2.162152716215102e-16
20230209_PBSspiked_LZD6P2_D3_20%_2,sterile,PBS control,0,0.0,Unknown,20230209,,419,237.4351044,300.1477051,-0.4301621887856799,0.9658199323143204,3.17963634737515e-16
20230410_PBSspiked_LZD7P6_D4_50%_1,sterile,PBS control,0,0.0,Unknown,20230410,,419,237.4662628,300.1254272,-0.4298551507506762,0.9677714827159906,-8.479030259667067e-18
20230131_PBSspiked_LZD5P2_D6_70%_3,sterile,PBS control,0,0.0,D5,20230131,,419,237.4545898,300.1534424,-0.407793533685362,0.954527693814638,-3.81556361685018e-17
20230213_PBSspiked_LZD8P2_D7_70%,sterile,PBS control,0,0.0,Unknown,20230213,,419,237.4573364,300.1625671,-0.4167524747378676,0.9278686621621326,3.3492169525684913e-16
20230417_PBSspiked_LZD1P6_D4_50%,sterile,PBS control,0,0.0,Unknown,20230417,,419,237.4287262,300.1347351,-0.4321168931661101,0.9890698022672232,-3.4764024064634975e-16
20230216_PBSspiked_LZD10P2_D4_40%_3,sterile,PBS control,0,0.0,Unknown,20230216,,419,237.436676,300.1416626,-0.4016962213797932,0.9057653434868737,-3.391612103866827e-17
20230213_PBSspiked_LZD8P4_D5_50%,sterile,PBS control,0,0.0,D5,20230213,,419,237.4573364,300.1625671,-0.4262303786699285,0.951049712363405,-9.326933285633773e-17
20230221_PBSspiked_LZD1P2_D6_60%_2,sterile,PBS control,0,0.0,Unknown,20230221,,419,237.4582214,300.163208,-0.4345527511919652,0.9656486886747015,-2.54370907790012e-16
20230216_PBSspiked_LZD10P4_D7_70%_3,sterile,PBS control,0,0.0,Unknown,20230216,,419,237.436676,300.1416626,-0.4195298884128879,0.9210273489537784,-8.479030259667066e-17
20230223_PBSspiked_LZD7P2_D3_30%,sterile,PBS control,0,0.0,Unknown,20230223,,419,237.438385,300.1438599,-0.4329610843542565,0.97120920551241,-3.1372411960768147e-16
20230131_PBSspiked_LZD5P2_D4_40%,sterile,PBS control,0,0.0,D5,20230131,,419,237.4545898,300.1534424,-0.442977225929356,1.0139217615706435,-3.985144222043521e-16
20230131_PBSspiked_LZD5P4_D2_20%_1,sterile,PBS control,0,0.0,D5,20230131,,419,237.4545898,300.1534424,-0.4441703424307075,1.0094524607359592,4.578676340220216e-16
20230216_PBSspiked_LZD10P4_D4_40%_1,sterile,PBS control,0,0.0,Unknown,20230216,,419,237.436676,300.1416626,-0.4307991307358791,0.9581021774307876,-8.055078746683713e-17
20230213_PBSspiked_LZD8P2_D2_10%_2,sterile,PBS control,0,0.0,Unknown,20230213,,419,237.4573364,300.1625671,-0.4357874633195706,0.965199749547096,-2.501313926601785e-16
20230410_PBSspiked_LZD7P6_D2_30%,sterile,PBS control,0,0.0,Unknown,20230410,,419,237.4662628,300.1254272,-0.4313159452861572,0.9667936494805096,2.798079985690132e-16
20230213_PBSspiked_LZD8P4_D5_50%_2,sterile,PBS control,0,0.0,D5,20230213,,419,237.4573364,300.1625671,-0.425830582920764,0.9551031690125692,-2.798079985690132e-16
20230213_PBSspiked_LZD8P4_D4_40%_3,sterile,PBS control,0,0.0,Unknown,20230213,,419,237.4573364,300.1625671,-0.4294599455165476,0.9645164003834524,-3.0100557421818085e-16
20230213_PBSspiked_LZD8P2_D3_20%_3,sterile,PBS control,0,0.0,Unknown,20230213,,419,237.4573364,300.1625671,-0.4344644900338109,0.979307660866189,-3.0948460447784795e-16
20230213_PBSspiked_LZD8P4_D7_80%_2,sterile,PBS control,0,0.0,Unknown,20230213,,419,237.4573364,300.1625671,-0.4229201217154333,0.9505947245512336,2.7132896830934615e-16
20230213_PBSspiked_LZD8P4_D7_80%,sterile,PBS control,0,0.0,Unknown,20230213,,419,237.4573364,300.1625671,-0.422288259731026,0.9465577744023072,2.416523624005114e-16
20230221_PBSspiked_LZD1P2_D3_30%,sterile,PBS control,0,0.0,Unknown,20230221,,419,237.4582214,300.163208,-0.4354762194926016,0.9575858160073984,-2.501313926601785e-16
20230210_PBSspiked_LZD6P6_D2_20%,sterile,PBS control,0,0.0,Unknown,20230210,,419,237.439743,300.1523438,-0.4336188322056479,0.9641257491276852,4.069934524640192e-16
20230208_PBSspiked_LZD5P2_D7_80%_1,sterile,PBS control,0,0.0,D5,20230208,,419,237.4533997,300.1588745,-0.415580802536913,0.9398251785297536,3.5187975577618327e-16
20230215_PBSspiked_LZD9P6_D6_70%_1,sterile,PBS control,0,0.0,Unknown,20230215,,419,237.4571838,300.1626587,-0.4137458339325379,0.9178855684341288,-1.6746084762842457e-16
20230210_PBSspiked_LZD6P6_D3_30%,sterile,PBS control,0,0.0,Unknown,20230210,,419,237.439743,300.1523438,-0.43162721809109,0.9681064641755764,-1.9501769597234254e-16
20230214_PBSspiked_LZD8P6_D3_30%,sterile,PBS control,0,0.0,Unknown,20230214,,419,237.4571838,300.1626587,-0.4283652962715196,0.9545527138951472,-1.335447265897563e-16
20230223_PBSspiked_LZD7P2_D6_70%,sterile,PBS control,0,0.0,Unknown,20230223,,419,237.438385,300.1438599,-0.4294925432361977,0.9644269495971358,-3.222031498673485e-16
20230216_PBSspiked_LZD10P2_D5_50%_3,sterile,PBS control,0,0.0,D5,20230216,,419,237.436676,300.1416626,-0.4240336241432774,0.9539278774233892,2.5861042291984553e-16
20230216_PBSspiked_LZD10P4_D4_40%_3,sterile,PBS control,0,0.0,Unknown,20230216,,419,237.436676,300.1416626,-0.4315082808742242,0.9605822583591088,1.1870642363533893e-16
20230410_PBSspiked_LZD7P6_D6_80%_3,sterile,PBS control,0,0.0,Unknown,20230410,,419,237.4662628,300.1254272,-0.4330596914678604,0.9779157150654728,-3.7307733142535094e-16
20230213_PBSspiked_LZD8P2_D3_20%,sterile,PBS control,0,0.0,Unknown,20230213,,419,237.4573364,300.1625671,-0.4331158063328559,0.9645524510004774,1.27185453895006e-17
20230221_PBSspiked_LZD1P2_D5_50%,sterile,PBS control,0,0.0,D5,20230221,,419,237.4582214,300.163208,-0.4319125102557675,0.9674440289442324,1.7382012032317488e-16
20230217_PBSspiked_LZD10P6_D7_70%_2,sterile,PBS control,0,0.0,Unknown,20230217,,419,237.4504242,300.1421814,-0.4342919460547335,0.9889249629785998,-1.6958060519334134e-17
20230215_PBSspiked_LZD9P4_D3_30%_3,sterile,PBS control,0,0.0,Unknown,20230215,,419,237.4571838,300.1626587,-0.4270695005749405,0.9583904538583926,-1.6958060519334133e-16
20230210_PBSspiked_LZD6P6_D2_20%_1,sterile,PBS control,0,0.0,Unknown,20230210,,419,237.439743,300.1523438,-0.4347518134202069,0.9611504674797932,-9.750884798617127e-17
20230410_PBSspiked_LZD7P6_D4_50%_2,sterile,PBS control,0,0.0,Unknown,20230410,,419,237.4662628,300.1254272,-0.432433567722275,0.9717306920777252,2.7132896830934615e-16
20230216_PBSspiked_LZD10P2_D5_50%_1,sterile,PBS control,0,0.0,D5,20230216,,419,237.436676,300.1416626,-0.4204848402773267,0.94395091198934,3.306821801270156e-16
20230215_PBSspiked_LZD9P6_D3_30%,sterile,PBS control,0,0.0,Unknown,20230215,,419,237.4571838,300.1626587,-0.4029304370116148,0.891242326755052,1.2294593876517246e-16
20230209_PBSspiked_LZD6P2_D3_20%_3,sterile,PBS control,0,0.0,Unknown,20230209,,419,237.4351044,300.1477051,-0.4311071777735877,0.9748304344264124,1.3566448415467307e-16
20230213_PBSspiked_LZD8P4_D6_70%_1,sterile,PBS control,0,0.0,Unknown,20230213,,419,237.4573364,300.1625671,-0.4192214318159907,0.9449420164840094,-2.289338170110108e-16
20230216_PBSspiked_LZD10P2_D6_60%_3,sterile,PBS control,0,0.0,Unknown,20230216,,419,237.436676,300.1416626,-0.4280502208509951,0.9680755828823384,-6.401667846048635e-16
20230213_PBSspiked_LZD8P2_D2_10%,sterile,PBS control,0,0.0,Unknown,20230213,,419,237.4573364,300.1625671,-0.4340180391256956,0.961701782240971,4.875442399308563e-16
20230131_PBSspiked_LZD5P2_D3_30%,sterile,PBS control,0,0.0,D5,20230131,,419,237.4545898,300.1534424,-0.4389672505004773,1.017085395332856,-2.54370907790012e-17
20230411_PBSspiked_LZD1P4_D7_70%,sterile,PBS control,0,0.0,Unknown,20230411,,419,237.4364624,300.1353149,-0.430317764180509,0.9737866277528242,1.017483631160048e-16
20230214_PBSspiked_LZD9P2_D7_80%_2,sterile,PBS control,0,0.0,Unknown,20230214,,419,237.4571838,300.1626587,-0.4066897914081939,0.9182185696251394,1.9501769597234254e-16
20230417_PBSspiked_LZD1P6_D2_20%,sterile,PBS control,0,0.0,Unknown,20230417,,419,237.4287262,300.1347351,-0.4302630638452661,0.993654656954734,3.243229074322653e-16
20230417_PBSspiked_LZD1P6_D2_20%_1,sterile,PBS control,0,0.0,Unknown,20230417,,419,237.4287262,300.1347351,-0.4308303547261735,0.9868020465404932,-1.144669085055054e-16
20230213_PBSspiked_LZD8P2_D4_30%_1,sterile,PBS control,0,0.0,Unknown,20230213,,419,237.4573364,300.1625671,-0.429946969765951,0.9615364017007156,-3.0948460447784795e-16
20230213_PBSspiked_LZD8P4_D4_40%,sterile,PBS control,0,0.0,Unknown,20230213,,419,237.4573364,300.1625671,-0.4308023357856005,0.9578517075477327,2.9676605908834733e-17
20230411_PBSspiked_LZD1P4_D4_40%,sterile,PBS control,0,0.0,Unknown,20230411,,419,237.43573,300.1345825,-0.4318542197838503,0.9851266181161498,1.4414351441434014e-16
20230217_PBSspiked_LZD10P6_D5_50%,sterile,PBS control,0,0.0,D5,20230217,,419,237.4504242,300.1421814,-0.4339814645729519,0.990628152027048,-4.917837550606898e-16
20230215_PBSspiked_LZD9P6_D7_70%,sterile,PBS control,0,0.0,Unknown,20230215,,419,237.4571838,300.1626587,-0.4353710239770885,0.9568812025562446,-1.6958060519334133e-16
20230417_PBSspiked_LZD1P6_D3_30%_1,sterile,PBS control,0,0.0,Unknown,20230417,,419,237.4287262,300.1347351,-0.4261871392964995,0.9782728488035004,7.207175720717007e-17
20230214_PBSspiked_LZD9P2_D5_50%_2,sterile,PBS control,0,0.0,D5,20230214,,419,237.4571838,300.1626587,-0.389113814931981,0.8661626563680189,-1.1022739337567186e-16
20230216_PBSspiked_LZD10P4_D5_50%,sterile,PBS control,0,0.0,D5,20230216,,419,237.436676,300.1416626,-0.40837241571249,0.8921643558208435,-2.54370907790012e-17
20230216_PBSspiked_LZD10P2_D7_80%_3,sterile,PBS control,0,0.0,Unknown,20230216,,419,237.436676,300.1416626,-0.4220050343704054,0.9481820594962614,3.306821801270156e-16
20230214_PBSspiked_LZD9P2_D6_60%_1,sterile,PBS control,0,0.0,Unknown,20230214,,419,237.4571838,300.1626587,-0.4213741635373109,0.9470858457960224,1.27185453895006e-16
20230223_PBSspiked_LZD7P2_D2_20%_3,sterile,PBS control,0,0.0,Unknown,20230223,,419,237.438385,300.1438599,-0.435877505502466,0.9899800286308674,1.5686205980384074e-16
20230213_PBSspiked_LZD8P2_D4_30%,sterile,PBS control,0,0.0,Unknown,20230213,,419,237.4573364,300.1625671,-0.431395984578202,0.962765682021798,2.54370907790012e-17
20230223_PBSspiked_LZD7P2_D7_80%_1,sterile,PBS control,0,0.0,Unknown,20230223,,419,237.438385,300.1438599,-0.4249212489194909,0.9649312154471756,-8.479030259667066e-17
20230210_PBSspiked_LZD6P6_D7_90%,sterile,PBS control,0,0.0,Unknown,20230210,,419,237.439743,300.1523438,-0.4300068987351635,0.9668198998981696,-4.663466642816887e-16
20230215_PBSspiked_LZD9P4_D6_60%_1,sterile,PBS control,0,0.0,Unknown,20230215,,419,237.4571838,300.1626587,-0.4031396514552899,0.8801787288780434,3.81556361685018e-16
20230213_PBSspiked_LZD8P4_D2_20%_1,sterile,PBS control,0,0.0,Unknown,20230213,,419,237.4573364,300.1625671,-0.4368232347465394,0.9588326704534608,1.6958060519334134e-17
20230215_PBSspiked_LZD9P6_D2_20%_3,sterile,PBS control,0,0.0,Unknown,20230215,,419,237.4571838,300.1626587,-0.4396170370383447,0.9952318476283218,5.596159971380264e-16
20230410_PBSspiked_LZD7P6_D5_60%_3,sterile,PBS control,0,0.0,D5,20230410,,419,237.4662628,300.1254272,-0.4324867389710418,0.9805087335956248,2.670894531795126e-16
20230216_PBSspiked_LZD10P2_D5_50%,sterile,PBS control,0,0.0,D5,20230216,,419,237.436676,300.1416626,-0.4227731962933972,0.9448603500732694,-2.840475136988467e-16
20230223_PBSspiked_LZD7P2_D6_70%_3,sterile,PBS control,0,0.0,Unknown,20230223,,419,237.438385,300.1438599,-0.4302547790654734,0.9872487020345264,-4.239515129833533e-17
20230223_PBSspiked_LZD7P2_D2_20%,sterile,PBS control,0,0.0,Unknown,20230223,,419,237.438385,300.1438599,-0.4315642141732697,0.9703817592267302,-2.1197575649167666e-17
20230411_PBSspiked_LZD1P4_D6_70%_3,sterile,PBS control,0,0.0,Unknown,20230411,,419,237.4364624,300.1353149,-0.4380518324988857,1.0057783647011145,5.256998760993581e-16
20230217_PBSspiked_LZD10P6_D2_20%_1,sterile,PBS control,0,0.0,Unknown,20230217,,419,237.4504242,300.1421814,-0.4223809519306285,0.9603242247027046,-5.08741815580024e-17
20230216_PBSspiked_LZD10P4_D3_30%_3,sterile,PBS control,0,0.0,Unknown,20230216,,419,237.436676,300.1416626,-0.4358172639342886,0.9742506069990444,-7.207175720717006e-16
20230321_PBSspiked_LZD7P4_D6_80%_1,sterile,PBS control,0,0.0,Unknown,20230321,,419,237.4410706,300.1396484,-0.4243011281408114,0.9317658089258553,4.2395151298335335e-18
20230417_PBSspiked_LZD1P6_D4_50%_1,sterile,PBS control,0,0.0,Unknown,20230417,,419,237.4287262,300.1347351,-0.430410969324264,0.9831261260090696,1.017483631160048e-16
20230221_PBSspiked_LZD1P2_D4_40%_2,sterile,PBS control,0,0.0,Unknown,20230221,,419,237.4582214,300.163208,-0.4361152449424818,0.9739276269241848,3.264426649971821e-16
20230209_PBSspiked_LZD6P2_D4_40%_3,sterile,PBS control,0,0.0,Unknown,20230209,,419,237.4351044,300.1477051,-0.4295726454511532,0.9775365055155136,3.0948460447784795e-16
20230411_PBSspiked_LZD1P4_D7_70%_2,sterile,PBS control,0,0.0,Unknown,20230411,,419,237.4364624,300.1353149,-0.4309725065413688,0.9818304282252978,-5.172208458396911e-16
20230215_PBSspiked_LZD9P4_D2_20%_3,sterile,PBS control,0,0.0,Unknown,20230215,,419,237.4571838,300.1626587,-0.4304282233307078,0.965028547835959,2.225745443162605e-16
20230210_PBSspiked_LZD6P6_D6_70%,sterile,PBS control,0,0.0,Unknown,20230210,,419,237.439743,300.1523438,-0.3908004180027052,0.8882729350639611,-4.748256945413557e-16
20230208_PBSspiked_LZD5P6_D6_60%,sterile,PBS control,0,0.0,D5,20230208,,419,237.4533997,300.1588745,-0.4125006280743833,0.9303544725256166,4.45149088632521e-17
20230208_PBSspiked_LZD5P6_D5_50%_3,sterile,PBS control,0,0.0,D5,20230208,,419,237.4533997,300.1588745,-0.4176686999754975,0.9448270102911692,-2.7132896830934615e-16
20230209_PBSspiked_LZD6P4_D6_70%_1,sterile,PBS control,0,0.0,Unknown,20230209,,419,237.4351044,300.1477051,-0.3910997250485279,0.8832654916848053,2.670894531795126e-16
20230215_PBSspiked_LZD9P6_D5_60%_3,sterile,PBS control,0,0.0,D5,20230215,,419,237.4571838,300.1626587,-0.4317806576808273,0.9767759077858392,1.27185453895006e-17
20230217_PBSspiked_LZD10P6_D6_70%_2,sterile,PBS control,0,0.0,Unknown,20230217,,419,237.4504242,300.1421814,-0.4373052524742243,0.9871564002924424,2.9676605908834733e-17
20230410_PBSspiked_LZD7P6_D7_80%_2,sterile,PBS control,0,0.0,Unknown,20230410,,419,237.4662628,300.1254272,-0.4307854384424822,0.981531996490851,-7.207175720717007e-17
20230131_PBSspiked_LZD5P4_D2_20%_2,sterile,PBS control,0,0.0,D5,20230131,,419,237.4545898,300.1534424,-0.4448753576387431,1.0168582716279235,-8.479030259667067e-18
20230215_PBSspiked_LZD9P4_D2_20%_2,sterile,PBS control,0,0.0,Unknown,20230215,,419,237.4571838,300.1626587,-0.4302079318707243,0.952769826862609,-3.879156343797683e-16
20230215_PBSspiked_LZD9P6_D2_20%_1,sterile,PBS control,0,0.0,Unknown,20230215,,419,237.4571838,300.1626587,-0.4392573407780433,0.9788898806886231,-3.3916121038668266e-16
20230221_PBSspiked_LZD1P2_D4_40%_3,sterile,PBS control,0,0.0,Unknown,20230221,,419,237.4582214,300.163208,-0.4355530237405723,0.9730683074594276,3.942749070745186e-16
20230223_PBSspiked_LZD7P2_D5_50%_3,sterile,PBS control,0,0.0,D5,20230223,,419,237.438385,300.1438599,-0.4320787496706448,0.9851163618626888,-4.324305432430204e-16
20230216_PBSspiked_LZD10P4_D7_70%,sterile,PBS control,0,0.0,Unknown,20230216,,419,237.436676,300.1416626,-0.4200231020473353,0.9111701761526648,-3.17963634737515e-16
20230208_PBSspiked_LZD5P4_D6_70%_1,sterile,PBS control,0,0.0,D5,20230208,,419,237.4533997,300.1588745,-0.3923751998489264,0.8867453545510737,-4.069934524640192e-16
20230209_PBSspiked_LZD6P2_D5_50%_1,sterile,PBS control,0,0.0,D5,20230209,,419,237.4351044,300.1477051,-0.4245864574778044,0.9586897667555287,-1.3142496902483953e-16
20230215_PBSspiked_LZD9P6_D6_70%,sterile,PBS control,0,0.0,Unknown,20230215,,419,237.4571838,300.1626587,-0.4116548649276053,0.9105632305723946,1.2930521145992276e-16
20230214_PBSspiked_LZD8P6_D3_30%_2,sterile,PBS control,0,0.0,Unknown,20230214,,419,237.4571838,300.1626587,-0.4304216100495627,0.9658264973837708,-2.882870288286803e-16
20230131_PBSspiked_LZD5P2_D6_70%,sterile,PBS control,0,0.0,D5,20230131,,419,237.4545898,300.1534424,-0.4050701970610978,0.944886484272236,8.479030259667066e-17
20230209_PBSspiked_LZD6P2_D4_40%_1,sterile,PBS control,0,0.0,Unknown,20230209,,419,237.4351044,300.1477051,-0.4272197442256166,0.96683602974105,-3.391612103866827e-17
20230214_PBSspiked_LZD9P2_D7_80%_3,sterile,PBS control,0,0.0,Unknown,20230214,,419,237.4571838,300.1626587,-0.408757679228003,0.91475604710533,1.6958060519334133e-16
20230214_PBSspiked_LZD9P2_D7_80%,sterile,PBS control,0,0.0,Unknown,20230214,,419,237.4571838,300.1626587,-0.4050727809649167,0.9037498161684168,-2.1197575649167665e-16
20230214_PBSspiked_LZD8P6_D2_20%_3,sterile,PBS control,0,0.0,Unknown,20230214,,419,237.4571838,300.1626587,-0.4280840944535404,0.9748357142797928,-2.458918775303449e-16
20230321_PBSspiked_LZD7P4_D4_50%_1,sterile,PBS control,0,0.0,Unknown,20230321,,419,237.4410706,300.1396484,-0.4293974617879875,0.936133113245346,-2.7132896830934615e-16
20230321_PBSspiked_LZD7P4_D5_60%_1,sterile,PBS control,0,0.0,D5,20230321,,419,237.4410706,300.1396484,-0.4263268958152743,0.9303131198847256,1.8653866571267547e-16
20230214_PBSspiked_LZD9P2_D5_50%,sterile,PBS control,0,0.0,D5,20230214,,419,237.4571838,300.1626587,-0.3891878178245027,0.8670964837754974,1.6958060519334134e-17
20230321_PBSspiked_LZD7P4_D3_40%_3,sterile,PBS control,0,0.0,Unknown,20230321,,419,237.4410706,300.1396484,-0.4288041635050914,0.9322005268615754,4.663466642816887e-17
20230210_PBSspiked_LZD6P6_D2_20%_2,sterile,PBS control,0,0.0,Unknown,20230210,,419,237.439743,300.1523438,-0.4357812787378676,0.9695921357287992,2.9676605908834733e-16
20230215_PBSspiked_LZD9P4_D5_50%_3,sterile,PBS control,0,0.0,D5,20230215,,419,237.4571838,300.1626587,-0.40148053623214,0.89015219536786,1.6958060519334134e-17
20230411_PBSspiked_LZD1P4_D2_20%_1,sterile,PBS control,0,0.0,Unknown,20230411,,419,237.43573,300.1345825,-0.4339626374763725,0.9790906117236272,-1.4838302954417367e-16
20230321_PBSspiked_LZD7P4_D2_30%_1,sterile,PBS control,0,0.0,Unknown,20230321,,419,237.4410706,300.1396484,-0.4277766517245823,0.9388334680087512,-1.27185453895006e-17
20230210_PBSspiked_LZD6P6_D6_70%_1,sterile,PBS control,0,0.0,Unknown,20230210,,419,237.439743,300.1523438,-0.3926393804449486,0.9016785754550516,-3.17963634737515e-16
20230213_PBSspiked_LZD8P2_D6_60%_3,sterile,PBS control,0,0.0,Unknown,20230213,,419,237.4573364,300.1625671,-0.4174226115719173,0.9368532956280824,-6.3592726947503e-17
20230216_PBSspiked_LZD10P2_D6_60%_2,sterile,PBS control,0,0.0,Unknown,20230216,,419,237.436676,300.1416626,-0.4262345411603815,0.9523562012062852,3.3916121038668266e-16
20230131_PBSspiked_LZD5P2_D2_20%_1,sterile,PBS control,0,0.0,D5,20230131,,419,237.4545898,300.1534424,-0.4383550844926808,1.012523635207319,1.4414351441434014e-16
20230208_PBSspiked_LZD5P6_D2_20%_3,sterile,PBS control,0,0.0,D5,20230208,,419,237.4533997,300.1588745,-0.4327839892837711,0.9787388163828954,-2.54370907790012e-16
20230215_PBSspiked_LZD9P6_D4_50%_1,sterile,PBS control,0,0.0,Unknown,20230215,,419,237.4571838,300.1626587,-0.4332635991155132,0.96784262941782,-9.750884798617127e-17
20230215_PBSspiked_LZD9P6_D5_60%,sterile,PBS control,0,0.0,D5,20230215,,419,237.4571838,300.1626587,-0.4293735751265712,0.953692682006762,-5.511369668783593e-17
20230213_PBSspiked_LZD8P2_D5_50%_2,sterile,PBS control,0,0.0,D5,20230213,,419,237.4573364,300.1625671,-0.4095302888531427,0.918747701313524,-2.9676605908834733e-16
20230214_PBSspiked_LZD8P6_D6_60%_3,sterile,PBS control,0,0.0,Unknown,20230214,,419,237.4571838,300.1626587,-0.4209188971597454,0.9575096664069214,2.9676605908834733e-17
20230213_PBSspiked_LZD8P4_D5_50%_3,sterile,PBS control,0,0.0,D5,20230213,,419,237.4573364,300.1625671,-0.424882686289737,0.9489752937435962,4.197119978535198e-16
20230131_PBSspiked_LZD5P2_D5_50%_2,sterile,PBS control,0,0.0,D5,20230131,,419,237.4545898,300.1534424,-0.4234468745337307,0.9759227132996025,3.3916121038668266e-16
20230131_PBSspiked_LZD5P2_D4_40%_3,sterile,PBS control,0,0.0,D5,20230131,,419,237.4545898,300.1534424,-0.4449041831933176,1.0266336155400158,-2.289338170110108e-16
20230216_PBSspiked_LZD10P2_D3_20%_3,sterile,PBS control,0,0.0,Unknown,20230216,,419,237.436676,300.1416626,-0.4220317341038982,0.9407049974961018,-1.3566448415467307e-16
20230209_PBSspiked_LZD6P4_D5_60%_2,sterile,PBS control,0,0.0,D5,20230209,,419,237.4351044,300.1477051,-0.3831870327305489,0.8634680041361179,7.843102990192037e-17
20230213_PBSspiked_LZD8P4_D5_50%_1,sterile,PBS control,0,0.0,D5,20230213,,419,237.4573364,300.1625671,-0.4253852520768495,0.9424172633231503,9.750884798617127e-17
20230208_PBSspiked_LZD5P6_D7_70%,sterile,PBS control,0,0.0,D5,20230208,,419,237.4533997,300.1588745,-0.4163203493361174,0.9394285571972162,3.243229074322653e-16
20230215_PBSspiked_LZD9P6_D4_50%,sterile,PBS control,0,0.0,Unknown,20230215,,419,237.4571838,300.1626587,-0.4324582115340496,0.9593215886992836,-3.561192709060168e-16
20230410_PBSspiked_LZD7P6_D3_40%_3,sterile,PBS control,0,0.0,Unknown,20230410,,419,237.4662628,300.1254272,-0.4326414935478918,0.977067915252108,-3.81556361685018e-17
20230214_PBSspiked_LZD8P6_D4_40%_3,sterile,PBS control,0,0.0,Unknown,20230214,,419,237.4571838,300.1626587,-0.4335977814903737,0.9787360295762928,1.8229915058284192e-16
20230214_PBSspiked_LZD8P6_D7_70%_3,sterile,PBS control,0,0.0,Unknown,20230214,,419,237.4571838,300.1626587,-0.4159004053986476,0.9467649499013524,8.479030259667067e-18
20230410_PBSspiked_LZD7P6_D2_30%_1,sterile,PBS control,0,0.0,Unknown,20230410,,419,237.4662628,300.1254272,-0.4341515900754978,0.9728194022911688,-6.147296938258624e-16
20230216_PBSspiked_LZD10P2_D4_40%_2,sterile,PBS control,0,0.0,Unknown,20230216,,419,237.436676,300.1416626,-0.4031258078137627,0.9001629648529039,2.0773624136184313e-16
20230214_PBSspiked_LZD9P2_D5_50%_3,sterile,PBS control,0,0.0,D5,20230214,,419,237.4571838,300.1626587,-0.3924655673709625,0.8889332407290373,9.326933285633773e-17
20230223_PBSspiked_LZD7P2_D3_30%_2,sterile,PBS control,0,0.0,Unknown,20230223,,419,237.438385,300.1438599,-0.4350056710611782,0.9899613298054882,-8.648610864860408e-16
20230216_PBSspiked_LZD10P4_D6_60%_2,sterile,PBS control,0,0.0,Unknown,20230216,,419,237.436676,300.1416626,-0.4209756155702465,0.91722477989642,5.935321181766947e-17
20230208_PBSspiked_LZD5P6_D4_40%_1,sterile,PBS control,0,0.0,D5,20230208,,419,237.4533997,300.1588745,-0.4279728271884637,0.9690549234448698,8.097473897982049e-16
20230321_PBSspiked_LZD7P4_D6_80%_3,sterile,PBS control,0,0.0,Unknown,20230321,,419,237.4410706,300.1396484,-0.4262728638560857,0.937576572277248,2.289338170110108e-16
20230217_PBSspiked_LZD10P6_D6_70%_3,sterile,PBS control,0,0.0,Unknown,20230217,,419,237.4504242,300.1421814,-0.4383499542762133,1.0031787929237863,-1.27185453895006e-16
20230208_PBSspiked_LZD5P6_D6_60%_1,sterile,PBS control,0,0.0,D5,20230208,,419,237.4533997,300.1588745,-0.4117376780656322,0.9281395948343678,2.734487258742629e-16
20230411_PBSspiked_LZD1P4_D3_30%,sterile,PBS control,0,0.0,Unknown,20230411,,419,237.43573,300.1345825,-0.4324090312566426,0.982192190710024,1.3142496902483953e-16
20230209_PBSspiked_LZD6P4_D6_70%_2,sterile,PBS control,0,0.0,Unknown,20230209,,419,237.4351044,300.1477051,-0.3939001172783616,0.8847137631216383,-4.069934524640192e-16
20230209_PBSspiked_LZD6P2_D6_70%,sterile,PBS control,0,0.0,Unknown,20230209,,419,237.4351044,300.1477051,-0.4109394315265713,0.9237792877400952,-8.90298177265042e-17
20230214_PBSspiked_LZD9P2_D2_10%_2,sterile,PBS control,0,0.0,Unknown,20230214,,419,237.4571838,300.1626587,-0.4289099196532223,0.9586886594134442,-4.197119978535198e-16
20230213_PBSspiked_LZD8P4_D4_40%_1,sterile,PBS control,0,0.0,Unknown,20230213,,419,237.4573364,300.1625671,-0.4292931786541765,0.9509610055124902,1.4414351441434014e-16
20230216_PBSspiked_LZD10P4_D5_50%_3,sterile,PBS control,0,0.0,D5,20230216,,419,237.436676,300.1416626,-0.4086183598013523,0.915367410831981,1.4414351441434014e-16
20230321_PBSspiked_LZD7P4_D5_60%,sterile,PBS control,0,0.0,D5,20230321,,419,237.4410706,300.1396484,-0.4254830513719171,0.9354991580280828,8.479030259667066e-17
20230411_PBSspiked_LZD1P4_D2_20%,sterile,PBS control,0,0.0,Unknown,20230411,,419,237.43573,300.1345825,-0.4310079376460622,0.978796162987271,-1.7382012032317488e-16
20230208_PBSspiked_LZD5P4_D7_80%_2,sterile,PBS control,0,0.0,D5,20230208,,419,237.4533997,300.1588745,-0.4227809837923622,0.9592959205409712,6.3592726947503e-16
20230410_PBSspiked_LZD7P6_D7_80%_3,sterile,PBS control,0,0.0,Unknown,20230410,,419,237.4662628,300.1254272,-0.4292662574622121,0.9722360090711212,-5.256998760993581e-16
20230131_PBSspiked_LZD5P2_D2_20%_2,sterile,PBS control,0,0.0,D5,20230131,,419,237.4545898,300.1534424,-0.4380169762731105,1.008638247460223,8.90298177265042e-17
20230209_PBSspiked_LZD6P4_D3_40%_2,sterile,PBS control,0,0.0,Unknown,20230209,,419,237.4351044,300.1477051,-0.4126803678058869,0.9402527662274462,1.4414351441434014e-16
20230213_PBSspiked_LZD8P2_D3_20%_2,sterile,PBS control,0,0.0,Unknown,20230213,,419,237.4573364,300.1625671,-0.435264165216229,0.9693971874171043,1.1870642363533893e-16
20230217_PBSspiked_LZD10P6_D5_50%_3,sterile,PBS control,0,0.0,D5,20230217,,419,237.4504242,300.1421814,-0.4363864934255369,1.0083327763411298,5.935321181766947e-17
20230215_PBSspiked_LZD9P6_D5_60%_1,sterile,PBS control,0,0.0,D5,20230215,,419,237.4571838,300.1626587,-0.4314527275250593,0.9635887582416074,2.7132896830934615e-16
20230221_PBSspiked_LZD1P2_D7_70%_1,sterile,PBS control,0,0.0,Unknown,20230221,,419,237.4582214,300.163208,-0.4319645713712015,0.9556216545954648,-1.780596354530084e-16
20230208_PBSspiked_LZD5P6_D3_30%_3,sterile,PBS control,0,0.0,D5,20230208,,419,237.4533997,300.1588745,-0.4349176757470171,0.9813217698196496,-3.985144222043521e-16
20230208_PBSspiked_LZD5P2_D7_80%_3,sterile,PBS control,0,0.0,D5,20230208,,419,237.4533997,300.1588745,-0.4167981384890218,0.958176440010978,-3.4764024064634975e-16
20230417_PBSspiked_LZD1P6_D6_80%,sterile,PBS control,0,0.0,Unknown,20230417,,419,237.4287262,300.1347351,-0.4252709035324584,0.9853391363675416,-1.7593987788809164e-16
20230209_PBSspiked_LZD6P2_D2_10%_2,sterile,PBS control,0,0.0,Unknown,20230209,,419,237.4351044,300.1477051,-0.4322985242600643,0.9730249515399356,-6.486458148645306e-16
20230214_PBSspiked_LZD9P2_D6_60%,sterile,PBS control,0,0.0,Unknown,20230214,,419,237.4571838,300.1626587,-0.4207759285494833,0.9360013569505168,-3.603587860358503e-16
20230217_PBSspiked_LZD10P6_D6_70%_1,sterile,PBS control,0,0.0,Unknown,20230217,,419,237.4504242,300.1421814,-0.4362320505381064,0.9981197510285604,1.6110157493367426e-16
20230216_PBSspiked_LZD10P4_D7_70%_1,sterile,PBS control,0,0.0,Unknown,20230216,,419,237.436676,300.1416626,-0.4173196087529038,0.9118230110804294,-6.783224207733654e-17
20230209_PBSspiked_LZD6P4_D7_90%,sterile,PBS control,0,0.0,Unknown,20230209,,419,237.4351044,300.1477051,-0.3846374641820208,0.8656735975513126,-8.90298177265042e-17
20230214_PBSspiked_LZD9P2_D6_60%_2,sterile,PBS control,0,0.0,Unknown,20230214,,419,237.4571838,300.1626587,-0.4210081150929191,0.9542845486070808,5.299393912291916e-16
20230321_PBSspiked_LZD7P4_D4_50%_2,sterile,PBS control,0,0.0,Unknown,20230321,,419,237.4410706,300.1396484,-0.4263739984736672,0.9320942954929994,2.3741284727067786e-16
20230321_PBSspiked_LZD7P4_D3_40%,sterile,PBS control,0,0.0,Unknown,20230321,,419,237.4410706,300.1396484,-0.4271095430324582,0.922873955300875,8.479030259667067e-18
20230215_PBSspiked_LZD9P4_D4_40%_1,sterile,PBS control,0,0.0,Unknown,20230215,,419,237.4571838,300.1626587,-0.425088282018138,0.9438075865151953,4.854244823659396e-16
20230216_PBSspiked_LZD10P4_D3_30%_2,sterile,PBS control,0,0.0,Unknown,20230216,,419,237.436676,300.1416626,-0.4336092452983294,0.9687163201016704,-3.391612103866827e-17
20230223_PBSspiked_LZD7P2_D4_40%_2,sterile,PBS control,0,0.0,Unknown,20230223,,419,237.438385,300.1438599,-0.4353007318820999,0.9932467197512336,3.3492169525684913e-16
20230410_PBSspiked_LZD7P6_D3_40%_2,sterile,PBS control,0,0.0,Unknown,20230410,,419,237.4662628,300.1254272,-0.4347015335875893,0.9775699459124104,1.1870642363533893e-16
20230213_PBSspiked_LZD8P4_D6_70%_3,sterile,PBS control,0,0.0,Unknown,20230213,,419,237.4573364,300.1625671,-0.4198539766867147,0.9554810959466185,-3.4764024064634975e-16
20230216_PBSspiked_LZD10P4_D2_20%_3,sterile,PBS control,0,0.0,Unknown,20230216,,419,237.436676,300.1416626,-0.4288128112179002,0.9651209767820996,-5.214603609695246e-16
20230217_PBSspiked_LZD10P6_D5_50%_1,sterile,PBS control,0,0.0,D5,20230217,,419,237.4504242,300.1421814,-0.4358381023920443,0.9947436262746224,1.6958060519334133e-16
20230417_PBSspiked_LZD1P6_D6_80%_2,sterile,PBS control,0,0.0,Unknown,20230417,,419,237.4287262,300.1347351,-0.4251331284958632,0.9798885786041368,-1.27185453895006e-16
20230209_PBSspiked_LZD6P2_D3_20%,sterile,PBS control,0,0.0,Unknown,20230209,,419,237.4351044,300.1477051,-0.4278232515757362,0.9589192261242638,-2.925265439585138e-16
20230216_PBSspiked_LZD10P2_D7_80%_2,sterile,PBS control,0,0.0,Unknown,20230216,,419,237.436676,300.1416626,-0.4208832521222758,0.9390638333110572,-5.680950273976934e-16
20230214_PBSspiked_LZD8P6_D3_30%_1,sterile,PBS control,0,0.0,Unknown,20230214,,419,237.4571838,300.1626587,-0.4284114337657911,0.9576814474008756,3.9639466463943536e-16
20230216_PBSspiked_LZD10P4_D2_20%_1,sterile,PBS control,0,0.0,Unknown,20230216,,419,237.436676,300.1416626,-0.4232884645218774,0.9438468020114558,9.326933285633773e-17
20230215_PBSspiked_LZD9P4_D6_60%_2,sterile,PBS control,0,0.0,Unknown,20230215,,419,237.4571838,300.1626587,-0.4062078292722356,0.8947073821277644,-1.4414351441434014e-16
20230221_PBSspiked_LZD1P2_D6_60%_3,sterile,PBS control,0,0.0,Unknown,20230221,,419,237.4582214,300.163208,-0.4328047307180594,0.9690703083486074,-5.638555122678599e-16
20230215_PBSspiked_LZD9P6_D7_70%_1,sterile,PBS control,0,0.0,Unknown,20230215,,419,237.4571838,300.1626587,-0.437677432896022,0.9614078655706448,2.840475136988467e-16
20230406_CSporogenes_100CFU_1,contaminated,Clostridium sporogenes,100,1.0,Unknown,20230406,,419,237.437088,300.1494446,-0.4077912818977722,0.8964833217022279,1.90778180842509e-16
20230608_SA_10CFU_LZMSC8P2_D7_70%_2,contaminated,Staphylococcus aureus,10,1.0,MSC8P2,20230608,,419,237.45784,300.1561584,-0.4941238553380271,0.9825245947286394,-5.08741815580024e-17
20230614_BS_100CFU_LZMSC6P4_D7_90%_1,contaminated,Bacillus subtilis,100,1.0,MSC6P4,20230614,,419,237.4569702,300.1626892,-0.4160078122549723,0.9295315591116944,-1.8229915058284192e-16
20230726_CS_100CFU_LZMSC9P6_D7_70%,contaminated,Clostridium sporogenes,100,1.0,MSC9P6,20230726,,419,237.4502869,300.1557617,-0.4054496770286396,0.8829063191380271,-5.08741815580024e-17
20230614_BS_100CFU_LZMSC10P4_D7_70%_3,contaminated,Bacillus subtilis,100,1.0,MSC10P4,20230614,,419,237.4569702,300.1626892,-0.4232209663292761,0.9314986724040571,3.81556361685018e-17
20230614_BS_100CFU_LZMSC9P4_D7_70%_3,contaminated,Bacillus subtilis,100,1.0,MSC9P4,20230614,,419,237.4569702,300.1626892,-0.420692528376531,0.9242880145234692,4.2183175541843655e-16
20230726_CS_100CFU_LZMSC1P6_D7_90%_3,contaminated,Clostridium sporogenes,100,1.0,MSC1P6,20230726,,419,237.4502869,300.1557617,-0.4284950880307081,0.9379703264692918,-6.3592726947503e-17
20230720_CAc_100CFU_LZMSC1P6_D7_90%,contaminated,Cutibacterium acnes,100,1.0,MSC1P6,20230720,,419,237.4375,300.1363525,-0.4296578541828953,0.9667209061837716,4.069934524640192e-16
20230726_CS_100CFU_LZMSC6P6_D7_90%_3,contaminated,Clostridium sporogenes,100,1.0,MSC6P6,20230726,,419,237.4502869,300.1557617,-0.3718693034448687,0.8280507101551313,5.08741815580024e-17
20230518_EColi_10CFU_LZMSC7P6_D7_80%_2,contaminated,Escherichia coli,10,1.0,MSC7P6,20230518,,419,237.4571838,300.1626587,-0.4370827660208433,0.9867425572791568,-9.326933285633773e-17
20230614_BS_100CFU_LZMSC7P4_D7_90%,contaminated,Bacillus subtilis,100,1.0,MSC7P4,20230614,,419,237.4569702,300.1626892,-0.4282468861218779,0.947343865678122,-4.006341797692689e-16
20230531_PA_10CFU_LZMSC7P2_D7_80%_3,contaminated,Pseudomonas aeruginosa,10,1.0,MSC7P2,20230531,,419,237.4433594,300.1490784,-0.573688205715831,1.1569981013841693,2.882870288286803e-16
20230726_CS_100CFU_LZMSC10P6_D7_70%,contaminated,Clostridium sporogenes,100,1.0,MSC10P6,20230726,,419,237.4502869,300.1557617,-0.426290397600239,0.932930310899761,-3.603587860358503e-16
20230526_CAcnes_10CFU_LZMSC5P6_D7_70%_2,contaminated,Cutibacterium acnes,10,1.0,MSC5P6,20230526,,419,237.4316101,300.130188,-0.4201030093957043,0.9202860732376292,-2.9676605908834733e-16
20230726_CS_10CFU_LZMSC10P6_D7_70%_3,contaminated,Clostridium sporogenes,10,1.0,MSC10P6,20230726,,419,237.4502869,300.1557617,-0.433639040412092,0.9313053082212414,2.798079985690132e-16
20230720_CAc_10CFU_LZMSC6P6_D7_90%_1,contaminated,Cutibacterium acnes,10,1.0,MSC6P6,20230720,,419,237.4665527,300.1394958,-0.3734163987862369,0.8086392681137632,2.1197575649167665e-16
20230331_D5_CAlbicans_10CFU,contaminated,Candida albicans,10,1.0,D5,20230331,,419,237.4587402,300.1316833,-0.4606077852387427,1.0089485066945905,2.840475136988467e-16
20230614_BS_10CFU_LZMSC7P4_D7_90%_3,contaminated,Bacillus subtilis,10,1.0,MSC7P4,20230614,,419,237.4569702,300.1626892,-0.4284221362727126,0.9582071968606204,1.8229915058284192e-16
20230531_PA_100CFU_LZMSC6P2_D7_90%_3,contaminated,Pseudomonas aeruginosa,100,1.0,MSC6P2,20230531,,419,237.4433594,300.1490784,-0.5983651469543353,1.1956065904123314,5.00262785320357e-16
20230531_PA_100CFU_LZMSC9P2_D7_80%,contaminated,Pseudomonas aeruginosa,100,1.0,MSC9P2,20230531,,419,237.4433594,300.1490784,-0.5960825990781231,1.1693309629885436,-5.426579366186923e-16
20230331_D5_EColi_10CFU_2,contaminated,Escherichia coli,10,1.0,D5,20230331,,419,237.4587402,300.1316833,-0.4101580889271282,0.8977619051062051,-1.2294593876517246e-16
20230713_CA_100CFU_LZMSC7P4_D7_90%_3,contaminated,Candida albicans,100,1.0,MSC7P4,20230713,,419,237.4332886,300.1253052,-0.5717402976140805,1.0575946489192534,6.952804812926995e-16
20230614_BS_10CFU_LZMSC8P4_D7_80%_3,contaminated,Bacillus subtilis,10,1.0,MSC8P4,20230614,,419,237.4569702,300.1626892,-0.340682141283771,0.7537102278495622,-1.4414351441434014e-16
20230608_SA_10CFU_LZMSC9P2_D7_80%_3,contaminated,Staphylococcus aureus,10,1.0,MSC9P2,20230608,,419,237.45784,300.1561584,-0.5145586175444711,1.048157926188862,-1.9501769597234254e-16
20230713_CA_100CFU_LZMSC1P4_D7_70%_1,contaminated,Candida albicans,100,1.0,MSC1P4,20230713,,419,237.4332886,300.1253052,-0.5921341213345264,1.0610589351321404,3.222031498673485e-16
20230518_EColi_10CFU_LZMSC9P6_D7_70%_3,contaminated,Escherichia coli,10,1.0,MSC9P6,20230518,,419,237.4571838,300.1626587,-0.4029026772306281,0.8947196407027053,3.7307733142535094e-16
20230519_EColi_100CFU_LZMSC1P6_D7_90%_3,contaminated,Escherichia coli,100,1.0,MSC1P6,20230519,,419,237.4542236,300.1599426,-0.4390095096466984,0.9919414793199682,1.399039992845066e-16
20230720_CAc_100CFU_LZMSC7P6_D7_80%_1,contaminated,Cutibacterium acnes,100,1.0,MSC7P6,20230720,,419,237.4665527,300.1394958,-0.4336150041478915,0.9341437615854415,2.458918775303449e-16
20230531_PA_10CFU_LZMSC9P2_D7_80%_1,contaminated,Pseudomonas aeruginosa,10,1.0,MSC9P2,20230531,,419,237.4433594,300.1490784,-0.5683817397843282,1.1246692009490051,-3.900353919446851e-16
20230608_SA_100CFU_LZMSC9P2_D7_80%,contaminated,Staphylococcus aureus,100,1.0,MSC9P2,20230608,,419,237.45784,300.1561584,-0.4938992007571997,0.9989356055761336,-6.783224207733654e-17
20230608_SA_10CFU_LZMSC1P2_D7_70%,contaminated,Staphylococcus aureus,10,1.0,MSC1P2,20230608,,419,237.45784,300.1561584,-0.4979058885097857,1.0140989437902144,-5.129813307098575e-16
20230726_CS_100CFU_LZMSC1P6_D7_90%_2,contaminated,Clostridium sporogenes,100,1.0,MSC1P6,20230726,,419,237.4502869,300.1557617,-0.4288577937132856,0.9260291357867144,0.0
20230720_CAc_10CFU_LZMSC8P6_D7_70%_3,contaminated,Cutibacterium acnes,10,1.0,MSC8P6,20230720,,419,237.4665527,300.1394958,-0.4165035171384254,0.923598102394908,-6.274482392153629e-16
20230614_BS_10CFU_LZMSC7P4_D7_90%_1,contaminated,Bacillus subtilis,10,1.0,MSC7P4,20230614,,419,237.4569702,300.1626892,-0.4271907828276053,0.958873756505728,2.54370907790012e-17
20230531_PA_10CFU_LZMSC8P2_D7_70%_2,contaminated,Pseudomonas aeruginosa,10,1.0,MSC8P2,20230531,,419,237.4433594,300.1490784,-0.5259048337051706,1.0675798662948297,3.6459830116568384e-16
20230323_D5_SAureus_100CFU_2,contaminated,Staphylococcus aureus,100,1.0,D5,20230323,,419,237.4316711,300.1366577,-0.4058705078505171,0.8312814921494827,-4.663466642816887e-17
20230323_D5_SAureus_100CFU_1,contaminated,Staphylococcus aureus,100,1.0,D5,20230323,,419,237.4316711,300.1366577,-0.3980114328774858,0.8138755888891807,6.3592726947503e-17
20230519_EColi_100CFU_LZMSC8P6_D7_70%_2,contaminated,Escherichia coli,100,1.0,MSC8P6,20230519,,419,237.4542236,300.1599426,-0.4245120242630069,0.9617014572036598,2.3317333214084434e-16
20230720_CAc_10CFU_LZMSC9P6_D7_70%_1,contaminated,Cutibacterium acnes,10,1.0,MSC9P6,20230720,,419,237.4665527,300.1394958,-0.405280191411933,0.8488008589547336,1.017483631160048e-16
20230331_D5_CAlbicans_100CFU_3,contaminated,Candida albicans,100,1.0,D5,20230331,,419,237.4587402,300.1316833,-0.4632711758071606,1.018826112292839,-7.927893292788707e-16
20230526_CAcnes_100CFU_LZMSC5P6_D7_70%_3,contaminated,Cutibacterium acnes,100,1.0,MSC5P6,20230526,,419,237.4316101,300.130188,-0.4097879547919646,0.9505206080080352,3.900353919446851e-16
20230531_PA_10CFU_LZMSC1P2_D7_70%_3,contaminated,Pseudomonas aeruginosa,10,1.0,MSC1P2,20230531,,419,237.4433594,300.1490784,-0.5938430317273676,1.1968865306726324,-9.242142983037103e-16
20230713_CA_10CFU_LZMSC6P4_D7_90%_3,contaminated,Candida albicans,10,1.0,MSC6P4,20230713,,419,237.4332886,300.1253052,-0.5407409185063639,1.0336751032603029,5.426579366186923e-16
20230614_BS_100CFU_LZMSC1P4_D7_70%,contaminated,Bacillus subtilis,100,1.0,MSC1P4,20230614,,419,237.4569702,300.1626892,-0.4331428699398566,0.9715455083934766,1.5686205980384074e-16
20230328_D5_PAeruginosa9027_10CFU,contaminated,Pseudomonas aeruginosa,10,1.0,D5,20230328,,419,237.4617615,300.1531982,-0.6033799723696899,1.19532312193031,-5.08741815580024e-17
20230713_CA_10CFU_LZMSC1P4_D7_70%,contaminated,Candida albicans,10,1.0,MSC1P4,20230713,,419,237.4616547,300.1534119,-0.5998390513241849,1.0689743562091485,-3.900353919446851e-16
20230726_CS_100CFU_LZMSC7P6_D7_80%_2,contaminated,Clostridium sporogenes,100,1.0,MSC7P6,20230726,,419,237.4502869,300.1557617,-0.4231730484933971,0.9310407406732694,-6.783224207733654e-17
20230608_SA_100CFU_LZMSC9P2_D7_80%_3,contaminated,Staphylococcus aureus,100,1.0,MSC9P2,20230608,,419,237.45784,300.1561584,-0.5086478126127292,1.0296006465206042,-4.833047248010228e-16
20230726_CS_10CFU_LZMSC9P6_D7_70%,contaminated,Clostridium sporogenes,10,1.0,MSC9P6,20230726,,419,237.4502869,300.1557617,-0.4034005709460622,0.8920210244539377,-1.2930521145992276e-16
20230518_EColi_10CFU_LZMSC10P6_D7_70%,contaminated,Escherichia coli,10,1.0,MSC10P6,20230518,,419,237.4571838,300.1626587,-0.422365255326094,0.9365192481072392,-1.9501769597234254e-16
20230713_CA_100CFU_LZMSC1P4_D7_70%_2,contaminated,Candida albicans,100,1.0,MSC1P4,20230713,,419,237.4332886,300.1253052,-0.5940396674119327,1.0566202714214004,4.4090957350268745e-16
20230518_EColi_10CFU_LZMSC7P6_D7_80%_1,contaminated,Escherichia coli,10,1.0,MSC7P6,20230518,,419,237.4571838,300.1626587,-0.4345241511762924,0.9784002281237076,3.6459830116568384e-16
20230726_CS_10CFU_LZMSC1P6_D7_90%_2,contaminated,Clostridium sporogenes,10,1.0,MSC1P6,20230726,,419,237.4502869,300.1557617,-0.428810721427844,0.944983889172156,-1.6958060519334134e-17
20230608_SA_10CFU_LZMSC10P2_D7_80%_2,contaminated,Staphylococcus aureus,10,1.0,MSC10P2,20230608,,419,237.45784,300.1561584,-0.506922270083692,1.031024550116308,-5.468974517485258e-16
20230720_CAc_10CFU_LZMSC9P6_D7_70%_3,contaminated,Cutibacterium acnes,10,1.0,MSC9P6,20230720,,419,237.4665527,300.1394958,-0.4134344659029431,0.8695197203637235,3.688378162955174e-16
20230720_CAc_100CFU_LZMSC7P6_D7_80%_3,contaminated,Cutibacterium acnes,100,1.0,MSC7P6,20230720,,419,237.4665527,300.1394958,-0.432553020282975,0.9395823107170252,3.5823902847093356e-16
20230526_CAcnes_100CFU_LZMSC5P6_D7_70%_1,contaminated,Cutibacterium acnes,100,1.0,MSC5P6,20230526,,419,237.4316101,300.130188,-0.407983707794829,0.921280744305171,-1.27185453895006e-16
20230531_PA_100CFU_LZMSC6P2_D7_90%_1,contaminated,Pseudomonas aeruginosa,100,1.0,MSC6P2,20230531,,419,237.4433594,300.1490784,-0.5943628712172642,1.1773553724160692,-7.970288444087042e-16
20230331_D5_BSubtilis_100CFU_1,contaminated,Bacillus subtilis,100,1.0,D5,20230331,,419,237.4587402,300.1316833,-0.4583425425836118,0.9984549084497216,-3.81556361685018e-17
20230608_SA_10CFU_LZMSC7P2_D7_80%,contaminated,Staphylococcus aureus,10,1.0,MSC7P2,20230608,,419,237.45784,300.1561584,-0.4736249854551314,0.9455407450448684,-1.6110157493367426e-16
20230608_SA_100CFU_LZMSC7P2_D7_80%_3,contaminated,Staphylococcus aureus,100,1.0,MSC7P2,20230608,,419,237.45784,300.1561584,-0.478862112623707,0.9514391565429596,2.9676605908834733e-16
20230531_PA_10CFU_LZMSC7P2_D7_80%_2,contaminated,Pseudomonas aeruginosa,10,1.0,MSC7P2,20230531,,419,237.4433594,300.1490784,-0.573370772956483,1.1607736367101835,6.698433905136983e-16
20230614_BS_100CFU_LZMSC10P4_D7_70%_1,contaminated,Bacillus subtilis,100,1.0,MSC10P4,20230614,,419,237.4569702,300.1626892,-0.423052782628162,0.9206303858051712,2.3317333214084434e-16
20230531_PA_10CFU_LZMSC9P2_D7_80%,contaminated,Pseudomonas aeruginosa,10,1.0,MSC9P2,20230531,,419,237.4433594,300.1490784,-0.5692955533171048,1.1278787177828953,-6.189692089556959e-16
20230713_CA_100CFU_LZMSC8P4_D7_80%_3,contaminated,Candida albicans,100,1.0,MSC8P4,20230713,,419,237.4332886,300.1253052,-0.4478520159832928,0.8449622781500405,7.207175720717006e-16
20230726_CS_10CFU_LZMSC8P6_D7_70%_2,contaminated,Clostridium sporogenes,10,1.0,MSC8P6,20230726,,419,237.4502869,300.1557617,-0.412628585492363,0.9188611564409704,-2.1197575649167665e-16
20230713_CA_100CFU_LZMSC1P4_D7_70%,contaminated,Candida albicans,100,1.0,MSC1P4,20230713,,419,237.4332886,300.1253052,-0.596770700452586,1.0529034767140804,-4.069934524640192e-16
20230519_EColi_100CFU_LZMSC6P6_D7_90%_3,contaminated,Escherichia coli,100,1.0,MSC6P6,20230519,,419,237.4542236,300.1599426,-0.3785770453727922,0.8517076750605413,1.27185453895006e-16
20230519_EColi_100CFU_LZMSC7P6_D7_80%,contaminated,Escherichia coli,100,1.0,MSC7P6,20230519,,419,237.4542236,300.1599426,-0.4364030643400161,0.9662620144266506,-1.399039992845066e-16
20230608_SA_100CFU_LZMSC8P2_D7_70%,contaminated,Staphylococcus aureus,100,1.0,MSC8P2,20230608,,419,237.45784,300.1561584,-0.4853018633650755,0.9718568015015911,4.2395151298335335e-18
20230713_CA_10CFU_LZMSC6P4_D7_90%_2,contaminated,Candida albicans,10,1.0,MSC6P4,20230713,,419,237.4332886,300.1253052,-0.5387347764742242,1.0359371871924428,8.479030259667066e-17
20230331_D5_EColi_100CFU_3,contaminated,Escherichia coli,100,1.0,D5,20230331,,419,237.4587402,300.1316833,-0.4123065707285598,0.8964924277047732,1.9925721110217606e-16
20230531_PA_100CFU_LZMSC7P2_D7_80%_2,contaminated,Pseudomonas aeruginosa,100,1.0,MSC7P2,20230531,,419,237.4433594,300.1490784,-0.6029325041064436,1.19345294332689,3.7307733142535094e-16
20230720_CAc_100CFU_LZMSC6P6_D7_90%_3,contaminated,Cutibacterium acnes,100,1.0,MSC6P6,20230720,,419,237.4665527,300.1394958,-0.3804990940999203,0.8161877942000797,6.783224207733654e-17
20230519_EColi_100CFU_LZMSC7P6_D7_80%_3,contaminated,Escherichia coli,100,1.0,MSC7P6,20230519,,419,237.4542236,300.1599426,-0.4359172589179795,0.9789725982820204,-1.27185453895006e-16
20230614_BS_10CFU_LZMSC10P4_D7_70%,contaminated,Bacillus subtilis,10,1.0,MSC10P4,20230614,,419,237.4569702,300.1626892,-0.4219938821824981,0.9057631483508352,-6.3592726947503e-17
20230614_BS_10CFU_LZMSC1P4_D7_70%_2,contaminated,Bacillus subtilis,10,1.0,MSC1P4,20230614,,419,237.4569702,300.1626892,-0.4362271850777254,0.9885768618889414,-6.274482392153629e-16
20230531_PA_10CFU_LZMSC1P2_D7_70%_2,contaminated,Pseudomonas aeruginosa,10,1.0,MSC1P2,20230531,,419,237.4433594,300.1490784,-0.5937406138393005,1.1857187435273664,-5.426579366186923e-16
20230608_SA_100CFU_LZMSC1P2_D7_70%_3,contaminated,Staphylococcus aureus,100,1.0,MSC1P2,20230608,,419,237.45784,300.1561584,-0.5472133366575983,1.0445893400757351,-8.139869049280384e-16
20230531_PA_100CFU_LZMSC9P2_D7_80%_2,contaminated,Pseudomonas aeruginosa,100,1.0,MSC9P2,20230531,,419,237.4433594,300.1490784,-0.6009315488018291,1.1905963184981707,6.698433905136983e-16
20230608_SA_100CFU_LZMSC10P2_D7_80%,contaminated,Staphylococcus aureus,100,1.0,MSC10P2,20230608,,419,237.45784,300.1561584,-0.5005820933019093,1.0122794367647574,-2.54370907790012e-17
20230713_CA_100CFU_LZMSC6P4_D7_90%_2,contaminated,Candida albicans,100,1.0,MSC6P4,20230713,,419,237.4332886,300.1253052,-0.5475260228951472,1.0316377471048528,-1.6958060519334134e-17
20230713_CA_100CFU_LZMSC6P4_D7_90%_1,contaminated,Candida albicans,100,1.0,MSC6P4,20230713,,419,237.4332886,300.1253052,-0.5452891058019885,1.0111963483646786,4.578676340220216e-16
20230608_SA_10CFU_LZMSC10P2_D7_80%,contaminated,Staphylococcus aureus,10,1.0,MSC10P2,20230608,,419,237.45784,300.1561584,-0.4927299430257751,1.0118780522408914,4.748256945413557e-16
20230713_CA_100CFU_LZMSC8P4_D7_80%,contaminated,Candida albicans,100,1.0,MSC8P4,20230713,,419,237.4332886,300.1253052,-0.4438550488841681,0.8370207332824985,5.08741815580024e-16
20230614_BS_100CFU_LZMSC8P4_D7_80%_3,contaminated,Bacillus subtilis,100,1.0,MSC8P4,20230614,,419,237.4569702,300.1626892,-0.3405747425691326,0.756623917697534,1.4202375684942336e-16
20230518_EColi_10CFU_LZMSC10P6_D7_70%_3,contaminated,Escherichia coli,10,1.0,MSC10P6,20230518,,419,237.4571838,300.1626587,-0.4202787459221958,0.9379822581444708,-1.8653866571267547e-16
20230519_EColi_100CFU_LZMSC9P6_D7_70%_2,contaminated,Escherichia coli,100,1.0,MSC9P6,20230519,,419,237.4542236,300.1599426,-0.4071636291708829,0.9048047817624504,1.9501769597234254e-16
20230720_CAc_100CFU_LZMSC10P6_D7_70%_1,contaminated,Cutibacterium acnes,100,1.0,MSC10P6,20230720,,419,237.4665527,300.1394958,-0.4327017830963404,0.9309331011703262,3.391612103866827e-17
20230720_CAc_10CFU_LZMSC1P6_D7_90%,contaminated,Cutibacterium acnes,10,1.0,MSC1P6,20230720,,419,237.4665527,300.1394958,-0.4315129818623702,0.8974802690042964,4.875442399308563e-16
20230531_PA_100CFU_LZMSC6P2_D7_90%,contaminated,Pseudomonas aeruginosa,100,1.0,MSC6P2,20230531,,419,237.4433594,300.1490784,-0.5986980677949071,1.1748011029050929,1.4583932046627354e-15
20230726_CS_10CFU_LZMSC9P6_D7_70%_2,contaminated,Clostridium sporogenes,10,1.0,MSC9P6,20230726,,419,237.4502869,300.1557617,-0.406247238864678,0.9010082625686554,-1.9925721110217606e-16
20230726_CS_100CFU_LZMSC7P6_D7_80%_1,contaminated,Clostridium sporogenes,100,1.0,MSC7P6,20230726,,419,237.4502869,300.1557617,-0.4238268459305488,0.9268315459027844,1.6958060519334134e-17
20230720_CAc_10CFU_LZMSC8P6_D7_70%_2,contaminated,Cutibacterium acnes,10,1.0,MSC8P6,20230720,,419,237.4665527,300.1394958,-0.4161800250150351,0.9139662627182984,6.147296938258624e-16
20230713_CA_10CFU_LZMSC6P4_D7_90%,contaminated,Candida albicans,10,1.0,MSC6P4,20230713,,419,237.4332886,300.1253052,-0.5433703540199678,1.0264819382133654,4.1547248272368626e-16
20230614_BS_10CFU_LZMSC1P4_D7_70%,contaminated,Bacillus subtilis,10,1.0,MSC1P4,20230614,,419,237.4569702,300.1626892,-0.43265102866786,0.9734752019654732,-2.1197575649167666e-17
20230720_CAc_100CFU_LZMSC10P6_D7_70%_3,contaminated,Cutibacterium acnes,100,1.0,MSC10P6,20230720,,419,237.4665527,300.1394958,-0.4244420130817822,0.9237712321182178,-2.6284993804967905e-16
20230526_CAcnes_10CFU_LZMSC5P6_D7_70%_1,contaminated,Cutibacterium acnes,10,1.0,MSC5P6,20230526,,419,237.4316101,300.130188,-0.4172624912359588,0.9131654187640414,-1.9501769597234254e-16
20230713_CA_10CFU_LZMSC8P4_D7_80%,contaminated,Candida albicans,10,1.0,MSC8P4,20230713,,419,237.4332886,300.1253052,-0.4400845012353226,0.8324979301980107,-3.985144222043521e-16
20230519_EColi_100CFU_LZMSC10P6_D7_70%,contaminated,Escherichia coli,100,1.0,MSC10P6,20230519,,419,237.4542236,300.1599426,-0.4181167591291959,0.948076535470804,6.507655724294474e-16
20230531_PA_100CFU_LZMSC7P2_D7_80%_1,contaminated,Pseudomonas aeruginosa,100,1.0,MSC7P2,20230531,,419,237.4433594,300.1490784,-0.605621950261099,1.1891612048389009,-1.0853158732373846e-15
20230531_PA_100CFU_LZMSC1P2_D7_70%_2,contaminated,Pseudomonas aeruginosa,100,1.0,MSC1P2,20230531,,419,237.4433594,300.1490784,-0.618239965147972,1.2426997164520277,-5.935321181766947e-16
20230713_CA_100CFU_LZMSC8P4_D7_80%_1,contaminated,Candida albicans,100,1.0,MSC8P4,20230713,,419,237.4332886,300.1253052,-0.4473039410427203,0.8459770976906131,4.1547248272368626e-16
20230720_CAc_100CFU_LZMSC9P6_D7_70%_2,contaminated,Cutibacterium acnes,100,1.0,MSC9P6,20230720,,419,237.4665527,300.1394958,-0.4045763193214005,0.8815689706452663,-3.1372411960768147e-16
20230726_CS_10CFU_LZMSC10P6_D7_70%_2,contaminated,Clostridium sporogenes,10,1.0,MSC10P6,20230726,,419,237.4502869,300.1557617,-0.4333918191338902,0.9319815983327764,-5.08741815580024e-17
20230519_EColi_100CFU_LZMSC7P6_D7_80%_1,contaminated,Escherichia coli,100,1.0,MSC7P6,20230519,,419,237.4542236,300.1599426,-0.4319776554047737,0.9663756434952262,-4.53628118892188e-16
20230726_CS_10CFU_LZMSC10P6_D7_70%_1,contaminated,Clostridium sporogenes,10,1.0,MSC10P6,20230726,,419,237.4502869,300.1557617,-0.4326630358182182,0.917359752015115,-1.4838302954417367e-16
20230331_D5_CAlbicans_10CFU_3,contaminated,Candida albicans,10,1.0,D5,20230331,,419,237.4587402,300.1316833,-0.459917767759507,1.006797856440493,-2.6284993804967905e-16
20230720_CAc_100CFU_LZMSC7P6_D7_80%,contaminated,Cutibacterium acnes,100,1.0,MSC7P6,20230720,,419,237.4665527,300.1394958,-0.4331205959064438,0.921795286360223,5.511369668783593e-17
20230331_D5_BSubtilis_10CFU,contaminated,Bacillus subtilis,10,1.0,D5,20230331,,419,237.4587402,300.1316833,-0.4595840873243436,1.003967284975657,7.207175720717007e-17
20230720_CAc_10CFU_LZMSC8P6_D7_70%_1,contaminated,Cutibacterium acnes,10,1.0,MSC8P6,20230720,,419,237.4665527,300.1394958,-0.4158489247602226,0.9183811305397772,9.326933285633773e-17
20230531_PA_10CFU_LZMSC1P2_D7_70%_1,contaminated,Pseudomonas aeruginosa,10,1.0,MSC1P2,20230531,,419,237.4433594,300.1490784,-0.5895316142318224,1.179438020934844,-6.3592726947503e-16
20230720_CAc_10CFU_LZMSC6P6_D7_90%,contaminated,Cutibacterium acnes,10,1.0,MSC6P6,20230720,,419,237.4665527,300.1394958,-0.3728524292211611,0.7944695660121721,3.1372411960768147e-16
20230614_BS_10CFU_LZMSC8P4_D7_80%,contaminated,Bacillus subtilis,10,1.0,MSC8P4,20230614,,419,237.4569702,300.1626892,-0.3410440022050913,0.7461353555949087,1.4838302954417367e-16
20230614_BS_10CFU_LZMSC6P4_D7_90%,contaminated,Bacillus subtilis,10,1.0,MSC6P4,20230614,,419,237.4569702,300.1626892,-0.4159797903933973,0.9220835838732694,-2.925265439585138e-16
20230331_D5_CAlbicans_10CFU_2,contaminated,Candida albicans,10,1.0,D5,20230331,,419,237.4587402,300.1316833,-0.460900597776134,1.0134802631238655,-4.324305432430204e-16
20230713_CA_100CFU_LZMSC9P4_D7_70%_1,contaminated,Candida albicans,100,1.0,MSC9P4,20230713,,419,237.4332886,300.1253052,-0.5639466205856803,1.0371853153143198,-2.034967262320096e-16
20230518_EColi_10CFU_LZMSC9P6_D7_70%,contaminated,Escherichia coli,10,1.0,MSC9P6,20230518,,419,237.4571838,300.1626587,-0.4051436877934766,0.88380994927319,-9.114957529142096e-17
20230614_BS_10CFU_LZMSC6P4_D7_90%_2,contaminated,Bacillus subtilis,10,1.0,MSC6P4,20230614,,419,237.4569702,300.1626892,-0.4174642893747816,0.9339321570585516,-3.751970889902677e-16
20230720_CAc_100CFU_LZMSC1P6_D7_90%_1,contaminated,Cutibacterium acnes,100,1.0,MSC1P6,20230720,,419,237.4665527,300.1394958,-0.4280284942073185,0.935930023459348,5.256998760993581e-16
20230726_CS_100CFU_LZMSC9P6_D7_70%_1,contaminated,Clostridium sporogenes,100,1.0,MSC9P6,20230726,,419,237.4502869,300.1557617,-0.4083785846857598,0.8912874177475737,-3.81556361685018e-17
20230608_SA_10CFU_LZMSC8P2_D7_70%_3,contaminated,Staphylococcus aureus,10,1.0,MSC8P2,20230608,,419,237.45784,300.1561584,-0.4892452521723944,0.996463123794272,7.207175720717007e-17
20230608_SA_100CFU_LZMSC6P2_D7_90%_3,contaminated,Staphylococcus aureus,100,1.0,MSC6P2,20230608,,419,237.45784,300.1561584,-0.5099586644705641,1.0636509457961023,6.274482392153629e-16
20230328_D5_SAureus_10CFU_1,contaminated,Staphylococcus aureus,10,1.0,D5,20230328,,419,237.4617615,300.1531982,-0.4618715534167861,1.0370742788165472,-1.8229915058284192e-16
20230608_SA_10CFU_LZMSC1P2_D7_70%_1,contaminated,Staphylococcus aureus,10,1.0,MSC1P2,20230608,,419,237.45784,300.1561584,-0.5030795469030225,1.011896219463644,5.850530879170276e-16
20230519_EColi_100CFU_LZMSC6P6_D7_90%,contaminated,Escherichia coli,100,1.0,MSC6P6,20230519,,419,237.4542236,300.1599426,-0.3801794519151155,0.8412111778182176,-1.653410900635078e-16
20230713_CA_100CFU_LZMSC7P4_D7_90%,contaminated,Candida albicans,100,1.0,MSC7P4,20230713,,419,237.4332886,300.1253052,-0.5709734096789968,1.0522812869210034,8.139869049280384e-16
20230726_CS_10CFU_LZMSC9P6_D7_70%_3,contaminated,Clostridium sporogenes,10,1.0,MSC9P6,20230726,,419,237.4502869,300.1557617,-0.406398300166189,0.9024574567671442,2.54370907790012e-16
20230614_BS_10CFU_LZMSC6P4_D7_90%_3,contaminated,Bacillus subtilis,10,1.0,MSC6P4,20230614,,419,237.4569702,300.1626892,-0.4167869261478916,0.9301859518521086,2.26814059446094e-16
20230518_EColi_10CFU_LZMSC8P6_D7_70%_2,contaminated,Escherichia coli,10,1.0,MSC8P6,20230518,,419,237.4571838,300.1626587,-0.4219987854770084,0.9586597317896584,3.4764024064634975e-16
20230720_CAc_100CFU_LZMSC6P6_D7_90%,contaminated,Cutibacterium acnes,100,1.0,MSC6P6,20230720,,419,237.4665527,300.1394958,-0.3773789321523473,0.799639302714319,-4.663466642816887e-16
20230531_PA_10CFU_LZMSC10P2_D7_80%_2,contaminated,Pseudomonas aeruginosa,10,1.0,MSC10P2,20230531,,419,237.4433594,300.1490784,-0.5895412872660301,1.177284924967304,2.54370907790012e-16
20230531_PA_10CFU_LZMSC10P2_D7_80%_1,contaminated,Pseudomonas aeruginosa,10,1.0,MSC10P2,20230531,,419,237.4433594,300.1490784,-0.5759416196670638,1.1535609988662694,6.44406299734697e-16
20230713_CA_10CFU_LZMSC7P4_D7_90%_2,contaminated,Candida albicans,10,1.0,MSC7P4,20230713,,419,237.4332886,300.1253052,-0.564421469698967,1.0399876088343665,-1.1192319942760528e-15
20230720_CAc_100CFU_LZMSC8P6_D7_70%_1,contaminated,Cutibacterium acnes,100,1.0,MSC8P6,20230720,,419,237.4665527,300.1394958,-0.4160074555803498,0.9064636661529832,2.1409551405659344e-16
20230531_PA_10CFU_LZMSC6P2_D7_90%_1,contaminated,Pseudomonas aeruginosa,10,1.0,MSC6P2,20230531,,419,237.4433594,300.1490784,-0.556234987145187,1.1300144974214794,1.6958060519334134e-17
20230406_D5_CSporogenes_10CFU_2,contaminated,Clostridium sporogenes,10,1.0,D5,20230406,,419,237.437088,300.1494446,-0.4104704484291169,0.9035548196042164,4.239515129833533e-17
20230526_CAcnes_100CFU_LZMSC5P6_D7_70%,contaminated,Cutibacterium acnes,100,1.0,MSC5P6,20230526,,419,237.4316101,300.130188,-0.4106922445768497,0.9409747969898172,-1.1870642363533893e-16
20230713_CA_100CFU_LZMSC6P4_D7_90%_3,contaminated,Candida albicans,100,1.0,MSC6P4,20230713,,419,237.4332886,300.1253052,-0.5469327601656316,1.0384863784010343,7.885498141490372e-16
20230720_CAc_100CFU_LZMSC9P6_D7_70%,contaminated,Cutibacterium acnes,100,1.0,MSC9P6,20230720,,419,237.4665527,300.1394958,-0.4035005195844069,0.8721928126822598,4.1759224028860303e-16
20230518_EColi_10CFU_LZMSC7P6_D7_80%_3,contaminated,Escherichia coli,10,1.0,MSC7P6,20230518,,419,237.4571838,300.1626587,-0.4368963011494038,0.9921278288839296,-5.341789063590252e-16
20230406_D5_CSporogenes_10CFU,contaminated,Clostridium sporogenes,10,1.0,D5,20230406,,419,237.437088,300.1494446,-0.4092977499785197,0.9021768862214804,4.790652096711893e-16
20230726_CS_10CFU_LZMSC7P6_D7_80%,contaminated,Clostridium sporogenes,10,1.0,MSC7P6,20230726,,419,237.4502869,300.1557617,-0.4251693998188546,0.9123800481811454,-2.289338170110108e-16
20230608_SA_100CFU_LZMSC1P2_D7_70%_2,contaminated,Staphylococcus aureus,100,1.0,MSC1P2,20230608,,419,237.45784,300.1561584,-0.5450804852599848,1.041731633373349,-5.850530879170276e-16
20230518_EColi_10CFU_LZMSC6P6_D7_90%_1,contaminated,Escherichia coli,10,1.0,MSC6P6,20230518,,419,237.4571838,300.1626587,-0.3735136175373905,0.8534074987959426,8.479030259667066e-17
20230531_PA_100CFU_LZMSC8P2_D7_70%_2,contaminated,Pseudomonas aeruginosa,100,1.0,MSC8P2,20230531,,419,237.4433594,300.1490784,-0.5561942292893396,1.1042499709439937,5.935321181766947e-17
20230726_CS_100CFU_LZMSC8P6_D7_70%,contaminated,Clostridium sporogenes,100,1.0,MSC8P6,20230726,,419,237.4502869,300.1557617,-0.4082722196545743,0.9034778395454256,1.0598787824583833e-16
20230608_SA_10CFU_LZMSC10P2_D7_80%_3,contaminated,Staphylococcus aureus,10,1.0,MSC10P2,20230608,,419,237.45784,300.1561584,-0.5040102601637236,1.0192640620696096,-4.663466642816887e-16
20230519_EColi_100CFU_LZMSC10P6_D7_70%_1,contaminated,Escherichia coli,100,1.0,MSC10P6,20230519,,419,237.4542236,300.1599426,-0.4218239125529832,0.9414702917470168,3.391612103866827e-17
20230331_D5_BSubtilis_10CFU_3,contaminated,Bacillus subtilis,10,1.0,D5,20230331,,419,237.4587402,300.1316833,-0.45847312797319,1.00216748122681,1.3142496902483953e-16
20230531_PA_10CFU_LZMSC1P2_D7_70%,contaminated,Pseudomonas aeruginosa,10,1.0,MSC1P2,20230531,,419,237.4433594,300.1490784,-0.5821747127210822,1.1667952592789177,-2.458918775303449e-16
20230614_BS_10CFU_LZMSC9P4_D7_70%_1,contaminated,Bacillus subtilis,10,1.0,MSC9P4,20230614,,419,237.4569702,300.1626892,-0.4192409074296734,0.9351194741369934,4.197119978535198e-16
20230328_D5_SAureus_10CFU,contaminated,Staphylococcus aureus,10,1.0,D5,20230328,,419,237.4617615,300.1531982,-0.4602893198262525,1.0261832768404142,4.197119978535198e-16
20230713_CA_10CFU_LZMSC7P4_D7_90%_1,contaminated,Candida albicans,10,1.0,MSC7P4,20230713,,419,237.4332886,300.1253052,-0.5613363198020687,1.0430069950312646,-1.780596354530084e-16
20230526_CAcnes_100CFU_LZMSC5P6_D7_70%_2,contaminated,Cutibacterium acnes,100,1.0,MSC5P6,20230526,,419,237.4316101,300.130188,-0.4139866897958634,0.9573487373041368,-2.2469430188117725e-16
20230518_EColi_10CFU_LZMSC8P6_D7_70%_1,contaminated,Escherichia coli,10,1.0,MSC8P6,20230518,,419,237.4571838,300.1626587,-0.4196384144929198,0.9449106261070802,-1.5686205980384074e-16
20230518_EColi_10CFU_LZMSC1P6_D7_90%,contaminated,Escherichia coli,10,1.0,MSC1P6,20230518,,419,237.4571838,300.1626587,-0.431155449137629,0.9911438662290374,2.416523624005114e-16
20230720_CAc_10CFU_LZMSC7P6_D7_80%_1,contaminated,Cutibacterium acnes,10,1.0,MSC7P6,20230720,,419,237.4665527,300.1394958,-0.4320924699762927,0.9444843609570408,1.2294593876517246e-16
20230608_SA_10CFU_LZMSC6P2_D7_90%_3,contaminated,Staphylococcus aureus,10,1.0,MSC6P2,20230608,,419,237.45784,300.1561584,-0.5010792277397781,1.048876259360222,-8.139869049280384e-16
20230531_PA_10CFU_LZMSC6P2_D7_90%_2,contaminated,Pseudomonas aeruginosa,10,1.0,MSC6P2,20230531,,419,237.4433594,300.1490784,-0.558572831274939,1.1388078703583946,1.4329561138837342e-15
20230614_BS_100CFU_LZMSC9P4_D7_70%_1,contaminated,Bacillus subtilis,100,1.0,MSC9P4,20230614,,419,237.4569702,300.1626892,-0.4200021067190139,0.9103024312476524,-4.599873915869384e-16
20230720_CAc_100CFU_LZMSC8P6_D7_70%_2,contaminated,Cutibacterium acnes,100,1.0,MSC8P6,20230720,,419,237.4665527,300.1394958,-0.4166754909241046,0.9157519708758955,4.705861794115222e-16
20230331_D5_BSubtilis_10CFU_1,contaminated,Bacillus subtilis,10,1.0,D5,20230331,,419,237.4587402,300.1316833,-0.4570810504984886,0.9997621469348446,-1.90778180842509e-16
20230608_SA_10CFU_LZMSC6P2_D7_90%_2,contaminated,Staphylococcus aureus,10,1.0,MSC6P2,20230608,,419,237.45784,300.1561584,-0.500704529017582,1.031895615482418,-4.0275393733418565e-16
20230531_PA_100CFU_LZMSC8P2_D7_70%_3,contaminated,Pseudomonas aeruginosa,100,1.0,MSC8P2,20230531,,419,237.4433594,300.1490784,-0.5567809961922036,1.1117202020411296,5.935321181766947e-17
20230726_CS_10CFU_LZMSC7P6_D7_80%_3,contaminated,Clostridium sporogenes,10,1.0,MSC7P6,20230726,,419,237.4502869,300.1557617,-0.4255950250510741,0.9266974528822596,-1.8229915058284192e-16
20230726_CS_10CFU_LZMSC7P6_D7_80%_1,contaminated,Clostridium sporogenes,10,1.0,MSC7P6,20230726,,419,237.4502869,300.1557617,-0.4269136347438345,0.9166211428894988,6.3592726947503e-17
20230531_PA_10CFU_LZMSC7P2_D7_80%,contaminated,Pseudomonas aeruginosa,10,1.0,MSC7P2,20230531,,419,237.4433594,300.1490784,-0.5674079924296735,1.13556907880366,2.9676605908834733e-16
20230608_SA_100CFU_LZMSC10P2_D7_80%_1,contaminated,Staphylococcus aureus,100,1.0,MSC10P2,20230608,,419,237.45784,300.1561584,-0.5051557166140018,1.018794005752665,-2.0773624136184313e-16
20230720_CAc_10CFU_LZMSC7P6_D7_80%_2,contaminated,Cutibacterium acnes,10,1.0,MSC7P6,20230720,,419,237.4665527,300.1394958,-0.4323742589191723,0.9392723442141612,3.7307733142535094e-16
20230614_BS_100CFU_LZMSC7P4_D7_90%_3,contaminated,Bacillus subtilis,100,1.0,MSC7P4,20230614,,419,237.4569702,300.1626892,-0.4331449081128878,0.9614208529537784,-3.391612103866827e-17
20230526_CAcnes_10CFU_LZMSC5P6_D7_70%_3,contaminated,Cutibacterium acnes,10,1.0,MSC5P6,20230526,,419,237.4316101,300.130188,-0.4172368537626892,0.9253252901373108,-2.882870288286803e-16
20230531_PA_10CFU_LZMSC8P2_D7_70%,contaminated,Pseudomonas aeruginosa,10,1.0,MSC8P2,20230531,,419,237.4433594,300.1490784,-0.5195747577999996,1.0479356582000006,4.4090957350268745e-16
20230720_CAc_10CFU_LZMSC10P6_D7_70%_1,contaminated,Cutibacterium acnes,10,1.0,MSC10P6,20230720,,419,237.4665527,300.1394958,-0.4255277934834524,0.8935327455165475,2.670894531795126e-16
20230614_BS_100CFU_LZMSC8P4_D7_80%,contaminated,Bacillus subtilis,100,1.0,MSC8P4,20230614,,419,237.4569702,300.1626892,-0.3372964987650755,0.7290264040682578,9.750884798617127e-17
20230519_EColi_100CFU_LZMSC10P6_D7_70%_2,contaminated,Escherichia coli,100,1.0,MSC10P6,20230519,,419,237.4542236,300.1599426,-0.4228842792731105,0.9510689687602228,-2.54370907790012e-17
20230726_CS_10CFU_LZMSC7P6_D7_80%_2,contaminated,Clostridium sporogenes,10,1.0,MSC7P6,20230726,,419,237.4502869,300.1557617,-0.4272183349627688,0.9207398026038977,-3.306821801270156e-16
20230726_CS_10CFU_LZMSC10P6_D7_70%,contaminated,Clostridium sporogenes,10,1.0,MSC10P6,20230726,,419,237.4502869,300.1557617,-0.4316303399656327,0.9212303243343676,-2.458918775303449e-16
20230726_CS_100CFU_LZMSC8P6_D7_70%_2,contaminated,Clostridium sporogenes,100,1.0,MSC8P6,20230726,,419,237.4502869,300.1557617,-0.4090798010642004,0.9139709858691328,9.326933285633773e-17
20230726_CS_10CFU_LZMSC8P6_D7_70%_3,contaminated,Clostridium sporogenes,10,1.0,MSC8P6,20230726,,419,237.4502869,300.1557617,-0.4123354479692122,0.9203921779974544,2.7556848343917967e-16
20230608_SA_100CFU_LZMSC8P2_D7_70%_2,contaminated,Staphylococcus aureus,100,1.0,MSC8P2,20230608,,419,237.45784,300.1561584,-0.4984196002285602,0.981351258904773,-2.289338170110108e-16
20230614_BS_10CFU_LZMSC7P4_D7_90%_2,contaminated,Bacillus subtilis,10,1.0,MSC7P4,20230614,,419,237.4569702,300.1626892,-0.4294207069490854,0.962061333584248,-2.3741284727067786e-16
20230608_SA_100CFU_LZMSC9P2_D7_80%_1,contaminated,Staphylococcus aureus,100,1.0,MSC9P2,20230608,,419,237.45784,300.1561584,-0.5023138449047734,1.0172027820618936,-3.391612103866827e-17
20230726_CS_100CFU_LZMSC1P6_D7_90%_1,contaminated,Clostridium sporogenes,100,1.0,MSC1P6,20230726,,419,237.4502869,300.1557617,-0.4298386685896569,0.9285566744436766,1.0386812068092157e-15
20230519_EColi_100CFU_LZMSC9P6_D7_70%,contaminated,Escherichia coli,100,1.0,MSC9P6,20230519,,419,237.4542236,300.1599426,-0.4065864019252981,0.9091175561413688,2.2469430188117725e-16
20230726_CS_100CFU_LZMSC7P6_D7_80%,contaminated,Clostridium sporogenes,100,1.0,MSC7P6,20230726,,419,237.4502869,300.1557617,-0.4231611777583134,0.9161275436083532,5.08741815580024e-17
20230531_PA_100CFU_LZMSC1P2_D7_70%,contaminated,Pseudomonas aeruginosa,100,1.0,MSC1P2,20230531,,419,237.4433594,300.1490784,-0.6127164460165477,1.2067915103501188,-3.7307733142535094e-16
20230720_CAc_100CFU_LZMSC9P6_D7_70%_1,contaminated,Cutibacterium acnes,100,1.0,MSC9P6,20230720,,419,237.4665527,300.1394958,-0.403589207778918,0.8655107727877486,4.239515129833533e-17
20230519_EColi_100CFU_LZMSC1P6_D7_90%,contaminated,Escherichia coli,100,1.0,MSC1P6,20230519,,419,237.4542236,300.1599426,-0.4380221769350829,0.979761689364917,5.553764820081929e-16
20230726_CS_10CFU_LZMSC6P6_D7_90%_3,contaminated,Clostridium sporogenes,10,1.0,MSC6P6,20230726,,419,237.4502869,300.1557617,-0.3729929994519492,0.8227904866480507,-1.27185453895006e-16
20230713_CA_10CFU_LZMSC1P4_D7_70%_1,contaminated,Candida albicans,10,1.0,MSC1P4,20230713,,419,237.4616547,300.1534119,-0.591654010261336,1.0776754344719974,4.663466642816887e-16
20230713_CA_100CFU_LZMSC6P4_D7_90%,contaminated,Candida albicans,100,1.0,MSC6P4,20230713,,419,237.4332886,300.1253052,-0.5422420209810661,1.0150119558856003,-1.27185453895006e-16
20230713_CA_10CFU_LZMSC10P4_D7_70%_2,contaminated,Candida albicans,10,1.0,MSC10P4,20230713,,419,237.4332886,300.1253052,-0.5701458435408914,1.026653490392442,-3.222031498673485e-16
20230518_EColi_10CFU_LZMSC10P6_D7_70%_1,contaminated,Escherichia coli,10,1.0,MSC10P6,20230518,,419,237.4571838,300.1626587,-0.4196215286220365,0.93253279074463,7.207175720717007e-17
20230531_PA_100CFU_LZMSC9P2_D7_80%_1,contaminated,Pseudomonas aeruginosa,100,1.0,MSC9P2,20230531,,419,237.4433594,300.1490784,-0.5960246136305497,1.1645339520694502,-7.546336931103689e-16
20230720_CAc_100CFU_LZMSC6P6_D7_90%_2,contaminated,Cutibacterium acnes,100,1.0,MSC6P6,20230720,,419,237.4665527,300.1394958,-0.3773627117618139,0.803406766404853,-6.783224207733654e-17
20230713_CA_10CFU_LZMSC10P4_D7_70%_1,contaminated,Candida albicans,10,1.0,MSC10P4,20230713,,419,237.4332886,300.1253052,-0.5669578280351627,1.0286650888315043,4.663466642816887e-16
20230518_EColi_10CFU_LZMSC9P6_D7_70%_1,contaminated,Escherichia coli,10,1.0,MSC9P6,20230518,,419,237.4571838,300.1626587,-0.4021716548023071,0.8823800151976929,-2.54370907790012e-17
20230608_SA_100CFU_LZMSC1P2_D7_70%,contaminated,Staphylococcus aureus,100,1.0,MSC1P2,20230608,,419,237.45784,300.1561584,-0.5317679808978517,1.0323369538354816,2.882870288286803e-16
20230608_SA_100CFU_LZMSC7P2_D7_80%_1,contaminated,Staphylococcus aureus,100,1.0,MSC7P2,20230608,,419,237.45784,300.1561584,-0.4673876275052494,0.9271075021947508,1.216740842262224e-15
20230720_CAc_100CFU_LZMSC7P6_D7_80%_2,contaminated,Cutibacterium acnes,100,1.0,MSC7P6,20230720,,419,237.4665527,300.1394958,-0.4340780114196502,0.9264122810470166,-2.882870288286803e-16
20230519_EColi_100CFU_LZMSC9P6_D7_70%_3,contaminated,Escherichia coli,100,1.0,MSC9P6,20230519,,419,237.4542236,300.1599426,-0.4048767335669847,0.9060644460996818,1.9925721110217606e-16
20230720_CAc_10CFU_LZMSC1P6_D7_90%_1,contaminated,Cutibacterium acnes,10,1.0,MSC1P6,20230720,,419,237.4665527,300.1394958,-0.4341304947941924,0.9187139123724742,1.7382012032317488e-16
20230323_D5_PAeruginosa9027_100CFU_2,contaminated,Pseudomonas aeruginosa,100,1.0,D5,20230323,,419,237.4316711,300.1366577,-0.4831020312735088,0.9448125286931576,-5.680950273976934e-16
20230608_SA_10CFU_LZMSC9P2_D7_80%_2,contaminated,Staphylococcus aureus,10,1.0,MSC9P2,20230608,,419,237.45784,300.1561584,-0.5103602563402545,1.035848582193079,1.6958060519334134e-17
20230608_SA_10CFU_LZMSC8P2_D7_70%,contaminated,Staphylococcus aureus,10,1.0,MSC8P2,20230608,,419,237.45784,300.1561584,-0.4770930608673832,0.9690399564992832,-5.08741815580024e-16
20230726_CS_100CFU_LZMSC8P6_D7_70%_1,contaminated,Clostridium sporogenes,100,1.0,MSC8P6,20230726,,419,237.4502869,300.1557617,-0.4099708212682578,0.9091595250650754,-6.3592726947503e-17
20230720_CAc_100CFU_LZMSC8P6_D7_70%_3,contaminated,Cutibacterium acnes,100,1.0,MSC8P6,20230720,,419,237.4665527,300.1394958,-0.4174310368000801,0.9228813249665868,-5.44777694183609e-16
20230614_BS_100CFU_LZMSC8P4_D7_80%_1,contaminated,Bacillus subtilis,100,1.0,MSC8P4,20230614,,419,237.4569702,300.1626892,-0.339508448491567,0.7484146909417663,1.7382012032317488e-16
20230531_PA_100CFU_LZMSC6P2_D7_90%_2,contaminated,Pseudomonas aeruginosa,100,1.0,MSC6P2,20230531,,419,237.4433594,300.1490784,-0.5980823515442327,1.1850173792557672,-4.239515129833533e-16
20230614_BS_100CFU_LZMSC7P4_D7_90%_2,contaminated,Bacillus subtilis,100,1.0,MSC7P4,20230614,,419,237.4569702,300.1626892,-0.4302071737717577,0.950804580528242,3.561192709060168e-16
20230726_CS_100CFU_LZMSC10P6_D7_70%_1,contaminated,Clostridium sporogenes,100,1.0,MSC10P6,20230726,,419,237.4502869,300.1557617,-0.4295085252270485,0.950987221939618,-4.239515129833533e-17
20230608_SA_10CFU_LZMSC6P2_D7_90%_1,contaminated,Staphylococcus aureus,10,1.0,MSC6P2,20230608,,419,237.45784,300.1561584,-0.4948685552797135,1.0314199340536194,1.144669085055054e-16
20230726_CS_10CFU_LZMSC1P6_D7_90%,contaminated,Clostridium sporogenes,10,1.0,MSC1P6,20230726,,419,237.4502869,300.1557617,-0.4267582196310265,0.92600689853564,-2.501313926601785e-16
20230519_EColi_100CFU_LZMSC9P6_D7_70%_1,contaminated,Escherichia coli,100,1.0,MSC9P6,20230519,,419,237.4542236,300.1599426,-0.4050717059734288,0.9017693644265712,-1.6958060519334134e-17
20230726_CS_100CFU_LZMSC10P6_D7_70%_2,contaminated,Clostridium sporogenes,100,1.0,MSC10P6,20230726,,419,237.4502869,300.1557617,-0.4312813089143194,0.9517249063523472,4.875442399308563e-16
20230614_BS_100CFU_LZMSC6P4_D7_90%_3,contaminated,Bacillus subtilis,100,1.0,MSC6P4,20230614,,419,237.4569702,300.1626892,-0.4203322758799528,0.9478680214200472,-4.875442399308563e-16
20230406_CSporogenes_100CFU_3,contaminated,Clostridium sporogenes,100,1.0,Unknown,20230406,,419,237.437088,300.1494446,-0.4098685993206044,0.9105458643127292,2.882870288286803e-16
20230519_EColi_100CFU_LZMSC1P6_D7_90%_2,contaminated,Escherichia coli,100,1.0,MSC1P6,20230519,,419,237.4542236,300.1599426,-0.4392242352322194,0.9851880399344474,1.3566448415467307e-16
20230720_CAc_10CFU_LZMSC10P6_D7_70%_3,contaminated,Cutibacterium acnes,10,1.0,MSC10P6,20230720,,419,237.4665527,300.1394958,-0.4259335742351635,0.9085223675315032,-4.790652096711893e-16
20230713_CA_10CFU_LZMSC9P4_D7_70%_3,contaminated,Candida albicans,10,1.0,MSC9P4,20230713,,419,237.4332886,300.1253052,-0.5638931232575989,1.0138760967424014,-1.280333569209727e-15
20230519_EColi_100CFU_LZMSC6P6_D7_90%_1,contaminated,Escherichia coli,100,1.0,MSC6P6,20230519,,419,237.4542236,300.1599426,-0.3780742932976133,0.8395463279023867,2.54370907790012e-17
20230713_CA_10CFU_LZMSC7P4_D7_90%,contaminated,Candida albicans,10,1.0,MSC7P4,20230713,,419,237.4332886,300.1253052,-0.5711162423378685,1.0444936220287984,-5.765740576573606e-16
20230726_CS_10CFU_LZMSC1P6_D7_90%_3,contaminated,Clostridium sporogenes,10,1.0,MSC1P6,20230726,,419,237.4502869,300.1557617,-0.4291158392661096,0.9465680793338904,1.780596354530084e-16
20230720_CAc_100CFU_LZMSC10P6_D7_70%,contaminated,Cutibacterium acnes,100,1.0,MSC10P6,20230720,,419,237.4665527,300.1394958,-0.4206365383798724,0.9112619274201276,1.9289793840742578e-16
20230531_PA_10CFU_LZMSC10P2_D7_80%_3,contaminated,Pseudomonas aeruginosa,10,1.0,MSC10P2,20230531,,419,237.4433594,300.1490784,-0.5923280698422433,1.1769250850244235,1.780596354530084e-16
20230614_BS_100CFU_LZMSC1P4_D7_70%_3,contaminated,Bacillus subtilis,100,1.0,MSC1P4,20230614,,419,237.4569702,300.1626892,-0.4400262782975334,0.9974164268024664,4.578676340220216e-16
20230608_SA_10CFU_LZMSC10P2_D7_80%_1,contaminated,Staphylococcus aureus,10,1.0,MSC10P2,20230608,,419,237.45784,300.1561584,-0.5026032636867948,1.0189639618798716,-7.715917536297031e-16
20230608_SA_100CFU_LZMSC8P2_D7_70%_3,contaminated,Staphylococcus aureus,100,1.0,MSC8P2,20230608,,419,237.45784,300.1561584,-0.5003537441871916,0.9989708952461416,1.1022739337567186e-16
20230713_CA_100CFU_LZMSC7P4_D7_90%_1,contaminated,Candida albicans,100,1.0,MSC7P4,20230713,,419,237.4332886,300.1253052,-0.5680303966562457,1.0531142358770875,-6.44406299734697e-16
20230531_PA_10CFU_LZMSC10P2_D7_80%,contaminated,Pseudomonas aeruginosa,10,1.0,MSC10P2,20230531,,419,237.4433594,300.1490784,-0.5790290450767698,1.1357308014898972,2.289338170110108e-16
20230608_SA_10CFU_LZMSC7P2_D7_80%_2,contaminated,Staphylococcus aureus,10,1.0,MSC7P2,20230608,,419,237.45784,300.1561584,-0.4901345104697695,0.9688022999635636,-1.1022739337567186e-16
20230518_EColi_10CFU_LZMSC1P6_D7_90%_2,contaminated,Escherichia coli,10,1.0,MSC1P6,20230518,,419,237.4571838,300.1626587,-0.4335235062272075,0.9938658572061256,1.6110157493367426e-16
20230406_D5_CSporogenes_10CFU_3,contaminated,Clostridium sporogenes,10,1.0,D5,20230406,,419,237.437088,300.1494446,-0.4090348216473344,0.9027877963526658,5.172208458396911e-16
20230726_CS_100CFU_LZMSC9P6_D7_70%_2,contaminated,Clostridium sporogenes,100,1.0,MSC9P6,20230726,,419,237.4502869,300.1557617,-0.4086388508113765,0.8963430216886233,-1.8653866571267547e-16
20230614_BS_10CFU_LZMSC8P4_D7_80%_1,contaminated,Bacillus subtilis,10,1.0,MSC8P4,20230614,,419,237.4569702,300.1626892,-0.3378569961074783,0.7483001121258551,-1.6958060519334133e-16
20230614_BS_100CFU_LZMSC9P4_D7_70%,contaminated,Bacillus subtilis,100,1.0,MSC9P4,20230614,,419,237.4569702,300.1626892,-0.4184707687324581,0.8996564560008752,1.3142496902483953e-16
20230323_D5_SAureus_100CFU_3,contaminated,Staphylococcus aureus,100,1.0,D5,20230323,,419,237.4316711,300.1366577,-0.4149564447198075,0.855883385613526,1.5177464164804049e-15
20230531_PA_10CFU_LZMSC9P2_D7_80%_2,contaminated,Pseudomonas aeruginosa,10,1.0,MSC9P2,20230531,,419,237.4433594,300.1490784,-0.5757856056160692,1.148364833583931,8.563820562263738e-16
20230518_EColi_10CFU_LZMSC6P6_D7_90%_2,contaminated,Escherichia coli,10,1.0,MSC6P6,20230518,,419,237.4571838,300.1626587,-0.3775742890969772,0.8606944094030227,-2.26814059446094e-16
20230608_SA_100CFU_LZMSC6P2_D7_90%_2,contaminated,Staphylococcus aureus,100,1.0,MSC6P2,20230608,,419,237.45784,300.1561584,-0.5088599296585518,1.035525642808115,3.222031498673485e-16
20230519_EColi_100CFU_LZMSC10P6_D7_70%_3,contaminated,Escherichia coli,100,1.0,MSC10P6,20230519,,419,237.4542236,300.1599426,-0.4220157824178994,0.9511653969821008,3.985144222043521e-16
20230720_CAc_100CFU_LZMSC9P6_D7_70%_3,contaminated,Cutibacterium acnes,100,1.0,MSC9P6,20230720,,419,237.4665527,300.1394958,-0.403955678914638,0.8815193863186954,-5.2993939122919164e-17
20230531_PA_10CFU_LZMSC6P2_D7_90%,contaminated,Pseudomonas aeruginosa,10,1.0,MSC6P2,20230531,,419,237.4433594,300.1490784,-0.5524212379405731,1.1304007311594266,-2.9676605908834733e-16
20230726_CS_10CFU_LZMSC6P6_D7_90%_1,contaminated,Clostridium sporogenes,10,1.0,MSC6P6,20230726,,419,237.4502869,300.1557617,-0.3718533567140015,0.8189488251526653,3.6035878603585036e-17
20230720_CAc_10CFU_LZMSC9P6_D7_70%,contaminated,Cutibacterium acnes,10,1.0,MSC9P6,20230720,,419,237.4665527,300.1394958,-0.4046712658925221,0.8406257092408113,-2.0773624136184313e-16
20230726_CS_100CFU_LZMSC8P6_D7_70%_3,contaminated,Clostridium sporogenes,100,1.0,MSC8P6,20230726,,419,237.4502869,300.1557617,-0.4108585867849642,0.9201806628817024,-4.239515129833533e-17
20230331_D5_BSubtilis_100CFU,contaminated,Bacillus subtilis,100,1.0,D5,20230331,,419,237.4587402,300.1316833,-0.4603333582682572,1.0074737955650763,5.256998760993581e-16
20230531_PA_10CFU_LZMSC6P2_D7_90%_3,contaminated,Pseudomonas aeruginosa,10,1.0,MSC6P2,20230531,,419,237.4433594,300.1490784,-0.5657420034034216,1.1496607983965783,-7.546336931103689e-16
20230720_CAc_100CFU_LZMSC1P6_D7_90%_3,contaminated,Cutibacterium acnes,100,1.0,MSC1P6,20230720,,419,237.4665527,300.1394958,-0.4294491590008747,0.947318675165792,3.9639466463943536e-16
20230331_D5_EColi_100CFU,contaminated,Escherichia coli,100,1.0,D5,20230331,,419,237.4587402,300.1316833,-0.412826163105887,0.900522855294113,2.54370907790012e-17
20230608_SA_100CFU_LZMSC9P2_D7_80%_2,contaminated,Staphylococcus aureus,100,1.0,MSC9P2,20230608,,419,237.45784,300.1561584,-0.5099747762102623,1.0259407377564045,2.882870288286803e-16
20230726_CS_100CFU_LZMSC1P6_D7_90%,contaminated,Clostridium sporogenes,100,1.0,MSC1P6,20230726,,419,237.4502869,300.1557617,-0.428991821159825,0.9175488982401748,-6.783224207733654e-17
20230531_PA_100CFU_LZMSC1P2_D7_70%_3,contaminated,Pseudomonas aeruginosa,100,1.0,MSC1P2,20230531,,419,237.4433594,300.1490784,-0.622579243231902,1.2423842088014314,-5.765740576573606e-16
20230726_CS_100CFU_LZMSC7P6_D7_80%_3,contaminated,Clostridium sporogenes,100,1.0,MSC7P6,20230726,,419,237.4502869,300.1557617,-0.4239075627152747,0.9330440167180584,-2.840475136988467e-16
20230608_SA_10CFU_LZMSC7P2_D7_80%_1,contaminated,Staphylococcus aureus,10,1.0,MSC7P2,20230608,,419,237.45784,300.1561584,-0.4830569123958629,0.95663405513747,1.1870642363533893e-16
20230726_CS_10CFU_LZMSC8P6_D7_70%_1,contaminated,Clostridium sporogenes,10,1.0,MSC8P6,20230726,,419,237.4502869,300.1557617,-0.4101539977976129,0.9024993749357204,3.624785436007671e-16
20230720_CAc_10CFU_LZMSC10P6_D7_70%,contaminated,Cutibacterium acnes,10,1.0,MSC10P6,20230720,,419,237.4665527,300.1394958,-0.4244879849952266,0.8926532644714401,7.63112723370036e-17
20230531_PA_10CFU_LZMSC8P2_D7_70%_1,contaminated,Pseudomonas aeruginosa,10,1.0,MSC8P2,20230531,,419,237.4433594,300.1490784,-0.5226084421431186,1.0652857493235484,-8.479030259667066e-17
20230726_CS_10CFU_LZMSC6P6_D7_90%_2,contaminated,Clostridium sporogenes,10,1.0,MSC6P6,20230726,,419,237.4502869,300.1557617,-0.3726050004922036,0.8230292501411298,8.479030259667067e-18
20230614_BS_100CFU_LZMSC9P4_D7_70%_2,contaminated,Bacillus subtilis,100,1.0,MSC9P4,20230614,,419,237.4569702,300.1626892,-0.4195867033444708,0.9186613259555292,2.310535745759276e-16
20230331_D5_EColi_10CFU_1,contaminated,Escherichia coli,10,1.0,D5,20230331,,419,237.4587402,300.1316833,-0.408449910855609,0.8965577506110578,-3.6459830116568384e-16
20230726_CS_10CFU_LZMSC1P6_D7_90%_1,contaminated,Clostridium sporogenes,10,1.0,MSC1P6,20230726,,419,237.4502869,300.1557617,-0.4276328948750996,0.9316728792915672,-1.9925721110217606e-16
20230518_EColi_10CFU_LZMSC8P6_D7_70%,contaminated,Escherichia coli,10,1.0,MSC8P6,20230518,,419,237.4571838,300.1626587,-0.4202735216630073,0.9472739206369928,-2.0773624136184313e-16
20230713_CA_100CFU_LZMSC1P4_D7_70%_3,contaminated,Candida albicans,100,1.0,MSC1P4,20230713,,419,237.4332886,300.1253052,-0.5951810250277637,1.0572400720722364,7.461546628507019e-16
20230713_CA_10CFU_LZMSC1P4_D7_70%_3,contaminated,Candida albicans,10,1.0,MSC1P4,20230713,,419,237.4332886,300.1253052,-0.5928126881674626,1.069280792199204,-4.324305432430204e-16
20230531_PA_10CFU_LZMSC8P2_D7_70%_3,contaminated,Pseudomonas aeruginosa,10,1.0,MSC8P2,20230531,,419,237.4433594,300.1490784,-0.5304994628766901,1.0768568670899763,2.798079985690132e-16
20230608_SA_100CFU_LZMSC8P2_D7_70%_1,contaminated,Staphylococcus aureus,100,1.0,MSC8P2,20230608,,419,237.45784,300.1561584,-0.4903840976143985,0.9666253966189348,9.411723588230444e-16
20230531_PA_10CFU_LZMSC9P2_D7_80%_3,contaminated,Pseudomonas aeruginosa,10,1.0,MSC9P2,20230531,,419,237.4433594,300.1490784,-0.5792961952938748,1.147127048106125,-4.833047248010228e-16
20230526_CAcnes_10CFU_LZMSC5P6_D7_70%,contaminated,Cutibacterium acnes,10,1.0,MSC5P6,20230526,,419,237.4316101,300.130188,-0.4165808179703261,0.910194494329674,1.4414351441434014e-16
20230720_CAc_100CFU_LZMSC10P6_D7_70%_2,contaminated,Cutibacterium acnes,100,1.0,MSC10P6,20230720,,419,237.4665527,300.1394958,-0.429448406910024,0.9300616573233093,-1.2294593876517246e-16
20230323_D5_PAeruginosa9027_100CFU_3,contaminated,Pseudomonas aeruginosa,100,1.0,D5,20230323,,419,237.4316711,300.1366577,-0.4858561377151947,0.9507664616848054,1.780596354530084e-16
20230331_D5_CAlbicans_100CFU_1,contaminated,Candida albicans,100,1.0,D5,20230331,,419,237.4587402,300.1316833,-0.4583316790911695,1.0012146684088306,-8.479030259667067e-18
20230608_SA_10CFU_LZMSC1P2_D7_70%_2,contaminated,Staphylococcus aureus,10,1.0,MSC1P2,20230608,,419,237.45784,300.1561584,-0.5109638846322198,1.026497058634447,-1.9501769597234254e-16
20230518_EColi_10CFU_LZMSC1P6_D7_90%_1,contaminated,Escherichia coli,10,1.0,MSC1P6,20230518,,419,237.4571838,300.1626587,-0.4307781421282418,0.9806396003717583,4.2395151298335335e-18
20230726_CS_100CFU_LZMSC10P6_D7_70%_3,contaminated,Clostridium sporogenes,100,1.0,MSC10P6,20230726,,419,237.4502869,300.1557617,-0.4332864558188545,0.9647033236478122,-1.526225446740072e-16
20230713_CA_100CFU_LZMSC7P4_D7_90%_2,contaminated,Candida albicans,100,1.0,MSC7P4,20230713,,419,237.4332886,300.1253052,-0.5714561247356399,1.05642053446436,5.511369668783593e-16
20230614_BS_10CFU_LZMSC9P4_D7_70%_3,contaminated,Bacillus subtilis,10,1.0,MSC9P4,20230614,,419,237.4569702,300.1626892,-0.4228273269007957,0.9495357984992044,-2.289338170110108e-16
20230713_CA_10CFU_LZMSC10P4_D7_70%,contaminated,Candida albicans,10,1.0,MSC10P4,20230713,,419,237.4332886,300.1253052,-0.5641100814312645,1.0195826083020687,4.748256945413557e-16
20230328_D5_PAeruginosa9027_10CFU_2,contaminated,Pseudomonas aeruginosa,10,1.0,D5,20230328,,419,237.4617615,300.1531982,-0.6056967042190126,1.2195142049809873,1.017483631160048e-15
20230608_SA_10CFU_LZMSC9P2_D7_80%,contaminated,Staphylococcus aureus,10,1.0,MSC9P2,20230608,,419,237.45784,300.1561584,-0.4914720778243441,0.9907777186756564,-3.5187975577618327e-16
20230713_CA_10CFU_LZMSC7P4_D7_90%_3,contaminated,Candida albicans,10,1.0,MSC7P4,20230713,,419,237.4332886,300.1253052,-0.5662743289561653,1.0365200000438344,1.8653866571267547e-16
20230720_CAc_10CFU_LZMSC6P6_D7_90%_2,contaminated,Cutibacterium acnes,10,1.0,MSC6P6,20230720,,419,237.4665527,300.1394958,-0.3734580006022269,0.8130942159644399,5.617357547029432e-16
20230608_SA_100CFU_LZMSC1P2_D7_70%_1,contaminated,Staphylococcus aureus,100,1.0,MSC1P2,20230608,,419,237.45784,300.1561584,-0.5346522903335726,1.046254319233094,-6.020111484363617e-16
20230519_EColi_100CFU_LZMSC8P6_D7_70%_1,contaminated,Escherichia coli,100,1.0,MSC8P6,20230519,,419,237.4542236,300.1599426,-0.4231384849146381,0.9494799566186952,-1.1870642363533893e-16
20230614_BS_10CFU_LZMSC10P4_D7_70%_2,contaminated,Bacillus subtilis,10,1.0,MSC10P4,20230614,,419,237.4569702,300.1626892,-0.4239233955714399,0.9239172561618936,1.27185453895006e-17
20230720_CAc_100CFU_LZMSC8P6_D7_70%,contaminated,Cutibacterium acnes,100,1.0,MSC8P6,20230720,,419,237.4665527,300.1394958,-0.4160974915151153,0.909795900618218,-2.9676605908834733e-17
20230608_SA_10CFU_LZMSC1P2_D7_70%_3,contaminated,Staphylococcus aureus,10,1.0,MSC1P2,20230608,,419,237.45784,300.1561584,-0.5113989842205254,1.0442704229794744,-3.1372411960768147e-16
20230518_EColi_10CFU_LZMSC9P6_D7_70%_2,contaminated,Escherichia coli,10,1.0,MSC9P6,20230518,,419,237.4571838,300.1626587,-0.4064782874910901,0.8879032466422431,-2.458918775303449e-16
20230331_D5_EColi_100CFU_2,contaminated,Escherichia coli,100,1.0,D5,20230331,,419,237.4587402,300.1316833,-0.4127740697000001,0.8958365881333333,-5.935321181766947e-17
20230331_D5_CAlbicans_100CFU_2,contaminated,Candida albicans,100,1.0,D5,20230331,,419,237.4587402,300.1316833,-0.4585664121807477,0.996017023985919,1.017483631160048e-16
20230726_CS_100CFU_LZMSC6P6_D7_90%_2,contaminated,Clostridium sporogenes,100,1.0,MSC6P6,20230726,,419,237.4502869,300.1557617,-0.3717813103155133,0.82527949331782,-2.0561648379692637e-16
20230531_PA_10CFU_LZMSC7P2_D7_80%_1,contaminated,Pseudomonas aeruginosa,10,1.0,MSC7P2,20230531,,419,237.4433594,300.1490784,-0.566773468363803,1.157280282136197,-3.81556361685018e-16
20230713_CA_10CFU_LZMSC8P4_D7_80%_2,contaminated,Candida albicans,10,1.0,MSC8P4,20230713,,419,237.4332886,300.1253052,-0.4498496319552908,0.8429823057113759,-5.511369668783593e-16
20230726_CS_10CFU_LZMSC8P6_D7_70%,contaminated,Clostridium sporogenes,10,1.0,MSC8P6,20230726,,419,237.4502869,300.1557617,-0.4091962201334923,0.8950287627665076,1.399039992845066e-16
20230608_SA_100CFU_LZMSC6P2_D7_90%,contaminated,Staphylococcus aureus,100,1.0,MSC6P2,20230608,,419,237.45784,300.1561584,-0.500248597807239,1.0291701688594277,5.341789063590252e-16
20230713_CA_100CFU_LZMSC9P4_D7_70%,contaminated,Candida albicans,100,1.0,MSC9P4,20230713,,419,237.4332886,300.1253052,-0.5751122779780429,1.039239074088624,1.27185453895006e-16
20230519_EColi_100CFU_LZMSC8P6_D7_70%_3,contaminated,Escherichia coli,100,1.0,MSC8P6,20230519,,419,237.4542236,300.1599426,-0.4232841063164682,0.9539558610168652,-4.4090957350268745e-16
20230531_PA_100CFU_LZMSC7P2_D7_80%_3,contaminated,Pseudomonas aeruginosa,100,1.0,MSC7P2,20230531,,419,237.4433594,300.1490784,-0.6113370736514715,1.215333434181862,3.7307733142535094e-16
20230331_D5_BSubtilis_10CFU_2,contaminated,Bacillus subtilis,10,1.0,D5,20230331,,419,237.4587402,300.1316833,-0.4592018656618933,0.9981020457714396,4.663466642816887e-17
20230713_CA_10CFU_LZMSC9P4_D7_70%_1,contaminated,Candida albicans,10,1.0,MSC9P4,20230713,,419,237.4332886,300.1253052,-0.5611572978959432,1.0133353552707236,-3.900353919446851e-16
20230726_CS_100CFU_LZMSC9P6_D7_70%_3,contaminated,Clostridium sporogenes,100,1.0,MSC9P6,20230726,,419,237.4502869,300.1557617,-0.4083013821591889,0.8978915870741443,-2.9676605908834733e-16
20230608_SA_100CFU_LZMSC7P2_D7_80%_2,contaminated,Staphylococcus aureus,100,1.0,MSC7P2,20230608,,419,237.45784,300.1561584,-0.4764157359589495,0.947982507074384,4.833047248010228e-16
20230720_CAc_10CFU_LZMSC6P6_D7_90%_3,contaminated,Cutibacterium acnes,10,1.0,MSC6P6,20230720,,419,237.4665527,300.1394958,-0.3742329790497213,0.8150504961502785,2.3741284727067786e-16
20230726_CS_10CFU_LZMSC9P6_D7_70%_1,contaminated,Clostridium sporogenes,10,1.0,MSC9P6,20230726,,419,237.4502869,300.1557617,-0.4055748998575175,0.8953551284091491,3.4764024064634975e-16
20230519_EColi_100CFU_LZMSC6P6_D7_90%_2,contaminated,Escherichia coli,100,1.0,MSC6P6,20230519,,419,237.4542236,300.1599426,-0.3802471061748608,0.8523411749251391,-6.3592726947503e-17
20230406_CSporogenes_100CFU,contaminated,Clostridium sporogenes,100,1.0,Unknown,20230406,,419,237.437088,300.1494446,-0.4086452734833733,0.90063238024996,-2.0561648379692637e-16
20230531_PA_100CFU_LZMSC7P2_D7_80%,contaminated,Pseudomonas aeruginosa,100,1.0,MSC7P2,20230531,,419,237.4433594,300.1490784,-0.5977526044464592,1.1725418232202074,6.698433905136983e-16
20230614_BS_10CFU_LZMSC7P4_D7_90%,contaminated,Bacillus subtilis,10,1.0,MSC7P4,20230614,,419,237.4569702,300.1626892,-0.4279511140514719,0.9546334084151946,-1.5686205980384074e-16
20230531_PA_100CFU_LZMSC8P2_D7_70%,contaminated,Pseudomonas aeruginosa,100,1.0,MSC8P2,20230531,,419,237.4433594,300.1490784,-0.54978606390024,1.0911297671997595,-1.3481658112870636e-15
20230614_BS_100CFU_LZMSC7P4_D7_90%_1,contaminated,Bacillus subtilis,100,1.0,MSC7P4,20230614,,419,237.4569702,300.1626892,-0.4296394739762134,0.9568148995904532,-1.0598787824583833e-16
20230608_SA_100CFU_LZMSC7P2_D7_80%,contaminated,Staphylococcus aureus,100,1.0,MSC7P2,20230608,,419,237.45784,300.1561584,-0.463227635774304,0.9189468562923626,-1.0598787824583833e-16
20230720_CAc_10CFU_LZMSC8P6_D7_70%,contaminated,Cutibacterium acnes,10,1.0,MSC8P6,20230720,,419,237.4665527,300.1394958,-0.415162497736436,0.9073833286302304,-8.90298177265042e-17
20230531_PA_100CFU_LZMSC8P2_D7_70%_1,contaminated,Pseudomonas aeruginosa,100,1.0,MSC8P2,20230531,,419,237.4433594,300.1490784,-0.5566425072119324,1.1013388884547342,8.055078746683713e-16
20230608_SA_100CFU_LZMSC10P2_D7_80%_3,contaminated,Staphylococcus aureus,100,1.0,MSC10P2,20230608,,419,237.45784,300.1561584,-0.5121508931916463,1.048949212241687,5.596159971380264e-16
20230328_D5_SAureus_10CFU_2,contaminated,Staphylococcus aureus,10,1.0,D5,20230328,,419,237.4617615,300.1531982,-0.4630389201755765,1.04561596209109,2.840475136988467e-16
20230331_D5_BSubtilis_100CFU_2,contaminated,Bacillus subtilis,100,1.0,D5,20230331,,419,237.4587402,300.1316833,-0.4615330448297535,1.0146669497035798,-1.90778180842509e-16
20230726_CS_100CFU_LZMSC6P6_D7_90%,contaminated,Clostridium sporogenes,100,1.0,MSC6P6,20230726,,419,237.4502869,300.1557617,-0.3697857806755765,0.8162233232910904,2.0773624136184313e-16
20230608_SA_10CFU_LZMSC6P2_D7_90%,contaminated,Staphylococcus aureus,10,1.0,MSC6P2,20230608,,419,237.45784,300.1561584,-0.4890233072859179,1.0117882496474155,8.98777207524709e-16
20230720_CAc_10CFU_LZMSC9P6_D7_70%_2,contaminated,Cutibacterium acnes,10,1.0,MSC9P6,20230720,,419,237.4665527,300.1394958,-0.4057997521605411,0.8469722414061258,-6.99519996422533e-17
20230614_BS_100CFU_LZMSC6P4_D7_90%_2,contaminated,Bacillus subtilis,100,1.0,MSC6P4,20230614,,419,237.4569702,300.1626892,-0.419556911720923,0.9402536839457436,-2.54370907790012e-16
20230331_D5_EColi_10CFU_3,contaminated,Escherichia coli,10,1.0,D5,20230331,,419,237.4587402,300.1316833,-0.4116759963847254,0.9131541285819414,1.6110157493367426e-16
20230518_EColi_10CFU_LZMSC6P6_D7_90%_3,contaminated,Escherichia coli,10,1.0,MSC6P6,20230518,,419,237.4571838,300.1626587,-0.3749746482968972,0.8662548856364362,2.034967262320096e-16
20230726_CS_100CFU_LZMSC6P6_D7_90%_1,contaminated,Clostridium sporogenes,100,1.0,MSC6P6,20230726,,419,237.4502869,300.1557617,-0.3710777171598246,0.8223821412068419,3.073648469129312e-16
20230720_CAc_10CFU_LZMSC7P6_D7_80%,contaminated,Cutibacterium acnes,10,1.0,MSC7P6,20230720,,419,237.4665527,300.1394958,-0.4292240154210822,0.9283350793455842,-3.2856242256209885e-16
20230614_BS_100CFU_LZMSC10P4_D7_70%_2,contaminated,Bacillus subtilis,100,1.0,MSC10P4,20230614,,419,237.4569702,300.1626892,-0.4228518853482101,0.9262339323851232,-1.2294593876517246e-16
20230608_SA_100CFU_LZMSC6P2_D7_90%_1,contaminated,Staphylococcus aureus,100,1.0,MSC6P2,20230608,,419,237.45784,300.1561584,-0.5017094303438332,1.0261022756894995,1.335447265897563e-15
20230608_SA_10CFU_LZMSC7P2_D7_80%_3,contaminated,Staphylococcus aureus,10,1.0,MSC7P2,20230608,,419,237.45784,300.1561584,-0.4926798524889424,0.9783715821443916,-5.172208458396911e-16
20230614_BS_10CFU_LZMSC9P4_D7_70%_2,contaminated,Bacillus subtilis,10,1.0,MSC9P4,20230614,,419,237.4569702,300.1626892,-0.4181111050407318,0.9300049849259348,1.017483631160048e-16
20230406_CSporogenes_100CFU_2,contaminated,Clostridium sporogenes,100,1.0,Unknown,20230406,,419,237.437088,300.1494446,-0.4111848037371521,0.9042745571295144,-2.0773624136184313e-16
20230614_BS_10CFU_LZMSC10P4_D7_70%_3,contaminated,Bacillus subtilis,10,1.0,MSC10P4,20230614,,419,237.4569702,300.1626892,-0.4237200577599045,0.9319122626400954,-2.3317333214084434e-17
20230614_BS_100CFU_LZMSC8P4_D7_80%_2,contaminated,Bacillus subtilis,100,1.0,MSC8P4,20230614,,419,237.4569702,300.1626892,-0.3378360102436754,0.7489535280229913,4.663466642816887e-17
20230713_CA_100CFU_LZMSC10P4_D7_70%_1,contaminated,Candida albicans,100,1.0,MSC10P4,20230713,,419,237.4332886,300.1253052,-0.5844091337343665,1.0316771905656337,8.563820562263738e-16
20230726_CS_10CFU_LZMSC6P6_D7_90%,contaminated,Clostridium sporogenes,10,1.0,MSC6P6,20230726,,419,237.4502869,300.1557617,-0.3707710977227519,0.8094210501105815,6.656038753838647e-16
20230518_EColi_10CFU_LZMSC7P6_D7_80%,contaminated,Escherichia coli,10,1.0,MSC7P6,20230518,,419,237.4571838,300.1626587,-0.4336301271473349,0.9735698022193318,2.54370907790012e-17
20230713_CA_10CFU_LZMSC9P4_D7_70%,contaminated,Candida albicans,10,1.0,MSC9P4,20230713,,419,237.4332886,300.1253052,-0.5573268267789983,1.017856862887668,-6.3592726947503e-16
20230614_BS_100CFU_LZMSC6P4_D7_90%,contaminated,Bacillus subtilis,100,1.0,MSC6P4,20230614,,419,237.4569702,300.1626892,-0.4147783395477322,0.9268099738189346,4.981430277554402e-16
20230323_D5_PAeruginosa9027_100CFU_1,contaminated,Pseudomonas aeruginosa,100,1.0,D5,20230323,,419,237.4316711,300.1366577,-0.4830822239341296,0.9333945623658704,-7.546336931103689e-16
20230331_D5_BSubtilis_100CFU_3,contaminated,Bacillus subtilis,100,1.0,D5,20230331,,419,237.4587402,300.1316833,-0.4597285435635638,1.0071297343031027,1.9925721110217606e-16
20230518_EColi_10CFU_LZMSC1P6_D7_90%_3,contaminated,Escherichia coli,10,1.0,MSC1P6,20230518,,419,237.4571838,300.1626587,-0.4337188371809866,0.9999286659190134,-1.3142496902483953e-16
20230531_PA_100CFU_LZMSC9P2_D7_80%_3,contaminated,Pseudomonas aeruginosa,100,1.0,MSC9P2,20230531,,419,237.4433594,300.1490784,-0.6027226693764521,1.1912418957235482,-2.1197575649167665e-16
20230331_D5_EColi_100CFU_1,contaminated,Escherichia coli,100,1.0,D5,20230331,,419,237.4587402,300.1316833,-0.4103549336423235,0.8933062142243431,-5.214603609695246e-16
20230614_BS_10CFU_LZMSC10P4_D7_70%_1,contaminated,Bacillus subtilis,10,1.0,MSC10P4,20230614,,419,237.4569702,300.1626892,-0.422066710552665,0.9132502107806684,1.399039992845066e-16
20230331_D5_CAlbicans_100CFU,contaminated,Candida albicans,100,1.0,D5,20230331,,419,237.4587402,300.1316833,-0.4599045198723152,0.9973235150276848,-2.0773624136184313e-16
20230614_BS_100CFU_LZMSC1P4_D7_70%_1,contaminated,Bacillus subtilis,100,1.0,MSC1P4,20230614,,419,237.4569702,300.1626892,-0.4372331948607785,0.9779984154058884,1.098034418626885e-15
20230614_BS_10CFU_LZMSC8P4_D7_80%_2,contaminated,Bacillus subtilis,10,1.0,MSC8P4,20230614,,419,237.4569702,300.1626892,-0.3399666559058077,0.7477736213941922,-3.222031498673485e-16
20230531_PA_100CFU_LZMSC10P2_D7_80%_2,contaminated,Pseudomonas aeruginosa,100,1.0,MSC10P2,20230531,,419,237.4433594,300.1490784,-0.595880859735004,1.1910289191316628,-8.479030259667067e-18
20230713_CA_10CFU_LZMSC1P4_D7_70%_2,contaminated,Candida albicans,10,1.0,MSC1P4,20230713,,419,237.4616547,300.1534119,-0.5918245002378684,1.0772062652621317,-3.900353919446851e-16
20230323_D5_SAureus_100CFU,contaminated,Staphylococcus aureus,100,1.0,D5,20230323,,419,237.4316711,300.1366577,-0.3972694635557678,0.8132951701108985,-2.3317333214084434e-16
20230614_BS_10CFU_LZMSC9P4_D7_70%,contaminated,Bacillus subtilis,10,1.0,MSC9P4,20230614,,419,237.4569702,300.1626892,-0.4170069981914878,0.9291492263418454,-1.5050278710909043e-16
20230713_CA_10CFU_LZMSC8P4_D7_80%_1,contaminated,Candida albicans,10,1.0,MSC8P4,20230713,,419,237.4332886,300.1253052,-0.4517573939199667,0.8487095412133667,1.4414351441434013e-15
20230518_EColi_10CFU_LZMSC10P6_D7_70%_2,contaminated,Escherichia coli,10,1.0,MSC10P6,20230518,,419,237.4571838,300.1626587,-0.4229131388734294,0.9385476464599042,-5.680950273976934e-16
20230531_PA_100CFU_LZMSC1P2_D7_70%_1,contaminated,Pseudomonas aeruginosa,100,1.0,MSC1P2,20230531,,419,237.4433594,300.1490784,-0.6190190798456645,1.2204356103876686,-2.798079985690132e-16
20230713_CA_10CFU_LZMSC9P4_D7_70%_2,contaminated,Candida albicans,10,1.0,MSC9P4,20230713,,419,237.4332886,300.1253052,-0.5640873235711227,1.0090468402622104,-9.326933285633774e-16
20230614_BS_10CFU_LZMSC6P4_D7_90%_1,contaminated,Bacillus subtilis,10,1.0,MSC6P4,20230614,,419,237.4569702,300.1626892,-0.4154356319743835,0.9215698642256164,-2.3317333214084434e-17
20230614_BS_100CFU_LZMSC10P4_D7_70%,contaminated,Bacillus subtilis,100,1.0,MSC10P4,20230614,,419,237.4569702,300.1626892,-0.4219668373074778,0.9098861005258556,3.264426649971821e-16
20230713_CA_10CFU_LZMSC10P4_D7_70%_3,contaminated,Candida albicans,10,1.0,MSC10P4,20230713,,419,237.4332886,300.1253052,-0.5732337070844065,1.034142252448927,8.733401167457079e-16
20230614_BS_100CFU_LZMSC1P4_D7_70%_2,contaminated,Bacillus subtilis,100,1.0,MSC1P4,20230614,,419,237.4569702,300.1626892,-0.4372450366572787,0.984708676409388,5.045023004501905e-16
20230608_SA_10CFU_LZMSC8P2_D7_70%_1,contaminated,Staphylococcus aureus,10,1.0,MSC8P2,20230608,,419,237.45784,300.1561584,-0.4821727648062843,0.973828159027049,4.663466642816887e-16
20230720_CAc_100CFU_LZMSC1P6_D7_90%_2,contaminated,Cutibacterium acnes,100,1.0,MSC1P6,20230720,,419,237.4665527,300.1394958,-0.4296049514229917,0.938979383743675,-4.833047248010228e-16
20230608_SA_10CFU_LZMSC9P2_D7_80%_1,contaminated,Staphylococcus aureus,10,1.0,MSC9P2,20230608,,419,237.45784,300.1561584,-0.5113881699293562,1.035989813903977,-5.341789063590252e-16
20230720_CAc_10CFU_LZMSC1P6_D7_90%_2,contaminated,Cutibacterium acnes,10,1.0,MSC1P6,20230720,,419,237.4665527,300.1394958,-0.4362811112923636,0.9158909105743032,-8.309449654473725e-16
20230518_EColi_10CFU_LZMSC6P6_D7_90%,contaminated,Escherichia coli,10,1.0,MSC6P6,20230518,,419,237.4571838,300.1626587,-0.3750266301180586,0.8582065735819413,3.052450893480144e-16
20230331_D5_CAlbicans_10CFU_1,contaminated,Candida albicans,10,1.0,D5,20230331,,419,237.4587402,300.1316833,-0.4585445786280823,0.999977781305251,4.069934524640192e-16
20230518_EColi_10CFU_LZMSC8P6_D7_70%_3,contaminated,Escherichia coli,10,1.0,MSC8P6,20230518,,419,237.4571838,300.1626587,-0.4224023568495629,0.960209454450437,-4.197119978535198e-16
20230614_BS_10CFU_LZMSC1P4_D7_70%_3,contaminated,Bacillus subtilis,10,1.0,MSC1P4,20230614,,419,237.4569702,300.1626892,-0.437256137145107,0.991937716988226,3.3916121038668266e-16
20230406_D5_CSporogenes_10CFU_1,contaminated,Clostridium sporogenes,10,1.0,D5,20230406,,419,237.437088,300.1494446,-0.4085677080187745,0.8960817990812254,3.17963634737515e-16
20230519_EColi_100CFU_LZMSC7P6_D7_80%_2,contaminated,Escherichia coli,100,1.0,MSC7P6,20230519,,419,237.4542236,300.1599426,-0.4380137195021475,0.978616613131186,4.875442399308563e-16
20230713_CA_100CFU_LZMSC10P4_D7_70%,contaminated,Candida albicans,100,1.0,MSC10P4,20230713,,419,237.4332886,300.1253052,-0.55465653618393,1.0226093423827367,8.479030259667066e-17
20230720_CAc_10CFU_LZMSC7P6_D7_80%_3,contaminated,Cutibacterium acnes,10,1.0,MSC7P6,20230720,,419,237.4665527,300.1394958,-0.4341309756868742,0.9455245938797924,-7.419151477208684e-16
20230519_EColi_100CFU_LZMSC1P6_D7_90%_1,contaminated,Escherichia coli,100,1.0,MSC1P6,20230519,,419,237.4542236,300.1599426,-0.4364300474838501,0.9688938503494832,2.9676605908834733e-16
20230519_EColi_100CFU_LZMSC8P6_D7_70%,contaminated,Escherichia coli,100,1.0,MSC8P6,20230519,,419,237.4542236,300.1599426,-0.4247655377992838,0.9571562254673828,1.4838302954417367e-16
20230328_D5_PAeruginosa9027_10CFU_1,contaminated,Pseudomonas aeruginosa,10,1.0,D5,20230328,,419,237.4617615,300.1531982,-0.5964962002998405,1.1970512509668263,4.578676340220216e-16
20230331_D5_EColi_10CFU,contaminated,Escherichia coli,10,1.0,D5,20230331,,419,237.4587402,300.1316833,-0.4092581979229909,0.8954551953103425,3.2008339230243176e-16
20230713_CA_10CFU_LZMSC6P4_D7_90%_1,contaminated,Candida albicans,10,1.0,MSC6P4,20230713,,419,237.4332886,300.1253052,-0.5385776081758961,1.021833229124104,-1.009004600900381e-15
20230720_CAc_10CFU_LZMSC10P6_D7_70%_2,contaminated,Cutibacterium acnes,10,1.0,MSC10P6,20230720,,419,237.4665527,300.1394958,-0.4257983212673827,0.9000480627992838,-7.843102990192037e-17
20230713_CA_100CFU_LZMSC8P4_D7_80%_2,contaminated,Candida albicans,100,1.0,MSC8P4,20230713,,419,237.4332886,300.1253052,-0.4491422499161493,0.847937154550517,1.27185453895006e-16
20230713_CA_10CFU_LZMSC8P4_D7_80%_3,contaminated,Candida albicans,10,1.0,MSC8P4,20230713,,419,237.4332886,300.1253052,-0.4510552136752582,0.8439492335580749,2.289338170110108e-16
20230614_BS_10CFU_LZMSC1P4_D7_70%_1,contaminated,Bacillus subtilis,10,1.0,MSC1P4,20230614,,419,237.4569702,300.1626892,-0.4371525267740649,0.9791995266592682,2.882870288286803e-16
20230419_EColi_24h_10CFU_2,timepoint,Escherichia coli,10,,Unknown,20230419,24.0,419,237.4610291,300.1596069,-0.4517515505206049,1.028598397279395,-2.798079985690132e-16
20230419_EColi_18h_10CFU_1,timepoint,Escherichia coli,10,,Unknown,20230419,18.0,419,237.455658,300.1542358,-0.4321201971999197,0.9901804694000804,7.588732082402024e-16
20230419_EColi_18h_18CFU_1,timepoint,Escherichia coli,18,,Unknown,20230419,18.0,419,237.4610291,300.1596069,-0.4206451889766909,0.9639086114566424,-3.1372411960768147e-16
20230522_NegativeControl_EColi_12h_0CFU,timepoint,Escherichia coli,0,,Unknown,20230522,12.0,419,237.4573059,300.1627808,-0.4501467647621324,1.0027499992378677,-3.4764024064634975e-16
20230419_PositiveControl_EColi_18h_1000CFU_2,timepoint,Escherichia coli,1000,,Unknown,20230419,18.0,419,237.455658,300.1542358,-0.6460951055304699,1.01069886656953,-4.578676340220216e-16
20230419_EColi_12h_18CFU_1_V1,timepoint,Escherichia coli,18,,Unknown,20230419,12.0,419,237.4489441,300.1470337,-0.4283951773102626,0.9616071156897374,-1.1022739337567186e-16
20230419_PositiveControl_EColi_21h_1000CFU,timepoint,Escherichia coli,1000,,Unknown,20230419,21.0,419,237.4610291,300.1596069,-0.6251808981097855,1.0366937735568809,-3.222031498673485e-16
20230419_PositiveControl_EColi_18h_1000CFU_1,timepoint,Escherichia coli,1000,,Unknown,20230419,18.0,419,237.455658,300.1542358,-0.6444429279572782,1.0488846380760548,1.0768368429777175e-15
20230419_EColi_24h_10CFU_1,timepoint,Escherichia coli,10,,Unknown,20230419,24.0,419,237.4610291,300.1596069,-0.4409499533536998,1.0130313521129666,-4.663466642816887e-16
20230419_PositiveControl_EColi_12h_1000CFU_1,timepoint,Escherichia coli,1000,,Unknown,20230419,12.0,419,237.4489441,300.1470337,-0.4523938272699283,0.9664259378300716,1.3566448415467307e-16
20230419_PositiveControl_EColi_15h_1000CFU,timepoint,Escherichia coli,1000,,Unknown,20230419,15.0,419,237.4489441,300.1470337,-0.5692771654389815,0.9787319719276856,1.1870642363533893e-16
20230419_EColi_18h_18CFU_2,timepoint,Escherichia coli,18,,Unknown,20230419,18.0,419,237.4610291,300.1596069,-0.4282109376249798,0.974327982841687,2.7132896830934615e-16
20230522_NegativeControl_EColi_21h_0CFU_2,timepoint,Escherichia coli,0,,Unknown,20230522,21.0,419,237.4573059,300.1627808,-0.4469172264168654,0.9970690402498013,1.3566448415467307e-16
20230419_PositiveControl_EColi_21h_1000CFU_2,timepoint,Escherichia coli,1000,,Unknown,20230419,21.0,419,237.4610291,300.1596069,-0.6501461131626883,1.0878023244039785,5.935321181766947e-16
20230522_NegativeControl_EColi_15h_0CFU_V2,timepoint,Escherichia coli,0,,Unknown,20230522,15.0,419,237.4573059,300.1627808,-0.4483556580867141,0.9986088445799528,2.7132896830934615e-16
20230419_EColi_18h_10CFU,timepoint,Escherichia coli,10,,Unknown,20230419,18.0,419,237.455658,300.1542358,-0.441006991,0.997548349,-1.670645377540877e-11
20230419_EColi_24h_18CFU,timepoint,Escherichia coli,18,,Unknown,20230419,24.0,419,237.4610291,300.1596069,-0.4261503847380273,0.9769318570619726,-3.264426649971821e-16
20230419_EColi_21h_18CFU,timepoint,Escherichia coli,18,,Unknown,20230419,21.0,419,237.4610291,300.1596069,-0.3983530898085919,0.9060669892247416,-2.54370907790012e-17
20230419_PositiveControl_EColi_18h_1000CFU,timepoint,Escherichia coli,1000,,Unknown,20230419,18.0,419,237.455658,300.1542358,-0.5627267551923623,1.0050456430743044,5.384184214888588e-16
20230419_EColi_24h_18CFU_2,timepoint,Escherichia coli,18,,Unknown,20230419,24.0,419,237.4610291,300.1596069,-0.429176055355211,0.9877741802114556,-1.7382012032317488e-16
20230522_NegativeControl_EColi_24h_0CFU_1_V2,timepoint,Escherichia coli,0,,Unknown,20230522,24.0,419,237.4573059,300.1627808,-0.4471254025035804,0.9918006164964196,-4.1123296759385274e-16
20230419_PositiveControl_EColi_21h_1000CFU_1,timepoint,Escherichia coli,1000,,Unknown,20230419,21.0,419,237.4610291,300.1596069,-0.6186743164796342,0.9918157472203656,-1.653410900635078e-16
20230419_PositiveControl_EColi_9h_1000CFU_V2,timepoint,Escherichia coli,1000,,Unknown,20230419,9.0,419,237.4489441,300.1470337,-0.453160066866349,0.971956185133651,-5.808135727871941e-16
20230419_EColi_21h_18CFU_2,timepoint,Escherichia coli,18,,Unknown,20230419,21.0,419,237.4610291,300.1596069,-0.4320483078357997,0.9833113084308672,-2.0773624136184313e-16
20230419_EColi_15h_10CFU_1,timepoint,Escherichia coli,10,,Unknown,20230419,15.0,419,237.455658,300.1542358,-0.4290304164050912,0.9792795005949084,2.3741284727067786e-16
20230419_EColi_9h_18CFU_V1,timepoint,Escherichia coli,18,,Unknown,20230419,9.0,419,237.4489441,300.1470337,-0.4319522499968178,0.9619674010031822,-2.54370907790012e-17
20230522_NegativeControl_EColi_9h_0CFU_1,timepoint,Escherichia coli,0,,Unknown,20230522,9.0,419,237.4573059,300.1627808,-0.4422318072194109,0.9989488688472556,3.1372411960768147e-16
20230522_NegativeControl_EColi_15h_0CFU_V3,timepoint,Escherichia coli,0,,Unknown,20230522,15.0,419,237.4573059,300.1627808,-0.4500222777215593,1.0030066092784409,-2.9676605908834733e-17
20230419_EColi_12h_18CFU_2_V1,timepoint,Escherichia coli,18,,Unknown,20230419,12.0,419,237.4489441,300.1470337,-0.4279273068337307,0.965563694832936,4.281910281131869e-16
20230419_EColi_12h_18CFU,timepoint,Escherichia coli,18,,Unknown,20230419,12.0,419,237.4489441,300.1470337,-0.4315666783342874,0.9613343750657124,5.892926030468611e-16
20230419_EColi_24h_18CFU_1,timepoint,Escherichia coli,18,,Unknown,20230419,24.0,419,237.4610291,300.1596069,-0.4204307734845659,0.965822796915434,4.790652096711893e-16
20230522_NegativeControl_EColi_21h_0CFU,timepoint,Escherichia coli,0,,Unknown,20230522,21.0,419,237.4573059,300.1627808,-0.447062498124902,0.9934412482084316,-1.445674659273235e-15
20230522_NegativeControl_EColi_12h_0CFU_1,timepoint,Escherichia coli,0,,Unknown,20230522,12.0,419,237.4573059,300.1627808,-0.4453609559420845,0.993847730224582,-1.780596354530084e-16
20230419_EColi_12h_10CFU_V2,timepoint,Escherichia coli,10,,Unknown,20230419,12.0,419,237.4489441,300.1470337,-0.4388903698926016,0.9905096241073982,-2.5861042291984553e-16
20230419_EColi_21h_10CFU,timepoint,Escherichia coli,10,,Unknown,20230419,21.0,419,237.4610291,300.1596069,-0.4432369313637229,1.0113754826696102,2.162152716215102e-16
20230419_EColi_15h_18CFU,timepoint,Escherichia coli,18,,Unknown,20230419,15.0,419,237.455658,300.1542358,-0.4152884340799516,0.9481130832200484,6.698433905136983e-16
20230522_NegativeControl_EColi_18h_0CFU_V1,timepoint,Escherichia coli,0,,Unknown,20230522,18.0,419,237.4573059,300.1627808,-0.4470205621774061,0.9945350031559274,3.81556361685018e-16
20230419_EColi_18h_10CFU_2,timepoint,Escherichia coli,10,,Unknown,20230419,18.0,419,237.455658,300.1542358,-0.4412263890110577,0.9998202462556092,3.3492169525684913e-16
20230419_PositiveControl_EColi_9h_1000CFU_V3,timepoint,Escherichia coli,1000,,Unknown,20230419,9.0,419,237.4489441,300.1470337,-0.453990058089101,0.9710387175775655,5.935321181766947e-17
20230419_EColi_9h_10CFU_2_V1,timepoint,Escherichia coli,10,,Unknown,20230419,9.0,419,237.4489441,300.1470337,-0.4370760606475736,0.9767413100190931,-6.783224207733654e-17
20230419_PositiveControl_EColi_24h_1000CFU_2,timepoint,Escherichia coli,1000,,Unknown,20230419,24.0,419,237.4610291,300.1596069,-0.7182763562736652,1.0592884077263347,2.3656494424471114e-15
20230419_EColi_24h_10CFU,timepoint,Escherichia coli,10,,Unknown,20230419,24.0,419,237.4610291,300.1596069,-0.4547673377662687,1.0367232945670644,1.017483631160048e-16
20230419_PositiveControl_EColi_9h_1000CFU_V1,timepoint,Escherichia coli,1000,,Unknown,20230419,9.0,419,237.4489441,300.1470337,-0.4524117275974543,0.9701267240692124,-4.239515129833533e-17
20230419_EColi_15h_18CFU_2,timepoint,Escherichia coli,18,,Unknown,20230419,15.0,419,237.455658,300.1542358,-0.4179204552090694,0.954466705624264,-2.0773624136184313e-16
20230522_NegativeControl_EColi_9h_0CFU_2,timepoint,Escherichia coli,0,,Unknown,20230522,9.0,419,237.4573059,300.1627808,-0.44289601284288,0.99929376015712,-1.6110157493367426e-16
20230522_NegativeControl_EColi_24h_0CFU_1_V1,timepoint,Escherichia coli,0,,Unknown,20230522,24.0,419,237.4573059,300.1627808,-0.4471883069164679,0.9901599844168654,-8.90298177265042e-17
20230419_PositiveControl_EColi_12h_1000CFU_2,timepoint,Escherichia coli,1000,,Unknown,20230419,12.0,419,237.4489441,300.1470337,-0.4540717101729511,0.968291789460382,3.434007255165162e-16
20230419_EColi_15h_10CFU_2,timepoint,Escherichia coli,10,,Unknown,20230419,15.0,419,237.455658,300.1542358,-0.4366005048014321,1.0089585892319013,-1.4414351441434014e-16
20230419_EColi_15h_10CFU_1_V1,timepoint,Escherichia coli,10,,Unknown,20230419,15.0,419,237.455658,300.1542358,-0.4291462812434369,0.9827900587565628,-1.3142496902483953e-16
20230419_EColi_12h_10CFU_1,timepoint,Escherichia coli,10,,Unknown,20230419,12.0,419,237.4489441,300.1470337,-0.4387678305918857,0.9913120272081144,-2.1197575649167665e-16
20230419_PositiveControl_EColi_15h_1000CFU_1,timepoint,Escherichia coli,1000,,Unknown,20230419,15.0,419,237.4489441,300.1470337,-0.5709336269148764,0.9735792413517904,3.5187975577618327e-16
20230419_EColi_9h_18CFU_V3,timepoint,Escherichia coli,18,,Unknown,20230419,9.0,419,237.4489441,300.1470337,-0.431759463972156,0.961650888027844,-7.207175720717007e-17
20230419_EColi_18h_18CFU,timepoint,Escherichia coli,18,,Unknown,20230419,18.0,419,237.4610291,300.1596069,-0.4299441325926013,0.9855565877073984,1.144669085055054e-16
20230522_NegativeControl_EColi_21h_0CFU_1,timepoint,Escherichia coli,0,,Unknown,20230522,21.0,419,237.4573059,300.1627808,-0.447049522844709,0.9936722669219574,5.256998760993581e-16
20230522_NegativeControl_EColi_15h_0CFU_V1,timepoint,Escherichia coli,0,,Unknown,20230522,15.0,419,237.4573059,300.1627808,-0.4489735269530634,1.0021576730469366,-5.299393912291916e-16
20230419_EColi_12h_10CFU_V1,timepoint,Escherichia coli,10,,Unknown,20230419,12.0,419,237.4489441,300.1470337,-0.4385704310891012,0.9933347972442323,-1.3142496902483953e-16
20230419_EColi_9h_10CFU,timepoint,Escherichia coli,10,,Unknown,20230419,9.0,419,237.4489441,300.1470337,-0.4402389615957044,0.983094757537629,-3.561192709060168e-16
20230419_EColi_21h_10CFU_2,timepoint,Escherichia coli,10,,Unknown,20230419,21.0,419,237.4610291,300.1596069,-0.4443352239426409,1.0115755381573592,2.7556848343917967e-16
20230522_NegativeControl_EColi_18h_0CFU_V2,timepoint,Escherichia coli,0,,Unknown,20230522,18.0,419,237.4573059,300.1627808,-0.447027551638822,0.9943527106945113,5.426579366186923e-16
20230419_PositiveControl_EColi_12h_1000CFU_1_V1,timepoint,Escherichia coli,1000,,Unknown,20230419,12.0,419,237.4489441,300.1470337,-0.452405760710422,0.9688931286229112,-3.81556361685018e-16
20230419_PositiveControl_EColi_15h_1000CFU_2,timepoint,Escherichia coli,1000,,Unknown,20230419,15.0,419,237.4489441,300.1470337,-0.6008949785275263,1.0066849877724735,-3.264426649971821e-16
20230522_NegativeControl_EColi_12h_0CFU_2,timepoint,Escherichia coli,0,,Unknown,20230522,12.0,419,237.4573059,300.1627808,-0.4454134146253781,1.0009061756412887,-2.1197575649167665e-16
20230419_EColi_21h_18CFU_1,timepoint,Escherichia coli,18,,Unknown,20230419,21.0,419,237.4610291,300.1596069,-0.4223769613466983,0.9655956766533016,1.526225446740072e-16
20230419_EColi_9h_18CFU_V2,timepoint,Escherichia coli,18,,Unknown,20230419,9.0,419,237.4489441,300.1470337,-0.4292001855314237,0.9671278558019096,3.0100557421818085e-16
20230419_EColi_21h_10CFU_1,timepoint,Escherichia coli,10,,Unknown,20230419,21.0,419,237.4610291,300.1596069,-0.4384015353281622,0.9992864227718375,9.326933285633773e-17
20230419_EColi_9h_10CFU_1,timepoint,Escherichia coli,10,,Unknown,20230419,9.0,419,237.4489441,300.1470337,-0.4373245826618136,0.981196915804853,2.416523624005114e-16
20230522_NegativeControl_EColi_24h_0CFU_1_V3,timepoint,Escherichia coli,0,,Unknown,20230522,24.0,419,237.4573059,300.1627808,-0.4469172265075576,0.9970690401591088,4.663466642816887e-17
20230522_NegativeControl_EColi_18h_0CFU_V3,timepoint,Escherichia coli,0,,Unknown,20230522,18.0,419,237.4573059,300.1627808,-0.447012699062053,0.9947400822712802,-5.596159971380264e-16
20230419_PositiveControl_EColi_24h_1000CFU,timepoint,Escherichia coli,1000,,Unknown,20230419,24.0,419,237.4610291,300.1596069,-0.7025227865180593,1.0251816393486073,-4.4090957350268745e-16
20230419_EColi_15h_18CFU_1,timepoint,Escherichia coli,18,,Unknown,20230419,15.0,419,237.455658,300.1542358,-0.410502259542482,0.9384447091241844,8.055078746683713e-17
20230522_NegativeControl_EColi_9h_0CFU_V1,timepoint,Escherichia coli,0,,Unknown,20230522,9.0,419,237.4573059,300.1627808,-0.4438429347454258,1.0060202605879076,-1.7382012032317488e-16
