PDatTime,Age,_BatchAge,_BatchAlarmCount,_BatchSync,ACID_T,AFOAM_T,Air_OV,Air_SP,BASE_T,CO2_SP,CO2_SP_T,EXT_1,EXT_2,FEED_WEIGHT,JTEMP,N2_SP,O2_SP,pH,PO2,STIRR,SUBS_A,SUBSA_T,TEMP,VWEIGHT,FEED_FLOW
,,Value,Value,Value,Value,Value,Value,Value,Value,Value,Value,Value,Value,Value,Value,Value,Value,Value,Value,Value,Value,Value,Value,Value,Value
,(h),(hours),(-),,(ml),(ml),,(lpm),(ml),(%),(l),(%),(%),(g),(C),(lpm),(lpm),(pH),(%),(RPM),(%),(ml),(C),(kg),(g/h)
1/22/20 14:34,0,0,0,0,4662.7,20.35,0,0,1.1,0,1828,0,0,0,14.43,0,0,5.779,-2.65,400,0,3744.6,16.005,0.6208,0
1/22/20 14:39,8.33E-02,4.17E-02,0,0,4662.7,20.35,0,0,1.1,0,1828,0,0,0,16.080625,0,0,5.761,-2.65,400,0,3744.6,15.9525,0.6208,0
1/22/20 14:44,0.166666666666667,0.125,0,0,4662.7,20.35,0,0,1.1,0,1828,0,0,0,16.455,0,0,5.6995,-2.65,174.5,0,3744.6,15.9,0.6208,0
1/22/20 14:49,0.25,0.208333333333333,0,0,4662.7,20.35,0,0,1.1,0,1828,0,0,0,16.305,0,0,5.625,-2.65,100,0,3744.6,15.9,0.624,0
1/22/20 14:54,0.333333333333333,0.291666666666667,0,0,4662.7,20.35,0,0,1.1,0,1828,0,0,0,16.35,0,0,5.582,-2.65,100,0,3744.6,15.9,0.6272,0
1/22/20 14:59,0.416666666666667,0.375,0,0,4662.7,20.35,0,0,1.1,0,1828,0,0,0.35,16.245,0,0,5.574,-2.65,100,0,3744.6,15.9525,0.6272,0
1/22/20 15:04,0.5,0.458333333333333,0,0,4662.7,20.35,0,0,1.1,0,1828,0,0,0.35,16.35,0,0,5.575,-2.65,100,0,3744.6,16.005,0.6272,0
1/22/20 15:09,0.583333333333333,0.541666666666667,0,0,4662.7,20.35,0,0,1.1,0,1828,0,0,0.35,16.4025,0,0,5.5785,-2.65,100,0,3744.6,16.005,0.6272,0
1/22/20 15:14,0.666666666666667,0.625,0,0,4662.7,20.35,0,0,1.1,0,1828,0,0,0.7,16.4475,0,0,5.597,-2.65,100,0,3744.6,16.005,0.6272,0
1/22/20 15:19,0.75,0.708333333333333,0,0,4662.7,20.35,0,0,1.1,0,1828,0,0,0.7,16.395,0,0,5.6005,-2.65,100,0,3744.6,16.005,0.6272,0
1/22/20 15:24,0.833333333333333,0.791666666666667,0,0,4662.7,20.35,0,0,1.1,0,1828,0,0,0.35,16.395,0,0,5.605,-2.65,100,0,3744.6,16.005,0.6272,0
1/22/20 15:29,0.916666666666667,0.875,0,0,4662.7,20.35,0,0,1.1,0,1828,0,0,0,16.395,0,0,5.6275,-2.65,100,0,3744.6,16.005,0.6272,0
1/22/20 15:34,1,0.958333333333333,0,0,4662.7,20.35,0,0,1.1,0,1828,0,0,0,16.35,0,0,5.635,-2.65,100,0,3744.6,16.005,0.6272,0
1/22/20 15:39,1.08333333333333,1.04166666666667,0,0,4662.7,20.35,0,0,1.1,0,1828,0,0,0,16.35,0,0,5.6385,-2.65,100,0,3744.6,16.005,0.6272,0
1/22/20 15:44,1.16666666666667,1.125,0,0,4662.7,20.35,0,0,1.1,0,1828,0,0,0.35,16.395,0,0,5.65,-2.65,100,0,3744.6,16.005,0.6304,0
1/22/20 15:49,1.25,1.20833333333333,0,0,4662.7,20.35,0,0,1.1,0,1828,0,0,0.7,16.395,0,0,5.664,-2.65,100,0,3744.6,16.005,0.6336,0
1/22/20 15:54,1.33333333333333,1.29166666666667,0,0,4662.7,20.35,0,0,1.1,0,1828,0,0,0.7,16.395,0,0,5.6875,-2.65,100,0,3744.6,16.005,0.6336,0
1/22/20 15:59,1.41666666666667,1.375,0,0,4662.7,20.35,0,0,1.1,0,1828,0,0,0.7,16.395,0,0,5.716,-2.65,100,0,3744.6,16.005,0.6336,0
1/22/20 16:04,1.5,1.45833333333333,0,0,4662.7,20.35,0,0,1.1,0,1828,0,0,0.7,16.395,0,0,5.7385,-2.65,100,0,3744.6,16.005,0.6336,0
1/22/20 16:09,1.58333333333333,1.54166666666667,0,0,4662.7,20.35,0,0,1.1,0,1828,0,0,0.7,16.395,0,0,5.7605,-2.65,100,0,3744.6,16.005,0.6336,0
1/22/20 16:14,1.66666666666667,1.625,0,0,4662.7,20.35,0,0,1.1,0,1828,0,0,0.7,16.395,0,0,5.7825,-2.65,100,0,3744.6,16.005,0.6336,0
1/22/20 16:19,1.75,1.70833333333333,0,0,4662.7,20.35,0,0,1.1,0,1828,0,0,0.7,16.4475,0,0,5.8,-2.65,100,0,3744.6,16.005,0.6336,0
1/22/20 16:24,1.83333333333333,1.79166666666667,0,0,4662.7,20.35,0,0,1.1,0,1828,0,0,0.7,16.4475,0,0,5.8165,-2.65,100,0,3744.6,16.005,0.6336,0
1/22/20 16:29,1.91666666666667,1.875,0,0,4662.7,20.35,0,0,1.1,0,1828,0,0,0.7,16.395,0,0,5.8085,-2.65,100,0,3744.6,16.005,0.6336,0
1/22/20 16:34,2,1.95833333333333,0,0,4662.7,20.35,0,0,1.1,0,1828,0,0,0.7,16.35,0,0,5.794,-2.65,100,0,3744.6,16.005,0.6336,0
1/22/20 16:39,2.08333333333333,2.04166666666667,0,0,4662.7,20.35,0,0,1.1,0,1828,0,0,0.7,16.35,0,0,5.795,-2.65,100,0,3744.6,16.005,0.6336,0
1/22/20 16:44,2.16666666666667,2.125,0,0,4662.7,20.35,0,0,1.1,0,1828,0,0,0.7,16.3575,0,0,5.799,-2.65,100,0,3744.6,16.005,0.6336,0
1/22/20 16:49,2.25,2.20833333333333,0,0,4662.7,20.35,0,0,1.1,0,1828,0,0,0.7,16.3125,0,0,5.8025,-2.65,100,0,3744.6,16.005,0.6336,0
1/22/20 16:54,2.33333333333333,2.29166666666667,0,0,4662.7,20.35,0,0,1.1,0,1828,0,0,0.7,16.35,0,0,5.822,-2.65,100,0,3744.6,16.005,0.6336,0
1/22/20 16:59,2.41666666666667,2.375,0,0,4662.7,20.35,0,0,1.1,0,1828,0,0,0.7,16.395,0,0,5.8375,-2.65,100,0,3744.6,16.005,0.6336,0
1/22/20 17:04,2.5,2.45833333333333,0,0,4662.7,20.35,0,0,1.1,0,1828,0,0,0.7,16.395,0,0,5.8335,-2.65,100,0,3744.6,16.005,0.6336,0
1/22/20 17:09,2.58333333333333,2.54166666666667,0,0,4662.7,20.35,0,0,1.1,0,1828,0,0,0.7,16.395,0,0,5.8495,-2.65,100,0,3744.6,16.005,0.6336,0
1/22/20 17:14,2.66666666666667,2.625,0,0,4662.7,20.35,0,0,1.1,0,1828,0,0,0.7,16.395,0,0,5.8655,-2.65,100,0,3744.6,16.005,0.6336,0
1/22/20 17:19,2.75,2.70833333333333,0,0,4662.7,20.35,0,0,1.1,0,1828,0,0,0.7,16.395,0,0,5.8745,-2.65,100,0,3744.6,16.005,0.6336,0
1/22/20 17:24,2.83333333333333,2.79166666666667,0,0,4662.7,20.35,0,0,1.1,0,1828,0,0,0.7,16.395,0,0,5.8965,-2.65,100,0,3744.6,16.005,0.6336,0
1/22/20 17:29,2.91666666666667,2.875,0,0,4662.7,20.35,0,0,1.1,0,1828,0,0,0.7,16.395,0,0,5.9175,-2.65,100,0,3744.6,16.005,0.6336,0
1/22/20 17:34,3,2.95833333333333,0,0,4662.7,20.35,0,0,1.1,0,1828,0,0,0.7,16.4475,0,0,5.9175,-2.65,100,0,3744.6,16.005,0.6336,0
1/22/20 17:39,3.08333333333333,3.04166666666667,0,0,4662.7,20.35,0,0,1.1,0,1828,0,0,0.7,16.4475,0,0,5.9155,-2.65,100,0,3744.6,16.005,0.6336,0
1/22/20 17:44,3.16666666666667,3.125,0,0,4662.7,20.35,0,0,1.1,0,1828,0,0,0.7,16.395,0,0,5.923,-2.65,100,0,3744.6,16.005,0.6336,0
1/22/20 17:49,3.25,3.20833333333333,0,0,4662.7,20.35,0,0,1.1,0,1828,0,0,0.7,16.395,0,0,5.9315,-2.65,100,0,3744.6,16.005,0.6336,0
1/22/20 17:54,3.33333333333333,3.29166666666667,0,0,4662.7,20.35,0,0,1.1,0,1828,0,0,0.7,16.395,0,0,5.9455,-2.65,100,0,3744.6,16.005,0.6336,0
1/22/20 17:59,3.41666666666667,3.375,0,0,4662.7,20.35,0,0,1.1,0,1828,0,0,0.7,16.35,0,0,5.9585,-2.65,100,0,3744.6,16.005,0.6336,0
1/22/20 18:04,3.5,3.45833333333333,0,0,4662.7,20.35,0,0,1.1,0,1828,0,0,0.7,16.35,0,0,5.9675,-2.65,100,0,3744.6,16.005,0.6336,0
1/22/20 18:09,3.58333333333333,3.54166666666667,0,0,4662.7,20.35,0,0,1.1,0,1828,0,0,0.7,16.4475,0,0,5.9735,-2.65,100,0,3744.6,16.005,0.6368,0
1/22/20 18:14,3.66666666666667,3.625,0,0,4662.7,20.35,0,0,1.1,0,1828,0,0,0.7,16.4475,0,0,5.977,-2.65,100,0,3744.6,16.005,0.64,0
1/22/20 18:19,3.75,3.70833333333333,0,0,4662.7,20.35,0,0,1.1,0,1828,0,0,0.7,16.41,0,0,5.998,-2.65,100,0,3744.6,16.005,0.64,0
1/22/20 18:24,3.83333333333333,3.79166666666667,0,0,4662.7,20.35,0,0,1.1,0,1828,0,0,0.7,16.4625,0,0,6.016,-2.65,100,0,3744.6,16.005,0.64,0
1/22/20 18:29,3.91666666666667,3.875,0,0,4662.7,20.35,0,0,1.1,0,1828,0,0,0.7,16.4475,0,0,6.0255,-2.65,100,0,3744.6,16.005,0.64,0
1/22/20 18:34,4,3.95833333333333,0,0,4662.7,20.35,0,0,1.1,0,1828,0,0,0.7,16.4475,0,0,6.035,-2.65,100,0,3744.6,16.005,0.64,0
1/22/20 18:39,4.08333333333333,4.04166666666667,0,0,4662.7,20.35,0,0,1.1,0,1828,0,0,0.7,16.4475,0,0,6.029,-2.65,100,0,3744.6,16.005,0.64,0
1/22/20 18:44,4.16666666666667,4.125,0,0,4662.7,20.35,0,0,1.1,0,1828,0,0,0.7,16.4475,0,0,6.0215,-2.65,100,0,3744.6,16.005,0.64,0
1/22/20 18:49,4.25,4.20833333333333,0,0,4662.7,20.35,0,0,1.1,0,1828,0,0,0.7,16.5,0,0,6.019,-2.65,100,0,3744.6,16.005,0.64,0
1/22/20 18:54,4.33333333333333,4.29166666666667,0,0,4662.7,20.35,0,0,1.1,0,1828,0,0,0.7,16.5,0,0,6.018,-2.65,100,0,3744.6,16.005,0.64,0
1/22/20 18:59,4.41666666666667,4.375,0,0,4662.7,20.35,0,0,1.1,0,1828,0,0,0.7,16.5,0,0,6.0215,-2.65,100,0,3744.6,16.005,0.64,0
1/22/20 19:04,4.5,4.45833333333333,0,0,4662.7,20.35,0,0,1.1,0,1828,0,0,0.35,16.5,0,0,6.033,-2.65,100,0,3744.6,16.005,0.64,0
1/22/20 19:09,4.58333333333333,4.54166666666667,0,0,4662.7,20.35,0,0,1.1,0,1828,0,0,0.35,16.4475,0,0,6.044,-2.65,100,0,3744.6,16.005,0.64,0
1/22/20 19:14,4.66666666666667,4.625,0,0,4662.7,20.35,0,0,1.1,0,1828,0,0,0.7,16.395,0,0,6.05,-2.65,100,0,3744.6,16.005,0.64,0
1/22/20 19:19,4.75,4.70833333333333,0,0,4662.7,20.35,0,0,1.1,0,1828,0,0,0.7,16.4475,0,0,6.0565,-2.65,100,0,3744.6,16.005,0.64,0
1/22/20 19:24,4.83333333333333,4.79166666666667,0,0,4662.7,20.35,0,0,1.1,0,1828,0,0,0.35,16.4475,0,0,6.054,-2.65,100,0,3744.6,16.005,0.64,0
1/22/20 19:29,4.91666666666667,4.875,0,0,4662.7,20.35,0,0,1.1,0,1828,0,0,0,16.395,0,0,6.0445,-2.65,100,0,3744.6,16.005,0.64,0
1/22/20 19:34,5,4.95833333333333,0,0,4662.7,20.35,0,0,1.1,0,1828,0,0,0.35,16.395,0,0,6.04,-2.65,100,0,3744.6,16.005,0.64,0
1/22/20 19:39,5.08333333333333,5.04166666666667,0,0,4662.7,20.35,0,0,1.1,0,1828,0,0,0.7,16.4475,0,0,6.0395,-2.65,100,0,3744.6,16.005,0.64,0
1/22/20 19:44,5.16666666666667,5.125,0,0,4662.7,20.35,0,0,1.1,0,1828,0,0,0.35,16.5,0,0,6.044,-2.65,100,0,3744.6,16.005,0.64,0
1/22/20 19:49,5.25,5.20833333333333,0,0,4662.7,20.35,0,0,1.1,0,1828,0,0,0,16.5,0,0,6.0495,-2.65,100,0,3744.6,16.005,0.64,0
1/22/20 19:54,5.33333333333333,5.29166666666667,0,0,4662.7,20.35,0,0,1.1,0,1828,0,0,0,16.485,0,0,6.0535,-2.65,100,0,3744.6,16.005,0.64,0
1/22/20 19:59,5.41666666666667,5.375,0,0,4662.7,20.35,0,0,1.1,0,1828,0,0,0,16.485,0,0,6.0535,-2.65,100,0,3744.6,16.005,0.64,0
1/22/20 20:04,5.5,5.45833333333333,0,0,4662.7,20.35,0,0,1.1,0,1828,0,0,0,16.4475,0,0,6.0545,-2.65,100,0,3744.6,16.005,0.64,0
1/22/20 20:09,5.58333333333333,5.54166666666667,0,0,4662.7,20.35,0,0,1.1,0,1828,0,0,0,16.4475,0,0,6.059,-2.65,100,0,3744.6,16.005,0.64,0
1/22/20 20:14,5.66666666666667,5.625,0,0,4662.7,20.35,0,0,1.1,0,1828,0,0,0,16.4625,0,0,6.065,-2.65,100,0,3744.6,16.005,0.64,0
1/22/20 20:19,5.75,5.70833333333333,0,0,4662.7,20.35,0,0,1.1,0,1828,0,0,0,16.4625,0,0,6.0785,-2.65,100,0,3744.6,16.005,0.64,0
1/22/20 20:24,5.83333333333333,5.79166666666667,0,0,4662.7,20.35,0,0,1.1,0,1828,0,0,0,16.4475,0,0,6.0925,-2.65,100,0,3744.6,16.005,0.64,0
1/22/20 20:29,5.91666666666667,5.875,0,0,4662.7,20.35,0,0,1.1,0,1828,0,0,0.35,16.395,0,0,6.1075,-2.65,100,0,3744.6,16.005,0.64,0
1/22/20 20:34,6,5.95833333333333,0,0,4662.7,20.35,0,0,1.1,0,1828,0,0,0.35,16.395,0,0,6.1275,-2.65,100,0,3744.6,16.005,0.64,0
1/22/20 20:39,6.08333333333333,6.04166666666667,0,0,4662.7,20.35,0,0,1.1,0,1828,0,0,0,16.395,0,0,6.1405,-2.65,100,0,3744.6,16.005,0.64,0
1/22/20 20:44,6.16666666666667,6.125,0,0,4662.7,20.35,0,0,1.1,0,1828,0,0,0,16.395,0,0,6.145,-2.65,100,0,3744.6,16.005,0.64,0
1/22/20 20:49,6.25,6.20833333333333,0,0,4662.7,20.35,0,0,1.1,0,1828,0,0,0,16.395,0,0,6.1515,-2.65,100,0,3744.6,16.005,0.64,0
1/22/20 20:54,6.33333333333333,6.29166666666667,0,0,4662.7,20.35,0,0,1.1,0,1828,0,0,0,16.4475,0,0,6.161,-2.65,100,0,3744.6,16.005,0.64,0
1/22/20 20:59,6.41666666666667,6.375,0,0,4662.7,20.35,0,0,1.1,0,1828,0,0,0.35,16.5,0,0,6.173,-2.65,100,0,3744.6,16.005,0.64,0
1/22/20 21:04,6.5,6.45833333333333,0,0,4662.7,20.35,0,0,1.1,0,1828,0,0,0.35,16.5,0,0,6.181,-2.65,100,0,3744.6,16.005,0.64,0
1/22/20 21:09,6.58333333333333,6.54166666666667,0,0,4662.7,20.35,0,0,1.1,0,1828,0,0,0,16.4475,0,0,6.1835,-2.65,100,0,3744.6,16.005,0.64,0
1/22/20 21:14,6.66666666666667,6.625,0,0,4662.7,20.35,0,0,1.1,0,1828,0,0,0.35,16.395,0,0,6.1875,-2.65,100,0,3744.6,16.005,0.64,0
1/22/20 21:19,6.75,6.70833333333333,0,0,4662.7,20.35,0,0,1.1,0,1828,0,0,0.35,16.4325,0,0,6.183,-2.65,100,0,3744.6,16.005,0.64,0
1/22/20 21:24,6.83333333333333,6.79166666666667,0,0,4662.7,20.35,0,0,1.1,0,1828,0,0,0,16.4325,0,0,6.1795,-2.65,100,0,3744.6,16.005,0.64,0
1/22/20 21:29,6.91666666666667,6.875,0,0,4662.7,20.35,0,0,1.1,0,1828,0,0,0.35,16.4475,0,0,6.1885,-2.65,100,0,3744.6,16.005,0.64,0
1/22/20 21:34,7,6.95833333333333,0,0,4662.7,20.35,0,0,1.1,0,1828,0,0,0.35,16.5,0,0,6.1975,-2.65,100,0,3744.6,16.005,0.64,0
1/22/20 21:39,7.08333333333333,7.04166666666667,0,0,4662.7,20.35,0,0,1.1,0,1828,0,0,0,16.5,0,0,6.1995,-2.65,100,0,3744.6,16.005,0.64,0
1/22/20 21:44,7.16666666666667,7.125,0,0,4662.7,20.35,0,0,1.1,0,1828,0,0,0.35,16.5,0,0,6.204,-2.65,100,0,3744.6,16.005,0.64,0
1/22/20 21:49,7.25,7.20833333333333,0,0,4662.7,20.35,0,0,1.1,0,1828,0,0,0.7,16.4475,0,0,6.2115,-2.65,100,0,3744.6,16.005,0.64,0
1/22/20 21:54,7.33333333333333,7.29166666666667,0,0,4662.7,20.35,0,0,1.1,0,1828,0,0,0.35,16.395,0,0,6.213,-2.65,100,0,3744.6,16.005,0.64,0
1/22/20 21:59,7.41666666666667,7.375,0,0,4662.7,20.35,0,0,1.1,0,1828,0,0,0.35,16.395,0,0,6.2105,-2.65,100,0,3744.6,16.005,0.64,0
1/22/20 22:04,7.5,7.45833333333333,0,0,4662.7,20.35,0,0,1.1,0,1828,0,0,0.7,16.395,0,0,6.215,-2.65,100,0,3744.6,16.005,0.64,0
1/22/20 22:09,7.58333333333333,7.54166666666667,0,0,4662.7,20.35,0,0,1.1,0,1828,0,0,0.35,16.395,0,0,6.22,-2.65,100,0,3744.6,16.005,0.64,0
1/22/20 22:14,7.66666666666667,7.625,0,0,4662.7,20.35,0,0,1.1,0,1828,0,0,0,16.4475,0,0,6.207,-2.65,100,0,3744.6,16.005,0.64,0
1/22/20 22:19,7.75,7.70833333333333,0,0,4662.7,20.35,0,0,1.1,0,1828,0,0,0.35,16.4475,0,0,6.195,-2.65,100,0,3744.6,16.005,0.64,0
1/22/20 22:24,7.83333333333333,7.79166666666667,0,0,4662.7,20.35,0,0,1.1,0,1828,0,0,0.35,16.4475,0,0,6.1945,-2.65,100,0,3744.6,16.005,0.64,0
1/22/20 22:29,7.91666666666667,7.875,0,0,4662.7,20.35,0,0,1.1,0,1828,0,0,0,16.5,0,0,6.197,-2.65,100,0,3744.6,16.005,0.64,0
1/22/20 22:34,8,7.95833333333333,0,0,4662.7,20.35,0,0,1.1,0,1828,0,0,0.35,16.4475,0,0,6.201,-2.65,100,0,3744.6,16.005,0.64,0
1/22/20 22:39,8.08333333333333,8.04166666666667,0,0,4662.7,20.35,0,0,1.1,0,1828,0,0,0.35,16.395,0,0,6.204,-2.65,100,0,3744.6,16.005,0.64,0
1/22/20 22:44,8.16666666666667,8.125,0,0,4662.7,20.35,0,0,1.1,0,1828,0,0,0,16.4475,0,0,6.2045,-2.65,100,0,3744.6,16.005,0.64,0
1/22/20 22:49,8.25,8.20833333333333,0,0,4662.7,20.35,0,0,1.1,0,1828,0,0,0,16.5,0,0,6.205,-2.65,100,0,3744.6,16.005,0.64,0
1/22/20 22:54,8.33333333333333,8.29166666666667,0,0,4662.7,20.35,0,0,1.1,0,1828,0,0,0.35,16.485,0,0,6.2115,-2.65,100,0,3744.6,16.005,0.64,0
1/22/20 22:59,8.41666666666667,8.375,0,0,4662.7,20.35,0,0,1.1,0,1828,0,0,0.35,16.485,0,0,6.215,-2.65,100,0,3744.6,16.005,0.64,0
1/22/20 23:04,8.5,8.45833333333333,0,0,4662.7,20.35,0,0,1.1,0,1828,0,0,0.35,16.5,0,0,6.2165,-2.65,100,0,3744.6,16.005,0.64,0
1/22/20 23:09,8.58333333333333,8.54166666666667,0,0,4662.7,20.35,0,0,1.1,0,1828,0,0,0.35,16.4475,0,0,6.219,-2.65,100,0,3744.6,16.005,0.64,0
1/22/20 23:14,8.66666666666667,8.625,0,0,4662.7,20.35,0,0,1.1,0,1828,0,0,0,16.395,0,0,6.2235,-2.65,100,0,3744.6,16.005,0.64,0
1/22/20 23:19,8.75,8.70833333333333,0,0,4662.7,20.35,0,0,1.1,0,1828,0,0,0,16.395,0,0,6.233,-2.65,100,0,3744.6,16.005,0.64,0
1/22/20 23:24,8.83333333333333,8.79166666666667,0,0,4662.7,20.35,0,0,1.1,0,1828,0,0,0.35,16.4475,0,0,6.2425,-2.65,100,0,3744.6,16.005,0.64,0
1/22/20 23:29,8.91666666666667,8.875,0,0,4662.7,20.35,0,0,1.1,0,1828,0,0,0.7,16.5,0,0,6.2485,-2.65,100,0,3744.6,16.005,0.64,0
1/22/20 23:34,9,8.95833333333333,0,0,4662.7,20.35,0,0,1.1,0,1828,0,0,0.7,16.5,0,0,6.245,-2.65,100,0,3744.6,16.005,0.64,0
1/22/20 23:39,9.08333333333333,9.04166666666667,0,0,4662.7,20.35,0,0,1.1,0,1828,0,0,0.35,16.5,0,0,6.237,-2.65,100,0,3744.6,16.005,0.64,0
1/22/20 23:44,9.16666666666667,9.125,0,0,4662.7,20.35,0,0,1.1,0,1828,0,0,0.35,16.5,0,0,6.236,-2.65,100,0,3744.6,16.005,0.64,0
1/22/20 23:49,9.25,9.20833333333333,0,0,4662.7,20.35,0,0,1.1,0,1828,0,0,0.7,16.5,0,0,6.2355,-2.65,100,0,3744.6,16.005,0.64,0
1/22/20 23:54,9.33333333333333,9.29166666666667,0,0,4662.7,20.35,0,0,1.1,0,1828,0,0,0.7,16.4475,0,0,6.241,-2.65,100,0,3744.6,16.005,0.64,0
1/22/20 23:59,9.41666666666667,9.375,0,0,4662.7,20.35,0,0,1.1,0,1828,0,0,0.35,16.4325,0,0,6.256,-2.65,100,0,3744.6,16.005,0.64,0
1/23/20 0:04,9.5,9.45833333333333,0,0,4662.7,20.35,0,0,1.1,0,1828,0,0,0.35,16.485,0,0,6.2665,-2.65,100,0,3744.6,16.005,0.64,0
1/23/20 0:09,9.58333333333333,9.54166666666667,0,0,4662.7,20.35,0,0,1.1,0,1828,0,0,0.7,16.4475,0,0,6.27,-2.65,100,0,3744.6,16.005,0.64,0
1/23/20 0:14,9.66666666666667,9.625,0,0,4662.7,20.35,0,0,1.1,0,1828,0,0,0.35,16.4475,0,0,6.2735,-2.65,100,0,3744.6,16.005,0.64,0
1/23/20 0:19,9.75,9.70833333333333,0,0,4662.7,20.35,0,0,1.1,0,1828,0,0,0,16.5,0,0,6.2795,-2.65,100,0,3744.6,16.005,0.64,0
1/23/20 0:24,9.83333333333333,9.79166666666667,0,0,4662.7,20.35,0,0,1.1,0,1828,0,0,0.35,16.4475,0,0,6.282,-2.65,100,0,3744.6,16.005,0.64,0
1/23/20 0:29,9.91666666666667,9.875,0,0,4662.7,20.35,0,0,1.1,0,1828,0,0,0.7,16.395,0,0,6.282,-2.65,100,0,3744.6,16.005,0.64,0
1/23/20 0:34,10,9.95833333333333,0,0,4662.7,20.35,0,0,1.1,0,1828,0,0,0.7,16.395,0,0,6.2865,-2.65,100,0,3744.6,16.005,0.6432,0
1/23/20 0:39,10.0833333333333,10.0416666666667,0,0,4662.7,20.35,0,0,1.1,0,1828,0,0,0.7,16.395,0,0,6.2945,-2.65,100,0,3744.6,16.005,0.6464,0
1/23/20 0:44,10.1666666666667,10.125,0,0,4662.7,20.35,0,0,1.1,0,1828,0,0,0.35,16.4475,0,0,6.304,-2.65,100,0,3744.6,16.005,0.6464,0
1/23/20 0:49,10.25,10.2083333333333,0,0,4662.7,20.35,0,0,1.1,0,1828,0,0,0,16.4475,0,0,6.3125,-2.65,100,0,3744.6,16.005,0.6464,0
1/23/20 0:54,10.3333333333333,10.2916666666667,0,0,4662.7,20.35,0,0,1.1,0,1828,0,0,0.35,16.4475,0,0,6.315,-2.65,100,0,3744.6,16.005,0.6464,0
1/23/20 0:59,10.4166666666667,10.375,0,0,4662.7,20.35,0,0,1.1,0,1828,0,0,0.7,16.4475,0,0,6.3105,-2.65,100,0,3744.6,16.005,0.6464,0
1/23/20 1:04,10.5,10.4583333333333,0,0,4662.7,20.35,0,0,1.1,0,1828,0,0,0.35,16.4475,0,0,6.309,-2.65,100,0,3744.6,16.005,0.6464,0
1/23/20 1:09,10.5833333333333,10.5416666666667,0,0,4662.7,20.35,0,0,1.1,0,1828,0,0,0,16.5,0,0,6.3125,-2.65,100,0,3744.6,16.005,0.6464,0
1/23/20 1:14,10.6666666666667,10.625,0,0,4662.7,20.35,0,0,1.1,0,1828,0,0,0,16.4475,0,0,6.3175,-2.65,100,0,3744.6,16.005,0.6464,0
1/23/20 1:19,10.75,10.7083333333333,0,0,4662.7,20.35,0,0,1.1,0,1828,0,0,0.35,16.4475,0,0,6.3195,-2.65,100,0,3744.6,16.005,0.6464,0
1/23/20 1:24,10.8333333333333,10.7916666666667,0,0,4662.7,20.35,0,0,1.1,0,1828,0,0,0.35,16.5,0,0,6.321,-2.65,100,0,3744.6,16.005,0.6464,0
1/23/20 1:29,10.9166666666667,10.875,0,0,4662.7,20.35,0,0,1.1,0,1828,0,0,0.35,16.4475,0,0,6.326,-2.65,100,0,3744.6,16.005,0.6464,0
1/23/20 1:34,11,10.9583333333333,0,0,4662.7,20.35,0,0,1.1,0,1828,0,0,0.35,16.4475,0,0,6.3315,-2.65,100,0,3744.6,16.005,0.6464,0
1/23/20 1:39,11.0833333333333,11.0416666666667,0,0,4662.7,20.35,0,0,1.1,0,1828,0,0,0,16.5,0,0,6.3375,-2.65,100,0,3744.6,16.005,0.6464,0
1/23/20 1:44,11.1666666666667,11.125,0,0,4662.7,20.35,0,0,1.1,0,1828,0,0,0,16.5,0,0,6.328,-2.65,100,0,3744.6,16.005,0.6464,0
1/23/20 1:49,11.25,11.2083333333333,0,0,4662.7,20.35,0,0,1.1,0,1828,0,0,0.35,16.4475,0,0,6.315,-2.65,100,0,3744.6,16.005,0.6464,0
1/23/20 1:54,11.3333333333333,11.2916666666667,0,0,4662.7,20.35,0,0,1.1,0,1828,0,0,0.35,16.4475,0,0,6.3115,-2.65,100,0,3744.6,16.005,0.6464,0
1/23/20 1:59,11.4166666666667,11.375,0,0,4662.7,20.35,0,0,1.1,0,1828,0,0,0,16.5,0,0,6.314,-2.65,100,0,3744.6,16.005,0.6464,0
1/23/20 2:04,11.5,11.4583333333333,0,0,4662.7,20.35,0,0,1.1,0,1828,0,0,0.35,16.4475,0,0,6.3295,-2.65,100,0,3744.6,16.005,0.6464,0
1/23/20 2:09,11.5833333333333,11.5416666666667,0,0,4662.7,20.35,0,0,1.1,0,1828,0,0,0.7,16.395,0,0,6.3455,-2.65,100,0,3744.6,16.005,0.6464,0
1/23/20 2:14,11.6666666666667,11.625,0,0,4662.7,20.35,0,0,1.1,0,1828,0,0,0.35,16.4475,0,0,6.3475,-2.65,100,0,3744.6,16.005,0.6464,0
1/23/20 2:19,11.75,11.7083333333333,0,0,4662.7,20.35,0,0,1.1,0,1828,0,0,0.35,16.5,0,0,6.3455,-2.65,100,0,3744.6,16.005,0.6464,0
1/23/20 2:24,11.8333333333333,11.7916666666667,0,0,4662.7,20.35,0,0,1.1,0,1828,0,0,0.7,16.4475,0,0,6.346,-2.65,100,0,3744.6,16.005,0.6464,0
1/23/20 2:29,11.9166666666667,11.875,0,0,4662.7,20.35,0,0,1.1,0,1828,0,0,0.7,16.395,0,0,6.346,-2.65,100,0,3744.6,16.005,0.6464,0
1/23/20 2:34,12,11.9583333333333,0,0,4662.7,20.35,0,0,1.1,0,1828,0,0,0.7,16.4475,0,0,6.353,-2.65,100,0,3744.6,16.005,0.6464,0
1/23/20 2:39,12.0833333333333,12.0416666666667,0,0,4662.7,20.35,0,0,1.1,0,1828,0,0,0.35,16.4775,0,0,6.362,-2.65,100,0,3744.6,16.005,0.6464,0
1/23/20 2:44,12.1666666666667,12.125,0,0,4662.7,20.35,0,0,1.1,0,1828,0,0,0.35,16.4775,0,0,6.3675,-2.65,100,0,3744.6,16.005,0.6464,0
1/23/20 2:49,12.25,12.2083333333333,0,0,4662.7,20.35,0,0,1.1,0,1828,0,0,0.7,16.4475,0,0,6.369,-2.65,100,0,3744.6,16.005,0.6464,0
1/23/20 2:54,12.3333333333333,12.2916666666667,0,0,4662.7,20.35,0,0,1.1,0,1828,0,0,0.7,16.395,0,0,6.368,-2.65,100,0,3744.6,16.005,0.6464,0
1/23/20 2:59,12.4166666666667,12.375,0,0,4662.7,20.35,0,0,1.1,0,1828,0,0,0.7,16.4475,0,0,6.3715,-2.65,100,0,3744.6,16.005,0.6464,0
1/23/20 3:04,12.5,12.4583333333333,0,0,4662.7,20.35,0,0,1.1,0,1828,0,0,0.7,16.5,0,0,6.375,-2.65,100,0,3744.6,16.005,0.6464,0
1/23/20 3:09,12.5833333333333,,,,,,,,,,,,,,,,,,,,,,,,
1/23/20 3:14,12.6666666666667,12.6251388888889,0,0,4662.7,20.35,0,0,1.1,0,1828,0,0,0.7,16.5,0,0,6.37000333333333,-2.65,100,0,3744.6,16.005,0.6464,0
1/23/20 3:19,12.75,12.7083333333333,0,0,4662.7,20.35,0,0,1.1,0,1828,0,0,0.7,16.4478494166667,0,0,6.37347006111111,-2.65,100,0,3744.6,16.005,0.6464,0
1/23/20 3:24,12.8333333333333,12.7916666666667,0,0,4662.7,20.35,0,0,1.1,0,1828,0,0,0.7,16.3950005833333,0,0,6.38247,-2.65,100,0,3744.6,16.005,0.6464,0
1/23/20 3:29,12.9166666666667,12.875,0,0,4662.7,20.35,0,0,1.1,0,1828,0,0,0.7,16.395,0,0,6.39296001666667,-2.65,100,0,3744.6,16.005,0.6464,0
1/23/20 3:34,13,12.9583333333333,0,0,4662.7,20.35,0,0,1.1,0,1828,0,0,0.7,16.395,0,0,6.3960199,-2.65,100,0,3744.6,16.005,0.6464,0
1/23/20 3:39,13.0833333333333,13.0416666666667,0,0,4662.7,20.35,0,0,1.1,0,1828,0,0,0.7,16.4471505833333,0,0,6.39151001666667,-2.65,100,0,3744.6,16.005,0.6464,0
1/23/20 3:44,13.1666666666667,13.125,0,0,4662.7,20.35,0,0,1.1,0,1828,0,0,0.7,16.4999994166667,0,0,6.38552996666667,-2.65,100,0,3744.6,16.005,0.6464,0
1/23/20 3:49,13.25,13.2083333333333,0,0,4662.7,20.35,0,0,1.1,0,1828,0,0,0.7,16.4478494166667,0,0,6.38100005,-2.65,100,0,3744.6,16.005,0.6464,0
1/23/20 3:54,13.3333333333333,13.2916666666667,0,0,4662.7,20.35,0,0,1.1,0,1828,0,0,0.7,16.3950005833333,0,0,6.40633028333333,-2.65,100,0,3744.6,16.005,0.6464,0
1/23/20 3:59,13.4166666666667,13.375,0,0,4662.7,20.35,0,0,1.1,0,1828,0,0,0.7,16.4099001666667,0,0,6.43348973333333,-2.65,100,0,3744.6,16.005,0.6464,0
1/23/20 4:04,13.5,13.4583333333333,0,0,4662.7,20.35,0,0,1.1,0,1828,0,0,0.7,16.46225025,0,0,6.43748334444445,-2.65,100,0,3744.6,16.005,0.6464,0
1/23/20 4:09,13.5833333333333,13.5416666666667,0,0,4662.7,20.35,0,0,1.1,0,1828,0,0,0.7,16.447849,0,0,6.43701993888889,-2.65,100,0,3744.6,16.005,0.6464,0
1/23/20 4:14,13.6666666666667,13.625,0,0,4662.7,20.35,0,0,1.1,0,1828,0,0,0.7,16.3950005833333,0,0,6.42853663888889,-2.65,100,0,3744.6,16.005,0.6464,0
1/23/20 4:19,13.75,13.7083333333333,0,0,4662.7,20.35,0,0,1.1,0,1828,0,0,0.7,16.395,0,0,6.42151004444444,-2.65,100,0,3744.6,16.005,0.6464,0
1/23/20 4:24,13.8333333333333,13.7916666666667,0,0,4662.7,20.35,0,0,1.1,0,1828,0,0,0.7,16.4471505833333,0,0,6.41652331111111,-2.65,100,0,3744.6,16.005,0.6464,0
1/23/20 4:29,13.9166666666667,13.875,0,0,4662.7,20.35,0,0,1.1,0,1828,0,0,0.7,16.4999994166667,0,0,6.41300003888889,-2.65,100,0,3744.6,16.005,0.6464,0
1/23/20 4:34,14,13.9583333333333,0,0,4662.7,20.35,0,0,1.1,0,1828,0,0,0.7,16.5,0,0,6.41498668888889,-2.65,100,0,3744.6,16.005,0.6464,0
1/23/20 4:39,14.0833333333333,14.0416666666667,0,0,4662.7,20.35,0,0,1.1,0,1828,0,0,0.7,16.47764975,0,0,6.41898666666667,-2.65,100,0,3744.6,16.005,0.6464,0
1/23/20 4:44,14.1666666666667,14.125,0,0,4662.7,20.35,0,0,1.1,0,1828,0,0,0.7,16.4773505,0,0,6.42795338888889,-2.65,100,0,3744.6,16.005,0.6464,0
1/23/20 4:49,14.25,14.2083333333333,0,0,4662.7,20.35,0,0,1.1,0,1828,0,0,0.7,16.4478491666667,0,0,6.43946997222222,-2.65,100,0,3744.6,16.005,0.6464,0
1/23/20 4:54,14.3333333333333,14.2916666666667,0,0,4662.7,20.35,0,0,1.1,0,1828,0,0,0.7,16.3950005833333,0,0,6.44399995,-2.65,100,0,3744.6,16.005,0.6464,0
1/23/20 4:59,14.4166666666667,14.375,0,0,4662.7,20.35,0,0,1.1,0,1828,0,0,0.7,16.395,0,0,6.444,-2.65,100,0,3744.6,16.005,0.6464,0
1/23/20 5:04,14.5,14.4583333333333,0,0,4662.7,20.35,0,0,1.1,0,1828,0,0,0.7,16.4322504166667,0,0,6.44896672222222,-2.65,100,0,3744.6,16.005,0.6464,0
1/23/20 5:09,14.5833333333333,14.5416666666667,0,0,4662.7,20.35,0,0,1.1,0,1828,0,0,0.352329444444445,16.4327491666667,0,0,6.45697997777778,-2.65,100,0,3744.6,16.005,0.6464,0
1/23/20 5:14,14.6666666666667,14.625,0,0,4662.7,20.35,0,0,1.1,0,1828,0,0,0.347674444444444,16.3950004166667,0,0,6.45999996666667,-2.65,100,0,3744.6,16.005,0.6464,0
1/23/20 5:19,14.75,14.7083333333333,0,0,4662.7,20.35,0,0,1.1,0,1828,0,0,0.699996111111111,16.4471505833333,0,0,6.46248336111111,-2.65,100,0,3744.6,16.005,0.6464,0
1/23/20 5:24,14.8333333333333,14.7916666666667,0,0,4662.7,20.35,0,0,1.1,0,1828,0,0,0.7,16.4776491666667,0,0,6.46499997222222,-2.65,100,0,3744.6,16.005,0.6464,0
1/23/20 5:29,14.9166666666667,14.875,0,0,4662.7,20.35,0,0,1.1,0,1828,0,0,0.7,16.4773505,0,0,6.46301331111111,-2.65,100,0,3744.6,16.005,0.6464,0
1/23/20 5:34,15,14.9583333333333,0,0,4662.7,20.35,0,0,1.1,0,1828,0,0,0.7,16.4478491666667,0,0,6.57258043888889,-2.65,100,0,3744.6,16.005,0.6464,0
1/23/20 5:39,15.0833333333333,15.0416666666667,0,0,4662.7,20.35,0,0,1.1,0,1828,0,0,0.7,16.3950005833333,0,0,6.62795965,-2.65,100,0,3744.6,16.005,0.6464,0
1/23/20 5:44,15.1666666666667,15.125,0,0,4662.7,20.35,0,0,1.1,0,1828,0,0,0.7,16.395,0,0,6.63846998333333,-2.65,100,0,3744.6,16.005,0.6464,0
1/23/20 5:49,15.25,15.2083333333333,0,0,4662.7,20.35,0,0,1.1,0,1828,0,0,0.7,16.4471505833333,0,0,6.64299995,-2.65,100,0,3744.6,16.005,0.6464,0
1/23/20 5:54,15.3333333333333,15.2916666666667,0,0,4662.7,20.35,0,0,1.1,0,1828,0,0,0.7,16.4999994166667,0,0,6.64449001666667,-2.65,100,0,3744.6,16.005,0.6464,0
1/23/20 5:59,15.4166666666667,15.375,0,0,4662.7,20.35,0,0,1.1,0,1828,0,0,0.7,16.4478494166667,0,0,6.64500663888889,-2.65,100,0,3744.6,16.005,0.6464,0
1/23/20 6:04,15.5,15.4583333333333,0,0,4662.7,20.35,0,0,1.1,0,1828,0,0,0.7,16.3950005833333,0,0,6.64797338888889,-2.65,100,0,3744.6,16.005,0.6464,0
1/23/20 6:09,15.5833333333333,15.5416666666667,0,0,4662.7,20.35,0,0,1.1,0,1828,0,0,0.7,16.395,0,0,6.65249662777778,-2.65,100,0,3744.6,16.005,0.6464,0
1/23/20 6:14,15.6666666666667,15.625,0,0,4662.7,20.35,0,0,1.1,0,1828,0,0,0.7,16.395,0,0,6.65299999444444,-2.65,100,0,3744.6,16.005,0.6464,0
1/23/20 6:19,15.75,15.7083333333333,0,0,4662.7,20.35,0,0,1.1,0,1828,0,0,0.7,16.395,0,0,6.65051663888889,-2.65,100,0,3744.6,16.005,0.6464,0
1/23/20 6:24,15.8333333333333,15.7916666666667,0,0,4662.7,20.35,0,0,1.1,0,1828,0,0,0.7,16.395,0,0,6.64949004444444,-2.65,100,0,3744.6,16.005,0.6464,0
1/23/20 6:29,15.9166666666667,15.875,0,0,4662.7,20.35,0,0,1.1,0,1828,0,0,0.7,16.395,0,0,6.65646337777778,-2.65,100,0,3744.6,16.005,0.6464,0
1/23/20 6:34,16,15.9583333333333,0,0,4662.7,20.35,0,0,1.1,0,1828,0,0,0.7,16.395,0,0,6.66199993888889,-2.65,100,0,3744.6,16.005,0.6464,0
1/23/20 6:39,16.0833333333333,16.0416666666667,0,0,4662.7,20.35,0,0,1.1,0,1828,0,0,0.7,16.395,0,0,6.66100665555556,-2.65,100,0,3744.6,16.005,0.6464,0
1/23/20 6:44,16.1666666666667,16.125,0,0,4662.7,20.35,0,0,1.1,0,1828,0,0,0.7,16.4099001666667,0,0,6.65751665,-2.65,100,0,3744.6,16.005,0.6464,0
1/23/20 6:49,16.25,16.2083333333333,0,0,4662.7,20.35,0,0,1.1,0,1828,0,0,0.7,16.4100996666667,0,0,6.65251666666667,-2.65,100,0,3744.6,16.005,0.6464,0
1/23/20 6:54,16.3333333333333,16.2916666666667,0,0,4662.7,20.35,0,0,1.1,0,1828,0,0,0.7,16.44715075,0,0,6.65000002777778,-2.65,100,0,3744.6,16.005,0.6464,0
1/23/20 6:59,16.4166666666667,16.375,0,0,4662.7,20.35,0,0,1.1,0,1828,0,0,0.7,16.4478488333333,0,0,6.65347670555556,-2.65,100,0,3744.6,16.005,0.6464,0
1/23/20 7:04,16.5,16.4583333333333,0,0,4662.7,20.35,0,0,1.1,0,1828,0,0,0.7,16.3950005833333,0,0,6.6545166,-2.65,100,0,3744.6,16.005,0.6464,0
1/23/20 7:09,16.5833333333333,16.5416666666667,0,0,4662.7,20.35,0,0,1.1,0,1828,0,0,0.7,16.4471505833333,0,0,6.65001333888889,-2.65,100,0,3744.6,16.005,0.6464,0
1/23/20 7:14,16.6666666666667,16.625,0,0,4662.7,20.35,0,0,1.1,0,1828,0,0,0.7,16.4478488333333,0,0,6.64203995555556,-2.65,100,0,3744.6,16.005,0.6464,0
1/23/20 7:19,16.75,16.7083333333333,0,0,4662.7,20.35,0,0,1.1,0,1828,0,0,0.7,16.3950005833333,0,0,6.63600006666667,-2.65,100,0,3744.6,16.005,0.6464,0
1/23/20 7:24,16.8333333333333,16.7916666666667,0,0,4662.7,20.35,0,0,1.1,0,1828,0,0,0.7,16.4471505833333,0,0,6.63749001666667,-2.65,100,0,3744.6,16.005,0.6464,0
1/23/20 7:29,16.9166666666667,16.875,0,0,4662.7,20.35,0,0,1.1,0,1828,0,0,0.7,16.462749,0,0,6.63899998333333,-2.65,100,0,3744.6,16.005,0.6464,0
1/23/20 7:34,17,16.9583333333333,0,0,4662.7,20.35,0,0,1.1,0,1828,0,0,0.7,16.4622508333333,0,0,6.639,-2.65,100,0,3744.6,16.005,0.6464,0
1/23/20 7:39,17.0833333333333,17.0416666666667,0,0,4662.7,20.35,0,0,1.1,0,1828,0,0,0.7,16.4999995833333,0,0,6.64098668888889,-2.65,100,0,3744.6,16.005,0.6464,0
1/23/20 7:44,17.1666666666667,17.125,0,0,4662.7,20.35,0,0,1.1,0,1828,0,0,0.7,16.5,0,0,6.64399332222222,-2.65,100,0,3744.6,16.005,0.6464,0
1/23/20 7:49,17.25,17.2083333333333,0,0,4662.7,20.35,0,0,1.1,0,1828,0,0,0.7,16.5,0,0,6.64350997222222,-2.65,100,0,3744.6,16.005,0.6464,0
1/23/20 7:54,17.3333333333333,17.2916666666667,0,0,4662.7,20.35,0,0,1.1,0,1828,0,0,0.7,16.4478494166667,0,0,6.64299336111111,-2.65,100,0,3744.6,16.005,0.6464,0
1/23/20 7:59,17.4166666666667,17.375,0,0,4662.7,20.35,0,0,1.1,0,1828,0,0,0.7,16.3950005833333,0,0,6.64250997222222,-2.65,100,0,3744.6,16.005,0.6464,0
1/23/20 8:04,17.5,17.4583333333333,0,0,4662.7,20.35,0,0,1.1,0,1828,0,0,0.7,16.395,0,0,6.63851665555555,-2.65,100,0,3744.6,16.005,0.6464,0
1/23/20 8:09,17.5833333333333,17.5416666666667,0,0,4662.7,20.35,0,0,1.1,0,1828,0,0,0.7,16.4248003333333,0,0,6.63500668333333,-2.65,100,0,3744.6,16.005,0.6464,0
1/23/20 8:14,17.6666666666667,17.625,0,0,4662.7,20.35,0,0,1.1,0,1828,0,0,0.7,16.4251993333333,0,0,6.63300666666667,-2.65,100,0,3744.6,16.005,0.6464,0
1/23/20 8:19,17.75,17.7083333333333,0,0,4662.7,20.35,0,0,1.1,0,1828,0,0,0.352329444444445,16.4471509166667,0,0,6.63746340555555,-2.65,100,0,3744.6,16.005,0.649578702222222,0
1/23/20 8:24,17.8333333333333,17.7916666666667,0,0,4662.7,20.35,0,0,1.1,0,1828,0,0,0.347674444444444,16.4999994166667,0,0,6.64299993888889,-2.65,100,0,3744.6,16.005,0.649621262222222,0
1/23/20 8:29,17.9166666666667,17.875,0,0,4662.7,20.35,0,0,1.1,0,1828,0,0,0.699996111111111,16.5,0,0,6.64001996666667,-2.65,100,0,3744.6,16.005,0.646400035555555,0
1/23/20 8:34,18,17.9583333333333,0,0,4662.7,20.35,0,0,1.1,0,1828,0,0,0.7,16.5,0,0,6.63451667222222,-2.65,100,0,3744.6,16.005,0.6464,0
1/23/20 8:39,18.0833333333333,18.0416666666667,0,0,4662.7,20.35,0,0,1.1,0,1828,0,0,0.7,16.4478494166667,0,0,6.63051001111111,-2.65,100,0,3744.6,16.005,0.6464,0
1/23/20 8:44,18.1666666666667,18.125,0,0,4662.7,20.35,0,0,1.1,0,1828,0,0,0.7,16.4471511666667,0,0,6.62800667222222,-2.65,100,0,3744.6,16.005,0.6464,0
1/23/20 8:49,18.25,18.2083333333333,0,0,4662.7,20.35,0,0,1.1,0,1828,0,0,0.7,16.4478488333333,0,0,6.62948337222222,-2.65,100,0,3744.6,16.005,0.649578702222222,0
1/23/20 8:54,18.3333333333333,18.2916666666667,0,0,4662.7,20.35,0,0,1.1,0,1828,0,0,0.7,16.3950005833333,0,0,6.63547667777778,-2.65,100,0,3744.6,16.005,0.652799964444444,0
1/23/20 8:59,18.4166666666667,18.375,0,0,4662.7,20.35,0,0,1.1,0,1828,0,0,0.7,16.395,0,0,6.6365166,-2.65,100,0,3744.6,16.005,0.6528,0
1/23/20 9:04,18.5,18.4583333333333,0,0,4662.7,20.35,0,0,1.1,0,1828,0,0,0.352329444444445,16.395,0,0,6.63201333888889,-2.65,100,0,3744.6,16.005,0.6528,0
1/23/20 9:09,18.5833333333333,18.5416666666667,0,0,4662.7,20.35,0,0,1.1,0,1828,0,0,3.89E-06,16.395,0,0,6.62851000555556,-2.65,100,0,3744.6,16.005,0.6528,0
1/23/20 9:14,18.6666666666667,18.625,0,0,4662.7,20.35,0,0,1.1,0,1828,0,0,0.347670555555556,16.4248003333333,0,0,6.61557655555556,-2.65,100,0,3744.6,16.005,0.6528,0
1/23/20 9:19,18.75,18.7083333333333,0,0,4662.7,20.35,0,0,1.1,0,1828,0,0,0.699996111111111,16.4773499166667,0,0,6.59704671666667,-2.65,100,0,3744.6,16.005,0.6528,0
1/23/20 9:24,18.8333333333333,18.7916666666667,0,0,4662.7,20.35,0,0,1.1,0,1828,0,0,0.7,16.4627493333333,0,0,6.59099342222222,-2.65,100,0,3744.6,16.005,0.6528,0
1/23/20 9:29,18.9166666666667,18.875,0,0,4662.7,20.35,0,0,1.1,0,1828,0,0,0.7,16.4622508333333,0,0,6.59299333333333,-2.65,100,0,3744.6,16.005,0.6528,0
1/23/20 9:34,19,18.9583333333333,0,0,4662.7,20.35,0,0,1.1,0,1828,0,0,0.7,16.447849,0,0,6.59499333333333,-2.65,100,0,3744.6,16.005,0.6528,0
1/23/20 9:39,19.0833333333333,19.0416666666667,0,0,4662.7,20.35,0,0,1.1,0,1828,0,0,0.7,16.4471511666667,0,0,6.59500664444444,-2.65,100,0,3744.6,16.005,0.6528,0
1/23/20 9:44,19.1666666666667,19.125,0,0,4662.7,20.35,0,0,1.1,0,1828,0,0,0.7,16.4999994166667,0,0,6.59052330555556,-2.65,100,0,3744.6,16.005,0.6528,0
1/23/20 9:49,19.25,19.2083333333333,0,0,4662.7,20.35,0,0,1.1,0,1828,0,0,0.7,16.5,0,0,6.58700003888889,-2.65,100,0,3744.6,16.005,0.6528,0
1/23/20 9:54,19.3333333333333,19.2916666666667,0,0,4662.7,20.35,0,0,1.1,0,1828,0,0,0.7,16.5,0,0,6.58849001666667,-2.65,100,0,3744.6,16.005,0.6528,0
1/23/20 9:59,19.4166666666667,19.375,0,0,4662.7,20.35,0,0,1.1,0,1828,0,0,0.7,16.4478494166667,0,0,6.59198667222222,-2.65,100,0,3744.6,16.005,0.6528,0
1/23/20 10:04,19.5,19.4583333333333,0,0,4662.7,20.35,0,0,1.1,0,1828,0,0,0.7,16.3950005833333,0,0,6.59151661666667,-2.65,100,0,3744.6,16.005,0.6528,0
1/23/20 10:09,19.5833333333333,19.5416666666667,0,0,4662.7,20.35,0,0,1.1,0,1828,0,0,0.7,16.395,0,0,6.5894967,-2.65,100,0,3744.6,16.005,0.6528,0
1/23/20 10:14,19.6666666666667,19.625,0,0,4662.7,20.35,0,0,1.1,0,1828,0,0,0.7,16.395,0,0,6.59099333888889,-2.65,100,0,3744.6,16.005,0.6528,0
1/23/20 10:19,19.75,19.7083333333333,0,0,4662.7,20.35,0,0,1.1,0,1828,0,0,0.7,16.395,0,0,6.59547669444445,-2.65,100,0,3744.6,16.005,0.6528,0
1/23/20 10:24,19.8333333333333,19.7916666666667,0,0,4662.7,20.35,0,0,1.1,0,1828,0,0,0.7,16.395,0,0,6.60197999444445,-2.65,100,0,3744.6,16.005,0.6528,0
1/23/20 10:29,19.9166666666667,19.875,0,0,4662.7,20.35,0,0,1.1,0,1828,0,0,0.7,16.4471505833333,0,0,6.60400662222222,-2.65,100,0,3744.6,16.005,0.6528,0
1/23/20 10:34,20,19.9583333333333,0,0,4662.7,20.35,0,0,1.1,0,1828,0,0,0.7,22.0194466388889,0,0,6.60747006111111,-2.59536605555556,100,0,3744.6,16.72086875,0.646442595555556,0
1/23/20 10:39,20.0833333333333,20.0416666666667,0,0,4662.7,20.35,0,0,1.1,0,1828,0,0,0.7,38.2172194444444,0,0,6.62839013333333,-2.32643155555556,100,0,3744.6,20.8722895833333,0.633642666666667,0
1/23/20 10:44,20.1666666666667,20.125,0,0,4662.7,20.35,0,0,1.1,0,1828,0,0,0.7,36.6511583333333,0,0,6.52958342027027,-1.99080105555556,100,0,3744.6,28.8288526463964,0.792880268641975,0
1/23/20 10:49,20.25,20.2083333333333,0,0,4662.7,20.35,0,0,1.1,0,1828,0,0,0.7,29.1611120535714,0,0,6.46645730398716,-1.88986822222222,100,0,3744.6,30.3032835202703,0.732751802469136,0
1/23/20 10:54,20.3333333333333,20.2916666666667,0,0,4662.7,20.35,0,0,1.1,0,1828,0,0,0.7,30.4920786871693,0,0,6.40961723129813,-1.90503305555556,100,0,3744.6,29.9540071666667,0.5824,0
1/23/20 10:59,20.4166666666667,20.375,0,0,4662.7,20.35,0,0,1.1,0,1828,0,0,0.7,29.9967147592593,0,0,6.38206675,-1.90000005555556,100,0,3744.6,30.1049983333333,0.5824,0
1/23/20 11:04,20.5,20.4583333333333,0,0,4662.7,20.35,0,0,1.1,0,1828,0,0,0.352329444444445,30.3012923333333,0,0,6.36852340555556,-1.9,100,0,3744.6,30.0528494166667,0.5824,0
1/23/20 11:09,20.5833333333333,20.5416666666667,0,0,4662.7,20.35,0,0,1.1,0,1828,0,0,0.347674444444444,29.9560005,0,0,6.35605993888889,-1.9,100,0,3744.6,30.0521511666667,0.5824,0
1/23/20 11:14,20.6666666666667,20.625,0,0,4662.7,20.35,0,0,1.1,0,1828,0,0,0.699996111111111,29.924203,0,0,6.34402006666667,-1.9,276.333333333333,0,3744.6,30.1049994166667,0.5824,0
1/23/20 11:19,20.75,20.7083333333333,0,0,4662.7,20.35,0,0,1.1,0,1828,0,0,0.352329444444445,30.76765675,0,0,6.29828622222222,-1.90496672222222,300,0,3744.6,30.0006988333333,0.630080533333333,0
1/23/20 11:24,20.8333333333333,20.7916666666667,0,0,4662.7,20.35,0,0,1.1,0,1828,0,0,3.89E-06,30.21326525,0,0,6.26642393888889,-1.90503322222222,300,0,3744.6,29.9993023333333,0.678399466666667,0
1/23/20 11:29,20.9166666666667,20.875,0,0,4662.7,20.35,0,0,1.1,0,1828,0,0,0,29.9987038333333,0,0,6.28693997222222,-1.90000005555556,300,0,3744.6,30.05284825,0.6784,0
1/23/20 11:34,21,20.9583333333333,0,0,4662.7,20.35,0,0,1.1,0,1828,0,0,0,30.1502973333333,0,0,6.29649657222222,-1.9,300,0,3744.6,30.0000005833333,0.6784,0
1/23/20 11:39,21.0833333333333,21.0416666666667,0,0,4662.7,20.35,0,0,1.1,0,1828,0,0,0,29.9559988333333,0,0,6.29898668333333,-1.9,300,0,3744.6,30,0.6784,0
1/23/20 11:44,21.1666666666667,21.125,0,0,4662.7,20.35,0,0,1.1,0,1828,0,0,0.347670555555556,29.9540033333333,0,0,6.30000663333333,-1.9,300,0,3744.6,30,0.6784,0
1/23/20 11:49,21.25,21.2083333333333,0,0,4662.7,20.35,0,0,1.1,0,1828,0,0,0.352325555555556,30.05284775,0,0,6.30049002777778,-1.9,300,0,3744.6,30,0.6784,0
1/23/20 11:54,21.3333333333333,21.2916666666667,0,0,4662.7,20.35,0,0,1.1,0,1828,0,0,3.89E-06,30.0371272444629,0,0,5.6089341808642,-1.9,300,0,3744.6,30,1.002624,0
1/23/20 11:59,21.4166666666667,21.375,0,0,4662.7,20.35,0,0,1.1,0,1828,0,0,0,29.9417923388704,0,0,5.38538345838312,-1.9,300,0,3744.6,30,0.6912,0
1/23/20 12:04,21.5,21.4583333333333,0,0,4662.7,20.35,0,0,1.1,0,1828,0,0,0,29.9012103333333,0,0,5.43245249964158,-1.9,300,0,3744.6,30,0.6912,0
1/23/20 12:09,21.5833333333333,21.5416666666667,0,0,4662.7,20.35,0,0,1.1,0,1828,0,0,0,29.9999956666667,0,0,5.43747991111111,-1.9,300,0,3744.6,30,0.6912,0
1/23/20 12:14,21.6666666666667,21.625,0,0,4662.7,20.35,0,0,1.1,0,1828,0,0,0,30,0,0,5.43307966666667,-1.9,300,0,3744.6,30,0.6912,0
1/23/20 12:19,21.75,21.7083333333333,0,0,4662.7,20.35,0,0,1.1,0,1828,0,0,0,30,0,0,5.42206671111111,-1.9,300,0,3744.6,30,0.6912,0
1/23/20 12:24,21.8333333333333,21.7916666666667,0,0,4662.7,20.35,0,0,1.1,0,1828,0,0,0,30,0,0,5.4239072,-1.9,300,0,3744.6,30,0.6912,0
1/23/20 12:29,21.9166666666667,21.875,0,0,4662.7,20.35,0,0,1.1,0,1828,0,0,0,29.866794,0,0,5.42951962222222,-1.9,300,0,3744.6,30.0148006666667,0.6912,0
1/23/20 12:34,22,21.9583333333333,0,0,4662.7,20.35,0,0,1.1,0,1828,0,0,0,29.863212,0,0,5.42454657777778,-1.9,300,0,3744.6,30.0151986666667,0.6912,0
1/23/20 12:39,22.0833333333333,22.0416666666667,0,0,4662.7,20.35,0,0,1.1,0,1828,0,0,0,29.9481916666667,0,0,5.42346693333333,-1.9,300,0,3744.6,30.0000006666667,0.6912,0
1/23/20 12:44,22.1666666666667,22.125,0,0,4662.7,20.35,0,0,1.1,0,1828,0,0,0,29.7025936666667,0,0,5.42994673333333,-1.9,300,0,3744.6,30,0.6912,0
1/23/20 12:49,22.25,22.2083333333333,0,0,4662.7,20.35,0,0,1.1,0,1828,0,0,0,29.6974173333333,0,0,5.43005297777778,-1.9,300,0,3744.6,30,0.6912,0
1/23/20 12:54,22.3333333333333,22.2916666666667,0,0,4662.7,20.35,0,0,1.1,0,1828,0,0,0,29.8949913333333,0,0,5.42649353333333,-1.9,300,0,3744.6,30,0.6912,0
1/23/20 12:59,22.4166666666667,22.375,0,0,4662.7,20.35,0,0,1.1,0,1828,0,0,0,29.895,0,0,5.43292024444444,-1.9,300,0,3744.6,30,0.6912,0
1/23/20 13:04,22.5,22.4583333333333,0,0,4662.7,20.35,0,0,1.1,0,1828,0,0,0,29.895,0,0,5.44195986666667,-1.9,300,0,3744.6,30,0.6912,0
1/23/20 13:09,22.5833333333333,22.5416666666667,0,0,4662.7,20.35,0,0,1.1,0,1828,0,0,0,29.895,0,0,5.44598657777778,-1.9,300,0,3744.6,30,0.6912,0
1/23/20 13:14,22.6666666666667,22.625,0,0,4662.7,20.35,0,0,1.1,0,1828,0,0,0,29.895,0,0,5.45390693333333,-1.9,300,0,3744.6,30,0.6912,0
1/23/20 13:19,22.75,22.7083333333333,0,0,4662.7,20.35,0,0,1.1,0,1828,0,0,0,29.895,0,0,5.46593324444444,-1.9,300,0,3744.6,30,0.6912,0
1/23/20 13:24,22.8333333333333,22.7916666666667,0,0,4662.7,20.35,0,0,1.1,0,1828,0,0,0,29.895,0,0,5.47247984444444,-1.9,300,0,3744.6,30,0.6912,0
1/23/20 13:29,22.9166666666667,22.875,0,0,4662.7,20.35,0,0,1.1,0,1828,0,0,0,29.895,0,0,5.47646671111111,-1.9,300,0,3744.6,30,0.6912,0
1/23/20 13:34,23,22.9583333333333,0,0,4662.7,20.35,0,0,1.1,0,1828,0,0,0,29.895,0,0,5.47751982222222,-1.9,300,0,3744.6,30,0.6912,0
1/23/20 13:39,23.0833333333333,23.0416666666667,0,0,4662.7,20.35,0,0,1.1,0,1828,0,0,0.345348888888889,29.895,0,0,5.47846684444444,-1.9,300,0,3744.6,30,0.6912,0
1/23/20 13:44,23.1666666666667,23.125,0,0,4662.7,20.35,0,0,1.1,0,1828,0,0,0.699984444444445,29.895,0,0,5.4864268,-1.9,300,0,3744.6,30,0.6912,0
1/23/20 13:49,23.25,23.2083333333333,0,0,4662.7,20.35,0,0,1.1,0,1828,0,0,0.7,29.895,0,0,5.4915064,-1.9,300,0,3744.6,30,0.6912,0
1/23/20 13:54,23.3333333333333,23.2916666666667,0,0,4662.7,20.35,0,0,1.1,0,1828,0,0,0.7,29.895,0,0,5.49100002222222,-1.9,300,0,3744.6,30,0.6912,0
1/23/20 13:59,23.4166666666667,23.375,0,0,4662.7,20.35,0,0,1.1,0,1828,0,0,0.7,29.895,0,0,5.49248006666667,-1.9,300,0,3744.6,30,0.6912,0
1/23/20 14:04,23.5,23.4583333333333,0,0,4662.7,20.35,0,0,1.1,0,1828,0,0,0.354651111111111,29.895,0,0,5.49794677777778,-1.9,300,0,3744.6,30,0.6912,0
1/23/20 14:09,23.5833333333333,23.5416666666667,0,0,4662.7,20.35,0,0,1.1,0,1828,0,0,0.345364444444444,29.895,0,0,5.5044666,-1.9,300,0,3744.6,30,0.6912,0
1/23/20 14:14,23.6666666666667,23.625,0,0,4662.7,20.35,0,0,1.1,0,1828,0,0,0.699984444444445,29.895,0,0,5.51094673333333,-1.9,300,0,3744.6,30,0.6912,0
1/23/20 14:19,23.75,23.7083333333333,0,0,4662.7,20.35,0,0,1.1,0,1828,0,0,0.354651111111111,29.895,0,0,5.51351975555556,-1.9,300,0,3744.6,30,0.6912,0
1/23/20 14:24,23.8333333333333,23.7916666666667,0,0,4662.7,20.35,0,0,1.1,0,1828,0,0,1.56E-05,29.895,0,0,5.51446684444445,-1.9,300,0,3744.6,30,0.6912,0
1/23/20 14:29,23.9166666666667,23.875,0,0,4662.7,20.35,0,0,1.1,0,1828,0,0,0.345348888888889,29.895,0,0,5.52538693333333,-1.9,300,0,3744.6,30,0.6912,0
1/23/20 14:34,24,23.9583333333333,0,0,4662.7,20.35,0,0,1.1,0,1828,0,0,0.354635555555556,29.895,0,0,5.53942653333333,-1.9,300,0,3744.6,30,0.688042524444444,0
1/23/20 14:39,24.0833333333333,24.0416666666667,0,0,4662.7,20.35,0,0,1.1,0,1828,0,0,1.56E-05,29.895,0,0,5.55585357777778,-1.9,300,0,3744.6,30,0.687957617777778,0
1/23/20 14:44,24.1666666666667,24.125,0,0,4662.7,20.35,0,0,1.1,0,1828,0,0,0,29.895,0,0,5.56847957777778,-1.9,300,0,3744.6,30,0.691199857777778,0
1/23/20 14:49,24.25,24.2083333333333,0,0,4662.7,20.35,0,0,1.1,0,1828,0,0,0,29.895,0,0,5.57690691111111,-1.9,300,0,3744.6,30,0.6912,0
1/23/20 14:54,24.3333333333333,24.2916666666667,0,0,4662.7,20.35,0,0,1.1,0,1828,0,0,0.345348888888889,29.895,0,0,5.58301297777778,-1.9,300,0,3744.6,30,0.6912,0
1/23/20 14:59,24.4166666666667,24.375,0,0,4662.7,20.35,0,0,1.1,0,1828,0,0,0.699984444444445,29.895,0,0,5.58348011111111,-1.9,300,0,3744.6,30,0.6912,0
1/23/20 15:04,24.5,24.4583333333333,0,0,4662.7,20.35,0,0,1.1,0,1828,0,0,0.354651111111111,29.895,0,0,5.58450657777778,-1.9,300,0,3744.6,30,0.6912,0
1/23/20 15:09,24.5833333333333,24.5416666666667,0,0,4662.7,20.35,0,0,1.1,0,1828,0,0,0.345364444444444,29.895,0,0,5.5820266,-1.9,300,0,3744.6,30,0.6912,0
1/23/20 15:14,24.6666666666667,24.625,0,0,4662.7,20.35,0,0,1.1,0,1828,0,0,0.699984444444445,29.895,0,0,5.58000008888889,-1.9,300,0,3744.6,30,0.6912,0
1/23/20 15:19,24.75,24.7083333333333,0,0,4662.7,20.35,0,0,1.1,0,1828,0,0,0.7,29.895,0,0,5.58,-1.9,300,0,3744.6,30,0.6912,0
1/23/20 15:24,24.8333333333333,24.7916666666667,0,0,4662.7,20.35,0,0,1.1,0,1828,0,0,0.7,29.895,0,0,5.57753322222222,-1.9,300,0,3744.6,30,0.6912,0
1/23/20 15:29,24.9166666666667,24.875,0,0,4662.7,20.35,0,0,1.1,0,1828,0,0,0.7,29.895,0,0,5.57598682222222,-1.9,300,0,3744.6,30,0.6912,0
1/23/20 15:34,25,24.9583333333333,0,0,4662.7,20.35,0,0,1.1,0,1828,0,0,0.7,29.895,0,0,5.57699995555556,-1.9,300,0,3744.6,30,0.688042524444444,0
1/23/20 15:39,25.0833333333333,25.0416666666667,0,0,4662.7,20.35,0,0,1.1,0,1828,0,0,0.7,29.895,0,0,5.58094684444444,-1.9,300,0,3744.6,30,0.687957617777778,0
1/23/20 15:44,25.1666666666667,25.125,0,0,4662.7,20.35,0,0,1.1,0,1828,0,0,0.354651111111111,29.895,0,0,5.59092008888889,-1.9,300,0,3744.6,30,0.691199857777778,0
1/23/20 15:49,25.25,25.2083333333333,0,0,4662.7,20.35,0,0,1.1,0,1828,0,0,1.56E-05,29.895,0,0,5.60045322222222,-1.9,300,0,3744.6,30,0.6912,0
1/23/20 15:54,25.3333333333333,25.2916666666667,0,0,4662.7,20.35,0,0,1.1,0,1828,0,0,0,29.895,0,0,5.60547991111111,-1.9,300,0,3744.6,30,0.6912,0
1/23/20 15:59,25.4166666666667,25.375,0,0,4662.7,20.35,0,0,1.1,0,1828,0,0,0,29.895,0,0,5.61094677777778,-1.9,300,0,3744.6,30,0.6912,0
1/23/20 16:04,25.5,25.4583333333333,0,0,4662.7,20.35,0,0,1.1,0,1828,0,0,0,29.895,0,0,5.61351975555556,-1.9,300,0,3744.6,30,0.6912,0
1/23/20 16:09,25.5833333333333,25.5416666666667,0,0,4662.7,20.35,0,0,1.1,0,1828,0,0,0,29.895,0,0,5.61839238117387,-1.9,300,0,3744.6,30,0.6912,0
1/23/20 16:14,25.6666666666667,25.625,0,0,4662.7,20.35,0,0,1.1,0,1828,0,0,0,29.895,0,0,5.62842970215947,-1.9,300,0,3744.6,30,0.6912,0
1/23/20 16:19,25.75,25.7083333333333,0,0,4662.7,20.35,0,0,1.1,0,1828,0,0,0,29.895,0,0,5.64670115,-1.9,300,0,3744.6,30,0.6912,0
1/23/20 16:24,25.8333333333333,25.7916666666667,0,0,4662.7,20.35,0,0,1.1,0,1828,0,0,0.343035,29.895,0,0,5.66248855,-1.9,300,0,3744.6,30,0.6912,0
1/23/20 16:29,25.9166666666667,25.875,0,0,4662.7,20.35,0,0,1.1,0,1828,0,0,0.699965,30.130224,0,0,5.6566293,-1.9049005,300,0,3744.6,29.94854475,0.68806368,0
1/23/20 16:34,26,25.9583333333333,0,0,4662.7,20.35,0,0,1.1,0,1828,0,0,0.7,30.04419225,0,0,5.6514708,-1.905099,300,0,3744.6,29.9464605,0.68480032,0
1/23/20 16:39,26.0833333333333,26.0416666666667,0,0,4662.7,20.35,0,0,1.1,0,1828,0,0,0.7,29.7955935,0,0,5.65888045,-1.9000005,300,0,3744.6,29.99999475,0.6848,0
1/23/20 16:44,26.1666666666667,26.125,0,0,4662.7,20.35,0,0,1.1,0,1828,0,0,0.7,29.89499025,0,0,5.6698999,-1.9,300,0,3744.6,30,0.6848,0
1/23/20 16:49,26.25,26.2083333333333,0,0,4662.7,20.35,0,0,1.1,0,1828,0,0,0.7,29.895,0,0,5.67646965,-1.9,300,0,3744.6,30,0.6848,0
1/23/20 16:54,26.3333333333333,26.2916666666667,0,0,4662.7,20.35,0,0,1.1,0,1828,0,0,0.7,29.895,0,0,5.67897995,-1.9,300,0,3744.6,30,0.6848,0
1/23/20 16:59,26.4166666666667,26.375,0,0,4662.7,20.35,0,0,1.1,0,1828,0,0,0.7,29.895,0,0,5.6819601,-1.9,300,0,3744.6,30.05145525,0.6848,0
1/23/20 17:04,26.5,26.4583333333333,0,0,4662.7,20.35,0,0,1.1,0,1828,0,0,0.7,29.895,0,0,5.6820396,-1.9,300,0,3744.6,30.0535395,0.6848,0
1/23/20 17:09,26.5833333333333,26.5416666666667,0,0,4662.7,20.35,0,0,1.1,0,1828,0,0,0.7,29.895,0,0,5.68343055,-1.9,300,0,3744.6,30.00000525,0.6848,0
1/23/20 17:14,26.6666666666667,26.625,0,0,4662.7,20.35,0,0,1.1,0,1828,0,0,0.7,29.895,0,0,5.68895985,-1.9,300,0,3744.6,30,0.6848,0
1/23/20 17:19,26.75,26.7083333333333,0,0,4662.7,20.35,0,0,1.1,0,1828,0,0,0.7,29.895,0,0,5.6988406,-1.9,300,0,3744.6,30,0.6848,0
1/23/20 17:24,26.8333333333333,26.7916666666667,0,0,4662.7,20.35,0,0,1.1,0,1828,0,0,0.7,29.895,0,0,5.7099395,-1.9,300,0,3744.6,30,0.6848,0
1/23/20 17:29,26.9166666666667,26.875,0,0,4662.7,20.35,0,0,1.1,0,1828,0,0,0.7,29.895,0,0,5.71152955,-1.9,300,0,3744.6,30,0.6848,0
1/23/20 17:34,27,26.9583333333333,0,0,4662.7,20.35,0,0,1.1,0,1828,0,0,0.7,29.895,0,0,5.71392055,-1.9,300,0,3744.6,30,0.6848,0
1/23/20 17:39,27.0833333333333,27.0416666666667,0,0,4662.7,20.35,0,0,1.1,0,1828,0,0,0.7,29.895,0,0,5.71750955,-1.9,300,0,3744.6,30,0.6848,0
1/23/20 17:44,27.1666666666667,27.125,0,0,4662.7,20.35,0,0,1.1,0,1828,0,0,0.7,29.895,0,0,5.71503985,-1.9,300,0,3744.6,30,0.6848,0
1/23/20 17:49,27.25,27.2083333333333,0,0,4662.7,20.35,0,0,1.1,0,1828,0,0,0.7,29.895,0,0,5.71643055,-1.9,300,0,3744.6,30,0.6848,0
1/23/20 17:54,27.3333333333333,27.2916666666667,0,0,4662.7,20.35,0,0,1.1,0,1828,0,0,0.7,29.895,0,0,5.72392005,-1.9,300,0,3744.6,30,0.6848,0
1/23/20 17:59,27.4166666666667,27.375,0,0,4662.7,20.35,0,0,1.1,0,1828,0,0,0.7,29.895,0,0,5.73044985,-1.9,300,0,3744.6,30,0.6848,0
1/23/20 18:04,27.5,27.4583333333333,0,0,4662.7,20.35,0,0,1.1,0,1828,0,0,0.7,29.895,0,0,5.73545,-1.9,300,0,3744.6,30,0.6848,0
1/23/20 18:09,27.5833333333333,27.5416666666667,0,0,4662.7,20.35,0,0,1.1,0,1828,0,0,0.356965,29.895,0,0,5.7375097,-1.9,300,0,3744.6,30,0.6848,0
1/23/20 18:14,27.6666666666667,27.625,0,0,4662.7,20.35,0,0,1.1,0,1828,0,0,0.34307,29.895,0,0,5.7374901,-1.9,300,0,3744.6,30,0.6848,0
1/23/20 18:19,27.75,27.7083333333333,0,0,4662.7,20.35,0,0,1.1,0,1828,0,0,0.699965,29.895,0,0,5.7355497,-1.9,300,0,3744.6,30,0.6848,0
1/23/20 18:24,27.8333333333333,27.7916666666667,0,0,4662.7,20.35,0,0,1.1,0,1828,0,0,0.356965,29.895,0,0,5.72809975,-1.9,300,0,3744.6,30,0.6848,0
1/23/20 18:29,27.9166666666667,27.875,0,0,4662.7,20.35,0,0,1.1,0,1828,0,0,0.000035,29.895,0,0,5.72741095,-1.9,300,0,3744.6,30,0.6848,0
1/23/20 18:34,28,27.9583333333333,0,0,4662.7,20.35,0,0,1.1,0,1828,0,0,0.343035,29.895,0,0,5.73591995,-1.9,300,0,3744.6,30,0.6848,0
1/23/20 18:39,28.0833333333333,28.0416666666667,0,0,4662.7,20.35,0,0,1.1,0,1828,0,0,0.35693,29.895,0,0,5.7390195,-1.9,300,0,3744.6,30,0.6848,0
1/23/20 18:44,28.1666666666667,28.125,0,0,4662.7,20.35,0,0,1.1,0,1828,0,0,0.000035,29.895,0,0,5.7399603,-1.9,300,0,3744.6,30,0.6848,0
1/23/20 18:49,28.25,28.2083333333333,0,0,4662.7,20.35,0,0,1.1,0,1828,0,0,0,29.8508955,0,0,5.74248985,-1.9,300,0,3744.6,30,0.6848,0
1/23/20 18:54,28.3333333333333,28.2916666666667,0,0,4662.7,20.35,0,0,1.1,0,1828,0,0,0,29.849109,0,0,5.7425099,-1.9,300,0,3744.6,30,0.6848,0
1/23/20 18:59,28.4166666666667,28.375,0,0,4662.7,20.35,0,0,1.1,0,1828,0,0,0,29.8949955,0,0,5.7375896,-1.9,300,0,3744.6,30,0.6848,0
1/23/20 19:04,28.5,28.4583333333333,0,0,4662.7,20.35,0,0,1.1,0,1828,0,0,0,29.895,0,0,5.7315303,-1.9,300,0,3744.6,30,0.6848,0
1/23/20 19:09,28.5833333333333,28.5416666666667,0,0,4662.7,20.35,0,0,1.1,0,1828,0,0,0,29.895,0,0,5.73490065,-1.9,300,0,3744.6,30,0.6848,0
1/23/20 19:14,28.6666666666667,28.625,0,0,4662.7,20.35,0,0,1.1,0,1828,0,0,0,29.895,0,0,5.7439199,-1.9,300,0,3744.6,30,0.6848,0
1/23/20 19:19,28.75,28.7083333333333,0,0,4662.7,20.35,0,0,1.1,0,1828,0,0,0,29.895,0,0,5.75044985,-1.9,300,0,3744.6,30,0.6848,0
1/23/20 19:24,28.8333333333333,28.7916666666667,0,0,4662.7,20.35,0,0,1.1,0,1828,0,0,0,29.895,0,0,5.75397985,-1.9,300,0,3744.6,30,0.6848,0
1/23/20 19:29,28.9166666666667,28.875,0,0,4662.7,20.35,0,0,1.1,0,1828,0,0,0,29.87294775,0,0,5.75745015,-1.9,300,0,3744.6,30,0.6848,0
1/23/20 19:34,29,28.9583333333333,0,0,4662.7,20.35,0,0,1.1,0,1828,0,0,0,29.8720545,0,0,5.7595097,-1.9,300,0,3744.6,30,0.6848,0
1/23/20 19:39,29.0833333333333,29.0416666666667,0,0,4662.7,20.35,0,0,1.1,0,1828,0,0,0,29.887647,0,0,5.75409955,-1.9,300,0,3744.6,30,0.6848,0
1/23/20 19:44,29.1666666666667,29.125,0,0,4662.7,20.35,0,0,1.1,0,1828,0,0,0.343035,29.8873515,0,0,5.7529209,-1.9,300,0,3744.6,30,0.6848,0
1/23/20 19:49,29.25,29.2083333333333,0,0,4662.7,20.35,0,0,1.1,0,1828,0,0,0.35693,29.89499925,0,0,5.76337025,-1.9,300,0,3744.6,30,0.6848,0
1/23/20 19:54,29.3333333333333,29.2916666666667,0,0,4662.7,20.35,0,0,1.1,0,1828,0,0,0.000035,29.895,0,0,5.77097945,-1.9,300,0,3744.6,30,0.6848,0
1/23/20 19:59,29.4166666666667,29.375,0,0,4662.7,20.35,0,0,1.1,0,1828,0,0,0,29.895,0,0,5.77739045,-1.9,300,0,3744.6,30,0.6848,0
1/23/20 20:04,29.5,29.4583333333333,0,0,4662.7,20.35,0,0,1.1,0,1828,0,0,0,29.895,0,0,5.7844696,-1.9,300,0,3744.6,30,0.6848,0
1/23/20 20:09,29.5833333333333,29.5416666666667,0,0,4662.7,20.35,0,0,1.1,0,1828,0,0,0,29.895,0,0,5.78697995,-1.9,300,0,3744.6,30,0.6848,0
1/23/20 20:14,29.6666666666667,29.625,0,0,4662.7,20.35,0,0,1.1,0,1828,0,0,0,29.895,0,0,5.80417155,-1.9,300,0,3744.6,30,0.6848,0
1/23/20 20:19,29.75,29.7083333333333,0,0,4662.7,20.35,0,0,1.1,0,1828,0,0,0,29.8508955,0,0,5.8293292,-1.9,300,0,3744.6,30,0.6848,0
1/23/20 20:24,29.8333333333333,29.7916666666667,0,0,4662.7,20.35,0,0,1.1,0,1828,0,0,0.343035,29.849109,0,0,5.83897925,-1.9,300,0,3744.6,30,0.6848,0
1/23/20 20:29,29.9166666666667,29.875,0,0,4662.7,20.35,0,0,1.1,0,1828,0,0,0.35693,29.85824175,0,0,5.8478407,-1.9,300,0,3744.6,30,0.6848,0
1/23/20 20:34,30,29.9583333333333,0,0,4662.7,20.35,0,0,1.1,0,1828,0,0,0.000035,29.8567575,0,0,5.8569793,-1.9,300,0,3744.6,30,0.6848,0
1/23/20 20:39,30.0833333333333,30.0416666666667,0,0,4662.7,20.35,0,0,1.1,0,1828,0,0,0,29.89499625,0,0,5.85652975,-1.9,300,0,3744.6,30,0.6848,0
1/23/20 20:44,30.1666666666667,30.125,0,0,4662.7,20.35,0,0,1.1,0,1828,0,0,0,29.87294775,0,0,5.85303995,-1.9,300,0,3744.6,30,0.6848,0
1/23/20 20:49,30.25,30.2083333333333,0,0,4662.7,20.35,0,0,1.1,0,1828,0,0,0.343035,29.82795,0,0,5.85051015,-1.9,300,0,3744.6,30,0.6848,0
1/23/20 20:54,30.3333333333333,30.2916666666667,0,0,4662.7,20.35,0,0,1.1,0,1828,0,0,0.35693,29.84910675,0,0,5.85294035,-1.9,300,0,3744.6,30,0.6848,0
1/23/20 20:59,30.4166666666667,30.375,0,0,4662.7,20.35,0,0,1.1,0,1828,0,0,0.000035,29.8949955,0,0,5.8579599,-1.9,300,0,3744.6,30,0.6848,0
1/23/20 21:04,30.5,30.4583333333333,0,0,4662.7,20.35,0,0,1.1,0,1828,0,0,0,29.895,0,0,5.8639202,-1.9,300,0,3744.6,30,0.6848,0
1/23/20 21:09,30.5833333333333,30.5416666666667,0,0,4662.7,20.35,0,0,1.1,0,1828,0,0,0,29.895,0,0,5.86946975,-1.9,300,0,3744.6,30,0.6848,0
1/23/20 21:14,30.6666666666667,30.625,0,0,4662.7,20.35,0,0,1.1,0,1828,0,0,0,29.895,0,0,5.8744302,-1.9,300,0,3744.6,30,0.6848,0
1/23/20 21:19,30.75,30.7083333333333,0,0,4662.7,20.35,0,0,1.1,0,1828,0,0,0,29.895,0,0,5.8765295,-1.9,300,0,3744.6,30,0.6848,0
1/23/20 21:24,30.8333333333333,30.7916666666667,0,0,4662.7,20.35,0,0,1.1,0,1828,0,0,0,29.895,0,0,5.87990065,-1.9,300,0,3744.6,30,0.6848,0
1/23/20 21:29,30.9166666666667,30.875,0,0,4662.7,20.35,0,0,1.1,0,1828,0,0,0,29.895,0,0,5.89525636046512,-1.9,300,0,3744.6,30,0.6848,0
1/23/20 21:34,31,30.9583333333333,0,0,4662.7,20.35,0,0,1.1,0,1828,0,0,0,29.895,0,0,5.91086569509044,-1.9,300,0,3744.6,30,0.6848,0
1/23/20 21:39,31.0833333333333,31.0416666666667,0,0,4662.7,20.35,0,0,1.1,0,1828,0,0,0,29.895,0,0,5.91453884444444,-1.9,300,0,3744.6,30,0.6848,0
1/23/20 21:44,31.1666666666667,31.125,0,0,4662.7,20.35,0,0,1.1,0,1828,0,0,0.340728888888889,29.895,0,0,5.91202675555556,-1.9,300,0,3744.6,30,0.6848,0
1/23/20 21:49,31.25,31.2083333333333,0,0,4662.7,20.35,0,0,1.1,0,1828,0,0,0.359208888888889,29.895,0,0,5.91051342222222,-1.9,300,0,3744.6,30,0.6848,0
1/23/20 21:54,31.3333333333333,31.2916666666667,0,0,4662.7,20.35,0,0,1.1,0,1828,0,0,0.340791111111111,29.895,0,0,5.90902657777778,-1.9,300,0,3744.6,30,0.6848,0
1/23/20 21:59,31.4166666666667,31.375,0,0,4662.7,20.35,0,0,1.1,0,1828,0,0,0.359208888888889,29.895,0,0,5.90702666666667,-1.9,300,0,3744.6,30,0.6848,0
1/23/20 22:04,31.5,31.4583333333333,0,0,4662.7,20.35,0,0,1.1,0,1828,0,0,6.22E-05,29.895,0,0,5.90843395555556,-1.9,300,0,3744.6,30,0.6848,0
1/23/20 22:09,31.5833333333333,31.5416666666667,0,0,4662.7,20.35,0,0,1.1,0,1828,0,0,0,29.895,0,0,5.91245982222222,-1.9,300,0,3744.6,30,0.6848,0
1/23/20 22:14,31.6666666666667,31.625,0,0,4662.7,20.35,0,0,1.1,0,1828,0,0,0,29.895,0,0,5.91838053333333,-1.9,300,0,3744.6,30,0.6848,0
1/23/20 22:19,31.75,31.7083333333333,0,0,4662.7,20.35,0,0,1.1,0,1828,0,0,0,29.895,0,0,5.92445946666667,-1.9,300,0,3744.6,30,0.6848,0
1/23/20 22:24,31.8333333333333,31.7916666666667,0,0,4662.7,20.35,0,0,1.1,0,1828,0,0,0,29.895,0,0,5.9318408,-1.9,300,0,3744.6,30,0.6848,0
1/23/20 22:29,31.9166666666667,31.875,0,0,4662.7,20.35,0,0,1.1,0,1828,0,0,0,29.895,0,0,5.93702542222222,-1.9,300,0,3744.6,30,0.6848,0
1/23/20 22:34,32,31.9583333333333,0,0,4662.7,20.35,0,0,1.1,0,1828,0,0,0,29.895,0,0,5.93697368888889,-1.9,300,0,3744.6,30,0.6848,0
1/23/20 22:39,32.0833333333333,32.0416666666667,0,0,4662.7,20.35,0,0,1.1,0,1828,0,0,0,29.895,0,0,5.93848657777778,-1.9,300,0,3744.6,30,0.6848,0
1/23/20 22:44,32.1666666666667,32.125,0,0,4662.7,20.35,0,0,1.1,0,1828,0,0,0,29.851192,0,0,5.94386746666667,-1.9,300,0,3744.6,30,0.6848,0
1/23/20 22:49,32.25,32.2083333333333,0,0,4662.7,20.35,0,0,1.1,0,1828,0,0,0,29.848816,0,0,5.94753884444444,-1.9,300,0,3744.6,30,0.6848,0
1/23/20 22:54,32.3333333333333,32.2916666666667,0,0,4662.7,20.35,0,0,1.1,0,1828,0,0,0,29.8000746666667,0,0,5.94697377777778,-1.9,300,0,3744.6,30,0.6848,0
1/23/20 22:59,32.4166666666667,32.375,0,0,4662.7,20.35,0,0,1.1,0,1828,0,0,0,29.7876333333333,0,0,5.94946008888889,-1.9,300,0,3744.6,30,0.6848,0
1/23/20 23:04,32.5,32.4583333333333,0,0,4662.7,20.35,0,0,1.1,0,1828,0,0,0,29.8434773333333,0,0,5.95440702222222,-1.9,300,0,3744.6,30.0511093333333,0.6848,0
1/23/20 23:09,32.5833333333333,32.5416666666667,0,0,4662.7,20.35,0,0,1.1,0,1828,0,0,0,29.8050066666667,0,0,5.95702586666667,-1.9,300,0,3744.6,30.0538813333333,0.6848,0
1/23/20 23:14,32.6666666666667,32.625,0,0,4662.7,20.35,0,0,1.1,0,1828,0,0,0,29.805,0,0,5.96476177777778,-1.9,300,0,3744.6,30.0000093333333,0.6848,0
1/23/20 23:19,32.75,32.7083333333333,0,0,4662.7,20.35,0,0,1.1,0,1828,0,0,0,29.805,0,0,5.9739984,-1.9,300,0,3744.6,30,0.6848,0
1/23/20 23:24,32.8333333333333,32.7916666666667,0,0,4662.7,20.35,0,0,1.1,0,1828,0,0,0,29.805,0,0,5.97643377777778,-1.9,300,0,3744.6,30,0.6848,0
1/23/20 23:29,32.9166666666667,32.875,0,0,4662.7,20.35,0,0,1.1,0,1828,0,0,0,29.805,0,0,5.97997306666667,-1.9,300,0,3744.6,30,0.6848,0
1/23/20 23:34,33,32.9583333333333,0,0,4662.7,20.35,0,0,1.1,0,1828,0,0,0.340728888888889,29.805,0,0,5.98002631111111,-1.9,300,0,3744.6,30,0.6848,0
1/23/20 23:39,33.0833333333333,33.0416666666667,0,0,4662.7,20.35,0,0,1.1,0,1828,0,0,0.359208888888889,29.805,0,0,5.97753991111111,-1.9,300,0,3744.6,30,0.6848,0
1/23/20 23:44,33.1666666666667,33.125,0,0,4662.7,20.35,0,0,1.1,0,1828,0,0,6.22E-05,29.805,0,0,5.97600026666667,-1.9,300,0,3744.6,30,0.6848,0
1/23/20 23:49,33.25,33.2083333333333,0,0,4662.7,20.35,0,0,1.1,0,1828,0,0,0,29.7684933333333,0,0,5.97989404444444,-1.9,300,0,3744.6,30,0.6848,0
1/23/20 23:54,33.3333333333333,33.2916666666667,0,0,4662.7,20.35,0,0,1.1,0,1828,0,0,0,29.7665133333333,0,0,5.98740657777778,-1.9,300,0,3744.6,30,0.6848,0
1/23/20 23:59,33.4166666666667,33.375,0,0,4662.7,20.35,0,0,1.1,0,1828,0,0,0,29.8049933333333,0,0,5.99489342222222,-1.9,300,0,3744.6,30,0.6848,0
1/24/20 0:04,33.5,33.4583333333333,0,0,4662.7,20.35,0,0,1.1,0,1828,0,0,0,29.805,0,0,6.00240657777778,-1.9,300,0,3744.6,30,0.6848,0
1/24/20 0:09,33.5833333333333,33.5416666666667,0,0,4662.7,20.35,0,0,1.1,0,1828,0,0,0,29.805,0,0,6.00940666666667,-1.9,300,0,3744.6,30,0.6848,0
1/24/20 0:14,33.6666666666667,33.625,0,0,4662.7,20.35,0,0,1.1,0,1828,0,0,0,29.805,0,0,6.01689342222222,-1.9,300,0,3744.6,30,0.6848,0
1/24/20 0:19,33.75,33.7083333333333,0,0,4662.7,20.35,0,0,1.1,0,1828,0,0,0,29.805,0,0,6.0219728,-1.9,300,0,3744.6,30,0.6848,0
1/24/20 0:24,33.8333333333333,33.7916666666667,0,0,4662.7,20.35,0,0,1.1,0,1828,0,0,0,29.805,0,0,6.02446008888889,-1.9,300,0,3744.6,30,0.6848,0
1/24/20 0:29,33.9166666666667,33.875,0,0,4662.7,20.35,0,0,1.1,0,1828,0,0,0,29.805,0,0,6.02940702222222,-1.9,300,0,3744.6,30,0.6848,0
1/24/20 0:34,34,33.9583333333333,0,0,4662.7,20.35,0,0,1.1,0,1828,0,0,0,29.805,0,0,6.03397288888889,-1.9,300,0,3744.6,30,0.6848,0
1/24/20 0:39,34.0833333333333,34.0416666666667,0,0,4662.7,20.35,0,0,1.1,0,1828,0,0,0,29.7903973333333,0,0,6.03889386666667,-1.9,300,0,3744.6,30,0.6848,0
1/24/20 0:44,34.1666666666667,34.125,0,0,4662.7,20.35,0,0,1.1,0,1828,0,0,0,29.7896053333333,0,0,6.04591982222222,-1.9,300,0,3744.6,30,0.6848,0
1/24/20 0:49,34.25,34.2083333333333,0,0,4662.7,20.35,0,0,1.1,0,1828,0,0,0,29.8049973333333,0,0,6.05240675555556,-1.9,300,0,3744.6,30,0.6848,0
1/24/20 0:54,34.3333333333333,34.2916666666667,0,0,4662.7,20.35,0,0,1.1,0,1828,0,0,0,29.805,0,0,6.05843315555555,-1.9,300,0,3744.6,30,0.6848,0
1/24/20 0:59,34.4166666666667,34.375,0,0,4662.7,20.35,0,0,1.1,0,1828,0,0,0.340728888888889,29.805,0,0,6.06343333333333,-1.9,300,0,3744.6,30,0.6848,0
1/24/20 1:04,34.5,34.4583333333333,0,0,4662.7,20.35,0,0,1.1,0,1828,0,0,0.359208888888889,29.805,0,0,6.07135386666667,-1.9,300,0,3744.6,30,0.6848,0
1/24/20 1:09,34.5833333333333,34.5416666666667,0,0,4662.7,20.35,0,0,1.1,0,1828,0,0,6.22E-05,29.805,0,0,6.07894604444444,-1.9,300,0,3744.6,30,0.6848,0
1/24/20 1:14,34.6666666666667,34.625,0,0,4662.7,20.35,0,0,1.1,0,1828,0,0,0,29.805,0,0,6.08392017777778,-1.9,300,0,3744.6,30,0.6848,0
1/24/20 1:19,34.75,34.7083333333333,0,0,4662.7,20.35,0,0,1.1,0,1828,0,0,0,29.805,0,0,6.09138026666667,-1.9,300,0,3744.6,30,0.6848,0
1/24/20 1:24,34.8333333333333,34.7916666666667,0,0,4662.7,20.35,0,0,1.1,0,1828,0,0,0,29.805,0,0,6.09843297777778,-1.9,300,0,3744.6,30,0.6848,0
1/24/20 1:29,34.9166666666667,34.875,0,0,4662.7,20.35,0,0,1.1,0,1828,0,0,0,29.805,0,0,6.10343333333333,-1.9,300,0,3744.6,30,0.6848,0
1/24/20 1:34,35,34.9583333333333,0,0,4662.7,20.35,0,0,1.1,0,1828,0,0,0,29.805,0,0,6.10745982222222,-1.9,300,0,3744.6,30,0.6848,0
1/24/20 1:39,35.0833333333333,35.0416666666667,0,0,4662.7,20.35,0,0,1.1,0,1828,0,0,0,29.805,0,0,6.10753946666667,-1.9,300,0,3744.6,30,0.6848,0
1/24/20 1:44,35.1666666666667,35.125,0,0,4662.7,20.35,0,0,1.1,0,1828,0,0,0,29.805,0,0,6.11038106666667,-1.9,300,0,3744.6,30,0.6848,0
1/24/20 1:49,35.25,35.2083333333333,0,0,4662.7,20.35,0,0,1.1,0,1828,0,0,0,29.805,0,0,6.12522106666667,-1.9,300,0,3744.6,30,0.681684764444444,0
1/24/20 1:54,35.3333333333333,35.2916666666667,0,0,4662.7,20.35,0,0,1.1,0,1828,0,0,0,29.805,0,0,6.14086568888889,-1.9,300,0,3744.6,30,0.678400568888889,0
1/24/20 1:59,35.4166666666667,35.375,0,0,4662.7,20.35,0,0,1.1,0,1828,0,0,0,29.805,0,0,6.14843288888889,-1.9,300,0,3744.6,30,0.6784,0
1/24/20 2:04,35.5,35.4583333333333,0,0,4662.7,20.35,0,0,1.1,0,1828,0,0,0,29.7538906666667,0,0,6.1548936,-1.9,300,0,3744.6,30,0.6784,0
1/24/20 2:09,35.5833333333333,35.5416666666667,0,0,4662.7,20.35,0,0,1.1,0,1828,0,0,0,29.7511186666667,0,0,6.16240657777778,-1.9,300,0,3744.6,30,0.6784,0
1/24/20 2:14,35.6666666666667,35.625,0,0,4662.7,20.35,0,0,1.1,0,1828,0,0,0,29.8049906666667,0,0,6.16843315555556,-1.9,300,0,3744.6,30,0.6784,0
1/24/20 2:19,35.75,35.7083333333333,0,0,4662.7,20.35,0,0,1.1,0,1828,0,0,0,29.805,0,0,6.17002604444444,-1.9,300,0,3744.6,30,0.6784,0
1/24/20 2:24,35.8333333333333,35.7916666666667,0,0,4662.7,20.35,0,0,1.1,0,1828,0,0,0,29.805,0,0,6.17240746666667,-1.9,300,0,3744.6,30,0.6784,0
1/24/20 2:29,35.9166666666667,35.875,0,0,4662.7,20.35,0,0,1.1,0,1828,0,0,0,29.805,0,0,6.17648613333333,-1.9,300,0,3744.6,30,0.6784,0
1/24/20 2:34,36,35.9583333333333,0,0,4662.7,20.35,0,0,1.1,0,1828,0,0,0,29.805,0,0,6.18089395555556,-1.9,300,0,3744.6,30,0.6784,0
1/24/20 2:39,36.0833333333333,36.0416666666667,0,0,4662.7,20.35,0,0,1.1,0,1828,0,0,0,29.805,0,0,6.18499928888889,-1.9,300,0,3744.6,30,0.6784,0
1/24/20 2:44,36.1666666666667,36.125,0,0,4662.7,20.35,0,0,1.1,0,1828,0,0,0,29.805,0,0,6.185,-1.9,300,0,3744.6,30,0.6784,0
1/24/20 2:49,36.25,36.2083333333333,0,0,4662.7,20.35,0,0,1.1,0,1828,0,0,0,29.805,0,0,6.18840728888889,-1.9,300,0,3744.6,30,0.6784,0
1/24/20 2:54,36.3333333333333,36.2916666666667,0,0,4662.7,20.35,0,0,1.1,0,1828,0,0,0,29.805,0,0,6.19345964444444,-1.9,300,0,3744.6,30,0.6784,0
1/24/20 2:59,36.4166666666667,36.375,0,0,4662.7,20.35,0,0,1.1,0,1828,0,0,0,29.805,0,0,6.2008408,-1.9,300,0,3744.6,30,0.6784,0
1/24/20 3:04,36.5,36.4583333333333,0,0,4662.7,20.35,0,0,1.1,0,1828,0,0,0,29.805,0,0,6.20797244444444,-1.9,300,0,3744.6,30,0.6784,0
1/24/20 3:09,36.5833333333333,36.5416666666667,0,0,4662.7,20.35,0,0,1.1,0,1828,0,0,0,29.7538906666667,0,0,6.21192035555555,-1.9,300,0,3744.6,30,0.6784,0
1/24/20 3:14,36.6666666666667,36.625,0,0,4662.7,20.35,0,0,1.1,0,1828,0,0,0,29.7509488682171,0,0,6.21791029723145,-1.9,300,0,3744.6,30,0.6784,0
1/24/20 3:19,36.75,36.7083333333333,0,0,4662.7,20.35,0,0,1.1,0,1828,0,0,0,29.8049854651163,0,0,6.21809833610188,-1.9,300,0,3744.6,30,0.6784,0
1/24/20 3:24,36.8333333333333,36.7916666666667,0,0,4662.7,20.35,0,0,1.1,0,1828,0,0,0,29.805,0,0,6.21741819444444,-1.9,300,0,3744.6,30,0.6784,0
1/24/20 3:29,36.9166666666667,36.875,0,0,4662.7,20.35,0,0,1.1,0,1828,0,0,0,29.805,0,0,6.22338361111111,-1.9,300,0,3744.6,30,0.6784,0
1/24/20 3:34,37,36.9583333333333,0,0,4662.7,20.35,0,0,1.1,0,1828,0,0,0.338430555555556,29.805,0,0,6.22941638888889,-1.9,300,0,3744.6,30,0.6784,0
1/24/20 3:39,37.0833333333333,37.0416666666667,0,0,4662.7,20.35,0,0,1.1,0,1828,0,0,0.361472222222222,29.805,0,0,6.23780097222222,-1.9,300,0,3744.6,30,0.6784,0
1/24/20 3:44,37.1666666666667,37.125,0,0,4662.7,20.35,0,0,1.1,0,1828,0,0,9.72E-05,29.805,0,0,6.24834958333333,-1.9,300,0,3744.6,30,0.6784,0
1/24/20 3:49,37.25,37.2083333333333,0,0,4662.7,20.35,0,0,1.1,0,1828,0,0,0.338430555555556,29.805,0,0,6.25638305555556,-1.9,300,0,3744.6,30,0.6784,0
1/24/20 3:54,37.3333333333333,37.2916666666667,0,0,4662.7,20.35,0,0,1.1,0,1828,0,0,0.361472222222222,29.805,0,0,6.25951555555555,-1.9,300,0,3744.6,30,0.6784,0
1/24/20 3:59,37.4166666666667,37.375,0,0,4662.7,20.35,0,0,1.1,0,1828,0,0,9.72E-05,29.805,0,0,6.25948361111111,-1.9,300,0,3744.6,30,0.6784,0
1/24/20 4:04,37.5,37.4583333333333,0,0,4662.7,20.35,0,0,1.1,0,1828,0,0,0,29.805,0,0,6.26580152777778,-1.9,300,0,3744.6,30,0.6784,0
1/24/20 4:09,37.5833333333333,37.5416666666667,0,0,4662.7,20.35,0,0,1.1,0,1828,0,0,0.338430555555556,29.7542354166667,0,0,6.27054791666667,-1.9,300,0,3744.6,30,0.6784,0
1/24/20 4:14,37.6666666666667,37.625,0,0,4662.7,20.35,0,0,1.1,0,1828,0,0,0.361472222222222,29.7507791666667,0,0,6.27286819444444,-1.9,300,0,3744.6,30,0.6784,0
1/24/20 4:19,37.75,37.7083333333333,0,0,4662.7,20.35,0,0,1.1,0,1828,0,0,0.338527777777778,29.8049854166667,0,0,6.27941625,-1.9,300,0,3744.6,30,0.6784,0
1/24/20 4:24,37.8333333333333,37.7916666666667,0,0,4662.7,20.35,0,0,1.1,0,1828,0,0,0.699902777777778,29.805,0,0,6.28538361111111,-1.9,300,0,3744.6,30,0.6784,0
1/24/20 4:29,37.9166666666667,37.875,0,0,4662.7,20.35,0,0,1.1,0,1828,0,0,0.361569444444444,29.805,0,0,6.29286680555556,-1.9,300,0,3744.6,30,0.6784,0
1/24/20 4:34,38,37.9583333333333,0,0,4662.7,20.35,0,0,1.1,0,1828,0,0,0.338527777777778,29.805,0,0,6.30038319444444,-1.9,300,0,3744.6,30,0.6784,0
1/24/20 4:39,38.0833333333333,38.0416666666667,0,0,4662.7,20.35,0,0,1.1,0,1828,0,0,0.361472222222222,29.805,0,0,6.30786680555555,-1.9,300,0,3744.6,30,0.6784,0
1/24/20 4:44,38.1666666666667,38.125,0,0,4662.7,20.35,0,0,1.1,0,1828,0,0,9.72E-05,29.805,0,0,6.31441625,-1.9,300,0,3744.6,30,0.6784,0
1/24/20 4:49,38.25,38.2083333333333,0,0,4662.7,20.35,0,0,1.1,0,1828,0,0,0,29.805,0,0,6.31458194444444,-1.9,300,0,3744.6,30,0.6784,0
1/24/20 4:54,38.3333333333333,38.2916666666667,0,0,4662.7,20.35,0,0,1.1,0,1828,0,0,0.338430555555556,29.805,0,0,6.31393458333333,-1.9,300,0,3744.6,30,0.6784,0
1/24/20 4:59,38.4166666666667,38.375,0,0,4662.7,20.35,0,0,1.1,0,1828,0,0,0.361472222222222,29.805,0,0,6.31648291666667,-1.9,300,0,3744.6,30,0.6784,0
1/24/20 5:04,38.5,38.4583333333333,0,0,4662.7,20.35,0,0,1.1,0,1828,0,0,9.72E-05,29.805,0,0,6.32183458333333,-1.9,300,0,3744.6,30,0.6784,0
1/24/20 5:09,38.5833333333333,38.5416666666667,0,0,4662.7,20.35,0,0,1.1,0,1828,0,0,0,29.805,0,0,6.32844902777778,-1.9,300,0,3744.6,30,0.6784,0
1/24/20 5:14,38.6666666666667,38.625,0,0,4662.7,20.35,0,0,1.1,0,1828,0,0,0,29.805,0,0,6.32999958333333,-1.9,300,0,3744.6,30,0.6784,0
1/24/20 5:19,38.75,38.7083333333333,0,0,4662.7,20.35,0,0,1.1,0,1828,0,0,0,29.805,0,0,6.33145041666667,-1.9,300,0,3744.6,30,0.6784,0
1/24/20 5:24,38.8333333333333,38.7916666666667,0,0,4662.7,20.35,0,0,1.1,0,1828,0,0,0,29.805,0,0,6.33251611111111,-1.9,300,0,3744.6,30,0.6784,0
1/24/20 5:29,38.9166666666667,38.875,0,0,4662.7,20.35,0,0,1.1,0,1828,0,0,0.338430555555556,29.805,0,0,6.33393402777778,-1.9,300,0,3744.6,30,0.6784,0
1/24/20 5:34,39,38.9583333333333,0,0,4662.7,20.35,0,0,1.1,0,1828,0,0,0.361472222222222,29.805,0,0,6.33648291666667,-1.9,300,0,3744.6,30,0.6784,0
1/24/20 5:39,39.0833333333333,39.0416666666667,0,0,4662.7,20.35,0,0,1.1,0,1828,0,0,0.338527777777778,29.805,0,0,6.34183458333333,-1.9,300,0,3744.6,30,0.6784,0
1/24/20 5:44,39.1666666666667,39.125,0,0,4662.7,20.35,0,0,1.1,0,1828,0,0,0.361472222222222,29.805,0,0,6.34941597222222,-1.9,300,0,3744.6,30,0.6784,0
1/24/20 5:49,39.25,39.2083333333333,0,0,4662.7,20.35,0,0,1.1,0,1828,0,0,0.338527777777778,29.805,0,0,6.35248277777778,-1.9,300,0,3744.6,30,0.6784,0
1/24/20 5:54,39.3333333333333,39.2916666666667,0,0,4662.7,20.35,0,0,1.1,0,1828,0,0,0.361472222222222,29.805,0,0,6.35541722222222,-1.9,300,0,3744.6,30,0.6784,0
1/24/20 5:59,39.4166666666667,39.375,0,0,4662.7,20.35,0,0,1.1,0,1828,0,0,0.338527777777778,29.805,0,0,6.36138361111111,-1.9,300,0,3744.6,30,0.6784,0
1/24/20 6:04,39.5,39.4583333333333,0,0,4662.7,20.35,0,0,1.1,0,1828,0,0,0.699902777777778,29.805,0,0,6.36596597222222,-1.9,300,0,3744.6,30,0.6784,0
1/24/20 6:09,39.5833333333333,39.5416666666667,0,0,4662.7,20.35,0,0,1.1,0,1828,0,0,0.361569444444444,29.805,0,0,6.36990055555556,-1.9,300,0,3744.6,30,0.6784,0
1/24/20 6:14,39.6666666666667,39.625,0,0,4662.7,20.35,0,0,1.1,0,1828,0,0,9.72E-05,29.805,0,0,6.37541652777778,-1.9,300,0,3744.6,30,0.6784,0
1/24/20 6:19,39.75,39.7083333333333,0,0,4662.7,20.35,0,0,1.1,0,1828,0,0,0,29.805,0,0,6.38041666666667,-1.9,300,0,3744.6,30,0.6784,0
1/24/20 6:24,39.8333333333333,39.7916666666667,0,0,4662.7,20.35,0,0,1.1,0,1828,0,0,0.338430555555556,29.805,0,0,6.38444972222222,-1.9,300,0,3744.6,30,0.6784,0
1/24/20 6:29,39.9166666666667,39.875,0,0,4662.7,20.35,0,0,1.1,0,1828,0,0,0.361472222222222,29.805,0,0,6.38793347222222,-1.9,300,0,3744.6,30,0.6784,0
1/24/20 6:34,40,39.9583333333333,0,0,4662.7,20.35,0,0,1.1,0,1828,0,0,0.338527777777778,29.805,0,0,6.39144986111111,-1.9,300,0,3744.6,30,0.6784,0
1/24/20 6:39,40.0833333333333,40.0416666666667,0,0,4662.7,20.35,0,0,1.1,0,1828,0,0,0.361472222222222,29.805,0,0,6.39348305555555,-1.9,300,0,3744.6,30,0.6784,0
1/24/20 6:44,40.1666666666667,40.125,0,0,4662.7,20.35,0,0,1.1,0,1828,0,0,9.72E-05,29.805,0,0,6.39690069444445,-1.9,300,0,3744.6,30,0.6784,0
1/24/20 6:49,40.25,40.2083333333333,0,0,4662.7,20.35,0,0,1.1,0,1828,0,0,0.338430555555556,29.8485125,0,0,6.40144958333333,-1.9,300,0,3744.6,30,0.6784,0
1/24/20 6:54,40.3333333333333,40.2916666666667,0,0,4662.7,20.35,0,0,1.1,0,1828,0,0,0.361472222222222,29.851475,0,0,6.40251611111111,-1.9,300,0,3744.6,30,0.6784,0
1/24/20 6:59,40.4166666666667,40.375,0,0,4662.7,20.35,0,0,1.1,0,1828,0,0,9.72E-05,29.8050125,0,0,6.4044175,-1.9,300,0,3744.6,30,0.6784,0
1/24/20 7:04,40.5,40.4583333333333,0,0,4662.7,20.35,0,0,1.1,0,1828,0,0,0,29.805,0,0,6.40458194444444,-1.9,300,0,3744.6,30,0.6784,0
1/24/20 7:09,40.5833333333333,40.5416666666667,0,0,4662.7,20.35,0,0,1.1,0,1828,0,0,0,29.805,0,0,6.40006680555556,-1.9,300,0,3744.6,30,0.6784,0
1/24/20 7:14,40.6666666666667,40.625,0,0,4662.7,20.35,0,0,1.1,0,1828,0,0,0,29.805,0,0,6.40090138888889,-1.9,300,0,3744.6,30,0.6784,0
1/24/20 7:19,40.75,40.7083333333333,0,0,4662.7,20.35,0,0,1.1,0,1828,0,0,0,29.805,0,0,6.4069,-1.9,300,0,3744.6,30,0.6784,0
1/24/20 7:24,40.8333333333333,40.7916666666667,0,0,4662.7,20.35,0,0,1.1,0,1828,0,0,0,29.805,0,0,6.41338347222222,-1.9,300,0,3744.6,30,0.6784,0
1/24/20 7:29,40.9166666666667,40.875,0,0,4662.7,20.35,0,0,1.1,0,1828,0,0,0,29.805,0,0,6.41603529577335,-1.9,300,0,3744.6,30,0.6784,0
1/24/20 7:34,41,40.9583333333333,0,0,4662.7,20.35,0,0,1.1,0,1828,0,0,0,29.805,0,0,6.4135597986711,-1.9,300,0,3744.6,30,0.6784,0
1/24/20 7:39,41.0833333333333,41.0416666666667,0,0,4662.7,20.35,0,0,1.1,0,1828,0,0,0.33614,29.805,0,0,6.4110402,-1.9,300,0,3744.6,30,0.6784,0
1/24/20 7:44,41.1666666666667,41.125,0,0,4662.7,20.35,0,0,1.1,0,1828,0,0,0.36372,29.805,0,0,6.404238,-1.9,300,0,3744.6,30,0.6784,0
1/24/20 7:49,41.25,41.2083333333333,0,0,4662.7,20.35,0,0,1.1,0,1828,0,0,0.00014,29.848218,0,0,6.3927202,-1.9,300,0,3744.6,30,0.6784,0
1/24/20 7:54,41.3333333333333,41.2916666666667,0,0,4662.7,20.35,0,0,1.1,0,1828,0,0,0,29.851764,0,0,6.3860418,-1.9,300,0,3744.6,30,0.6784,0
1/24/20 7:59,41.4166666666667,41.375,0,0,4662.7,20.35,0,0,1.1,0,1828,0,0,0,29.805018,0,0,6.3850004,-1.9,300,0,3744.6,30,0.6784,0
1/24/20 8:04,41.5,41.4583333333333,0,0,4662.7,20.35,0,0,1.1,0,1828,0,0,0,29.805,0,0,6.3864406,-1.9,300,0,3744.6,30,0.6784,0
1/24/20 8:09,41.5833333333333,41.5416666666667,0,0,4662.7,20.35,0,0,1.1,0,1828,0,0,0,29.805,0,0,6.3879994,-1.9,300,0,3744.6,30,0.6784,0
1/24/20 8:14,41.6666666666667,41.625,0,0,4662.7,20.35,0,0,1.1,0,1828,0,0,0,29.805,0,0,6.390401,-1.9,300,0,3744.6,30,0.6784,0
1/24/20 8:19,41.75,41.7083333333333,0,0,4662.7,20.35,0,0,1.1,0,1828,0,0,0,29.805,0,0,6.3963604,-1.9,300,0,3744.6,30,0.6784,0
1/24/20 8:24,41.8333333333333,41.7916666666667,0,0,4662.7,20.35,0,0,1.1,0,1828,0,0,0,29.805,0,0,6.400959,-1.9,300,0,3744.6,30,0.6784,0
1/24/20 8:29,41.9166666666667,41.875,0,0,4662.7,20.35,0,0,1.1,0,1828,0,0,0,29.848218,0,0,6.4024798,-1.9,300,0,3744.6,30,0.6784,0
1/24/20 8:34,42,41.9583333333333,0,0,4662.7,20.35,0,0,1.1,0,1828,0,0,0,29.851764,0,0,6.4039602,-1.9,300,0,3744.6,30,0.6784,0
1/24/20 8:39,42.0833333333333,42.0416666666667,0,0,4662.7,20.35,0,0,1.1,0,1828,0,0,0,29.805018,0,0,6.4112422,-1.9,300,0,3744.6,30,0.6784,0
1/24/20 8:44,42.1666666666667,42.125,0,0,4662.7,20.35,0,0,1.1,0,1828,0,0,0,29.805,0,0,6.4184776,-1.9,300,0,3744.6,30,0.6784,0
1/24/20 8:49,42.25,42.2083333333333,0,0,4662.7,20.35,0,0,1.1,0,1828,0,0,0,29.805,0,0,6.4185196,-1.9,300,0,3744.6,30,0.6784,0
1/24/20 8:54,42.3333333333333,42.2916666666667,0,0,4662.7,20.35,0,0,1.1,0,1828,0,0,0,29.805,0,0,6.4180002,-1.9,300,0,3744.6,30,0.6784,0
1/24/20 8:59,42.4166666666667,42.375,0,0,4662.7,20.35,0,0,1.1,0,1828,0,0,0,29.805,0,0,6.4213614,-1.9,300,0,3744.6,30,0.6784,0
1/24/20 9:04,42.5,42.4583333333333,0,0,4662.7,20.35,0,0,1.1,0,1828,0,0,0,29.805,0,0,6.4273996,-1.9,300,0,3744.6,30,0.6784,0
1/24/20 9:09,42.5833333333333,42.5416666666667,0,0,4662.7,20.35,0,0,1.1,0,1828,0,0,0,29.848218,0,0,6.4309594,-1.9,300,0,3744.6,30,0.6784,0
1/24/20 9:14,42.6666666666667,42.625,0,0,4662.7,20.35,0,0,1.1,0,1828,0,0,0,29.887779,0,0,6.4344006,-1.9,300,0,3744.6,30,0.6784,0
1/24/20 9:19,42.75,42.7083333333333,0,0,4662.7,20.35,0,0,1.1,0,1828,0,0,0,29.937627,0,0,6.37125871177945,-1.9,300,0,3744.6,30,0.6784,0
1/24/20 9:24,42.8333333333333,42.7916666666667,0,0,4662.7,20.35,0,0,1.1,0,1828,0,0,0.33614,29.949555,0,0,6.42430875488722,-1.9,300,0,3744.6,30,0.6784,0
1/24/20 9:29,42.9166666666667,42.875,0,0,4662.7,20.35,0,0,1.1,0,1828,0,0,0.69986,29.895021,0,0,6.446315,-1.9,300,0,3744.6,30,0.6784,0
1/24/20 9:34,43,42.9583333333333,0,0,4662.7,20.35,0,0,1.1,0,1828,0,0,0.7,29.851782,0,0,6.4582012,-1.9,300,0,3744.6,30,0.6784,0
1/24/20 9:39,43.0833333333333,43.0416666666667,0,0,4662.7,20.35,0,0,1.1,0,1828,0,0,0.36386,29.848236,0,0,6.4732,-1.9,300,0,3744.6,30,0.6784,0
1/24/20 9:44,43.1666666666667,43.125,0,0,4662.7,20.35,0,0,1.1,0,1828,0,0,0.00014,29.894982,0,0,6.4843584,-1.9,300,0,3744.6,30,0.6784,0
1/24/20 9:49,43.25,43.2083333333333,0,0,4662.7,20.35,0,0,1.1,0,1828,0,0,0,29.895,0,0,6.4928006,-1.9,300,0,3744.6,30,0.6784,0
1/24/20 9:54,43.3333333333333,43.2916666666667,0,0,4662.7,20.35,0,0,1.1,0,1828,0,0,0,29.851782,0,0,6.4994386,-1.9,300,0,3744.6,30,0.6784,0
1/24/20 9:59,43.4166666666667,43.375,0,0,4662.7,20.35,0,0,1.1,0,1828,0,0,0,29.848236,0,0,6.5043608,-1.9,300,0,3744.6,30,0.6784,0
1/24/20 10:04,43.5,43.4583333333333,0,0,4662.7,20.35,0,0,1.1,0,1828,0,0,0,29.894982,0,0,6.5094392,-1.9,300,0,3744.6,30,0.6784,0
1/24/20 10:09,43.5833333333333,43.5416666666667,0,0,4662.7,20.35,0,0,1.1,0,1828,0,0,0,29.887797,0,0,6.5109994,-1.9,300,0,3744.6,30,0.6784,0
1/24/20 10:14,43.6666666666667,43.625,0,0,4662.7,20.35,0,0,1.1,0,1828,0,0,0,29.843988,0,0,6.513401,-1.9,300,0,3744.6,30,0.6784,0
1/24/20 10:19,43.75,43.7083333333333,0,0,4662.7,20.35,0,0,1.1,0,1828,0,0,0,29.848233,0,0,6.515999,-1.9,300,0,3744.6,30,0.6784,0
1/24/20 10:24,43.8333333333333,43.7916666666667,0,0,4662.7,20.35,0,0,1.1,0,1828,0,0,0,29.894982,0,0,6.5179208,-1.9,300,0,3744.6,30,0.6784,0
1/24/20 10:29,43.9166666666667,43.875,0,0,4662.7,20.35,0,0,1.1,0,1828,0,0,0,29.895,0,0,6.5224002,-1.9,300,0,3744.6,30,0.6784,0
1/24/20 10:34,44,43.9583333333333,0,0,4662.7,20.35,0,0,1.1,0,1828,0,0,0,29.895,0,0,6.5230782,-1.9,300,0,3744.6,30,0.6784,0
1/24/20 10:39,44.0833333333333,44.0416666666667,0,0,4662.7,20.35,0,0,1.1,0,1828,0,0,0,29.851782,0,0,6.5229216,-1.9,300,0,3744.6,30,0.6784,0
1/24/20 10:44,44.1666666666667,44.125,0,0,4662.7,20.35,0,0,1.1,0,1828,0,0,0,29.848236,0,0,6.5254794,-1.9,300,0,3744.6,30,0.6784,0
1/24/20 10:49,44.25,44.2083333333333,0,0,4662.7,20.35,0,0,1.1,0,1828,0,0,0,29.873373,0,0,6.5221582,-1.9,300,0,3744.6,30,0.6784,0
1/24/20 10:54,44.3333333333333,44.2916666666667,0,0,4662.7,20.35,0,0,1.1,0,1828,0,0,0,29.871618,0,0,6.5194422,-1.9,300,0,3744.6,30,0.6784,0
1/24/20 10:59,44.4166666666667,44.375,0,0,4662.7,20.35,0,0,1.1,0,1828,0,0,0,29.894991,0,0,6.5209994,-1.9,300,0,3744.6,30,0.6784,0
1/24/20 11:04,44.5,44.4583333333333,0,0,4662.7,20.35,0,0,1.1,0,1828,0,0,0,29.895,0,0,6.5243614,-1.9,300,0,3744.6,30,0.67532672,0
1/24/20 11:09,44.5833333333333,44.5416666666667,0,0,4662.7,20.35,0,0,1.1,0,1828,0,0,0,29.895,0,0,6.5303996,-1.9,300,0,3744.6,30,0.67507456,0
1/24/20 11:14,44.6666666666667,44.625,0,0,4662.7,20.35,0,0,1.1,0,1828,0,0,0,29.873391,0,0,6.5344396,-1.9,300,0,3744.6,30,0.67839872,0
1/24/20 11:19,44.75,44.7083333333333,0,0,4662.7,20.35,0,0,1.1,0,1828,0,0,0,29.871618,0,0,6.5393608,-1.9,300,0,3744.6,30,0.6784,0
1/24/20 11:24,44.8333333333333,44.7916666666667,0,0,4662.7,20.35,0,0,1.1,0,1828,0,0,0,29.894991,0,0,6.5420382,-1.9,300,0,3744.6,30,0.6784,0
1/24/20 11:29,44.9166666666667,44.875,0,0,4662.7,20.35,0,0,1.1,0,1828,0,0,0,29.895,0,0,6.5434014,-1.9,300,0,3744.6,30,0.6784,0
1/24/20 11:34,45,44.9583333333333,0,0,4662.7,20.35,0,0,1.1,0,1828,0,0,0,29.895,0,0,6.5488802,-1.9,300,0,3744.6,30,0.6784,0
1/24/20 11:39,45.0833333333333,45.0416666666667,0,0,4662.7,20.35,0,0,1.1,0,1828,0,0,0,29.851782,0,0,6.5558404,-1.9,300,0,3744.6,30,0.6784,0
1/24/20 11:44,45.1666666666667,45.125,0,0,4662.7,20.35,0,0,1.1,0,1828,0,0,0,29.848236,0,0,6.5604786,-1.9,300,0,3744.6,30,0.6784,0
1/24/20 11:49,45.25,45.2083333333333,0,0,4662.7,20.35,0,0,1.1,0,1828,0,0,0,29.894982,0,0,6.5634008,-1.9,300,0,3744.6,30,0.67532672,0
1/24/20 11:54,45.3333333333333,45.2916666666667,0,0,4662.7,20.35,0,0,1.1,0,1828,0,0,0,29.895,0,0,6.5621574,-1.9,300,0,3744.6,30,0.67200128,0
1/24/20 11:59,45.4166666666667,45.375,0,0,4662.7,20.35,0,0,1.1,0,1828,0,0,0,29.729331,0,0,6.5628036,-1.9,300,0,3744.6,30.050421,0.67507328,0
1/24/20 12:04,45.5,45.4583333333333,0,0,4662.7,20.35,0,0,1.1,0,1828,0,0,0,29.67252,0,0,6.5689584,-1.9,300,0,3744.6,30.054558,0.67839872,0
1/24/20 12:09,45.5833333333333,45.5416666666667,0,0,4662.7,20.35,0,0,1.1,0,1828,0,0,0,29.804949,0,0,6.5714402,-1.9,300,0,3744.6,30.000021,0.6784,0
1/24/20 12:14,45.6666666666667,45.625,0,0,4662.7,20.35,0,0,1.1,0,1828,0,0,0,29.848218,0,0,6.5758806,-1.9,300,0,3744.6,30,0.6784,0
1/24/20 12:19,45.75,45.7083333333333,0,0,4662.7,20.35,0,0,1.1,0,1828,0,0,0,29.894982,0,0,6.5809196,-1.9,300,0,3744.6,30,0.6784,0
1/24/20 12:24,45.8333333333333,45.7916666666667,0,0,4662.7,20.35,0,0,1.1,0,1828,0,0,0,29.851782,0,0,6.5844398,-1.9,300,0,3744.6,30,0.6784,0
1/24/20 12:29,45.9166666666667,45.875,0,0,4662.7,20.35,0,0,1.1,0,1828,0,0,0,29.805018,0,0,6.5884004,-1.9,300,0,3744.6,30,0.6784,0
1/24/20 12:34,46,45.9583333333333,0,0,4662.7,20.35,0,0,1.1,0,1828,0,0,0,29.848218,0,0,6.5900386,-1.9,300,0,3744.6,30,0.6784,0
1/24/20 12:39,46.0833333333333,46.0416666666667,0,0,4662.7,20.35,0,0,1.1,0,1828,0,0,0,29.894982,0,0,6.5865994,-1.9,300,0,3744.6,30,0.6784,0
1/24/20 12:44,46.1666666666667,46.125,0,0,4662.7,20.35,0,0,1.1,0,1828,0,0,0,29.895,0,0,6.5801594,-1.9,300,0,3744.6,30,0.6784,0
1/24/20 12:49,46.25,46.2083333333333,0,0,4662.7,20.35,0,0,1.1,0,1828,0,0,0,29.851782,0,0,6.569759,-1.9,300,0,3744.6,30,0.6784,0
1/24/20 12:54,46.3333333333333,46.2916666666667,0,0,4662.7,20.35,0,0,1.1,0,1828,0,0,0,29.805018,0,0,6.5620422,-1.9,300,0,3744.6,30,0.6784,0
1/24/20 12:59,46.4166666666667,46.375,0,0,4662.7,20.35,0,0,1.1,0,1828,0,0,0,29.848218,0,0,6.5585994,-1.9,300,0,3744.6,30,0.6784,0
1/24/20 13:04,46.5,46.4583333333333,0,0,4662.7,20.35,0,0,1.1,0,1828,0,0,0,29.851764,0,0,6.551199,-1.9,300,0,3744.6,30,0.6784,0
1/24/20 13:09,46.5833333333333,46.5416666666667,0,0,4662.7,20.35,0,0,1.1,0,1828,0,0,0,29.805018,0,0,6.5440812,-1.9,300,0,3744.6,30,0.6784,0
1/24/20 13:14,46.6666666666667,46.625,0,0,4662.7,20.35,0,0,1.1,0,1828,0,0,0,29.826609,0,0,6.54008,-1.9,300,0,3744.6,30,0.6784,0
1/24/20 13:19,46.75,46.7083333333333,0,0,4662.7,20.35,0,0,1.1,0,1828,0,0,0,29.8716,0,0,6.5389612,-1.9,300,0,3744.6,30,0.6784,0
1/24/20 13:24,46.8333333333333,46.7916666666667,0,0,4662.7,20.35,0,0,1.1,0,1828,0,0,0,29.858976,0,0,6.5399996,-1.9,300,0,3744.6,30,0.6784,0
1/24/20 13:29,46.9166666666667,46.875,0,0,4662.7,20.35,0,0,1.1,0,1828,0,0,0,29.812812,0,0,6.5438416,-1.9,300,0,3744.6,30,0.6784,0
1/24/20 13:34,47,46.9584667222222,0,0,4662.7,20.35,0,0,1.1,0,1828,0,0,0,29.848221,0,0,6.5528004,-1.9,300,0,3744.6,30,0.6784,0
1/24/20 13:39,47.0833333333333,47.041811,0,0,4662.7,20.35,0,0,1.1,0,1828,0,0,0,29.894982,0,0,6.560399,-1.9,300,0,3744.6,30,0.6784,0
1/24/20 13:44,47.1666666666667,47.1250000555556,0,0,4662.7,20.35,0,0,1.1,0,1828,0,0,0,29.851782,0,0,6.5663604,-1.9,300,0,3744.6,30,0.6784,0
1/24/20 13:49,47.25,47.2083333333333,0,0,4662.7,20.35,0,0,1.1,0,1828,0,0,0,29.805018,0,0,6.5714392,-1.9,300,0,3744.6,30,0.6784,0
1/24/20 13:54,47.3333333333333,47.2916666666667,0,0,4662.7,20.35,0,0,1.1,0,1828,0,0,0,29.805,0,0,6.5739598,-1.9,300,0,3744.6,30,0.67532672,0
1/24/20 13:59,47.4166666666667,47.375,0,0,4662.7,20.35,0,0,1.1,0,1828,0,0,0,29.805,0,0,6.5769204,-1.9,300,0,3744.6,30,0.67200128,0
1/24/20 14:04,47.5,47.4583333333333,0,0,4662.7,20.35,0,0,1.1,0,1828,0,0,0,29.848218,0,0,6.5751576,-1.9,300,0,3744.6,30,0.672,0
1/24/20 14:09,47.5833333333333,47.5416666666667,0,0,4662.7,20.35,0,0,1.1,0,1828,0,0,0,29.851764,0,0,6.5748432,-1.9,300,0,3744.6,30,0.672,0
1/24/20 14:14,47.6666666666667,47.625,0,0,4662.7,20.35,0,0,1.1,0,1828,0,0,0,29.805018,0,0,6.5799588,-1.9,300,0,3744.6,30,0.672,0
1/24/20 14:19,47.75,47.7083333333333,0,0,4662.7,20.35,0,0,1.1,0,1828,0,0,0,29.805,0,0,6.5809996,-1.9,300,0,3744.6,30,0.672,0
1/24/20 14:24,47.8333333333333,47.7916666666667,0,0,4662.7,20.35,0,0,1.1,0,1828,0,0,0,29.848218,0,0,6.5824406,-1.9,300,0,3744.6,30,0.672,0
1/24/20 14:29,47.9166666666667,47.875,0,0,4662.7,20.35,0,0,1.1,0,1828,0,0,0,29.851764,0,0,6.5835192,-1.9,300,0,3744.6,30,0.672,0
1/24/20 14:34,48,47.9583333333333,0,0,4662.7,20.35,0,0,1.1,0,1828,0,0,0,29.805018,0,0,6.5830002,-1.9,300,0,3744.6,30,0.672,0
1/24/20 14:39,48.0833333333333,48.0416666666667,0,0,4662.7,20.35,0,0,1.1,0,1828,0,0,0,29.805,0,0,6.5858812,-1.9,300,0,3744.6,30,0.672,0
1/24/20 14:44,48.1666666666667,48.125,0,0,4662.7,20.35,0,0,1.1,0,1828,0,0,0,29.848218,0,0,6.5889988,-1.9,300,0,3744.6,30,0.672,0
1/24/20 14:49,48.25,48.2083333333333,0,0,4662.7,20.35,0,0,1.1,0,1828,0,0,0,29.851764,0,0,6.589,-1.9,300,0,3744.6,30,0.672,0
1/24/20 14:54,48.3333333333333,48.2916666666667,0,0,4662.7,20.35,0,0,1.1,0,1828,0,0,0,29.660958,0,0,6.589,-1.9,300,0,3744.6,30,0.672,0
1/24/20 14:59,48.4166666666667,48.375,0,0,4662.7,20.35,0,0,1.1,0,1828,0,0,0,29.64912,0,0,6.591401,-1.9,300,0,3744.6,30,0.67507328,0
1/24/20 15:04,48.5,48.4583333333333,0,0,4662.7,20.35,0,0,1.1,0,1828,0,0,0,29.776128,0,0,6.5935188,-1.9,300,0,3744.6,30,0.67839872,0
1/24/20 15:09,48.5833333333333,48.5416666666667,0,0,4662.7,20.35,0,0,1.1,0,1828,0,0,0,29.773824,0,0,6.5934804,-1.9,300,0,3744.6,30,0.6784,0
1/24/20 15:14,48.6666666666667,48.625,0,0,4662.7,20.35,0,0,1.1,0,1828,0,0,0,29.754567,0,0,6.5959206,-1.9,300,0,3744.6,30,0.6784,0
1/24/20 15:19,48.75,48.7083333333333,0,0,4662.7,20.35,0,0,1.1,0,1828,0,0,0,29.750442,0,0,6.6004002,-1.9,300,0,3744.6,30,0.6784,0
1/24/20 15:24,48.8333333333333,48.7916666666667,0,0,4662.7,20.35,0,0,1.1,0,1828,0,0,0,29.804979,0,0,6.6034792,-1.9,300,0,3744.6,30,0.6784,0
1/24/20 15:29,48.9166666666667,48.875,0,0,4662.7,20.35,0,0,1.1,0,1828,0,0,0,29.805,0,0,6.6064008,-1.9,300,0,3744.6,30,0.6784,0
1/24/20 15:34,49,48.9583333333333,0,0,4662.7,20.35,0,0,1.1,0,1828,0,0,0,29.805,0,0,6.613801,-1.9,300,0,3744.6,30,0.6784,0
1/24/20 15:39,49.0833333333333,49.0416666666667,0,0,4662.7,20.35,0,0,1.1,0,1828,0,0,0,29.805,0,0,6.6185178,-1.9,300,0,3744.6,30,0.6784,0
1/24/20 15:44,49.1666666666667,49.125,0,0,4662.7,20.35,0,0,1.1,0,1828,0,0,0,29.805,0,0,6.6232824,-1.9,300,0,3744.6,30,0.6784,0
1/24/20 15:49,49.25,49.2083333333333,0,0,4662.7,20.35,0,0,1.1,0,1828,0,0,0,29.805,0,0,6.6275572,-1.9,300,0,3744.6,30,0.6784,0
1/24/20 15:54,49.3333333333333,49.2916666666667,0,0,4662.7,20.35,0,0,1.1,0,1828,0,0,0,29.805,0,0,6.6274412,-1.9,300,0,3744.6,30,0.67532672,0
1/24/20 15:59,49.4166666666667,49.375,0,0,4662.7,20.35,0,0,1.1,0,1828,0,0,0,29.805,0,0,6.6275588,-1.9,300,0,3744.6,30,0.67200128,0
1/24/20 16:04,49.5,49.4583333333333,0,0,4662.7,20.35,0,0,1.1,0,1828,0,0,0,29.805,0,0,6.626961,-1.9,300,0,3744.6,30,0.672,0
1/24/20 16:09,49.5833333333333,49.5416666666667,0,0,4662.7,20.35,0,0,1.1,0,1828,0,0,0,29.754579,0,0,6.6308808,-1.9,300,0,3744.6,30,0.672,0
1/24/20 16:14,49.6666666666667,49.625,0,0,4662.7,20.35,0,0,1.1,0,1828,0,0,0,29.7502744883721,0,0,6.63591321860465,-1.9,300,0,3744.6,30,0.672,0
1/24/20 16:19,49.75,49.7083333333333,0,0,4662.7,20.35,0,0,1.1,0,1828,0,0,0,29.8049715116279,0,0,6.64038360917313,-1.9,300,0,3744.6,30,0.672,0
1/24/20 16:24,49.8333333333333,49.7916666666667,0,0,4662.7,20.35,0,0,1.1,0,1828,0,0,0,29.805,0,0,6.64347557777778,-1.9,300,0,3744.6,30,0.672,0
1/24/20 16:29,49.9166666666667,49.875,0,0,4662.7,20.35,0,0,1.1,0,1828,0,0,0,29.805,0,0,6.64256891111111,-1.9,300,0,3744.6,30,0.672,0
1/24/20 16:34,50,49.9583333333333,0,0,4662.7,20.35,0,0,1.1,0,1828,0,0,0,29.7906918333333,0,0,6.64195469444444,-1.9,300,0,3744.6,30,0.672,0
1/24/20 16:39,50.0833333333333,50.0416666666667,0,0,4662.7,20.35,0,0,1.1,0,1828,0,0,0,29.7893163333333,0,0,6.64443027222222,-1.9,300,0,3744.6,30,0.672,0
1/24/20 16:44,50.1666666666667,50.125,0,0,4662.7,20.35,0,0,1.1,0,1828,0,0,0,29.8049918333333,0,0,6.64933775555556,-1.9,300,0,3744.6,30,0.672,0
1/24/20 16:49,50.25,50.2083333333333,0,0,4662.7,20.35,0,0,1.1,0,1828,0,0,0,29.805,0,0,6.6591983,-1.9,300,0,3744.6,30,0.672,0
1/24/20 16:54,50.3333333333333,50.2916666666667,0,0,4662.7,20.35,0,0,1.1,0,1828,0,0,0,29.805,0,0,6.66265788888889,-1.9,300,0,3744.6,30,0.672,0
1/24/20 16:59,50.4166666666667,50.375,0,0,4662.7,20.35,0,0,1.1,0,1828,0,0,0,29.805,0,0,6.65900190555556,-1.9,300,0,3744.6,30,0.672,0
1/24/20 17:04,50.5,50.4583333333333,0,0,4662.7,20.35,0,0,1.1,0,1828,0,0,0,29.805,0,0,6.65852306111111,-1.9,300,0,3744.6,30,0.672,0
1/24/20 17:09,50.5833333333333,50.5416666666667,0,0,4662.7,20.35,0,0,1.1,0,1828,0,0,0,29.7906918333333,0,0,6.66086190555555,-1.9,300,0,3744.6,30,0.672,0
1/24/20 17:14,50.6666666666667,50.625,0,0,4662.7,20.35,0,0,1.1,0,1828,0,0,0,29.7893163333333,0,0,6.66733693888889,-1.9,300,0,3744.6,30,0.672,0
1/24/20 17:19,50.75,50.7083333333333,0,0,4662.7,20.35,0,0,1.1,0,1828,0,0,0,29.8049918333333,0,0,6.67195197222222,-1.9,300,0,3744.6,30,0.675052408888889,0
1/24/20 17:24,50.8333333333333,50.7916666666667,0,0,4662.7,20.35,0,0,1.1,0,1828,0,0,0,29.805,0,0,6.67299945555556,-1.9,300,0,3744.6,30,0.678398257777778,0
1/24/20 17:29,50.9166666666667,50.875,0,0,4662.7,20.35,0,0,1.1,0,1828,0,0,0,29.7549214166667,0,0,6.673,-1.9,300,0,3744.6,30,0.6784,0
1/24/20 17:34,51,50.9583333333333,0,0,4662.7,20.35,0,0,1.1,0,1828,0,0,0,29.7501071666667,0,0,6.67443081666667,-1.9,300,0,3744.6,30,0.6784,0
1/24/20 17:39,51.0833333333333,51.0416666666667,0,0,4662.7,20.35,0,0,1.1,0,1828,0,0,0,29.8049714166667,0,0,6.67266061111111,-1.9,300,0,3744.6,30,0.6784,0
1/24/20 17:44,51.1666666666667,51.125,0,0,4662.7,20.35,0,0,1.1,0,1828,0,0,0,29.805,0,0,6.66661721111111,-1.9,300,0,3744.6,30,0.6784,0
1/24/20 17:49,51.25,51.2083333333333,0,0,4662.7,20.35,0,0,1.1,0,1828,0,0,0,29.805,0,0,6.66733993333333,-1.9,300,0,3744.6,30,0.6784,0
1/24/20 17:54,51.3333333333333,51.2916666666667,0,0,4662.7,20.35,0,0,1.1,0,1828,0,0,0,29.805,0,0,6.67242891111111,-1.9,300,0,3744.6,30,0.6784,0
1/24/20 17:59,51.4166666666667,51.375,0,0,4662.7,20.35,0,0,1.1,0,1828,0,0,0,29.805,0,0,6.67352224444444,-1.9,300,0,3744.6,30,0.6784,0
1/24/20 18:04,51.5,51.4583333333333,0,0,4662.7,20.35,0,0,1.1,0,1828,0,0,0,29.7549214166667,0,0,6.67538496666667,-1.9,300,0,3744.6,30,0.6784,0
1/24/20 18:09,51.5833333333333,51.5416666666667,0,0,4662.7,20.35,0,0,1.1,0,1828,0,0,0,29.7858775833333,0,0,6.67799863888889,-1.9,300,0,3744.6,30,0.6784,0
1/24/20 18:14,51.6666666666667,51.625,0,0,4662.7,20.35,0,0,1.1,0,1828,0,0,0,29.8441805833333,0,0,6.68086163333333,-1.9,300,0,3744.6,30,0.675347591111111,0
1/24/20 18:19,51.75,51.7083333333333,0,0,4662.7,20.35,0,0,1.1,0,1828,0,0,0,29.8050204166667,0,0,6.68256755,-1.9,300,0,3744.6,30,0.672001742222222,0
1/24/20 18:24,51.8333333333333,51.7916666666667,0,0,4662.7,20.35,0,0,1.1,0,1828,0,0,0,29.805,0,0,6.68243163333333,-1.9,300,0,3744.6,30,0.672,0
1/24/20 18:29,51.9166666666667,51.875,0,0,4662.7,20.35,0,0,1.1,0,1828,0,0,0,29.8479245,0,0,6.68972245,-1.9,300,0,3744.6,30,0.675052408888889,0
1/24/20 18:34,52,51.9583333333333,0,0,4662.7,20.35,0,0,1.1,0,1828,0,0,0,29.852051,0,0,6.69695061111111,-1.9,300,0,3744.6,30,0.675345848888889,0
1/24/20 18:39,52.0833333333333,52.0416666666667,0,0,4662.7,20.35,0,0,1.1,0,1828,0,0,0,29.8050245,0,0,6.69370700555556,-1.9,300,0,3744.6,30,0.675054151111111,0
1/24/20 18:44,52.1666666666667,52.125,0,0,4662.7,20.35,0,0,1.1,0,1828,0,0,0,29.805,0,0,6.68518693888889,-1.9,300,0,3744.6,30,0.678398257777778,0
1/24/20 18:49,52.25,52.2083333333333,0,0,4662.7,20.35,0,0,1.1,0,1828,0,0,0,29.805,0,0,6.69292565,-1.9,300,0,3744.6,30,0.6784,0
1/24/20 18:54,52.3333333333333,52.2916666666667,0,0,4662.7,20.35,0,0,1.1,0,1828,0,0,0,29.805,0,0,6.70885482777778,-1.9,300,0,3744.6,30,0.6784,0
1/24/20 18:59,52.4166666666667,52.375,0,0,4662.7,20.35,0,0,1.1,0,1828,0,0,0,29.805,0,0,6.71390612222222,-1.9,300,0,3744.6,30,0.6784,0
1/24/20 19:04,52.5,52.4583333333333,0,0,4662.7,20.35,0,0,1.1,0,1828,0,0,0,29.805,0,0,6.71409115555556,-1.9,300,0,3744.6,30,0.6784,0
1/24/20 19:09,52.5833333333333,52.5416666666667,0,0,4662.7,20.35,0,0,1.1,0,1828,0,0,0,29.805,0,0,6.71247802777778,-1.9,300,0,3744.6,30,0.6784,0
1/24/20 19:14,52.6666666666667,52.625,0,0,4662.7,20.35,0,0,1.1,0,1828,0,0,0,29.805,0,0,6.71061503333333,-1.9,300,0,3744.6,30,0.6784,0
1/24/20 19:19,52.75,52.7083333333333,0,0,4662.7,20.35,0,0,1.1,0,1828,0,0,0,29.805,0,0,6.70609360555556,-1.9,300,0,3744.6,30,0.6784,0
1/24/20 19:24,52.8333333333333,52.7916666666667,0,0,4662.7,20.35,0,0,1.1,0,1828,0,0,0,29.805,0,0,6.70638578333333,-1.9,300,0,3744.6,30,0.6784,0
1/24/20 19:29,52.9166666666667,52.875,0,0,4662.7,20.35,0,0,1.1,0,1828,0,0,0,29.805,0,0,6.71090639444444,-1.9,300,0,3744.6,30,0.6784,0
1/24/20 19:34,53,52.9583333333333,0,0,4662.7,20.35,0,0,1.1,0,1828,0,0,0,29.805,0,0,6.71633748333333,-1.9,300,0,3744.6,30,0.6784,0
1/24/20 19:39,53.0833333333333,53.0416666666667,0,0,4662.7,20.35,0,0,1.1,0,1828,0,0,0,29.805,0,0,6.72047503333333,-1.9,300,0,3744.6,30,0.675347591111111,0
1/24/20 19:44,53.1666666666667,53.125,0,0,4662.7,20.35,0,0,1.1,0,1828,0,0,0,29.805,0,0,6.71670727777778,-1.9,300,0,3744.6,30,0.675054151111111,0
1/24/20 19:49,53.25,53.2083333333333,0,0,4662.7,20.35,0,0,1.1,0,1828,0,0,0,29.805,0,0,6.71295632777778,-1.9,300,0,3744.6,30,0.678398257777778,0
1/24/20 19:54,53.3333333333333,53.2916666666667,0,0,4662.7,20.35,0,0,1.1,0,1828,0,0,0,29.805,0,0,6.71638415,-1.9,300,0,3744.6,30,0.6784,0
1/24/20 19:59,53.4166666666667,53.375,0,0,4662.7,20.35,0,0,1.1,0,1828,0,0,0,29.8479245,0,0,6.71804476111111,-1.9,300,0,3744.6,30,0.6784,0
1/24/20 20:04,53.5,53.4583333333333,0,0,4662.7,20.35,0,0,1.1,0,1828,0,0,0,29.8592050833333,0,0,6.71938523888889,-1.9,300,0,3744.6,30,0.6784,0
1/24/20 20:09,53.5833333333333,53.5416666666667,0,0,4662.7,20.35,0,0,1.1,0,1828,0,0,0,29.812890101052,0,0,6.72057257576597,-1.9,300,0,3744.6,30,0.6784,0
1/24/20 20:14,53.6666666666667,53.625,0,0,4662.7,20.35,0,0,1.1,0,1828,0,0,0,29.8050053156146,0,0,6.72042212978959,-1.9,300,0,3744.6,30,0.6784,0
1/24/20 20:19,53.75,53.7083333333333,0,0,4662.7,20.35,0,0,1.1,0,1828,0,0,0,29.805,0,0,6.72389368888889,-1.9,300,0,3744.6,30,0.6784,0
1/24/20 20:24,53.8333333333333,53.7916666666667,0,0,4662.7,20.35,0,0,1.1,0,1828,0,0,0,29.847632,0,0,6.72836702222222,-1.9,300,0,3744.6,30,0.6784,0
1/24/20 20:29,53.9166666666667,53.875,0,0,4662.7,20.35,0,0,1.1,0,1828,0,0,0,29.8594413333333,0,0,6.73005084444445,-1.9,300,0,3744.6,30,0.6784,0
1/24/20 20:34,54,53.9583333333333,0,0,4662.7,20.35,0,0,1.1,0,1828,0,0,0,29.8129213333333,0,0,6.72805333333333,-1.9,300,0,3744.6,30,0.6784,0
1/24/20 20:39,54.0833333333333,54.0416666666667,0,0,4662.7,20.35,0,0,1.1,0,1828,0,0,0,29.8050053333333,0,0,6.72652702222222,-1.9,300,0,3744.6,30,0.6784,0
1/24/20 20:44,54.1666666666667,54.125,0,0,4662.7,20.35,0,0,1.1,0,1828,0,0,0,29.805,0,0,6.72363191111111,-1.9,300,0,3744.6,30,0.6784,0
1/24/20 20:49,54.25,54.2083333333333,0,0,4662.7,20.35,0,0,1.1,0,1828,0,0,0,29.805,0,0,6.72100177777778,-1.9,300,0,3744.6,30,0.6784,0
1/24/20 20:54,54.3333333333333,54.2916666666667,0,0,4662.7,20.35,0,0,1.1,0,1828,0,0,0,29.805,0,0,6.71815786666667,-1.9,300,0,3744.6,30,0.675368391111111,0
1/24/20 20:59,54.4166666666667,54.375,0,0,4662.7,20.35,0,0,1.1,0,1828,0,0,0,29.805,0,0,6.71831795555556,-1.9,300,0,3744.6,30,0.675033884444445,0
1/24/20 21:04,54.5,54.4583333333333,0,0,4662.7,20.35,0,0,1.1,0,1828,0,0,0,29.805,0,0,6.72389226666667,-1.9,300,0,3744.6,30,0.675366115555555,0
1/24/20 21:09,54.5833333333333,54.5416666666667,0,0,4662.7,20.35,0,0,1.1,0,1828,0,0,0,29.805,0,0,6.72173537777778,-1.9,300,0,3744.6,30,0.672002275555556,0
1/24/20 21:14,54.6666666666667,54.625,0,0,4662.7,20.35,0,0,1.1,0,1828,0,0,0,29.7552626666667,0,0,6.71652951111111,-1.9,300,0,3744.6,30,0.672,0
1/24/20 21:19,54.75,54.7083333333333,0,0,4662.7,20.35,0,0,1.1,0,1828,0,0,0,29.7497746666667,0,0,6.71505297777778,-1.9,300,0,3744.6,30,0.672,0
1/24/20 21:24,54.8333333333333,54.7916666666667,0,0,4662.7,20.35,0,0,1.1,0,1828,0,0,0,29.8049626666667,0,0,6.71636915555555,-1.9,300,0,3744.6,30,0.672,0
1/24/20 21:29,54.9166666666667,54.875,0,0,4662.7,20.35,0,0,1.1,0,1828,0,0,0,29.805,0,0,6.71805084444444,-1.9,300,0,3744.6,30,0.672,0
1/24/20 21:34,55,54.9583333333333,0,0,4662.7,20.35,0,0,1.1,0,1828,0,0,0,29.805,0,0,6.71700071111111,-1.9,300,0,3744.6,30,0.672,0
1/24/20 21:39,55.0833333333333,55.0416666666667,0,0,4662.7,20.35,0,0,1.1,0,1828,0,0,0,29.805,0,0,6.71889475555556,-1.9,300,0,3744.6,30,0.672,0
1/24/20 21:44,55.1666666666667,55.125,0,0,4662.7,20.35,0,0,1.1,0,1828,0,0,0,29.805,0,0,6.72099857777778,-1.9,300,0,3744.6,30,0.675031608888889,0
1/24/20 21:49,55.25,55.2083333333333,0,0,4662.7,20.35,0,0,1.1,0,1828,0,0,0,29.805,0,0,6.72715795555555,-1.9,300,0,3744.6,30,0.678397724444444,0
1/24/20 21:54,55.3333333333333,55.2916666666667,0,0,4662.7,20.35,0,0,1.1,0,1828,0,0,0,29.805,0,0,6.73399537777778,-1.9,300,0,3744.6,30,0.6784,0
1/24/20 21:59,55.4166666666667,55.375,0,0,4662.7,20.35,0,0,1.1,0,1828,0,0,0,29.805,0,0,6.73778951111111,-1.9,300,0,3744.6,30,0.6784,0
1/24/20 22:04,55.5,55.4583333333333,0,0,4662.7,20.35,0,0,1.1,0,1828,0,0,0.331582222222222,29.805,0,0,6.74531297777778,-1.9,300,0,3744.6,30,0.6784,0
1/24/20 22:09,55.5833333333333,55.5416666666667,0,0,4662.7,20.35,0,0,1.1,0,1828,0,0,0.699751111111111,29.805,0,0,6.74899751111111,-1.9,300,0,3744.6,30,0.6784,0
1/24/20 22:14,55.6666666666667,55.625,0,0,4662.7,20.35,0,0,1.1,0,1828,0,0,0.7,29.805,0,0,6.74994737777778,-1.9,300,0,3744.6,30,0.6784,0
1/24/20 22:19,55.75,55.7083333333333,0,0,4662.7,20.35,0,0,1.1,0,1828,0,0,0.7,29.805,0,0,6.75005191111111,-1.9,300,0,3744.6,30,0.6784,0
1/24/20 22:24,55.8333333333333,55.7916666666667,0,0,4662.7,20.35,0,0,1.1,0,1828,0,0,0.7,29.805,0,0,6.75042177777778,-1.9,300,0,3744.6,30,0.6784,0
1/24/20 22:29,55.9166666666667,55.875,0,0,4662.7,20.35,0,0,1.1,0,1828,0,0,0.7,29.805,0,0,6.75294631111111,-1.9,300,0,3744.6,30,0.6784,0
1/24/20 22:34,56,55.9583333333333,0,0,4662.7,20.35,0,0,1.1,0,1828,0,0,0.7,29.805,0,0,6.75636773333333,-1.9,300,0,3744.6,30,0.6784,0
1/24/20 22:39,56.0833333333333,56.0416666666667,0,0,4662.7,20.35,0,0,1.1,0,1828,0,0,0.7,29.805,0,0,6.75805084444444,-1.9,300,0,3744.6,30,0.6784,0
1/24/20 22:44,56.1666666666667,56.125,0,0,4662.7,20.35,0,0,1.1,0,1828,0,0,0.368417777777778,29.805,0,0,6.7532112,-1.9,300,0,3744.6,30,0.6784,0
1/24/20 22:49,56.25,56.2083333333333,0,0,4662.7,20.35,0,0,1.1,0,1828,0,0,2.49E-04,29.805,0,0,6.7466344,-1.9,300,0,3744.6,30,0.675368391111111,0
1/24/20 22:54,56.3333333333333,56.2916666666667,0,0,4662.7,20.35,0,0,1.1,0,1828,0,0,0,29.805,0,0,6.7430544,-1.9,300,0,3744.6,30,0.672002275555556,0
1/24/20 22:59,56.4166666666667,56.375,0,0,4662.7,20.35,0,0,1.1,0,1828,0,0,0,29.805,0,0,6.74057964444444,-1.9,300,0,3744.6,30,0.675031608888889,0
1/24/20 23:04,56.5,56.4583333333333,0,0,4662.7,20.35,0,0,1.1,0,1828,0,0,0,29.805,0,0,6.73663262222222,-1.9,300,0,3744.6,30,0.678397724444444,0
1/24/20 23:09,56.5833333333333,56.5416666666667,0,0,4662.7,20.35,0,0,1.1,0,1828,0,0,0,29.805,0,0,6.73352808888889,-1.9,300,0,3744.6,30,0.6784,0
1/24/20 23:14,56.6666666666667,56.625,0,0,4662.7,20.35,0,0,1.1,0,1828,0,0,0,29.805,0,0,6.73252666666667,-1.9,300,0,3744.6,30,0.6784,0
1/24/20 23:19,56.75,56.7083333333333,0,0,4662.7,20.35,0,0,1.1,0,1828,0,0,0,29.805,0,0,6.73200035555556,-1.9,300,0,3744.6,30,0.6784,0
1/24/20 23:24,56.8333333333333,56.7916666666667,0,0,4662.7,20.35,0,0,1.1,0,1828,0,0,0,29.805,0,0,6.73057893333333,-1.9,300,0,3744.6,30,0.6784,0
1/24/20 23:29,56.9166666666667,56.875,0,0,4662.7,20.35,0,0,1.1,0,1828,0,0,0,29.805,0,0,6.72852737777778,-1.9,300,0,3744.6,30,0.6784,0
1/24/20 23:34,57,56.9583333333333,0,0,4662.7,20.35,0,0,1.1,0,1828,0,0,0,29.847632,0,0,6.72515822222222,-1.9,300,0,3744.6,30,0.6784,0
1/24/20 23:39,57.0833333333333,57.0416666666667,0,0,4662.7,20.35,0,0,1.1,0,1828,0,0,0,29.894968,0,0,6.72389688888889,-1.9,300,0,3744.6,30,0.6784,0
1/24/20 23:44,57.1666666666667,57.125,0,0,4662.7,20.35,0,0,1.1,0,1828,0,0,0,29.852368,0,0,6.72599857777778,-1.9,300,0,3744.6,30,0.6784,0
1/24/20 23:49,57.25,57.2083333333333,0,0,4662.7,20.35,0,0,1.1,0,1828,0,0,0,29.826348,0,0,6.72410524444444,-1.9,300,0,3744.6,30,0.6784,0
1/24/20 23:54,57.3333333333333,57.2916666666667,0,0,4662.7,20.35,0,0,1.1,0,1828,0,0,0,29.828668,0,0,6.7229488,-1.9,300,0,3744.6,30,0.6784,0
1/24/20 23:59,57.4166666666667,57.375,0,0,4662.7,20.35,0,0,1.1,0,1828,0,0,0,29.805016,0,0,6.72163084444444,-1.9,300,0,3744.6,30,0.6784,0
1/25/20 0:04,57.5,57.4583333333333,0,0,4662.7,20.35,0,0,1.1,0,1828,0,0,0,29.805,0,0,6.71663333333333,-1.9,300,0,3744.6,30,0.6784,0
1/25/20 0:09,57.5833333333333,57.5416666666667,0,0,4662.7,20.35,0,0,1.1,0,1828,0,0,0,29.805,0,0,6.71542284444444,-1.9,300,0,3744.6,30,0.6784,0
1/25/20 0:14,57.6666666666667,57.625,0,0,4662.7,20.35,0,0,1.1,0,1828,0,0,0,29.847632,0,0,6.71557786666667,-1.9,300,0,3744.6,30,0.6784,0
1/25/20 0:19,57.75,57.7083333333333,0,0,4662.7,20.35,0,0,1.1,0,1828,0,0,0,29.852336,0,0,6.71542213333333,-1.9,300,0,3744.6,30,0.6784,0
1/25/20 0:24,57.8333333333333,57.7916666666667,0,0,4662.7,20.35,0,0,1.1,0,1828,0,0,0,29.805032,0,0,6.71794631111111,-1.9,300,0,3744.6,30,0.6784,0
1/25/20 0:29,57.9166666666667,57.875,0,0,4662.7,20.35,0,0,1.1,0,1828,0,0,0,29.847632,0,0,6.71994666666667,-1.9,300,0,3744.6,30,0.6784,0
1/25/20 0:34,58,57.9583333333333,0,0,4662.7,20.35,0,0,1.1,0,1828,0,0,0,29.894968,0,0,6.71910453333333,-1.9,300,0,3744.6,30,0.6784,0
1/25/20 0:39,58.0833333333333,58.0416666666667,0,0,4662.7,20.35,0,0,1.1,0,1828,0,0,0,29.895,0,0,6.71179084444444,-1.9,300,0,3744.6,30,0.6784,0
1/25/20 0:44,58.1666666666667,58.125,0,0,4662.7,20.35,0,0,1.1,0,1828,0,0,0,29.8525096345515,0,0,6.70600391111111,-1.9,300,0,3744.6,30,0.6784,0
1/25/20 0:49,58.25,58.2083333333333,0,0,4662.7,20.35,0,0,1.1,0,1828,0,0,0,29.8473808654485,0,0,6.70741135,-1.9,300,0,3744.6,30,0.6784,0
1/25/20 0:54,58.3333333333333,58.2916666666667,0,0,4662.7,20.35,0,0,1.1,0,1828,0,0,0,29.852619,0,0,6.70993955,-1.9,300,0,3744.6,30,0.6784,0
1/25/20 0:59,58.4166666666667,58.375,0,0,4662.7,20.35,0,0,1.1,0,1828,0,0,0,29.8050405,0,0,6.71241045,-1.9,300,0,3744.6,30,0.6784,0
1/25/20 1:04,58.5,58.4583333333333,0,0,4662.7,20.35,0,0,1.1,0,1828,0,0,0,29.805,0,0,6.7125873,-1.9,300,0,3744.6,30,0.6784,0
1/25/20 1:09,58.5833333333333,58.5416666666667,0,0,4662.7,20.35,0,0,1.1,0,1828,0,0,0,29.805,0,0,6.7114718,-1.9,300,0,3744.6,30,0.6784,0
1/25/20 1:14,58.6666666666667,58.625,0,0,4662.7,20.35,0,0,1.1,0,1828,0,0,0,29.8473405,0,0,6.71199955,-1.9,300,0,3744.6,30,0.6784,0
1/25/20 1:19,58.75,58.7083333333333,0,0,4662.7,20.35,0,0,1.1,0,1828,0,0,0,29.8949595,0,0,6.70682505,-1.9,300,0,3744.6,30,0.6784,0
1/25/20 1:24,58.8333333333333,58.7916666666667,0,0,4662.7,20.35,0,0,1.1,0,1828,0,0,0,29.8526595,0,0,6.70006405,-1.9,300,0,3744.6,30,0.6784,0
1/25/20 1:29,58.9166666666667,58.875,0,0,4662.7,20.35,0,0,1.1,0,1828,0,0,0,29.8050405,0,0,6.7008827,-1.9,300,0,3744.6,30,0.6784,0
1/25/20 1:34,59,58.9583333333333,0,0,4662.7,20.35,0,0,1.1,0,1828,0,0,0,29.805,0,0,6.70158685,-1.9,300,0,3744.6,30,0.6784,0
1/25/20 1:39,59.0833333333333,59.0416666666667,0,0,4662.7,20.35,0,0,1.1,0,1828,0,0,0,29.805,0,0,6.7004718,-1.9,300,0,3744.6,30,0.6784,0
1/25/20 1:44,59.1666666666667,59.125,0,0,4662.7,20.35,0,0,1.1,0,1828,0,0,0,29.805,0,0,6.70147,-1.9,300,0,3744.6,30,0.6784,0
1/25/20 1:49,59.25,59.2083333333333,0,0,4662.7,20.35,0,0,1.1,0,1828,0,0,0,29.8473405,0,0,6.70482225,-1.9,300,0,3744.6,30,0.6784,0
1/25/20 1:54,59.3333333333333,59.2916666666667,0,0,4662.7,20.35,0,0,1.1,0,1828,0,0,0,29.8949595,0,0,6.71082,-1.9,300,0,3744.6,30,0.6784,0
1/25/20 1:59,59.4166666666667,59.375,0,0,4662.7,20.35,0,0,1.1,0,1828,0,0,0,29.8526595,0,0,6.71258595,-1.9,300,0,3744.6,30,0.6784,0
1/25/20 2:04,59.5,59.4583333333333,0,0,4662.7,20.35,0,0,1.1,0,1828,0,0,0,29.8050405,0,0,6.71006045,-1.9,300,0,3744.6,30,0.6784,0
1/25/20 2:09,59.5833333333333,59.5416666666667,0,0,4662.7,20.35,0,0,1.1,0,1828,0,0,0,29.805,0,0,6.70853045,-1.9,300,0,3744.6,30,0.6784,0
1/25/20 2:14,59.6666666666667,59.625,0,0,4662.7,20.35,0,0,1.1,0,1828,0,0,0,29.805,0,0,6.70611865,-1.9,300,0,3744.6,30,0.6784,0
1/25/20 2:19,59.75,59.7083333333333,0,0,4662.7,20.35,0,0,1.1,0,1828,0,0,0,29.805,0,0,6.7049427,-1.9,300,0,3744.6,30,0.6784,0
1/25/20 2:24,59.8333333333333,59.7916666666667,0,0,4662.7,20.35,0,0,1.1,0,1828,0,0,0,29.805,0,0,6.7059991,-1.9,300,0,3744.6,30,0.6784,0
1/25/20 2:29,59.9166666666667,59.875,0,0,4662.7,20.35,0,0,1.1,0,1828,0,0,0,29.805,0,0,6.7050591,-1.9,300,0,3744.6,30,0.6784,0
1/25/20 2:34,60,59.9583333333333,0,0,4662.7,20.35,0,0,1.1,0,1828,0,0,0,29.805,0,0,6.70635315,-1.9,300,0,3744.6,30,0.6784,0
1/25/20 2:39,60.0833333333333,60.0416666666667,0,0,4662.7,20.35,0,0,1.1,0,1828,0,0,0,29.805,0,0,6.7066455,-1.9,300,0,3744.6,30,0.6784,0
1/25/20 2:44,60.1666666666667,60.125,0,0,4662.7,20.35,0,0,1.1,0,1828,0,0,0,29.805,0,0,6.70165,-1.9,300,0,3744.6,30,0.6784,0
1/25/20 2:49,60.25,60.2083333333333,0,0,4662.7,20.35,0,0,1.1,0,1828,0,0,0,29.805,0,0,6.69665,-1.9,300,0,3744.6,30,0.6784,0
1/25/20 2:54,60.3333333333333,60.2916666666667,0,0,4662.7,20.35,0,0,1.1,0,1828,0,0,0,29.805,0,0,6.6925909,-1.9,300,0,3744.6,30,0.6784,0
1/25/20 2:59,60.4166666666667,60.375,0,0,4662.7,20.35,0,0,1.1,0,1828,0,0,0,29.805,0,0,6.68629685,-1.9,300,0,3744.6,30,0.6784,0
1/25/20 3:04,60.5,60.4583333333333,0,0,4662.7,20.35,0,0,1.1,0,1828,0,0,0,29.805,0,0,6.6791227,-1.9,300,0,3744.6,30,0.6784,0
1/25/20 3:09,60.5833333333333,60.5416666666667,0,0,4662.7,20.35,0,0,1.1,0,1828,0,0,0,29.805,0,0,6.67747225,-1.9,300,0,3744.6,30,0.6784,0
1/25/20 3:14,60.6666666666667,60.625,0,0,4662.7,20.35,0,0,1.1,0,1828,0,0,0,29.805,0,0,6.67611775,-1.9,300,0,3744.6,30,0.6784,0
1/25/20 3:19,60.75,60.7083333333333,0,0,4662.7,20.35,0,0,1.1,0,1828,0,0,0,29.805,0,0,6.6740018,-1.9,300,0,3744.6,30,0.6784,0
1/25/20 3:24,60.8333333333333,60.7916666666667,0,0,4662.7,20.35,0,0,1.1,0,1828,0,0,0,29.805,0,0,6.67258865,-1.9,300,0,3744.6,30,0.6784,0
1/25/20 3:29,60.9166666666667,60.875,0,0,4662.7,20.35,0,0,1.1,0,1828,0,0,0,29.805,0,0,6.66959,-1.9,300,0,3744.6,30,0.6784,0
1/25/20 3:34,61,60.9583333333333,0,0,4662.7,20.35,0,0,1.1,0,1828,0,0,0,29.805,0,0,6.66800135,-1.9,300,0,3744.6,30,0.6784,0
1/25/20 3:39,61.0833333333333,61.0416666666667,0,0,4662.7,20.35,0,0,1.1,0,1828,0,0,0,29.805,0,0,6.66847045,-1.9,300,0,3744.6,30,0.6784,0
1/25/20 3:44,61.1666666666667,61.125,0,0,4662.7,20.35,0,0,1.1,0,1828,0,0,0,29.805,0,0,6.6685291,-1.9,300,0,3744.6,30,0.6784,0
1/25/20 3:49,61.25,61.2083333333333,0,0,4662.7,20.35,0,0,1.1,0,1828,0,0,0,29.805,0,0,6.67082315,-1.9,300,0,3744.6,30,0.6784,0
1/25/20 3:54,61.3333333333333,61.2916666666667,0,0,4662.7,20.35,0,0,1.1,0,1828,0,0,0,29.805,0,0,6.67258595,-1.9,300,0,3744.6,30,0.6784,0
1/25/20 3:59,61.4166666666667,61.375,0,0,4662.7,20.35,0,0,1.1,0,1828,0,0,0,29.805,0,0,6.6724127,-1.9,300,0,3744.6,30,0.6784,0
1/25/20 4:04,61.5,61.4583333333333,0,0,4662.7,20.35,0,0,1.1,0,1828,0,0,0,29.805,0,0,6.6735282,-1.9,300,0,3744.6,30,0.6784,0
1/25/20 4:09,61.5833333333333,61.5416666666667,0,0,4662.7,20.35,0,0,1.1,0,1828,0,0,0,29.805,0,0,6.67300045,-1.9,300,0,3744.6,30,0.6784,0
1/25/20 4:14,61.6666666666667,61.625,0,0,4662.7,20.35,0,0,1.1,0,1828,0,0,0,29.805,0,0,6.66970685,-1.9,300,0,3744.6,30,0.6784,0
1/25/20 4:19,61.75,61.7083333333333,0,0,4662.7,20.35,0,0,1.1,0,1828,0,0,0,29.805,0,0,6.6692963,-1.9,300,0,3744.6,30,0.6784,0
1/25/20 4:24,61.8333333333333,61.7916666666667,0,0,4662.7,20.35,0,0,1.1,0,1828,0,0,0,29.805,0,0,6.67111505,-1.9,300,0,3744.6,30,0.6784,0
1/25/20 4:29,61.9166666666667,61.875,0,0,4662.7,20.35,0,0,1.1,0,1828,0,0,0,29.805,0,0,6.66853135,-1.9,300,0,3744.6,30,0.6784,0
1/25/20 4:34,62,61.9583333333333,0,0,4662.7,20.35,0,0,1.1,0,1828,0,0,0,29.805,0,0,6.6703527,-1.9,300,0,3744.6,30,0.6784,0
1/25/20 4:39,62.0833333333333,62.0416666666667,0,0,4662.7,20.35,0,0,1.1,0,1828,0,0,0,29.805,0,0,6.67205685,-1.9,300,0,3744.6,30,0.6784,0
1/25/20 4:44,62.1666666666667,62.125,0,0,4662.7,20.35,0,0,1.1,0,1828,0,0,0,29.805,0,0,6.67335315,-1.9,300,0,3744.6,30,0.6784,0
1/25/20 4:49,62.25,62.2083333333333,0,0,4662.7,20.35,0,0,1.1,0,1828,0,0,0,29.805,0,0,6.67505685,-1.9,300,0,3744.6,30,0.6784,0
1/25/20 4:54,62.3333333333333,62.2916666666667,0,0,4662.7,20.35,0,0,1.1,0,1828,0,0,0,29.805,0,0,6.67635315,-1.9,300,0,3744.6,30,0.6784,0
1/25/20 4:59,62.4166666666667,62.375,0,0,4662.7,20.35,0,0,1.1,0,1828,0,0,0,29.805,0,0,6.6785273,-1.9,300,0,3744.6,30,0.6784,0
1/25/20 5:04,62.5,62.4583333333333,0,0,4662.7,20.35,0,0,1.1,0,1828,0,0,0,29.805,0,0,6.67611865,-1.9,300,0,3744.6,30,0.6784,0
1/25/20 5:09,62.5833333333333,62.5416666666667,0,0,4662.7,20.35,0,0,1.1,0,1828,0,0,0,29.805,0,0,6.67541315,-1.9,300,0,3744.6,30,0.6784,0
1/25/20 5:14,62.6666666666667,62.625,0,0,4662.7,20.35,0,0,1.1,0,1828,0,0,0,29.805,0,0,6.68170315,-1.9,300,0,3744.6,30,0.6784,0
1/25/20 5:19,62.75,62.7083333333333,0,0,4662.7,20.35,0,0,1.1,0,1828,0,0,0,29.805,0,0,6.6841728,-1.9,300,0,3744.6,30,0.6784,0
1/25/20 5:24,62.8333333333333,62.7916666666667,0,0,4662.7,20.35,0,0,1.1,0,1828,0,0,0,29.805,0,0,6.7167569,-1.9,300,0,3744.6,30,0.6784,0
1/25/20 5:29,62.9166666666667,62.875,0,0,4662.7,20.35,0,0,1.1,0,1828,0,0,0,29.805,0,0,6.76025895,-1.9,300,0,3744.6,30,0.6784,0
1/25/20 5:34,63,62.9583333333333,0,0,4662.7,20.35,0,0,1.1,0,1828,0,0,0,29.805,0,0,6.7625855,-1.9,300,0,3744.6,30,0.6784,0
1/25/20 5:39,63.0833333333333,63.0416666666667,0,0,4662.7,20.35,0,0,1.1,0,1828,0,0,0,29.8473405,0,0,6.7614718,-1.9,300,0,3744.6,30,0.6784,0
1/25/20 5:44,63.1666666666667,63.125,0,0,4662.7,20.35,0,0,1.1,0,1828,0,0,0,29.852619,0,0,6.75823595,-1.9,300,0,3744.6,30,0.6784,0
1/25/20 5:49,63.25,63.2083333333333,0,0,4662.7,20.35,0,0,1.1,0,1828,0,0,0,29.847381,0,0,6.75165135,-1.9,300,0,3744.6,30,0.6784,0
1/25/20 5:54,63.3333333333333,63.2916666666667,0,0,4662.7,20.35,0,0,1.1,0,1828,0,0,0,29.852619,0,0,6.7475909,-1.9,300,0,3744.6,30,0.6784,0
1/25/20 5:59,63.4166666666667,63.375,0,0,4662.7,20.35,0,0,1.1,0,1828,0,0,0,29.847381,0,0,6.7455309,-1.9,300,0,3744.6,30,0.6784,0
1/25/20 6:04,63.5,63.4583333333333,0,0,4662.7,20.35,0,0,1.1,0,1828,0,0,0,29.852619,0,0,6.7435891,-1.9,300,0,3744.6,30,0.6784,0
1/25/20 6:09,63.5833333333333,63.5416666666667,0,0,4662.7,20.35,0,0,1.1,0,1828,0,0,0,29.8050405,0,0,6.74200135,-1.9,300,0,3744.6,30,0.6784,0
1/25/20 6:14,63.6666666666667,63.625,0,0,4662.7,20.35,0,0,1.1,0,1828,0,0,0,29.805,0,0,6.7382364,-1.9,300,0,3744.6,30,0.6784,0
1/25/20 6:19,63.75,63.7083333333333,0,0,4662.7,20.35,0,0,1.1,0,1828,0,0,0,29.805,0,0,6.73165135,-1.9,300,0,3744.6,30,0.6784,0
1/25/20 6:24,63.8333333333333,63.7916666666667,0,0,4662.7,20.35,0,0,1.1,0,1828,0,0,0,29.805,0,0,6.7275909,-1.9,300,0,3744.6,30,0.6784,0
1/25/20 6:29,63.9166666666667,63.875,0,0,4662.7,20.35,0,0,1.1,0,1828,0,0,0,29.805,0,0,6.72882405,-1.9,300,0,3744.6,30,0.6784,0
1/25/20 6:34,64,63.9583333333333,0,0,4662.7,20.35,0,0,1.1,0,1828,0,0,0,29.84028375,0,0,6.7291746,-1.9,300,0,3744.6,30,0.6784,0
1/25/20 6:39,64.0833333333333,64.0416666666667,0,0,4662.7,20.35,0,0,1.1,0,1828,0,0,0,29.887023,0,0,6.7250618,-1.9,300,0,3744.6,30,0.6784,0
1/25/20 6:44,64.1666666666667,64.125,0,0,4662.7,20.35,0,0,1.1,0,1828,0,0,0,29.85265275,0,0,6.72258955,-1.9,300,0,3744.6,30,0.6784,0
1/25/20 6:49,64.25,64.2083333333333,0,0,4662.7,20.35,0,0,1.1,0,1828,0,0,0,29.81209725,0,0,6.72100135,-1.9,300,0,3744.6,30,0.6784,0
1/25/20 6:54,64.3333333333333,64.2916666666667,0,0,4662.7,20.35,0,0,1.1,0,1828,0,0,0,29.8129365,0,0,6.7219409,-1.9,300,0,3744.6,30,0.6784,0
1/25/20 6:59,64.4166666666667,64.375,0,0,4662.7,20.35,0,0,1.1,0,1828,0,0,0,29.80500675,0,0,6.7220582,-1.9,300,0,3744.6,30,0.6784,0
1/25/20 7:04,64.5,64.4583333333333,0,0,4662.7,20.35,0,0,1.1,0,1828,0,0,0,29.805,0,0,6.7228827,-1.9,300,0,3744.6,30,0.6784,0
1/25/20 7:09,64.5833333333333,64.5416666666667,0,0,4662.7,20.35,0,0,1.1,0,1828,0,0,0,29.8473405,0,0,6.72688,-1.9,300,0,3744.6,30,0.6784,0
1/25/20 7:14,64.6666666666667,64.625,0,0,4662.7,20.35,0,0,1.1,0,1828,0,0,0,29.852619,0,0,6.72664595,-1.9,300,0,3744.6,30,0.6784,0
1/25/20 7:19,64.75,64.7083333333333,0,0,4662.7,20.35,0,0,1.1,0,1828,0,0,0,29.8050405,0,0,6.7225909,-1.9,300,0,3744.6,30,0.6784,0
1/25/20 7:24,64.8333333333333,64.7916666666667,0,0,4662.7,20.35,0,0,1.1,0,1828,0,0,0,29.805,0,0,6.71629685,-1.9,300,0,3744.6,30,0.6784,0
1/25/20 7:29,64.9166666666667,64.875,0,0,4662.7,20.35,0,0,1.1,0,1828,0,0,0,29.805,0,0,6.71335675,-1.9,300,0,3744.6,30,0.6784,0
1/25/20 7:34,65,64.9583333333333,0,0,4662.7,20.35,0,0,1.1,0,1828,0,0,0,29.805,0,0,6.71646663704319,-1.9,300,0,3744.6,30,0.6784,0
1/25/20 7:39,65.0833333333333,65.0416666666667,0,0,4662.7,20.35,0,0,1.1,0,1828,0,0,0,29.805,0,0,6.71793389073459,-1.9,300,0,3744.6,30,0.6784,0
1/25/20 7:44,65.1666666666667,65.125,0,0,4662.7,20.35,0,0,1.1,0,1828,0,0,0,29.805,0,0,6.71526111111111,-1.9,300,0,3744.6,30,0.6784,0
1/25/20 7:49,65.25,65.2083333333333,0,0,4662.7,20.35,0,0,1.1,0,1828,0,0,0,29.805,0,0,6.71334055555556,-1.9,300,0,3744.6,30,0.6784,0
1/25/20 7:54,65.3333333333333,65.2916666666667,0,0,4662.7,20.35,0,0,1.1,0,1828,0,0,0,29.805,0,0,6.71739888888889,-1.9,300,0,3744.6,30,0.6784,0
1/25/20 7:59,65.4166666666667,65.375,0,0,4662.7,20.35,0,0,1.1,0,1828,0,0,0,29.805,0,0,6.71572777777778,-1.9,300,0,3744.6,30,0.6784,0
1/25/20 8:04,65.5,65.4583333333333,0,0,4662.7,20.35,0,0,1.1,0,1828,0,0,0,29.805,0,0,6.71293833333333,-1.9,300,0,3744.6,30,0.6784,0
1/25/20 8:09,65.5833333333333,65.5416666666667,0,0,4662.7,20.35,0,0,1.1,0,1828,0,0,0,29.805,0,0,6.71259722222222,-1.9,300,0,3744.6,30,0.6784,0
1/25/20 8:14,65.6666666666667,65.625,0,0,4662.7,20.35,0,0,1.1,0,1828,0,0,0,29.805,0,0,6.71333777777778,-1.9,300,0,3744.6,30,0.6784,0
1/25/20 8:19,65.75,65.7083333333333,0,0,4662.7,20.35,0,0,1.1,0,1828,0,0,0,29.826025,0,0,6.71599722222222,-1.9,300,0,3744.6,30,0.6784,0
1/25/20 8:24,65.8333333333333,65.7916666666667,0,0,4662.7,20.35,0,0,1.1,0,1828,0,0,0,29.82895,0,0,6.71413111111111,-1.9,300,0,3744.6,30,0.6784,0
1/25/20 8:29,65.9166666666667,65.875,0,0,4662.7,20.35,0,0,1.1,0,1828,0,0,0,29.805025,0,0,6.71293666666667,-1.9,300,0,3744.6,30,0.6784,0
1/25/20 8:34,66,65.9583333333333,0,0,4662.7,20.35,0,0,1.1,0,1828,0,0,0,29.805,0,0,6.71540055555556,-1.9,300,0,3744.6,30,0.6784,0
1/25/20 8:39,66.0833333333333,66.0416666666667,0,0,4662.7,20.35,0,0,1.1,0,1828,0,0,0,29.805,0,0,6.71699833333333,-1.9,300,0,3744.6,30,0.6784,0
1/25/20 8:44,66.1666666666667,66.125,0,0,4662.7,20.35,0,0,1.1,0,1828,0,0,0,29.805,0,0,6.71933611111111,-1.9,300,0,3744.6,30,0.6784,0
1/25/20 8:49,66.25,66.2083333333333,0,0,4662.7,20.35,0,0,1.1,0,1828,0,0,0,29.805,0,0,6.71966111111111,-1.9,300,0,3744.6,30,0.6784,0
1/25/20 8:54,66.3333333333333,66.2916666666667,0,0,4662.7,20.35,0,0,1.1,0,1828,0,0,0,29.805,0,0,6.71700277777778,-1.9,300,0,3744.6,30,0.6784,0
1/25/20 8:59,66.4166666666667,66.375,0,0,4662.7,20.35,0,0,1.1,0,1828,0,0,0,29.805,0,0,6.72027055555556,-1.9,300,0,3744.6,30,0.6784,0
1/25/20 9:04,66.5,66.4583333333333,0,0,4662.7,20.35,0,0,1.1,0,1828,0,0,0,29.805,0,0,6.72399611111111,-1.9,300,0,3744.6,30,0.6784,0
1/25/20 9:09,66.5833333333333,66.5416666666667,0,0,4662.7,20.35,0,0,1.1,0,1828,0,0,0,29.805,0,0,6.72725968992248,-1.9,300,0,3744.6,30,0.6784,0
1/25/20 9:14,66.6666666666667,66.625,0,0,4662.7,20.35,0,0,1.1,0,1828,0,0,0,29.805,0,0,6.7291392878553,-1.9,300,0,3744.6,30,0.6784,0
1/25/20 9:19,66.75,66.7083333333333,0,0,4662.7,20.35,0,0,1.1,0,1828,0,0,0,29.805,0,0,6.72189862777778,-1.9,300,0,3744.6,30,0.6784,0
1/25/20 9:24,66.8333333333333,66.7916666666667,0,0,4662.7,20.35,0,0,1.1,0,1828,0,0,0,29.805,0,0,6.71600739444444,-1.9,300,0,3744.6,30,0.6784,0
1/25/20 9:29,66.9166666666667,66.875,0,0,4662.7,20.35,0,0,1.1,0,1828,0,0,0,29.805,0,0,6.71414397777778,-1.9,300,0,3744.6,30,0.6784,0
1/25/20 9:34,67,66.9583333333333,0,0,4662.7,20.35,0,0,1.1,0,1828,0,0,0,29.805,0,0,6.71385871111111,-1.9,300,0,3744.6,30,0.6784,0
1/25/20 9:39,67.0833333333333,67.0416666666667,0,0,4662.7,20.35,0,0,1.1,0,1828,0,0,0,29.8467605,0,0,6.71831733888889,-1.9,300,0,3744.6,30,0.6784,0
1/25/20 9:44,67.1666666666667,67.125,0,0,4662.7,20.35,0,0,1.1,0,1828,0,0,0,29.853179,0,0,6.72146064444445,-1.9,300,0,3744.6,30,0.6784,0
1/25/20 9:49,67.25,67.2083333333333,0,0,4662.7,20.35,0,0,1.1,0,1828,0,0,0,29.8050605,0,0,6.7196793,-1.9,300,0,3744.6,30,0.6784,0
1/25/20 9:54,67.3333333333333,67.2916666666667,0,0,4662.7,20.35,0,0,1.1,0,1828,0,0,0,29.805,0,0,6.71793137222222,-1.9,300,0,3744.6,30,0.6784,0
1/25/20 9:59,67.4166666666667,67.375,0,0,4662.7,20.35,0,0,1.1,0,1828,0,0,0,29.805,0,0,6.71992666666667,-1.9,300,0,3744.6,30,0.6784,0
1/25/20 10:04,67.5,67.4583333333333,0,0,4662.7,20.35,0,0,1.1,0,1828,0,0,0,29.805,0,0,6.72099865555556,-1.9,300,0,3744.6,30,0.6784,0
1/25/20 10:09,67.5833333333333,67.5416666666667,0,0,4662.7,20.35,0,0,1.1,0,1828,0,0,0,29.805,0,0,6.71543193333333,-1.9,300,0,3744.6,30,0.6784,0
1/25/20 10:14,67.6666666666667,67.625,0,0,4662.7,20.35,0,0,1.1,0,1828,0,0,0,29.805,0,0,6.71225610555555,-1.9,300,0,3744.6,30,0.6784,0
1/25/20 10:19,67.75,67.7083333333333,0,0,4662.7,20.35,0,0,1.1,0,1828,0,0,0,29.805,0,0,6.71599529444444,-1.9,300,0,3744.6,30,0.6784,0
1/25/20 10:24,67.8333333333333,67.7916666666667,0,0,4662.7,20.35,0,0,1.1,0,1828,0,0,0,29.805,0,0,6.71414397777778,-1.9,300,0,3744.6,30,0.6784,0
1/25/20 10:29,67.9166666666667,67.875,0,0,4662.7,20.35,0,0,1.1,0,1828,0,0,0,29.805,0,0,6.71385871111111,-1.9,300,0,3744.6,30,0.6784,0
1/25/20 10:34,68,67.9583333333333,0,0,4662.7,20.35,0,0,1.1,0,1828,0,0,0,29.805,0,0,6.71831733888889,-1.9,300,0,3744.6,30,0.6784,0
1/25/20 10:39,68.0833333333333,68.0416666666667,0,0,4662.7,20.35,0,0,1.1,0,1828,0,0,0,29.805,0,0,6.72146064444445,-1.9,300,0,3744.6,30,0.6784,0
1/25/20 10:44,68.1666666666667,68.125,0,0,4662.7,20.35,0,0,1.1,0,1828,0,0,0,29.805,0,0,6.72292733888889,-1.9,300,0,3744.6,30,0.6784,0
1/25/20 10:49,68.25,68.2083333333333,0,0,4662.7,20.35,0,0,1.1,0,1828,0,0,0,29.805,0,0,6.72492666666667,-1.9,300,0,3744.6,30,0.6784,0
1/25/20 10:54,68.3333333333333,68.2916666666667,0,0,4662.7,20.35,0,0,1.1,0,1828,0,0,0,29.805,0,0,6.72507064444444,-1.9,300,0,3744.6,30,0.6784,0
1/25/20 10:59,68.4166666666667,68.375,0,0,4662.7,20.35,0,0,1.1,0,1828,0,0,0,29.8467605,0,0,6.72539336111111,-1.9,300,0,3744.6,30,0.6784,0
1/25/20 11:04,68.5,68.4583333333333,0,0,4662.7,20.35,0,0,1.1,0,1828,0,0,0,29.853179,0,0,6.72606997222222,-1.9,300,0,3744.6,30,0.6784,0
1/25/20 11:09,68.5833333333333,68.5416666666667,0,0,4662.7,20.35,0,0,1.1,0,1828,0,0,0,29.8050605,0,0,6.72685736666667,-1.9,300,0,3744.6,30,0.6784,0
1/25/20 11:14,68.6666666666667,68.625,0,0,4662.7,20.35,0,0,1.1,0,1828,0,0,0,29.805,0,0,6.72760529444445,-1.9,300,0,3744.6,30,0.6784,0
1/25/20 11:19,68.75,68.7083333333333,0,0,4662.7,20.35,0,0,1.1,0,1828,0,0,0,29.805,0,0,6.72368198888889,-1.9,300,0,3744.6,30,0.6784,0
1/25/20 11:24,68.8333333333333,68.7916666666667,0,0,4662.7,20.35,0,0,1.1,0,1828,0,0,0,29.805,0,0,6.72007535,-1.9,300,0,3744.6,30,0.6784,0
1/25/20 11:29,68.9166666666667,68.875,0,0,4662.7,20.35,0,0,1.1,0,1828,0,0,0,29.805,0,0,6.71900134444444,-1.9,300,0,3744.6,30,0.6784,0
1/25/20 11:34,69,68.9583333333333,0,0,4662.7,20.35,0,0,1.1,0,1828,0,0,0,29.805,0,0,6.72132002777778,-1.9,300,0,3744.6,30,0.6784,0
1/25/20 11:39,69.0833333333333,69.0416666666667,0,0,4662.7,20.35,0,0,1.1,0,1828,0,0,0,29.805,0,0,6.72399663888889,-1.9,300,0,3744.6,30,0.6784,0
1/25/20 11:44,69.1666666666667,69.125,0,0,4662.7,20.35,0,0,1.1,0,1828,0,0,0,29.805,0,0,6.724,-1.9,300,0,3744.6,30,0.6784,0
1/25/20 11:49,69.25,69.2083333333333,0,0,4662.7,20.35,0,0,1.1,0,1828,0,0,0,29.8467605,0,0,6.72260798333333,-1.9,300,0,3744.6,30,0.6784,0
1/25/20 11:54,69.3333333333333,69.2916666666667,0,0,4662.7,20.35,0,0,1.1,0,1828,0,0,0,29.853179,0,0,6.71636196111111,-1.9,300,0,3744.6,30,0.6784,0
1/25/20 11:59,69.4166666666667,69.375,0,0,4662.7,20.35,0,0,1.1,0,1828,0,0,0,29.8050605,0,0,6.71379075555556,-1.9,300,0,3744.6,30,0.6784,0
1/25/20 12:04,69.5,69.4583333333333,0,0,4662.7,20.35,0,0,1.1,0,1828,0,0,0,29.8467605,0,0,6.71467593888889,-1.9,300,0,3744.6,30,0.6784,0
1/25/20 12:09,69.5833333333333,69.5416666666667,0,0,4662.7,20.35,0,0,1.1,0,1828,0,0,0,29.853179,0,0,6.71014733888889,-1.9,300,0,3744.6,30,0.6784,0
1/25/20 12:14,69.6666666666667,69.625,0,0,4662.7,20.35,0,0,1.1,0,1828,0,0,0,29.8120205833333,0,0,6.70800268888889,-1.9,300,0,3744.6,30,0.6784,0
1/25/20 12:19,69.75,69.7083333333333,0,0,4662.7,20.35,0,0,1.1,0,1828,0,0,0,29.8547903333333,0,0,6.70614397777778,-1.9,300,0,3744.6,30,0.6784,0
1/25/20 12:24,69.8333333333333,69.7916666666667,0,0,4662.7,20.35,0,0,1.1,0,1828,0,0,0,29.8531890833333,0,0,6.7049307,-1.9,300,0,3744.6,30,0.6784,0
1/25/20 12:29,69.9166666666667,69.875,0,0,4662.7,20.35,0,0,1.1,0,1828,0,0,0,29.8120205833333,0,0,6.71063871111111,-1.9,300,0,3744.6,30,0.6784,0
1/25/20 12:34,70,69.9583333333333,0,0,4662.7,20.35,0,0,1.1,0,1828,0,0,0,29.8130298333333,0,0,6.71645728333333,-1.9,300,0,3744.6,30,0.6784,0
1/25/20 12:39,70.0833333333333,70.0416666666667,0,0,4662.7,20.35,0,0,1.1,0,1828,0,0,0,29.8050100833333,0,0,6.71931935555556,-1.9,300,0,3744.6,30,0.6784,0
1/25/20 12:44,70.1666666666667,70.125,0,0,4662.7,20.35,0,0,1.1,0,1828,0,0,0,29.805,0,0,6.72385266111111,-1.9,300,0,3744.6,30,0.6784,0
1/25/20 12:49,70.25,70.2083333333333,0,0,4662.7,20.35,0,0,1.1,0,1828,0,0,0,29.8467605,0,0,6.72182126111111,-1.9,300,0,3744.6,30,0.6784,0
1/25/20 12:54,70.3333333333333,70.2916666666667,0,0,4662.7,20.35,0,0,1.1,0,1828,0,0,0,29.8949395,0,0,6.71654204444444,-1.9,300,0,3744.6,30,0.6784,0
1/25/20 12:59,70.4166666666667,70.375,0,0,4662.7,20.35,0,0,1.1,0,1828,0,0,0,29.8532395,0,0,6.71785669444444,-1.9,300,0,3744.6,30,0.6784,0
1/25/20 13:04,70.5,70.4583333333333,0,0,4662.7,20.35,0,0,1.1,0,1828,0,0,0,29.846821,0,0,6.72046131666667,-1.9,300,0,3744.6,30,0.6784,0
1/25/20 13:09,70.5833333333333,70.5416666666667,0,0,4662.7,20.35,0,0,1.1,0,1828,0,0,0,29.8949395,0,0,6.72378336111111,-1.9,300,0,3744.6,30,0.6784,0
1/25/20 13:14,70.6666666666667,70.625,0,0,4662.7,20.35,0,0,1.1,0,1828,0,0,0,29.8532395,0,0,6.72699596666667,-1.9,300,0,3744.6,30,0.6784,0
1/25/20 13:19,70.75,70.7083333333333,0,0,4662.7,20.35,0,0,1.1,0,1828,0,0,0,29.8050605,0,0,6.72885602222222,-1.9,300,0,3744.6,30,0.6784,0
1/25/20 13:24,70.8333333333333,70.7916666666667,0,0,4662.7,20.35,0,0,1.1,0,1828,0,0,0,29.805,0,0,6.72914745507567,-1.9,300,0,3744.6,30,0.6784,0
1/25/20 13:29,70.9166666666667,70.875,0,0,4662.7,20.35,0,0,1.1,0,1828,0,0,0,29.83956,0,0,6.72700318936877,-1.9,300,0,3744.6,30,0.6784,0
1/25/20 13:34,71,70.9583333333333,0,0,4662.7,20.35,0,0,1.1,0,1828,0,0,0,29.84538,0,0,6.7288432,-1.9,300,0,3744.6,30,0.6784,0
1/25/20 13:39,71.0833333333333,71.0416666666667,0,0,4662.7,20.35,0,0,1.1,0,1828,0,0,0,29.80506,0,0,6.7263888,-1.9,300,0,3744.6,30,0.6784,0
1/25/20 13:44,71.1666666666667,71.125,0,0,4662.7,20.35,0,0,1.1,0,1828,0,0,0,29.811912,0,0,6.723312,-1.9,300,0,3744.6,30,0.6784,0
1/25/20 13:49,71.25,71.2083333333333,0,0,4662.7,20.35,0,0,1.1,0,1828,0,0,0,29.813076,0,0,6.723692,-1.9,300,0,3744.6,30,0.67545088,0
1/25/20 13:54,71.3333333333333,71.2916666666667,0,0,4662.7,20.35,0,0,1.1,0,1828,0,0,0,29.825748,0,0,6.721004,-1.9,300,0,3744.6,30,0.67200512,0
1/25/20 13:59,71.4166666666667,71.375,0,0,4662.7,20.35,0,0,1.1,0,1828,0,0,0,29.829228,0,0,6.7168528,-1.9,300,0,3744.6,30,0.672,0
1/25/20 14:04,71.5,71.4583333333333,0,0,4662.7,20.35,0,0,1.1,0,1828,0,0,0,29.846508,0,0,6.7106248,-1.9,300,0,3744.6,30,0.672,0
1/25/20 14:09,71.5833333333333,71.5416666666667,0,0,4662.7,20.35,0,0,1.1,0,1828,0,0,0,29.853456,0,0,6.7085416,-1.9,300,0,3744.6,30,0.672,0
1/25/20 14:14,71.6666666666667,71.625,0,0,4662.7,20.35,0,0,1.1,0,1828,0,0,0,29.805072,0,0,6.7056968,-1.9,300,0,3744.6,30,0.672,0
1/25/20 14:19,71.75,71.7083333333333,0,0,4662.7,20.35,0,0,1.1,0,1828,0,0,0,29.805,0,0,6.7034648,-1.9,300,0,3744.6,30,0.672,0
1/25/20 14:24,71.8333333333333,71.7916666666667,0,0,4662.7,20.35,0,0,1.1,0,1828,0,0,0,29.805,0,0,6.7063032,-1.9,300,0,3744.6,30,0.672,0
1/25/20 14:29,71.9166666666667,71.875,0,0,4662.7,20.35,0,0,1.1,0,1828,0,0,0,29.805,0,0,6.7076136,-1.9,300,0,3744.6,30,0.672,0
1/25/20 14:34,72,71.9583333333333,0,0,4662.7,20.35,0,0,1.1,0,1828,0,0,0,29.805,0,0,6.7060024,-1.9,300,0,3744.6,30,0.672,0
1/25/20 14:39,72.0833333333333,72.0416666666667,0,0,4662.7,20.35,0,0,1.1,0,1828,0,0,0,29.846472,0,0,6.7050784,-1.9,300,0,3744.6,30,0.67494912,0
1/25/20 14:44,72.1666666666667,72.125,0,0,4662.7,20.35,0,0,1.1,0,1828,0,0,0,29.853456,0,0,6.7026192,-1.9,300,0,3744.6,30,0.67839488,0
1/25/20 14:49,72.25,72.2083333333333,0,0,4662.7,20.35,0,0,1.1,0,1828,0,0,0,29.811984,0,0,6.6977768,-1.9,300,0,3744.6,30,0.6784,0
1/25/20 14:54,72.3333333333333,72.2916666666667,0,0,4662.7,20.35,0,0,1.1,0,1828,0,0,0,29.813076,0,0,6.6972312,-1.9,300,0,3744.6,30,0.6784,0
1/25/20 14:59,72.4166666666667,72.375,0,0,4662.7,20.35,0,0,1.1,0,1828,0,0,0,29.805012,0,0,6.6986904,-1.9,300,0,3744.6,30,0.6784,0
1/25/20 15:04,72.5,72.4583333333333,0,0,4662.7,20.35,0,0,1.1,0,1828,0,0,0,29.805,0,0,6.6950824,-1.9,300,0,3744.6,30,0.6784,0
1/25/20 15:09,72.5833333333333,72.5416666666667,0,0,4662.7,20.35,0,0,1.1,0,1828,0,0,0,29.805,0,0,6.6972272,-1.9,300,0,3744.6,30,0.6784,0
1/25/20 15:14,72.6666666666667,72.625,0,0,4662.7,20.35,0,0,1.1,0,1828,0,0,0,29.846472,0,0,6.7023768,-1.9,300,0,3744.6,30,0.6784,0
1/25/20 15:19,72.75,72.7083333333333,0,0,4662.7,20.35,0,0,1.1,0,1828,0,0,0,29.853456,0,0,6.7016936,-1.9,300,0,3744.6,30,0.6784,0
1/25/20 15:24,72.8333333333333,72.7916666666667,0,0,4662.7,20.35,0,0,1.1,0,1828,0,0,0,29.805072,0,0,6.699004,-1.9,300,0,3744.6,30,0.67545088,0
1/25/20 15:29,72.9166666666667,72.875,0,0,4662.7,20.35,0,0,1.1,0,1828,0,0,0,29.805,0,0,6.701304,-1.9,300,0,3744.6,30,0.67200512,0
1/25/20 15:34,73,72.9583333333333,0,0,4662.7,20.35,0,0,1.1,0,1828,0,0,0,29.805,0,0,6.701692,-1.9,300,0,3744.6,30,0.672,0
1/25/20 15:39,73.0833333333333,73.0416666666667,0,0,4662.7,20.35,0,0,1.1,0,1828,0,0,0,29.805,0,0,6.7017688,-1.9,300,0,3744.6,30,0.672,0
1/25/20 15:44,73.1666666666667,73.125,0,0,4662.7,20.35,0,0,1.1,0,1828,0,0,0,29.805,0,0,6.7063776,-1.9,300,0,3744.6,30,0.67494912,0
1/25/20 15:49,73.25,73.2083333333333,0,0,4662.7,20.35,0,0,1.1,0,1828,0,0,0,29.805,0,0,6.7056936,-1.9,300,0,3744.6,30,0.67839488,0
1/25/20 15:54,73.3333333333333,73.2916666666667,0,0,4662.7,20.35,0,0,1.1,0,1828,0,0,0,29.805,0,0,6.7011608,-1.9,300,0,3744.6,30,0.6784,0
1/25/20 15:59,73.4166666666667,73.375,0,0,4662.7,20.35,0,0,1.1,0,1828,0,0,0,29.805,0,0,6.6985424,-1.9,300,0,3744.6,30,0.6784,0
1/25/20 16:04,73.5,73.4583333333333,0,0,4662.7,20.35,0,0,1.1,0,1828,0,0,0,29.805,0,0,6.6993832,-1.9,300,0,3744.6,30,0.6784,0
1/25/20 16:09,73.5833333333333,73.5416666666667,0,0,4662.7,20.35,0,0,1.1,0,1828,0,0,0,29.805,0,0,6.700076,-1.9,300,0,3744.6,30,0.6784,0
1/25/20 16:14,73.6666666666667,73.625,0,0,4662.7,20.35,0,0,1.1,0,1828,0,0,0,29.805,0,0,6.7013056,-1.9,300,0,3744.6,30,0.6784,0
1/25/20 16:19,73.75,73.7083333333333,0,0,4662.7,20.35,0,0,1.1,0,1828,0,0,0,29.805,0,0,6.7058392,-1.9,300,0,3744.6,30,0.6784,0
1/25/20 16:24,73.8333333333333,73.7916666666667,0,0,4662.7,20.35,0,0,1.1,0,1828,0,0,0,29.805,0,0,6.7070752,-1.9,300,0,3744.6,30,0.6784,0
1/25/20 16:29,73.9166666666667,73.875,0,0,4662.7,20.35,0,0,1.1,0,1828,0,0,0,29.805,0,0,6.7060016,-1.9,300,0,3744.6,30,0.6784,0
1/25/20 16:34,74,73.9583333333333,0,0,4662.7,20.35,0,0,1.1,0,1828,0,0,0,29.805,0,0,6.7046176,-1.9,300,0,3744.6,30,0.6784,0
1/25/20 16:39,74.0833333333333,74.0416666666667,0,0,4662.7,20.35,0,0,1.1,0,1828,0,0,0,29.805,0,0,6.7020808,-1.9,300,0,3744.6,30,0.6784,0
1/25/20 16:44,74.1666666666667,74.125,0,0,4662.7,20.35,0,0,1.1,0,1828,0,0,0,29.805,0,0,6.6996192,-1.9,300,0,3744.6,30,0.6784,0
1/25/20 16:49,74.25,74.2083333333333,0,0,4662.7,20.35,0,0,1.1,0,1828,0,0,0,29.805,0,0,6.6993848,-1.9,300,0,3744.6,30,0.6784,0
1/25/20 16:54,74.3333333333333,74.2916666666667,0,0,4662.7,20.35,0,0,1.1,0,1828,0,0,0,29.846472,0,0,6.7009976,-1.9,300,0,3744.6,30,0.6784,0
1/25/20 16:59,74.4166666666667,74.375,0,0,4662.7,20.35,0,0,1.1,0,1828,0,0,0,29.853456,0,0,6.7000784,-1.9,300,0,3744.6,30,0.6784,0
1/25/20 17:04,74.5,74.4583333333333,0,0,4662.7,20.35,0,0,1.1,0,1828,0,0,0,29.805072,0,0,6.6953152,-1.9,300,0,3744.6,30,0.6784,0
1/25/20 17:09,74.5833333333333,74.5416666666667,0,0,4662.7,20.35,0,0,1.1,0,1828,0,0,0,29.805,0,0,6.6910064,-1.9,300,0,3744.6,30,0.6784,0
1/25/20 17:14,74.6666666666667,74.625,0,0,4662.7,20.35,0,0,1.1,0,1828,0,0,0,29.805,0,0,6.6919216,-1.9,300,0,3744.6,30,0.6784,0
1/25/20 17:19,74.75,74.7083333333333,0,0,4662.7,20.35,0,0,1.1,0,1828,0,0,0,29.805,0,0,6.6920768,-1.9,300,0,3744.6,30,0.6784,0
1/25/20 17:24,74.8333333333333,74.7916666666667,0,0,4662.7,20.35,0,0,1.1,0,1828,0,0,0,29.805,0,0,6.6919232,-1.9,300,0,3744.6,30,0.6784,0
1/25/20 17:29,74.9166666666667,74.875,0,0,4662.7,20.35,0,0,1.1,0,1828,0,0,0,29.805,0,0,6.6934592,-1.9,300,0,3744.6,30,0.6784,0
1/25/20 17:34,75,74.9583333333333,0,0,4662.7,20.35,0,0,1.1,0,1828,0,0,0,29.805,0,0,6.6926168,-1.9,300,0,3744.6,30,0.6784,0
1/25/20 17:39,75.0833333333333,75.0416666666667,0,0,4662.7,20.35,0,0,1.1,0,1828,0,0,0,29.805,0,0,6.6933064,-1.9,300,0,3744.6,30,0.6784,0
1/25/20 17:44,75.1666666666667,75.125,0,0,4662.7,20.35,0,0,1.1,0,1828,0,0,0,29.805,0,0,6.6973784,-1.9,300,0,3744.6,30,0.6784,0
1/25/20 17:49,75.25,75.2083333333333,0,0,4662.7,20.35,0,0,1.1,0,1828,0,0,0,29.805,0,0,6.6994584,-1.9,300,0,3744.6,30,0.6784,0
1/25/20 17:54,75.3333333333333,75.2916666666667,0,0,4662.7,20.35,0,0,1.1,0,1828,0,0,0,29.805,0,0,6.6995384,-1.9,300,0,3744.6,30,0.6784,0
1/25/20 17:59,75.4166666666667,75.375,0,0,4662.7,20.35,0,0,1.1,0,1828,0,0,0,29.846472,0,0,6.700844,-1.9,300,0,3744.6,30,0.6784,0
1/25/20 18:04,75.5,75.4583333333333,0,0,4662.7,20.35,0,0,1.1,0,1828,0,0,0,29.853456,0,0,6.7029968,-1.9,300,0,3744.6,30,0.6784,0
1/25/20 18:09,75.5833333333333,75.5416666666667,0,0,4662.7,20.35,0,0,1.1,0,1828,0,0,0,29.805072,0,0,6.7034608,-1.9,300,0,3744.6,30,0.6784,0
1/25/20 18:14,75.6666666666667,75.625,0,0,4662.7,20.35,0,0,1.1,0,1828,0,0,0,29.805,0,0,6.7035384,-1.9,300,0,3744.6,30,0.6784,0
1/25/20 18:19,75.75,75.7083333333333,0,0,4662.7,20.35,0,0,1.1,0,1828,0,0,0,29.805,0,0,6.7034616,-1.9,300,0,3744.6,30,0.6784,0
1/25/20 18:24,75.8333333333333,75.7916666666667,0,0,4662.7,20.35,0,0,1.1,0,1828,0,0,0,29.805,0,0,6.7016952,-1.9,300,0,3744.6,30,0.6784,0
1/25/20 18:29,75.9166666666667,75.875,0,0,4662.7,20.35,0,0,1.1,0,1828,0,0,0,29.805,0,0,6.694396,-1.9,300,0,3744.6,30,0.6784,0
1/25/20 18:34,76,75.9583333333333,0,0,4662.7,20.35,0,0,1.1,0,1828,0,0,0,29.805,0,0,6.6862432,-1.9,300,0,3744.6,30,0.6784,0
1/25/20 18:39,76.0833333333333,76.0416666666667,0,0,4662.7,20.35,0,0,1.1,0,1828,0,0,0,29.805,0,0,6.6830048,-1.9,300,0,3744.6,30,0.6784,0
1/25/20 18:44,76.1666666666667,76.125,0,0,4662.7,20.35,0,0,1.1,0,1828,0,0,0,29.805,0,0,6.683,-1.9,300,0,3744.6,30,0.6784,0
1/25/20 18:49,76.25,76.2083333333333,0,0,4662.7,20.35,0,0,1.1,0,1828,0,0,0,29.805,0,0,6.6811568,-1.9,300,0,3744.6,30,0.6784,0
1/25/20 18:54,76.3333333333333,76.2916666666667,0,0,4662.7,20.35,0,0,1.1,0,1828,0,0,0,29.805,0,0,6.6808464,-1.9,300,0,3744.6,30,0.6784,0
1/25/20 18:59,76.4166666666667,76.375,0,0,4662.7,20.35,0,0,1.1,0,1828,0,0,0,29.805,0,0,6.6834576,-1.9,300,0,3744.6,30,0.6784,0
1/25/20 19:04,76.5,76.4583333333333,0,0,4662.7,20.35,0,0,1.1,0,1828,0,0,0,29.846472,0,0,6.6849208,-1.9,300,0,3744.6,30,0.6784,0
1/25/20 19:09,76.5833333333333,76.5416666666667,0,0,4662.7,20.35,0,0,1.1,0,1828,0,0,0,29.853456,0,0,6.689224,-1.9,300,0,3744.6,30,0.6784,0
1/25/20 19:14,76.6666666666667,76.625,0,0,4662.7,20.35,0,0,1.1,0,1828,0,0,0,29.805072,0,0,6.6929944,-1.9,300,0,3744.6,30,0.6784,0
1/25/20 19:19,76.75,76.7083333333333,0,0,4662.7,20.35,0,0,1.1,0,1828,0,0,0,29.825736,0,0,6.6934608,-1.9,300,0,3744.6,30,0.6784,0
1/25/20 19:24,76.8333333333333,76.7916666666667,0,0,4662.7,20.35,0,0,1.1,0,1828,0,0,0,29.829228,0,0,6.6935384,-1.9,300,0,3744.6,30,0.6784,0
1/25/20 19:29,76.9166666666667,76.875,0,0,4662.7,20.35,0,0,1.1,0,1828,0,0,0,29.805036,0,0,6.6934616,-1.9,300,0,3744.6,30,0.6784,0
1/25/20 19:34,77,76.9583333333333,0,0,4662.7,20.35,0,0,1.1,0,1828,0,0,0,29.805,0,0,6.6958424,-1.9,300,0,3744.6,30,0.6784,0
1/25/20 19:39,77.0833333333333,77.0416666666667,0,0,4662.7,20.35,0,0,1.1,0,1828,0,0,0,29.805,0,0,6.6961536,-1.9,300,0,3744.6,30,0.6784,0
1/25/20 19:44,77.1666666666667,77.125,0,0,4662.7,20.35,0,0,1.1,0,1828,0,0,0,29.805,0,0,6.6940032,-1.9,300,0,3744.6,30,0.6784,0
1/25/20 19:49,77.25,77.2083333333333,0,0,4662.7,20.35,0,0,1.1,0,1828,0,0,0,29.805,0,0,6.696304,-1.9,300,0,3744.6,30,0.6784,0
1/25/20 19:54,77.3333333333333,77.2916666666667,0,0,4662.7,20.35,0,0,1.1,0,1828,0,0,0,29.805,0,0,6.6999176,-1.9,300,0,3744.6,30,0.6784,0
1/25/20 19:59,77.4166666666667,77.375,0,0,4662.7,20.35,0,0,1.1,0,1828,0,0,0,29.805,0,0,6.7000768,-1.9,300,0,3744.6,30,0.6784,0
1/25/20 20:04,77.5,77.4583333333333,0,0,4662.7,20.35,0,0,1.1,0,1828,0,0,0,29.805,0,0,6.6990016,-1.9,300,0,3744.6,30,0.6784,0
1/25/20 20:09,77.5833333333333,77.5416666666667,0,0,4662.7,20.35,0,0,1.1,0,1828,0,0,0,29.846472,0,0,6.7008432,-1.9,300,0,3744.6,30,0.6784,0
1/25/20 20:14,77.6666666666667,77.625,0,0,4662.7,20.35,0,0,1.1,0,1828,0,0,0,29.853456,0,0,6.6997712,-1.9,300,0,3744.6,30,0.6784,0
1/25/20 20:19,77.75,77.7083333333333,0,0,4662.7,20.35,0,0,1.1,0,1828,0,0,0,29.805072,0,0,6.695084,-1.9,300,0,3744.6,30,0.6784,0
1/25/20 20:24,77.8333333333333,77.7916666666667,0,0,4662.7,20.35,0,0,1.1,0,1828,0,0,0,29.805,0,0,6.6949232,-1.9,300,0,3744.6,30,0.6784,0
1/25/20 20:29,77.9166666666667,77.875,0,0,4662.7,20.35,0,0,1.1,0,1828,0,0,0,29.846472,0,0,6.6983024,-1.9,300,0,3744.6,30,0.6784,0
1/25/20 20:34,78,77.9583333333333,0,0,4662.7,20.35,0,0,1.1,0,1828,0,0,0,29.8535937807309,0,0,6.70191453820598,-1.9,300,0,3744.6,30,0.6784,0
1/25/20 20:39,78.0833333333333,78.0416666666667,0,0,4662.7,20.35,0,0,1.1,0,1828,0,0,0,29.8050842192691,0,0,6.70574376179402,-1.9,300,0,3744.6,30,0.6784,0
1/25/20 20:44,78.1666666666667,78.125,0,0,4662.7,20.35,0,0,1.1,0,1828,0,0,0,29.805,0,0,6.71128239444444,-1.9,300,0,3744.6,30,0.6784,0
1/25/20 20:49,78.25,78.2083333333333,0,0,4662.7,20.35,0,0,1.1,0,1828,0,0,0,29.8393204166667,0,0,6.71628333333333,-1.9,300,0,3744.6,30,0.6784,0
1/25/20 20:54,78.3333333333333,78.2916666666667,0,0,4662.7,20.35,0,0,1.1,0,1828,0,0,0,29.8456091666667,0,0,6.71762248888889,-1.9,300,0,3744.6,30,0.6784,0
1/25/20 20:59,78.4166666666667,78.375,0,0,4662.7,20.35,0,0,1.1,0,1828,0,0,0,29.8050704166667,0,0,6.71508760555556,-1.9,300,0,3744.6,30,0.6784,0
1/25/20 21:04,78.5,78.4583333333333,0,0,4662.7,20.35,0,0,1.1,0,1828,0,0,0,29.8393204166667,0,0,6.71491708888889,-1.9,300,0,3744.6,30,0.6784,0
1/25/20 21:09,78.5833333333333,78.5416666666667,0,0,4662.7,20.35,0,0,1.1,0,1828,0,0,0,29.8456091666667,0,0,6.71599812222222,-1.9,300,0,3744.6,30,0.6784,0
1/25/20 21:14,78.6666666666667,78.625,0,0,4662.7,20.35,0,0,1.1,0,1828,0,0,0,29.8462549166667,0,0,6.71737281666667,-1.9,300,0,3744.6,30,0.6784,0
1/25/20 21:19,78.75,78.7083333333333,0,0,4662.7,20.35,0,0,1.1,0,1828,0,0,0,29.853731,0,0,6.71991239444444,-1.9,300,0,3744.6,30,0.6784,0
1/25/20 21:24,78.8333333333333,78.7916666666667,0,0,4662.7,20.35,0,0,1.1,0,1828,0,0,0,29.8050845,0,0,6.72145572777778,-1.9,300,0,3744.6,30,0.6784,0
1/25/20 21:29,78.9166666666667,78.875,0,0,4662.7,20.35,0,0,1.1,0,1828,0,0,0,29.805,0,0,6.72199906111111,-1.9,300,0,3744.6,30,0.6784,0
1/25/20 21:34,79,78.9583333333333,0,0,4662.7,20.35,0,0,1.1,0,1828,0,0,0,29.805,0,0,6.72337281666667,-1.9,300,0,3744.6,30,0.6784,0
1/25/20 21:39,79.0833333333333,79.0416666666667,0,0,4662.7,20.35,0,0,1.1,0,1828,0,0,0,29.805,0,0,6.72774281666667,-1.9,300,0,3744.6,30,0.6784,0
1/25/20 21:44,79.1666666666667,79.125,0,0,4662.7,20.35,0,0,1.1,0,1828,0,0,0,29.805,0,0,6.73007915555555,-1.9,300,0,3744.6,30,0.6784,0
1/25/20 21:49,79.25,79.2083333333333,0,0,4662.7,20.35,0,0,1.1,0,1828,0,0,0,29.805,0,0,6.72900187777778,-1.9,300,0,3744.6,30,0.6784,0
1/25/20 21:54,79.3333333333333,79.2916666666667,0,0,4662.7,20.35,0,0,1.1,0,1828,0,0,0,29.805,0,0,6.72945760555556,-1.9,300,0,3744.6,30,0.6784,0
1/25/20 21:59,79.4166666666667,79.375,0,0,4662.7,20.35,0,0,1.1,0,1828,0,0,0,29.805,0,0,6.72954145555556,-1.9,300,0,3744.6,30,0.6784,0
1/25/20 22:04,79.5,79.4583333333333,0,0,4662.7,20.35,0,0,1.1,0,1828,0,0,0,29.805,0,0,6.72854333333333,-1.9,300,0,3744.6,30,0.6784,0
1/25/20 22:09,79.5833333333333,79.5416666666667,0,0,4662.7,20.35,0,0,1.1,0,1828,0,0,0,29.805,0,0,6.72983136111111,-1.9,300,0,3744.6,30,0.6784,0
1/25/20 22:14,79.6666666666667,79.625,0,0,4662.7,20.35,0,0,1.1,0,1828,0,0,0,29.805,0,0,6.73428427222222,-1.9,300,0,3744.6,30,0.6784,0
1/25/20 22:19,79.75,79.7083333333333,0,0,4662.7,20.35,0,0,1.1,0,1828,0,0,0,29.8393204166667,0,0,6.7365377,-1.9,300,0,3744.6,30,0.6784,0
1/25/20 22:24,79.8333333333333,79.7916666666667,0,0,4662.7,20.35,0,0,1.1,0,1828,0,0,0,29.8456091666667,0,0,6.73600093888889,-1.9,300,0,3744.6,30,0.6784,0
1/25/20 22:29,79.9166666666667,79.875,0,0,4662.7,20.35,0,0,1.1,0,1828,0,0,0,29.8050704166667,0,0,6.73462718333333,-1.9,300,0,3744.6,30,0.6784,0
1/25/20 22:34,80,79.9583333333333,0,0,4662.7,20.35,0,0,1.1,0,1828,0,0,0,29.805,0,0,6.73483323888889,-1.9,300,0,3744.6,30,0.6784,0
1/25/20 22:39,80.0833333333333,80.0416666666667,0,0,4662.7,20.35,0,0,1.1,0,1828,0,0,0,29.805,0,0,6.73791145555556,-1.9,300,0,3744.6,30,0.6784,0
1/25/20 22:44,80.1666666666667,80.125,0,0,4662.7,20.35,0,0,1.1,0,1828,0,0,0,29.805,0,0,6.74082854444444,-1.9,300,0,3744.6,30,0.6784,0
1/25/20 22:49,80.25,80.2083333333333,0,0,4662.7,20.35,0,0,1.1,0,1828,0,0,0,29.805,0,0,6.74436906111111,-1.9,300,0,3744.6,30,0.6784,0
1/25/20 22:54,80.3333333333333,80.2916666666667,0,0,4662.7,20.35,0,0,1.1,0,1828,0,0,0,29.805,0,0,6.74599718333333,-1.9,300,0,3744.6,30,0.6784,0
1/25/20 22:59,80.4166666666667,80.375,0,0,4662.7,20.35,0,0,1.1,0,1828,0,0,0,29.805,0,0,6.74371197222222,-1.9,300,0,3744.6,30,0.6784,0
1/25/20 23:04,80.5,80.4583333333333,0,0,4662.7,20.35,0,0,1.1,0,1828,0,0,0,29.805,0,0,6.74100469444445,-1.9,300,0,3744.6,30,0.6784,0
1/25/20 23:09,80.5833333333333,80.5416666666667,0,0,4662.7,20.35,0,0,1.1,0,1828,0,0,0,29.805,0,0,6.741,-1.9,300,0,3744.6,30,0.6784,0
1/25/20 23:14,80.6666666666667,80.625,0,0,4662.7,20.35,0,0,1.1,0,1828,0,0,0,29.805,0,0,6.74328802777778,-1.9,300,0,3744.6,30,0.6784,0
1/25/20 23:19,80.75,80.7083333333333,0,0,4662.7,20.35,0,0,1.1,0,1828,0,0,0,29.805,0,0,6.74416488333333,-1.9,300,0,3744.6,30,0.6784,0
1/25/20 23:24,80.8333333333333,80.7916666666667,0,0,4662.7,20.35,0,0,1.1,0,1828,0,0,0,29.805,0,0,6.74429178333333,-1.9,300,0,3744.6,30,0.6784,0
1/25/20 23:29,80.9166666666667,80.875,0,0,4662.7,20.35,0,0,1.1,0,1828,0,0,0,29.805,0,0,6.74836812222222,-1.9,300,0,3744.6,30,0.6784,0
1/25/20 23:34,81,80.9583333333333,0,0,4662.7,20.35,0,0,1.1,0,1828,0,0,0,29.805,0,0,6.74953957777778,-1.9,300,0,3744.6,30,0.6784,0
1/25/20 23:39,81.0833333333333,81.0416666666667,0,0,4662.7,20.35,0,0,1.1,0,1828,0,0,0,29.805,0,0,6.75128896666667,-1.9,300,0,3744.6,30,0.6784,0
1/25/20 23:44,81.1666666666667,81.125,0,0,4662.7,20.35,0,0,1.1,0,1828,0,0,0,29.805,0,0,6.75399530555555,-1.9,300,0,3744.6,30,0.6784,0
1/25/20 23:49,81.25,81.2083333333333,0,0,4662.7,20.35,0,0,1.1,0,1828,0,0,0,29.805,0,0,6.75720323888889,-1.9,300,0,3744.6,30,0.6784,0
1/25/20 23:54,81.3333333333333,81.2916666666667,0,0,4662.7,20.35,0,0,1.1,0,1828,0,0,0,29.8461845,0,0,6.76099342777778,-1.9,300,0,3744.6,30,0.6784,0
1/25/20 23:59,81.4166666666667,81.375,0,0,4662.7,20.35,0,0,1.1,0,1828,0,0,0,29.853731,0,0,6.76008478888889,-1.9,300,0,3744.6,30,0.6784,0
1/26/20 0:04,81.5,81.4583333333333,0,0,4662.7,20.35,0,0,1.1,0,1828,0,0,0,29.8050845,0,0,6.76037469444444,-1.9,300,0,3744.6,30,0.6784,0
1/26/20 0:09,81.5833333333333,81.5416666666667,0,0,4662.7,20.35,0,0,1.1,0,1828,0,0,0,29.805,0,0,6.76062436666667,-1.9,300,0,3744.6,30,0.6784,0
1/26/20 0:14,81.6666666666667,81.625,0,0,4662.7,20.35,0,0,1.1,0,1828,0,0,0,29.805,0,0,6.75900281666667,-1.9,300,0,3744.6,30,0.6784,0
1/26/20 0:19,81.75,81.7083333333333,0,0,4662.7,20.35,0,0,1.1,0,1828,0,0,0,29.805,0,0,6.75991521111111,-1.9,300,0,3744.6,30,0.6784,0
1/26/20 0:24,81.8333333333333,81.7916666666667,0,0,4662.7,20.35,0,0,1.1,0,1828,0,0,0,29.805,0,0,6.75779488333333,-1.9,300,0,3744.6,30,0.6784,0
1/26/20 0:29,81.9166666666667,81.875,0,0,4662.7,20.35,0,0,1.1,0,1828,0,0,0,29.805,0,0,6.75675220555556,-1.9,300,0,3744.6,30,0.6784,0
1/26/20 0:34,82,81.9583333333333,0,0,4662.7,20.35,0,0,1.1,0,1828,0,0,0,29.805,0,0,6.75907915555555,-1.9,300,0,3744.6,30,0.6784,0
1/26/20 0:39,82.0833333333333,82.0416666666667,0,0,4662.7,20.35,0,0,1.1,0,1828,0,0,0,29.805,0,0,6.76212032777778,-1.9,300,0,3744.6,30,0.6784,0
1/26/20 0:44,82.1666666666667,82.125,0,0,4662.7,20.35,0,0,1.1,0,1828,0,0,0,29.805,0,0,6.76425503837209,-1.9,300,0,3744.6,30,0.6784,0
1/26/20 0:49,82.25,82.2083333333333,0,0,4662.7,20.35,0,0,1.1,0,1828,0,0,0,29.805,0,0,6.75918882273902,-1.9,300,0,3744.6,30,0.6784,0
1/26/20 0:54,82.3333333333333,82.2916666666667,0,0,4662.7,20.35,0,0,1.1,0,1828,0,0,0,29.805,0,0,6.75564108888889,-1.9,300,0,3744.6,30,0.6784,0
1/26/20 0:59,82.4166666666667,82.375,0,0,4662.7,20.35,0,0,1.1,0,1828,0,0,0,29.805,0,0,6.75309442222222,-1.9,300,0,3744.6,30,0.6784,0
1/26/20 1:04,82.5,82.4583333333333,0,0,4662.7,20.35,0,0,1.1,0,1828,0,0,0,29.805,0,0,6.7565464,-1.9,300,0,3744.6,30,0.6784,0
1/26/20 1:09,82.5833333333333,82.5416666666667,0,0,4662.7,20.35,0,0,1.1,0,1828,0,0,0,29.805,0,0,6.7638068,-1.9,300,0,3744.6,30,0.6784,0
1/26/20 1:14,82.6666666666667,82.625,0,0,4662.7,20.35,0,0,1.1,0,1828,0,0,0,29.845898,0,0,6.76735891111111,-1.9,300,0,3744.6,30,0.6784,0
1/26/20 1:19,82.75,82.7083333333333,0,0,4662.7,20.35,0,0,1.1,0,1828,0,0,0,29.854004,0,0,6.76808788888889,-1.9,300,0,3744.6,30,0.6784,0
1/26/20 1:24,82.8333333333333,82.7916666666667,0,0,4662.7,20.35,0,0,1.1,0,1828,0,0,0,29.805098,0,0,6.76609333333333,-1.9,300,0,3744.6,30,0.6784,0
1/26/20 1:29,82.9166666666667,82.875,0,0,4662.7,20.35,0,0,1.1,0,1828,0,0,0,29.825449,0,0,6.76772871111111,-1.9,300,0,3744.6,30,0.6784,0
1/26/20 1:34,83,82.9583333333333,0,0,4662.7,20.35,0,0,1.1,0,1828,0,0,0,29.8704,0,0,6.77008462222222,-1.9,300,0,3744.6,30,0.6784,0
1/26/20 1:39,83.0833333333333,83.0416666666667,0,0,4662.7,20.35,0,0,1.1,0,1828,0,0,0,29.854053,0,0,6.76809333333333,-1.9,300,0,3744.6,30,0.6784,0
1/26/20 1:44,83.1666666666667,83.125,0,0,4662.7,20.35,0,0,1.1,0,1828,0,0,0,29.805098,0,0,6.76700217777778,-1.9,300,0,3744.6,30,0.6784,0
1/26/20 1:49,83.25,83.2083333333333,0,0,4662.7,20.35,0,0,1.1,0,1828,0,0,0,29.8118163333333,0,0,6.76881768888889,-1.9,300,0,3744.6,30,0.6784,0
1/26/20 1:54,83.3333333333333,83.2916666666667,0,0,4662.7,20.35,0,0,1.1,0,1828,0,0,0,29.8131673333333,0,0,6.76917795555556,-1.9,300,0,3744.6,30,0.6784,0
1/26/20 1:59,83.4166666666667,83.375,0,0,4662.7,20.35,0,0,1.1,0,1828,0,0,0,29.8050163333333,0,0,6.76700435555556,-1.9,300,0,3744.6,30,0.6784,0
1/26/20 2:04,83.5,83.4583333333333,0,0,4662.7,20.35,0,0,1.1,0,1828,0,0,0,29.805,0,0,6.76790884444445,-1.9,300,0,3744.6,30,0.6784,0
1/26/20 2:09,83.5833333333333,83.5416666666667,0,0,4662.7,20.35,0,0,1.1,0,1828,0,0,0,29.805,0,0,6.77036108888889,-1.9,300,0,3744.6,30,0.6784,0
1/26/20 2:14,83.6666666666667,83.625,0,0,4662.7,20.35,0,0,1.1,0,1828,0,0,0,29.805,0,0,6.77154231111111,-1.9,300,0,3744.6,30,0.6784,0
1/26/20 2:19,83.75,83.7083333333333,0,0,4662.7,20.35,0,0,1.1,0,1828,0,0,0,29.805,0,0,6.7732732,-1.9,300,0,3744.6,30,0.6784,0
1/26/20 2:24,83.8333333333333,83.7916666666667,0,0,4662.7,20.35,0,0,1.1,0,1828,0,0,0,29.805,0,0,6.77508571111111,-1.9,300,0,3744.6,30,0.6784,0
1/26/20 2:29,83.9166666666667,83.875,0,0,4662.7,20.35,0,0,1.1,0,1828,0,0,0,29.805,0,0,6.77536544444444,-1.9,300,0,3744.6,30,0.6784,0
1/26/20 2:34,84,83.9583333333333,0,0,4662.7,20.35,0,0,1.1,0,1828,0,0,0,29.805,0,0,6.77563346666667,-1.9,300,0,3744.6,30,0.6784,0
1/26/20 2:39,84.0833333333333,84.0416666666667,0,0,4662.7,20.35,0,0,1.1,0,1828,0,0,0,29.805,0,0,6.77536653333333,-1.9,300,0,3744.6,30,0.6784,0
1/26/20 2:44,84.1666666666667,84.125,0,0,4662.7,20.35,0,0,1.1,0,1828,0,0,0,29.805,0,0,6.77654231111111,-1.9,300,0,3744.6,30,0.6784,0
1/26/20 2:49,84.25,84.2083333333333,0,0,4662.7,20.35,0,0,1.1,0,1828,0,0,0,29.845898,0,0,6.77645551111111,-1.9,300,0,3744.6,30,0.6784,0
1/26/20 2:54,84.3333333333333,84.2916666666667,0,0,4662.7,20.35,0,0,1.1,0,1828,0,0,0,29.854004,0,0,6.77790775555556,-1.9,300,0,3744.6,30,0.6784,0
1/26/20 2:59,84.4166666666667,84.375,0,0,4662.7,20.35,0,0,1.1,0,1828,0,0,0,29.805098,0,0,6.77990666666667,-1.9,300,0,3744.6,30,0.6784,0
1/26/20 3:04,84.5,84.4583333333333,0,0,4662.7,20.35,0,0,1.1,0,1828,0,0,0,29.805,0,0,6.78008897777778,-1.9,300,0,3744.6,30,0.6784,0
1/26/20 3:09,84.5833333333333,84.5416666666667,0,0,4662.7,20.35,0,0,1.1,0,1828,0,0,0,29.805,0,0,6.78081986666667,-1.9,300,0,3744.6,30,0.6784,0
1/26/20 3:14,84.6666666666667,84.625,0,0,4662.7,20.35,0,0,1.1,0,1828,0,0,0,29.805,0,0,6.7820868,-1.9,300,0,3744.6,30,0.6784,0
1/26/20 3:19,84.75,84.7083333333333,0,0,4662.7,20.35,0,0,1.1,0,1828,0,0,0,29.805,0,0,6.78100217777778,-1.9,300,0,3744.6,30,0.6784,0
1/26/20 3:24,84.8333333333333,84.7916666666667,0,0,4662.7,20.35,0,0,1.1,0,1828,0,0,0,29.805,0,0,6.781,-1.9,300,0,3744.6,30,0.6784,0
1/26/20 3:29,84.9166666666667,84.875,0,0,4662.7,20.35,0,0,1.1,0,1828,0,0,0,29.805,0,0,6.78009115555556,-1.9,300,0,3744.6,30,0.6784,0
1/26/20 3:34,85,84.9583333333333,0,0,4662.7,20.35,0,0,1.1,0,1828,0,0,0,29.845898,0,0,6.78127428888889,-1.9,300,0,3744.6,30,0.6784,0
1/26/20 3:39,85.0833333333333,85.0416666666667,0,0,4662.7,20.35,0,0,1.1,0,1828,0,0,0,29.854004,0,0,6.78535782222222,-1.9,300,0,3744.6,30,0.6784,0
1/26/20 3:44,85.1666666666667,85.125,0,0,4662.7,20.35,0,0,1.1,0,1828,0,0,0,29.805098,0,0,6.78563346666667,-1.9,300,0,3744.6,30,0.6784,0
1/26/20 3:49,85.25,85.2083333333333,0,0,4662.7,20.35,0,0,1.1,0,1828,0,0,0,29.805,0,0,6.78718422222222,-1.9,300,0,3744.6,30,0.6784,0
1/26/20 3:54,85.3333333333333,85.2916666666667,0,0,4662.7,20.35,0,0,1.1,0,1828,0,0,0,29.805,0,0,6.78872026666667,-1.9,300,0,3744.6,30,0.6784,0
1/26/20 3:59,85.4166666666667,85.375,0,0,4662.7,20.35,0,0,1.1,0,1828,0,0,0,29.805,0,0,6.7850966,-1.9,300,0,3744.6,30,0.6784,0
1/26/20 4:04,85.5,85.4583333333333,0,0,4662.7,20.35,0,0,1.1,0,1828,0,0,0,29.805,0,0,6.78536544444444,-1.9,300,0,3744.6,30,0.6784,0
1/26/20 4:09,85.5833333333333,85.5416666666667,0,0,4662.7,20.35,0,0,1.1,0,1828,0,0,0,29.845898,0,0,6.7842702,-1.9,300,0,3744.6,30,0.6784,0
1/26/20 4:14,85.6666666666667,85.625,0,0,4662.7,20.35,0,0,1.1,0,1828,0,0,0,29.854004,0,0,6.78100653333333,-1.9,300,0,3744.6,30,0.6784,0
1/26/20 4:19,85.75,85.7083333333333,0,0,4662.7,20.35,0,0,1.1,0,1828,0,0,0,29.805098,0,0,6.781,-1.9,300,0,3744.6,30,0.6784,0
1/26/20 4:24,85.8333333333333,85.7916666666667,0,0,4662.7,20.35,0,0,1.1,0,1828,0,0,0,29.805,0,0,6.78236326666667,-1.9,300,0,3744.6,30,0.6784,0
1/26/20 4:29,85.9166666666667,85.875,0,0,4662.7,20.35,0,0,1.1,0,1828,0,0,0,29.805,0,0,6.78536,-1.9,300,0,3744.6,30,0.6784,0
1/26/20 4:34,86,85.9583333333333,0,0,4662.7,20.35,0,0,1.1,0,1828,0,0,0,29.805,0,0,6.78790557777778,-1.9,300,0,3744.6,30,0.6784,0
1/26/20 4:39,86.0833333333333,86.0416666666667,0,0,4662.7,20.35,0,0,1.1,0,1828,0,0,0,29.805,0,0,6.78899782222222,-1.9,300,0,3744.6,30,0.6784,0
1/26/20 4:44,86.1666666666667,86.125,0,0,4662.7,20.35,0,0,1.1,0,1828,0,0,0,29.805,0,0,6.789,-1.9,300,0,3744.6,30,0.6784,0
1/26/20 4:49,86.25,86.2083333333333,0,0,4662.7,20.35,0,0,1.1,0,1828,0,0,0,29.805,0,0,6.78763673333333,-1.9,300,0,3744.6,30,0.6784,0
1/26/20 4:54,86.3333333333333,86.2916666666667,0,0,4662.7,20.35,0,0,1.1,0,1828,0,0,0,29.805,0,0,6.78645768888889,-1.9,300,0,3744.6,30,0.6784,0
1/26/20 4:59,86.4166666666667,86.375,0,0,4662.7,20.35,0,0,1.1,0,1828,0,0,0,29.805,0,0,6.78563564444444,-1.9,300,0,3744.6,30,0.6784,0
1/26/20 5:04,86.5,86.4583333333333,0,0,4662.7,20.35,0,0,1.1,0,1828,0,0,0,29.805,0,0,6.78400326666667,-1.9,300,0,3744.6,30,0.6784,0
1/26/20 5:09,86.5833333333333,86.5416666666667,0,0,4662.7,20.35,0,0,1.1,0,1828,0,0,0,29.805,0,0,6.784,-1.9,300,0,3744.6,30,0.6784,0
1/26/20 5:14,86.6666666666667,86.625,0,0,4662.7,20.35,0,0,1.1,0,1828,0,0,0,29.805,0,0,6.78718095555556,-1.9,300,0,3744.6,30,0.6784,0
1/26/20 5:19,86.75,86.7083333333333,0,0,4662.7,20.35,0,0,1.1,0,1828,0,0,0,29.805,0,0,6.79099237777778,-1.9,300,0,3744.6,30,0.6784,0
1/26/20 5:24,86.8333333333333,86.7916666666667,0,0,4662.7,20.35,0,0,1.1,0,1828,0,0,0,29.805,0,0,6.79145125,-1.9,300,0,3744.6,30,0.6784,0
1/26/20 5:29,86.9166666666667,86.875,0,0,4662.7,20.35,0,0,1.1,0,1828,0,0,0,29.805,0,0,6.78929125,-1.9,300,0,3744.6,30,0.6784,0
1/26/20 5:34,87,86.9583333333333,0,0,4662.7,20.35,0,0,1.1,0,1828,0,0,0,29.82530625,0,0,6.7860075,-1.9,300,0,3744.6,30,0.6784,0
1/26/20 5:39,87.0833333333333,87.0416666666667,0,0,4662.7,20.35,0,0,1.1,0,1828,0,0,0,29.8296375,0,0,6.7850975,-1.9,300,0,3744.6,30,0.6784,0
1/26/20 5:44,87.1666666666667,87.125,0,0,4662.7,20.35,0,0,1.1,0,1828,0,0,0,29.84566875,0,0,6.7840025,-1.9,300,0,3744.6,30,0.6784,0
1/26/20 5:49,87.25,87.2083333333333,0,0,4662.7,20.35,0,0,1.1,0,1828,0,0,0,29.854275,0,0,6.78535375,-1.9,300,0,3744.6,30,0.6784,0
1/26/20 5:54,87.3333333333333,87.2916666666667,0,0,4662.7,20.35,0,0,1.1,0,1828,0,0,0,29.8051125,0,0,6.78699625,-1.9,300,0,3744.6,30,0.6784,0
1/26/20 5:59,87.4166666666667,87.375,0,0,4662.7,20.35,0,0,1.1,0,1828,0,0,0,29.805,0,0,6.787,-1.9,300,0,3744.6,30,0.6784,0
1/26/20 6:04,87.5,87.4583333333333,0,0,4662.7,20.35,0,0,1.1,0,1828,0,0,0,29.805,0,0,6.78564625,-1.9,300,0,3744.6,30,0.6784,0
1/26/20 6:09,87.5833333333333,87.5416666666667,0,0,4662.7,20.35,0,0,1.1,0,1828,0,0,0,29.805,0,0,6.78626,-1.9,300,0,3744.6,30,0.6784,0
1/26/20 6:14,87.6666666666667,87.625,0,0,4662.7,20.35,0,0,1.1,0,1828,0,0,0,29.805,0,0,6.7903475,-1.9,300,0,3744.6,30,0.6784,0
1/26/20 6:19,87.75,87.7083333333333,0,0,4662.7,20.35,0,0,1.1,0,1828,0,0,0,29.805,0,0,6.79289875,-1.9,300,0,3744.6,30,0.6784,0
1/26/20 6:24,87.8333333333333,87.7916666666667,0,0,4662.7,20.35,0,0,1.1,0,1828,0,0,0,29.805,0,0,6.7939975,-1.9,300,0,3744.6,30,0.6784,0
1/26/20 6:29,87.9166666666667,87.875,0,0,4662.7,20.35,0,0,1.1,0,1828,0,0,0,29.805,0,0,6.79625625,-1.9,300,0,3744.6,30,0.6784,0
1/26/20 6:34,88,87.9583333333333,0,0,4662.7,20.35,0,0,1.1,0,1828,0,0,0,29.805,0,0,6.79538375,-1.9,300,0,3744.6,30,0.6784,0
1/26/20 6:39,88.0833333333333,88.0416666666667,0,0,4662.7,20.35,0,0,1.1,0,1828,0,0,0,29.805,0,0,6.79236375,-1.9,300,0,3744.6,30,0.6784,0
1/26/20 6:44,88.1666666666667,88.125,0,0,4662.7,20.35,0,0,1.1,0,1828,0,0,0,29.8456125,0,0,6.79399625,-1.9,300,0,3744.6,30,0.6784,0
1/26/20 6:49,88.25,88.2083333333333,0,0,4662.7,20.35,0,0,1.1,0,1828,0,0,0,29.854275,0,0,6.794,-1.9,300,0,3744.6,30,0.6784,0
1/26/20 6:54,88.3333333333333,88.2916666666667,0,0,4662.7,20.35,0,0,1.1,0,1828,0,0,0,29.8051125,0,0,6.7949025,-1.9,300,0,3744.6,30,0.6784,0
1/26/20 6:59,88.4166666666667,88.375,0,0,4662.7,20.35,0,0,1.1,0,1828,0,0,0,29.805,0,0,6.79644875,-1.9,300,0,3744.6,30,0.6784,0
1/26/20 7:04,88.5,88.4583333333333,0,0,4662.7,20.35,0,0,1.1,0,1828,0,0,0,29.805,0,0,6.79970625,-1.9,300,0,3744.6,30,0.6784,0
1/26/20 7:09,88.5833333333333,88.5416666666667,0,0,4662.7,20.35,0,0,1.1,0,1828,0,0,0,29.805,0,0,6.8011875,-1.9,300,0,3744.6,30,0.6784,0
1/26/20 7:14,88.6666666666667,88.625,0,0,4662.7,20.35,0,0,1.1,0,1828,0,0,0,29.805,0,0,6.799005,-1.9,300,0,3744.6,30,0.6784,0
1/26/20 7:19,88.75,88.7083333333333,0,0,4662.7,20.35,0,0,1.1,0,1828,0,0,0,29.805,0,0,6.800805,-1.9,300,0,3744.6,30,0.6784,0
1/26/20 7:24,88.8333333333333,88.7916666666667,0,0,4662.7,20.35,0,0,1.1,0,1828,0,0,0,29.805,0,0,6.80344625,-1.9,300,0,3744.6,30,0.6784,0
1/26/20 7:29,88.9166666666667,88.875,0,0,4662.7,20.35,0,0,1.1,0,1828,0,0,0,29.805,0,0,6.80580375,-1.9,300,0,3744.6,30,0.6784,0
1/26/20 7:34,89,88.9583333333333,0,0,4662.7,20.35,0,0,1.1,0,1828,0,0,0,29.805,0,0,6.80754375,-1.9,300,0,3744.6,30,0.6784,0
1/26/20 7:39,89.0833333333333,89.0416666666667,0,0,4662.7,20.35,0,0,1.1,0,1828,0,0,0,29.805,0,0,6.80609875,-1.9,300,0,3744.6,30,0.6784,0
1/26/20 7:44,89.1666666666667,89.125,0,0,4662.7,20.35,0,0,1.1,0,1828,0,0,0,29.805,0,0,6.80545375,-1.9,300,0,3744.6,30,0.6784,0
1/26/20 7:49,89.25,89.2083333333333,0,0,4662.7,20.35,0,0,1.1,0,1828,0,0,0,29.805,0,0,6.80599875,-1.9,300,0,3744.6,30,0.6784,0
1/26/20 7:54,89.3333333333333,89.2916666666667,0,0,4662.7,20.35,0,0,1.1,0,1828,0,0,0,29.805,0,0,6.80645125,-1.9,300,0,3744.6,30,0.6784,0
1/26/20 7:59,89.4166666666667,89.375,0,0,4662.7,20.35,0,0,1.1,0,1828,0,0,0,29.805,0,0,6.80880375,-1.9,300,0,3744.6,30,0.6784,0
1/26/20 8:04,89.5,89.4583333333333,0,0,4662.7,20.35,0,0,1.1,0,1828,0,0,0,29.805,0,0,6.81325125,-1.9,300,0,3744.6,30,0.6784,0
1/26/20 8:09,89.5833333333333,89.5416666666667,0,0,4662.7,20.35,0,0,1.1,0,1828,0,0,0,29.805,0,0,6.81599375,-1.9,300,0,3744.6,30,0.6784,0
1/26/20 8:14,89.6666666666667,89.625,0,0,4662.7,20.35,0,0,1.1,0,1828,0,0,0,29.805,0,0,6.8150975,-1.9,300,0,3744.6,30,0.6784,0
1/26/20 8:19,89.75,89.7083333333333,0,0,4662.7,20.35,0,0,1.1,0,1828,0,0,0,29.805,0,0,6.81535625,-1.9,300,0,3744.6,30,0.6784,0
1/26/20 8:24,89.8333333333333,89.7916666666667,0,0,4662.7,20.35,0,0,1.1,0,1828,0,0,0,29.805,0,0,6.816545,-1.9,300,0,3744.6,30,0.6784,0
1/26/20 8:29,89.9166666666667,89.875,0,0,4662.7,20.35,0,0,1.1,0,1828,0,0,0,29.8456125,0,0,6.81419625,-1.9,300,0,3744.6,30,0.6784,0
1/26/20 8:34,90,89.9583333333333,0,0,4662.7,20.35,0,0,1.1,0,1828,0,0,0,29.8948875,0,0,6.812005,-1.9,300,0,3744.6,30,0.6784,0
1/26/20 8:39,90.0833333333333,90.0416666666667,0,0,4662.7,20.35,0,0,1.1,0,1828,0,0,0,29.895,0,0,6.812,-1.9,300,0,3744.6,30,0.6784,0
1/26/20 8:44,90.1666666666667,90.125,0,0,4662.7,20.35,0,0,1.1,0,1828,0,0,0,29.8543875,0,0,6.81154875,-1.9,300,0,3744.6,30,0.6784,0
1/26/20 8:49,90.25,90.2083333333333,0,0,4662.7,20.35,0,0,1.1,0,1828,0,0,0,29.8051125,0,0,6.81009875,-1.9,300,0,3744.6,30,0.6784,0
1/26/20 8:54,90.3333333333333,90.2916666666667,0,0,4662.7,20.35,0,0,1.1,0,1828,0,0,0,29.805,0,0,6.81035625,-1.9,300,0,3744.6,30,0.6784,0
1/26/20 8:59,90.4166666666667,90.375,0,0,4662.7,20.35,0,0,1.1,0,1828,0,0,0,29.805,0,0,6.811545,-1.9,300,0,3744.6,30,0.6784,0
1/26/20 9:04,90.5,90.4583333333333,0,0,4662.7,20.35,0,0,1.1,0,1828,0,0,0,29.82530625,0,0,6.8078425,-1.9,300,0,3744.6,30,0.6784,0
1/26/20 9:09,90.5833333333333,90.5416666666667,0,0,4662.7,20.35,0,0,1.1,0,1828,0,0,0,29.8296375,0,0,6.80761875,-1.9,300,0,3744.6,30,0.6784,0
1/26/20 9:14,90.6666666666667,90.625,0,0,4662.7,20.35,0,0,1.1,0,1828,0,0,0,29.80505625,0,0,6.8128925,-1.9,300,0,3744.6,30,0.6784,0
1/26/20 9:19,90.75,90.7083333333333,0,0,4662.7,20.35,0,0,1.1,0,1828,0,0,0,29.805,0,0,6.81625375,-1.9,300,0,3744.6,30,0.6784,0
1/26/20 9:24,90.8333333333333,90.7916666666667,0,0,4662.7,20.35,0,0,1.1,0,1828,0,0,0,29.805,0,0,6.82125,-1.9,300,0,3744.6,30,0.6784,0
1/26/20 9:29,90.9166666666667,90.875,0,0,4662.7,20.35,0,0,1.1,0,1828,0,0,0,29.805,0,0,6.82264,-1.9,300,0,3744.6,30,0.6784,0
1/26/20 9:34,91,90.9583333333333,0,0,4662.7,20.35,0,0,1.1,0,1828,0,0,0,29.805,0,0,6.821455,-1.9,300,0,3744.6,30,0.6784,0
1/26/20 9:39,91.0833333333333,91.0416666666667,0,0,4662.7,20.35,0,0,1.1,0,1828,0,0,0,29.8456125,0,0,6.8215475,-1.9,300,0,3744.6,30,0.6784,0
1/26/20 9:44,91.1666666666667,91.125,0,0,4662.7,20.35,0,0,1.1,0,1828,0,0,0,29.854275,0,0,6.822355,-1.9,300,0,3744.6,30,0.6784,0
1/26/20 9:49,91.25,91.2083333333333,0,0,4662.7,20.35,0,0,1.1,0,1828,0,0,0,29.845725,0,0,6.82489875,-1.9,300,0,3744.6,30,0.6784,0
1/26/20 9:54,91.3333333333333,91.2916666666667,0,0,4662.7,20.35,0,0,1.1,0,1828,0,0,0,29.854275,0,0,6.82825375,-1.9,300,0,3744.6,30,0.6784,0
1/26/20 9:59,91.4166666666667,91.375,0,0,4662.7,20.35,0,0,1.1,0,1828,0,0,0,29.8051125,0,0,6.8287375,-1.9,300,0,3744.6,30,0.6784,0
1/26/20 10:04,91.5,91.4583333333333,0,0,4662.7,20.35,0,0,1.1,0,1828,0,0,0,29.805,0,0,6.82510375,-1.9,300,0,3744.6,30,0.6784,0
1/26/20 10:09,91.5833333333333,91.5416666666667,0,0,4662.7,20.35,0,0,1.1,0,1828,0,0,0,29.8456125,0,0,6.82625875,-1.9,300,0,3744.6,30,0.6784,0
1/26/20 10:14,91.6666666666667,91.625,0,0,4662.7,20.35,0,0,1.1,0,1828,0,0,0,29.86104375,0,0,6.82899375,-1.9,300,0,3744.6,30,0.6784,0
1/26/20 10:19,91.75,91.7083333333333,0,0,4662.7,20.35,0,0,1.1,0,1828,0,0,0,29.813325,0,0,6.83215875,-1.9,300,0,3744.6,30,0.6784,0
1/26/20 10:24,91.8333333333333,91.7916666666667,0,0,4662.7,20.35,0,0,1.1,0,1828,0,0,0,29.80501875,0,0,6.83147875,-1.9,300,0,3744.6,30,0.6784,0
1/26/20 10:29,91.9166666666667,91.875,0,0,4662.7,20.35,0,0,1.1,0,1828,0,0,0,29.8456125,0,0,6.8296225,-1.9,300,0,3744.6,30,0.6784,0
1/26/20 10:34,92,91.9583333333333,0,0,4662.7,20.35,0,0,1.1,0,1828,0,0,0,29.854275,0,0,6.83399,-1.9,300,0,3744.6,30,0.6784,0
1/26/20 10:39,92.0833333333333,92.0416666666667,0,0,4662.7,20.35,0,0,1.1,0,1828,0,0,0,29.845725,0,0,6.834,-1.9,300,0,3744.6,30,0.6784,0
1/26/20 10:44,92.1666666666667,92.125,0,0,4662.7,20.35,0,0,1.1,0,1828,0,0,0,29.854275,0,0,6.83715875,-1.9,300,0,3744.6,30,0.6784,0
1/26/20 10:49,92.25,92.2083333333333,0,0,4662.7,20.35,0,0,1.1,0,1828,0,0,0,29.845725,0,0,6.84279625,-1.9,300,0,3744.6,30,0.6784,0
1/26/20 10:54,92.3333333333333,92.2916666666667,0,0,4662.7,20.35,0,0,1.1,0,1828,0,0,0,29.854275,0,0,6.8458975,-1.9,300,0,3744.6,30,0.6784,0
1/26/20 10:59,92.4166666666667,92.375,0,0,4662.7,20.35,0,0,1.1,0,1828,0,0,0,29.8051125,0,0,6.84429,-1.9,300,0,3744.6,30,0.6784,0
1/26/20 11:04,92.5,92.4583333333333,0,0,4662.7,20.35,0,0,1.1,0,1828,0,0,0,29.805,0,0,6.83875125,-1.9,300,0,3744.6,30,0.6784,0
1/26/20 11:09,92.5833333333333,92.5416666666667,0,0,4662.7,20.35,0,0,1.1,0,1828,0,0,0,29.805,0,0,6.83961625,-1.9,300,0,3744.6,30,0.6784,0
1/26/20 11:14,92.6666666666667,92.625,0,0,4662.7,20.35,0,0,1.1,0,1828,0,0,0,29.805,0,0,6.8448925,-1.9,300,0,3744.6,30,0.6784,0
1/26/20 11:19,92.75,92.7083333333333,0,0,4662.7,20.35,0,0,1.1,0,1828,0,0,0,29.8456125,0,0,6.84374125,-1.9,300,0,3744.6,30,0.6784,0
1/26/20 11:24,92.8333333333333,92.7916666666667,0,0,4662.7,20.35,0,0,1.1,0,1828,0,0,0,29.854275,0,0,6.84371375,-1.9,300,0,3744.6,30,0.6784,0
1/26/20 11:29,92.9166666666667,92.875,0,0,4662.7,20.35,0,0,1.1,0,1828,0,0,0,29.8051125,0,0,6.8451875,-1.9,300,0,3744.6,30,0.6784,0
1/26/20 11:34,93,92.9583333333333,0,0,4662.7,20.35,0,0,1.1,0,1828,0,0,0,29.8456125,0,0,6.8412,-1.9,300,0,3744.6,30,0.6784,0
1/26/20 11:39,93.0833333333333,93.0416666666667,0,0,4662.7,20.35,0,0,1.1,0,1828,0,0,0,29.854275,0,0,6.839005,-1.9,300,0,3744.6,30,0.6784,0
1/26/20 11:44,93.1666666666667,93.125,0,0,4662.7,20.35,0,0,1.1,0,1828,0,0,0,29.8051125,0,0,6.83674375,-1.9,300,0,3744.6,30,0.6784,0
1/26/20 11:49,93.25,93.2083333333333,0,0,4662.7,20.35,0,0,1.1,0,1828,0,0,0,29.805,0,0,6.833555,-1.9,300,0,3744.6,30,0.6784,0
1/26/20 11:54,93.3333333333333,93.2916666666667,0,0,4662.7,20.35,0,0,1.1,0,1828,0,0,0,29.805,0,0,6.83345100083057,-1.9,300,0,3744.6,30,0.6784,0
1/26/20 11:59,93.4166666666667,93.375,0,0,4662.7,20.35,0,0,1.1,0,1828,0,0,0,29.805,0,0,6.83713520472499,-1.9,300,0,3744.6,30,0.6784,0
1/26/20 12:04,93.5,93.4583333333333,0,0,4662.7,20.35,0,0,1.1,0,1828,0,0,0,29.845328,0,0,6.84009386666667,-1.9,300,0,3744.6,30,0.6784,0
1/26/20 12:09,93.5833333333333,93.5416666666667,0,0,4662.7,20.35,0,0,1.1,0,1828,0,0,0,29.854544,0,0,6.84034711111111,-1.9,300,0,3744.6,30,0.6784,0
1/26/20 12:14,93.6666666666667,93.625,0,0,4662.7,20.35,0,0,1.1,0,1828,0,0,0,29.805128,0,0,6.84199573333333,-1.9,300,0,3744.6,30,0.6784,0
1/26/20 12:19,93.75,93.7083333333333,0,0,4662.7,20.35,0,0,1.1,0,1828,0,0,0,29.805,0,0,6.84334426666667,-1.9,300,0,3744.6,30,0.6784,0
1/26/20 12:24,93.8333333333333,93.7916666666667,0,0,4662.7,20.35,0,0,1.1,0,1828,0,0,0,29.805,0,0,6.84544382222222,-1.9,300,0,3744.6,30,0.6784,0
1/26/20 12:29,93.9166666666667,93.875,0,0,4662.7,20.35,0,0,1.1,0,1828,0,0,0,29.805,0,0,6.84555048888889,-1.9,300,0,3744.6,30,0.6784,0
1/26/20 12:34,94,93.9583333333333,0,0,4662.7,20.35,0,0,1.1,0,1828,0,0,0,29.805,0,0,6.84500142222222,-1.9,300,0,3744.6,30,0.6784,0
1/26/20 12:39,94.0833333333333,94.0416666666667,0,0,4662.7,20.35,0,0,1.1,0,1828,0,0,0,29.805,0,0,6.84365573333333,-1.9,300,0,3744.6,30,0.6784,0
1/26/20 12:44,94.1666666666667,94.125,0,0,4662.7,20.35,0,0,1.1,0,1828,0,0,0,29.805,0,0,6.84424471111111,-1.9,300,0,3744.6,30,0.6784,0
1/26/20 12:49,94.25,94.2083333333333,0,0,4662.7,20.35,0,0,1.1,0,1828,0,0,0,29.805,0,0,6.84699288888889,-1.9,300,0,3744.6,30,0.6784,0
1/26/20 12:54,94.3333333333333,94.2916666666667,0,0,4662.7,20.35,0,0,1.1,0,1828,0,0,0,29.805,0,0,6.84834426666667,-1.9,300,0,3744.6,30,0.6784,0
1/26/20 12:59,94.4166666666667,94.375,0,0,4662.7,20.35,0,0,1.1,0,1828,0,0,0,29.845328,0,0,6.84865146666667,-1.9,300,0,3744.6,30,0.6784,0
1/26/20 13:04,94.5,94.4583333333333,0,0,4662.7,20.35,0,0,1.1,0,1828,0,0,0,29.854544,0,0,6.84700426666667,-1.9,300,0,3744.6,30,0.6784,0
1/26/20 13:09,94.5833333333333,94.5416666666667,0,0,4662.7,20.35,0,0,1.1,0,1828,0,0,0,29.805128,0,0,6.847,-1.9,300,0,3744.6,30,0.6784,0
1/26/20 13:14,94.6666666666667,94.625,0,0,4662.7,20.35,0,0,1.1,0,1828,0,0,0,29.805,0,0,6.84565573333333,-1.9,300,0,3744.6,30,0.6784,0
1/26/20 13:19,94.75,94.7083333333333,0,0,4662.7,20.35,0,0,1.1,0,1828,0,0,0,29.825164,0,0,6.84310808888889,-1.9,300,0,3744.6,30,0.6784,0
1/26/20 13:24,94.8333333333333,94.7916666666667,0,0,4662.7,20.35,0,0,1.1,0,1828,0,0,0,29.829772,0,0,6.84513946666667,-1.9,300,0,3744.6,30,0.6784,0
1/26/20 13:29,94.9166666666667,94.875,0,0,4662.7,20.35,0,0,1.1,0,1828,0,0,0,29.805064,0,0,6.84899004444445,-1.9,300,0,3744.6,30,0.6784,0
1/26/20 13:34,95,94.9583333333333,0,0,4662.7,20.35,0,0,1.1,0,1828,0,0,0,29.805,0,0,6.85124044444444,-1.9,300,0,3744.6,30,0.6784,0
1/26/20 13:39,95.0833333333333,95.0416666666667,0,0,4662.7,20.35,0,0,1.1,0,1828,0,0,0,29.805,0,0,6.85309671111111,-1.9,300,0,3744.6,30,0.6784,0
1/26/20 13:44,95.1666666666667,95.125,0,0,4662.7,20.35,0,0,1.1,0,1828,0,0,0,29.8386066666667,0,0,6.85110666666667,-1.9,300,0,3744.6,30,0.6784,0
1/26/20 13:49,95.25,95.2083333333333,0,0,4662.7,20.35,0,0,1.1,0,1828,0,0,0,29.8462866666667,0,0,6.84865857777778,-1.9,300,0,3744.6,30,0.6784,0
1/26/20 13:54,95.3333333333333,95.2916666666667,0,0,4662.7,20.35,0,0,1.1,0,1828,0,0,0,29.8051066666667,0,0,6.84700426666667,-1.9,300,0,3744.6,30,0.6784,0
1/26/20 13:59,95.4166666666667,95.375,0,0,4662.7,20.35,0,0,1.1,0,1828,0,0,0,29.805,0,0,6.84610382222222,-1.9,300,0,3744.6,30,0.6784,0
1/26/20 14:04,95.5,95.4583333333333,0,0,4662.7,20.35,0,0,1.1,0,1828,0,0,0,29.805,0,0,6.84589902222222,-1.9,300,0,3744.6,30,0.6784,0
1/26/20 14:09,95.5833333333333,95.5416666666667,0,0,4662.7,20.35,0,0,1.1,0,1828,0,0,0,29.805,0,0,6.85013377777778,-1.9,300,0,3744.6,30,0.6784,0
1/26/20 14:14,95.6666666666667,95.625,0,0,4662.7,20.35,0,0,1.1,0,1828,0,0,0,29.805,0,0,6.85399004444445,-1.9,300,0,3744.6,30,0.6784,0
1/26/20 14:19,95.75,95.7083333333333,0,0,4662.7,20.35,0,0,1.1,0,1828,0,0,0,29.805,0,0,6.85131146666667,-1.9,300,0,3744.6,30,0.6784,0
1/26/20 14:24,95.8333333333333,95.7916666666667,0,0,4662.7,20.35,0,0,1.1,0,1828,0,0,0,29.845328,0,0,6.84621617777778,-1.9,300,0,3744.6,30,0.675532231111111,0
1/26/20 14:29,95.9166666666667,95.875,0,0,4662.7,20.35,0,0,1.1,0,1828,0,0,0,29.894872,0,0,6.84445377777778,-1.9,300,0,3744.6,30,0.672009102222222,0
1/26/20 14:34,96,95.9583333333333,0,0,4662.7,20.35,0,0,1.1,0,1828,0,0,0,29.854672,0,0,6.84365431111111,-1.9,300,0,3744.6,30,0.672,0
1/26/20 14:39,96.0833333333333,96.0416666666667,0,0,4662.7,20.35,0,0,1.1,0,1828,0,0,0,29.805128,0,0,6.84066,-1.9,300,0,3744.6,30,0.672,0
1/26/20 14:44,96.1666666666667,96.125,0,0,4662.7,20.35,0,0,1.1,0,1828,0,0,0,29.805,0,0,6.83990044444445,-1.9,300,0,3744.6,30,0.672,0
1/26/20 14:49,96.25,96.2083333333333,0,0,4662.7,20.35,0,0,1.1,0,1828,0,0,0,29.805,0,0,6.84278951111111,-1.9,300,0,3744.6,30,0.672,0
1/26/20 14:54,96.3333333333333,96.2916666666667,0,0,4662.7,20.35,0,0,1.1,0,1828,0,0,0,29.805,0,0,6.84365004444444,-1.9,300,0,3744.6,30,0.672,0
1/26/20 14:59,96.4166666666667,96.375,0,0,4662.7,20.35,0,0,1.1,0,1828,0,0,0,29.805,0,0,6.84290044444444,-1.9,300,0,3744.6,30,0.674867768888889,0
1/26/20 15:04,96.5,96.4583333333333,0,0,4662.7,20.35,0,0,1.1,0,1828,0,0,0,29.805,0,0,6.84265288888889,-1.9,300,0,3744.6,30,0.675523128888889,0
1/26/20 15:09,96.5833333333333,96.5416666666667,0,0,4662.7,20.35,0,0,1.1,0,1828,0,0,0,29.805,0,0,6.84100426666667,-1.9,300,0,3744.6,30,0.672009102222222,0
1/26/20 15:14,96.6666666666667,96.625,0,0,4662.7,20.35,0,0,1.1,0,1828,0,0,0,29.805,0,0,6.84010382222222,-1.9,300,0,3744.6,30,0.672,0
1/26/20 15:19,96.75,96.7083333333333,0,0,4662.7,20.35,0,0,1.1,0,1828,0,0,0,29.805,0,0,6.83810666666667,-1.9,300,0,3744.6,30,0.672,0
1/26/20 15:24,96.8333333333333,96.7916666666667,0,0,4662.7,20.35,0,0,1.1,0,1828,0,0,0,29.805,0,0,6.8387952,-1.9,300,0,3744.6,30,0.674867768888889,0
1/26/20 15:29,96.9166666666667,96.875,0,0,4662.7,20.35,0,0,1.1,0,1828,0,0,0,29.805,0,0,6.84099431111111,-1.9,300,0,3744.6,30,0.678390897777778,0
1/26/20 15:34,97,96.9583333333333,0,0,4662.7,20.35,0,0,1.1,0,1828,0,0,0,29.805,0,0,6.84144808888889,-1.9,300,0,3744.6,30,0.6784,0
1/26/20 15:39,97.0833333333333,97.0416666666667,0,0,4662.7,20.35,0,0,1.1,0,1828,0,0,0,29.805,0,0,6.83931004444444,-1.9,300,0,3744.6,30,0.6784,0
1/26/20 15:44,97.1666666666667,97.125,0,0,4662.7,20.35,0,0,1.1,0,1828,0,0,0,29.845328,0,0,6.83421617777778,-1.9,300,0,3744.6,30,0.6784,0
1/26/20 15:49,97.25,97.2083333333333,0,0,4662.7,20.35,0,0,1.1,0,1828,0,0,0,29.8612653333333,0,0,6.82976524444444,-1.9,300,0,3744.6,30,0.6784,0
1/26/20 15:54,97.3333333333333,97.2916666666667,0,0,4662.7,20.35,0,0,1.1,0,1828,0,0,0,29.8133853333333,0,0,6.82655902222222,-1.9,300,0,3744.6,30,0.675532231111111,0
1/26/20 15:59,97.4166666666667,97.375,0,0,4662.7,20.35,0,0,1.1,0,1828,0,0,0,29.8050213333333,0,0,6.82600142222222,-1.9,300,0,3744.6,30,0.672009102222222,0
1/26/20 16:04,97.5,97.4583333333333,0,0,4662.7,20.35,0,0,1.1,0,1828,0,0,0,29.845328,0,0,6.82644808888889,-1.9,300,0,3744.6,30,0.672,0
1/26/20 16:09,97.5833333333333,97.5416666666667,0,0,4662.7,20.35,0,0,1.1,0,1828,0,0,0,29.8613769833887,0,0,6.82699857777778,-1.9,300,0,3744.6,30,0.672,0
1/26/20 16:14,97.6666666666667,97.625,0,0,4662.7,20.35,0,0,1.1,0,1828,0,0,0,29.813445933278,0,0,6.827,-1.9,300,0,3744.6,30,0.672,0
1/26/20 16:19,97.75,97.7083333333333,0,0,4662.7,20.35,0,0,1.1,0,1828,0,0,0,29.8050240833333,0,0,6.82788987777778,-1.9,300,0,3744.6,30,0.672,0
1/26/20 16:24,97.8333333333333,97.7916666666667,0,0,4662.7,20.35,0,0,1.1,0,1828,0,0,0,29.805,0,0,6.82988666666667,-1.9,300,0,3744.6,30,0.672,0
1/26/20 16:29,97.9166666666667,97.875,0,0,4662.7,20.35,0,0,1.1,0,1828,0,0,0,29.805,0,0,6.83099678888889,-1.9,300,0,3744.6,30,0.674847608888889,0
1/26/20 16:34,98,97.9583333333333,0,0,4662.7,20.35,0,0,1.1,0,1828,0,0,0,29.805,0,0,6.831,-1.9,300,0,3744.6,30,0.675542115555556,0
1/26/20 16:39,98.0833333333333,98.0416666666667,0,0,4662.7,20.35,0,0,1.1,0,1828,0,0,0,29.805,0,0,6.82922024444445,-1.9,300,0,3744.6,30,0.672010275555556,0
1/26/20 16:44,98.1666666666667,98.125,0,0,4662.7,20.35,0,0,1.1,0,1828,0,0,0,29.805,0,0,6.82656148333333,-1.9,300,0,3744.6,30,0.674847608888889,0
1/26/20 16:49,98.25,98.2083333333333,0,0,4662.7,20.35,0,0,1.1,0,1828,0,0,0,29.805,0,0,6.82778136111111,-1.9,300,0,3744.6,30,0.675542115555556,0
1/26/20 16:54,98.3333333333333,98.2916666666667,0,0,4662.7,20.35,0,0,1.1,0,1828,0,0,0,29.8450445,0,0,6.82954863888889,-1.9,300,0,3744.6,30,0.672010275555556,0
1/26/20 16:59,98.4166666666667,98.375,0,0,4662.7,20.35,0,0,1.1,0,1828,0,0,0,29.854811,0,0,6.82455221666667,-1.9,300,0,3744.6,30,0.672,0
1/26/20 17:04,98.5,98.4583333333333,0,0,4662.7,20.35,0,0,1.1,0,1828,0,0,0,29.8051445,0,0,6.82035087222222,-1.9,300,0,3744.6,30,0.672,0
1/26/20 17:09,98.5833333333333,98.5416666666667,0,0,4662.7,20.35,0,0,1.1,0,1828,0,0,0,29.805,0,0,6.82510975555556,-1.9,300,0,3744.6,30,0.672,0
1/26/20 17:14,98.6666666666667,98.625,0,0,4662.7,20.35,0,0,1.1,0,1828,0,0,0,29.805,0,0,6.82676406666667,-1.9,300,0,3744.6,30,0.672,0
1/26/20 17:19,98.75,98.7083333333333,0,0,4662.7,20.35,0,0,1.1,0,1828,0,0,0,29.805,0,0,6.82267321111111,-1.9,300,0,3744.6,30,0.672,0
1/26/20 17:24,98.8333333333333,98.7916666666667,0,0,4662.7,20.35,0,0,1.1,0,1828,0,0,0,29.805,0,0,6.81878012222222,-1.9,300,0,3744.6,30,0.672,0
1/26/20 17:29,98.9166666666667,98.875,0,0,4662.7,20.35,0,0,1.1,0,1828,0,0,0,29.805,0,0,6.81645296666667,-1.9,300,0,3744.6,30,0.672,0
1/26/20 17:34,99,98.9583333333333,0,0,4662.7,20.35,0,0,1.1,0,1828,0,0,0,29.805,0,0,6.81788827222222,-1.9,300,0,3744.6,30,0.672,0
1/26/20 17:39,99.0833333333333,99.0416666666667,0,0,4662.7,20.35,0,0,1.1,0,1828,0,0,0,29.805,0,0,6.81899678888889,-1.9,300,0,3744.6,30,0.672,0
1/26/20 17:44,99.1666666666667,99.125,0,0,4662.7,20.35,0,0,1.1,0,1828,0,0,0,29.805,0,0,6.81811012222222,-1.9,300,0,3744.6,30,0.672,0
1/26/20 17:49,99.25,99.2083333333333,0,0,4662.7,20.35,0,0,1.1,0,1828,0,0,0,29.805,0,0,6.81655827222222,-1.9,300,0,3744.6,30,0.672,0
1/26/20 17:54,99.3333333333333,99.2916666666667,0,0,4662.7,20.35,0,0,1.1,0,1828,0,0,0,29.805,0,0,6.81867123888889,-1.9,300,0,3744.6,30,0.672,0
1/26/20 17:59,99.4166666666667,99.375,0,0,4662.7,20.35,0,0,1.1,0,1828,0,0,0,29.805,0,0,6.82421506111111,-1.9,300,0,3744.6,30,0.672,0
1/26/20 18:04,99.5,99.4583333333333,0,0,4662.7,20.35,0,0,1.1,0,1828,0,0,0,29.805,0,0,6.82743691111111,-1.9,300,0,3744.6,30,0.672,0
1/26/20 18:09,99.5833333333333,99.5416666666667,0,0,4662.7,20.35,0,0,1.1,0,1828,0,0,0,29.805,0,0,6.82621863888889,-1.9,300,0,3744.6,30,0.672,0
1/26/20 18:14,99.6666666666667,99.625,0,0,4662.7,20.35,0,0,1.1,0,1828,0,0,0,29.805,0,0,6.82534123888889,-1.9,300,0,3744.6,30,0.672,0
1/26/20 18:19,99.75,99.7083333333333,0,0,4662.7,20.35,0,0,1.1,0,1828,0,0,0,29.805,0,0,6.82744012222222,-1.9,300,0,3744.6,30,0.672,0
1/26/20 18:24,99.8333333333333,99.7916666666667,0,0,4662.7,20.35,0,0,1.1,0,1828,0,0,0,29.805,0,0,6.82755345555556,-1.9,300,0,3744.6,30,0.672,0
1/26/20 18:29,99.9166666666667,99.875,0,0,4662.7,20.35,0,0,1.1,0,1828,0,0,0,29.805,0,0,6.82789148333333,-1.9,300,0,3744.6,30,0.672,0
1/26/20 18:34,100,99.9583333333333,0,0,4662.7,20.35,0,0,1.1,0,1828,0,0,0,29.805,0,0,6.82721703333333,-1.9,300,0,3744.6,30,0.672,0
1/26/20 18:39,100.083333333333,100.041666666667,0,0,4662.7,20.35,0,0,1.1,0,1828,0,0,0,29.82502225,0,0,6.82456148333333,-1.9,300,0,3744.6,30,0.672,0
1/26/20 18:44,100.166666666667,100.125,0,0,4662.7,20.35,0,0,1.1,0,1828,0,0,0,29.8299055,0,0,6.8262263,-1.9,300,0,3744.6,30,0.672,0
1/26/20 18:49,100.25,100.208333333333,0,0,4662.7,20.35,0,0,1.1,0,1828,0,0,0,29.80507225,0,0,6.82988185,-1.9,300,0,3744.6,30,0.672,0
1/26/20 18:54,100.333333333333,100.291666666667,0,0,4662.7,20.35,0,0,1.1,0,1828,0,0,0,29.805,0,0,6.82877209444445,-1.9,300,0,3744.6,30,0.672,0
1/26/20 18:59,100.416666666667,100.375,0,0,4662.7,20.35,0,0,1.1,0,1828,0,0,0,29.805,0,0,6.82511815,-1.9,300,0,3744.6,30,0.672,0
1/26/20 19:04,100.5,100.458333333333,0,0,4662.7,20.35,0,0,1.1,0,1828,0,0,0,29.805,0,0,6.82266839444445,-1.9,300,0,3744.6,30,0.672,0
1/26/20 19:09,100.583333333333,100.541666666667,0,0,4662.7,20.35,0,0,1.1,0,1828,0,0,0,29.805,0,0,6.82322951111111,-1.9,300,0,3744.6,30,0.672,0
1/26/20 19:14,100.666666666667,100.625,0,0,4662.7,20.35,0,0,1.1,0,1828,0,0,0,29.805,0,0,6.82421221666667,-1.9,300,0,3744.6,30,0.672,0
1/26/20 19:19,100.75,100.708333333333,0,0,4662.7,20.35,0,0,1.1,0,1828,0,0,0,29.805,0,0,6.82378617777778,-1.9,300,0,3744.6,30,0.672,0
1/26/20 19:24,100.833333333333,100.791666666667,0,0,4662.7,20.35,0,0,1.1,0,1828,0,0,0,29.805,0,0,6.82599357777778,-1.9,300,0,3744.6,30,0.672,0
1/26/20 19:29,100.916666666667,100.875,0,0,4662.7,20.35,0,0,1.1,0,1828,0,0,0,29.805,0,0,6.82199555,-1.9,300,0,3744.6,30,0.672,0
1/26/20 19:34,101,100.958333333333,0,0,4662.7,20.35,0,0,1.1,0,1828,0,0,0,29.805,0,0,6.81701445,-1.9,300,0,3744.6,30,0.672,0
1/26/20 19:39,101.083333333333,101.041666666667,0,0,4662.7,20.35,0,0,1.1,0,1828,0,0,0,29.805,0,0,6.81922469444444,-1.9,300,0,3744.6,30,0.672,0
1/26/20 19:44,101.166666666667,101.125,0,0,4662.7,20.35,0,0,1.1,0,1828,0,0,0,29.805,0,0,6.82288185,-1.9,300,0,3744.6,30,0.672,0
1/26/20 19:49,101.25,101.208333333333,0,0,4662.7,20.35,0,0,1.1,0,1828,0,0,0,29.805,0,0,6.82266197222222,-1.9,300,0,3744.6,30,0.672,0
1/26/20 19:54,101.333333333333,101.291666666667,0,0,4662.7,20.35,0,0,1.1,0,1828,0,0,0,29.805,0,0,6.82100481666667,-1.9,300,0,3744.6,30,0.672,0
1/26/20 19:59,101.416666666667,101.375,0,0,4662.7,20.35,0,0,1.1,0,1828,0,0,0,29.8383704166667,0,0,6.82144493888889,-1.9,300,0,3744.6,30,0.672,0
1/26/20 20:04,101.5,101.458333333333,0,0,4662.7,20.35,0,0,1.1,0,1828,0,0,0,29.8465091666667,0,0,6.82377815,-1.9,300,0,3744.6,30,0.672,0
1/26/20 20:09,101.583333333333,101.541666666667,0,0,4662.7,20.35,0,0,1.1,0,1828,0,0,0,29.8251426666667,0,0,6.8251037,-1.9,300,0,3744.6,30,0.672,0
1/26/20 20:14,101.666666666667,101.625,0,0,4662.7,20.35,0,0,1.1,0,1828,0,0,0,29.8299055,0,0,6.82311333333333,-1.9,300,0,3744.6,30,0.672,0
1/26/20 20:19,101.75,101.708333333333,0,0,4662.7,20.35,0,0,1.1,0,1828,0,0,0,29.80507225,0,0,6.82289308888889,-1.9,300,0,3744.6,30,0.672,0
1/26/20 20:24,101.833333333333,101.791666666667,0,0,4662.7,20.35,0,0,1.1,0,1828,0,0,0,29.805,0,0,6.82177209444444,-1.9,300,0,3744.6,30,0.672,0
1/26/20 20:29,101.916666666667,101.875,0,0,4662.7,20.35,0,0,1.1,0,1828,0,0,0,29.805,0,0,6.82301247777778,-1.9,300,0,3744.6,30,0.672,0
1/26/20 20:34,102,101.958333333333,0,0,4662.7,20.35,0,0,1.1,0,1828,0,0,0,29.805,0,0,6.83021024444445,-1.9,300,0,3744.6,30,0.672,0
1/26/20 20:39,102.083333333333,102.041666666667,0,0,4662.7,20.35,0,0,1.1,0,1828,0,0,0,29.805,0,0,6.83432678888889,-1.9,300,0,3744.6,30,0.672,0
1/26/20 20:44,102.166666666667,102.125,0,0,4662.7,20.35,0,0,1.1,0,1828,0,0,0,29.805,0,0,6.83555024444445,-1.9,300,0,3744.6,30,0.672,0
1/26/20 20:49,102.25,102.208333333333,0,0,4662.7,20.35,0,0,1.1,0,1828,0,0,0,29.805,0,0,6.83366678888889,-1.9,300,0,3744.6,30,0.672,0
1/26/20 20:54,102.333333333333,102.291666666667,0,0,4662.7,20.35,0,0,1.1,0,1828,0,0,0,29.805,0,0,6.83422951111111,-1.9,300,0,3744.6,30,0.672,0
1/26/20 20:59,102.416666666667,102.375,0,0,4662.7,20.35,0,0,1.1,0,1828,0,0,0,29.805,0,0,6.83654703333333,-1.9,300,0,3744.6,30,0.672,0
1/26/20 21:04,102.5,102.458333333333,0,0,4662.7,20.35,0,0,1.1,0,1828,0,0,0,29.805,0,0,6.83867123888889,-1.9,300,0,3744.6,30,0.672,0
1/26/20 21:09,102.583333333333,102.541666666667,0,0,4662.7,20.35,0,0,1.1,0,1828,0,0,0,29.805,0,0,6.84065555,-1.9,300,0,3744.6,30,0.672,0
1/26/20 21:14,102.666666666667,102.625,0,0,4662.7,20.35,0,0,1.1,0,1828,0,0,0,29.805,0,0,6.83900481666667,-1.9,300,0,3744.6,30,0.672,0
1/26/20 21:19,102.75,102.708333333333,0,0,4662.7,20.35,0,0,1.1,0,1828,0,0,0,29.805,0,0,6.84122469444445,-1.9,300,0,3744.6,30,0.672,0
1/26/20 21:24,102.833333333333,102.791666666667,0,0,4662.7,20.35,0,0,1.1,0,1828,0,0,0,29.805,0,0,6.84399197222222,-1.9,300,0,3744.6,30,0.672,0
1/26/20 21:29,102.916666666667,102.875,0,0,4662.7,20.35,0,0,1.1,0,1828,0,0,0,29.805,0,0,6.84311012222222,-1.9,300,0,3744.6,30,0.672,0
1/26/20 21:34,103,102.958333333333,0,0,4662.7,20.35,0,0,1.1,0,1828,0,0,0,29.805,0,0,6.84200321111111,-1.9,300,0,3744.6,30,0.672,0
1/26/20 21:39,103.083333333333,103.041666666667,0,0,4662.7,20.35,0,0,1.1,0,1828,0,0,0,29.805,0,0,6.842,-1.9,300,0,3744.6,30,0.672,0
1/26/20 21:44,103.166666666667,103.125,0,0,4662.7,20.35,0,0,1.1,0,1828,0,0,0,29.805,0,0,6.84155506111111,-1.9,300,0,3744.6,30,0.672,0
1/26/20 21:49,103.25,103.208333333333,0,0,4662.7,20.35,0,0,1.1,0,1828,0,0,0,29.805,0,0,6.84011172777778,-1.9,300,0,3744.6,30,0.672,0
1/26/20 21:54,103.333333333333,103.291666666667,0,0,4662.7,20.35,0,0,1.1,0,1828,0,0,0,29.805,0,0,6.84033802777778,-1.9,300,0,3744.6,30,0.672,0
1/26/20 21:59,103.416666666667,103.375,0,0,4662.7,20.35,0,0,1.1,0,1828,0,0,0,29.805,0,0,6.84199518333333,-1.9,300,0,3744.6,30,0.672,0
1/26/20 22:04,103.5,103.458333333333,0,0,4662.7,20.35,0,0,1.1,0,1828,0,0,0,29.805,0,0,6.84288987777778,-1.9,300,0,3744.6,30,0.672,0
1/26/20 22:09,103.583333333333,103.541666666667,0,0,4662.7,20.35,0,0,1.1,0,1828,0,0,0,29.805,0,0,6.84310691111111,-1.9,300,0,3744.6,30,0.672,0
1/26/20 22:14,103.666666666667,103.625,0,0,4662.7,20.35,0,0,1.1,0,1828,0,0,0,29.805,0,0,6.83977851666667,-1.9,300,0,3744.6,30,0.672,0
1/26/20 22:19,103.75,103.708333333333,0,0,4662.7,20.35,0,0,1.1,0,1828,0,0,0,29.805,0,0,6.83789790555556,-1.9,300,0,3744.6,30,0.672,0
1/26/20 22:24,103.833333333333,103.791666666667,0,0,4662.7,20.35,0,0,1.1,0,1828,0,0,0,29.805,0,0,6.84033160555556,-1.9,300,0,3744.6,30,0.672,0
1/26/20 22:29,103.916666666667,103.875,0,0,4662.7,20.35,0,0,1.1,0,1828,0,0,0,29.805,0,0,6.84199518333333,-1.9,300,0,3744.6,30,0.672,0
1/26/20 22:34,104,103.958333333333,0,0,4662.7,20.35,0,0,1.1,0,1828,0,0,0,29.805,0,0,6.84288987777778,-1.9,300,0,3744.6,30,0.672,0
1/26/20 22:39,104.083333333333,104.041666666667,0,0,4662.7,20.35,0,0,1.1,0,1828,0,0,0,29.805,0,0,6.84266197222222,-1.9,300,0,3744.6,30,0.672,0
1/26/20 22:44,104.166666666667,104.125,0,0,4662.7,20.35,0,0,1.1,0,1828,0,0,0,29.805,0,0,6.84100481666667,-1.9,300,0,3744.6,30,0.672,0
1/26/20 22:49,104.25,104.208333333333,0,0,4662.7,20.35,0,0,1.1,0,1828,0,0,0,29.805,0,0,6.84144493888889,-1.9,300,0,3744.6,30,0.672,0
1/26/20 22:54,104.333333333333,104.291666666667,0,0,4662.7,20.35,0,0,1.1,0,1828,0,0,0,29.805,0,0,6.84199839444444,-1.9,300,0,3744.6,30,0.672,0
1/26/20 22:59,104.416666666667,104.375,0,0,4662.7,20.35,0,0,1.1,0,1828,0,0,0,29.805,0,0,6.84333481666667,-1.9,300,0,3744.6,30,0.672,0
1/26/20 23:04,104.5,104.458333333333,0,0,4662.7,20.35,0,0,1.1,0,1828,0,0,0,29.805,0,0,6.84455024444445,-1.9,300,0,3744.6,30,0.672,0
1/26/20 23:09,104.583333333333,104.541666666667,0,0,4662.7,20.35,0,0,1.1,0,1828,0,0,0,29.805,0,0,6.84533642222222,-1.9,300,0,3744.6,30,0.672,0
1/26/20 23:14,104.666666666667,104.625,0,0,4662.7,20.35,0,0,1.1,0,1828,0,0,0,29.805,0,0,6.84655024444444,-1.9,300,0,3744.6,30,0.672,0
1/26/20 23:19,104.75,104.708333333333,0,0,4662.7,20.35,0,0,1.1,0,1828,0,0,0,29.805,0,0,6.84378430212255,-1.9,300,0,3744.6,30,0.672,0
1/26/20 23:24,104.833333333333,104.791666666667,0,0,4662.7,20.35,0,0,1.1,0,1828,0,0,0,29.805,0,0,6.84145077009967,-1.9,300,0,3744.6,30,0.672,0
1/26/20 23:29,104.916666666667,104.875,0,0,4662.7,20.35,0,0,1.1,0,1828,0,0,0,29.805,0,0,6.8397892,-1.9,300,0,3744.6,30,0.672,0
1/26/20 23:34,105,104.958333333333,0,0,4662.7,20.35,0,0,1.1,0,1828,0,0,0,29.805,0,0,6.8356836,-1.9,300,0,3744.6,30,0.672,0
1/26/20 23:39,105.083333333333,105.041666666667,0,0,4662.7,20.35,0,0,1.1,0,1828,0,0,0,29.805,0,0,6.8331218,-1.9,300,0,3744.6,30,0.672,0
1/26/20 23:44,105.166666666667,105.125,0,0,4662.7,20.35,0,0,1.1,0,1828,0,0,0,29.805,0,0,6.8337708,-1.9,300,0,3744.6,30,0.672,0
1/26/20 23:49,105.25,105.208333333333,0,0,4662.7,20.35,0,0,1.1,0,1828,0,0,0,29.805,0,0,6.8337838,-1.9,300,0,3744.6,30,0.672,0
1/26/20 23:54,105.333333333333,105.291666666667,0,0,4662.7,20.35,0,0,1.1,0,1828,0,0,0,29.805,0,0,6.8301254,-1.9,300,0,3744.6,30,0.672,0
1/26/20 23:59,105.416666666667,105.375,0,0,4662.7,20.35,0,0,1.1,0,1828,0,0,0,29.805,0,0,6.830329,-1.9,300,0,3744.6,30,0.672,0
1/27/20 0:04,105.5,105.458333333333,0,0,4662.7,20.35,0,0,1.1,0,1828,0,0,0,29.805,0,0,6.8337618,-1.9,300,0,3744.6,30,0.672,0
1/27/20 0:09,105.583333333333,105.541666666667,0,0,4662.7,20.35,0,0,1.1,0,1828,0,0,0,29.805,0,0,6.8315748,-1.9,300,0,3744.6,30,0.672,0
1/27/20 0:14,105.666666666667,105.625,0,0,4662.7,20.35,0,0,1.1,0,1828,0,0,0,29.805,0,0,6.8273434,-1.9,300,0,3744.6,30,0.672,0
1/27/20 0:19,105.75,105.708333333333,0,0,4662.7,20.35,0,0,1.1,0,1828,0,0,0,29.805,0,0,6.8298782,-1.9,300,0,3744.6,30,0.672,0
1/27/20 0:24,105.833333333333,105.791666666667,0,0,4662.7,20.35,0,0,1.1,0,1828,0,0,0,29.805,0,0,6.8314382,-1.9,300,0,3744.6,30,0.672,0
1/27/20 0:29,105.916666666667,105.875,0,0,4662.7,20.35,0,0,1.1,0,1828,0,0,0,29.805,0,0,6.8328818,-1.9,300,0,3744.6,30,0.672,0
1/27/20 0:34,106,105.958333333333,0,0,4662.7,20.35,0,0,1.1,0,1828,0,0,0,29.805,0,0,6.8344382,-1.9,300,0,3744.6,30,0.672,0
1/27/20 0:39,106.083333333333,106.041666666667,0,0,4662.7,20.35,0,0,1.1,0,1828,0,0,0,29.805,0,0,6.8358818,-1.9,300,0,3744.6,30,0.672,0
1/27/20 0:44,106.166666666667,106.125,0,0,4662.7,20.35,0,0,1.1,0,1828,0,0,0,29.805,0,0,6.8392054,-1.9,300,0,3744.6,30,0.672,0
1/27/20 0:49,106.25,106.208333333333,0,0,4662.7,20.35,0,0,1.1,0,1828,0,0,0,29.805,0,0,6.839782,-1.9,300,0,3744.6,30,0.672,0
1/27/20 0:54,106.333333333333,106.291666666667,0,0,4662.7,20.35,0,0,1.1,0,1828,0,0,0.30926,29.805,0,0,6.8365672,-1.9,300,0,3744.6,30,0.672,0
1/27/20 0:59,106.416666666667,106.375,0,0,4662.7,20.35,0,0,1.1,0,1828,0,0,0.38948,29.805,0,0,6.8364436,-1.9,300,0,3744.6,30,0.672,0
1/27/20 1:04,106.5,106.458333333333,0,0,4662.7,20.35,0,0,1.1,0,1828,0,0,0.00126,29.805,0,0,6.8356728,-1.9,300,0,3744.6,30,0.672,0
1/27/20 1:09,106.583333333333,106.541666666667,0,0,4662.7,20.35,0,0,1.1,0,1828,0,0,0,29.805,0,0,6.8353308,-1.9,300,0,3744.6,30,0.672,0
1/27/20 1:14,106.666666666667,106.625,0,0,4662.7,20.35,0,0,1.1,0,1828,0,0,0,29.805,0,0,6.8356692,-1.9,300,0,3744.6,30,0.672,0
1/27/20 1:19,106.75,106.708333333333,0,0,4662.7,20.35,0,0,1.1,0,1828,0,0,0,29.838135,0,0,6.8340054,-1.9,300,0,3744.6,30,0.672,0
1/27/20 1:24,106.833333333333,106.791666666667,0,0,4662.7,20.35,0,0,1.1,0,1828,0,0,0,29.84673,0,0,6.8331164,-1.9,300,0,3744.6,30,0.672,0
1/27/20 1:29,106.916666666667,106.875,0,0,4662.7,20.35,0,0,1.1,0,1828,0,0,0,29.805135,0,0,6.8306782,-1.9,300,0,3744.6,30,0.672,0
1/27/20 1:34,107,106.958333333333,0,0,4662.7,20.35,0,0,1.1,0,1828,0,0,0,29.805,0,0,6.8290054,-1.9,300,0,3744.6,30,0.672,0
1/27/20 1:39,107.083333333333,107.041666666667,0,0,4662.7,20.35,0,0,1.1,0,1828,0,0,0,29.805,0,0,6.8303254,-1.9,300,0,3744.6,30,0.672,0
1/27/20 1:44,107.166666666667,107.125,0,0,4662.7,20.35,0,0,1.1,0,1828,0,0,0,29.805,0,0,6.8337618,-1.9,300,0,3744.6,30,0.672,0
1/27/20 1:49,107.25,107.208333333333,0,0,4662.7,20.35,0,0,1.1,0,1828,0,0,0,29.805,0,0,6.8373182,-1.9,300,0,3744.6,30,0.672,0
1/27/20 1:54,107.333333333333,107.291666666667,0,0,4662.7,20.35,0,0,1.1,0,1828,0,0,0,29.805,0,0,6.8389946,-1.9,300,0,3744.6,30,0.672,0
1/27/20 1:59,107.416666666667,107.375,0,0,4662.7,20.35,0,0,1.1,0,1828,0,0,0,29.824881,0,0,6.8398836,-1.9,300,0,3744.6,30,0.672,0
1/27/20 2:04,107.5,107.458333333333,0,0,4662.7,20.35,0,0,1.1,0,1828,0,0,0,29.830038,0,0,6.8392292,-1.9,300,0,3744.6,30,0.672,0
1/27/20 2:09,107.583333333333,107.541666666667,0,0,4662.7,20.35,0,0,1.1,0,1828,0,0,0,29.805081,0,0,6.8356818,-1.9,300,0,3744.6,30,0.672,0
1/27/20 2:14,107.666666666667,107.625,0,0,4662.7,20.35,0,0,1.1,0,1828,0,0,0,29.838135,0,0,6.834889,-1.9,300,0,3744.6,30,0.672,0
1/27/20 2:19,107.75,107.708333333333,0,0,4662.7,20.35,0,0,1.1,0,1828,0,0,0,29.84673,0,0,6.8364382,-1.9,300,0,3744.6,30,0.672,0
1/27/20 2:24,107.833333333333,107.791666666667,0,0,4662.7,20.35,0,0,1.1,0,1828,0,0,0,29.811762,0,0,6.8387654,-1.9,300,0,3744.6,30,0.672,0
1/27/20 2:29,107.916666666667,107.875,0,0,4662.7,20.35,0,0,1.1,0,1828,0,0,0,29.813346,0,0,6.8356912,-1.9,300,0,3744.6,30,0.672,0
1/27/20 2:34,108,107.958333333333,0,0,4662.7,20.35,0,0,1.1,0,1828,0,0,0,29.805027,0,0,6.830347,-1.9,300,0,3744.6,30,0.672,0
1/27/20 2:39,108.083333333333,108.041666666667,0,0,4662.7,20.35,0,0,1.1,0,1828,0,0,0,29.805,0,0,6.8337618,-1.9,300,0,3744.6,30,0.672,0
1/27/20 2:44,108.166666666667,108.125,0,0,4662.7,20.35,0,0,1.1,0,1828,0,0,0,29.805,0,0,6.8359928,-1.9,300,0,3744.6,30,0.672,0
1/27/20 2:49,108.25,108.208333333333,0,0,4662.7,20.35,0,0,1.1,0,1828,0,0,0,29.805,0,0,6.8355582,-1.9,300,0,3744.6,30,0.672,0
1/27/20 2:54,108.333333333333,108.291666666667,0,0,4662.7,20.35,0,0,1.1,0,1828,0,0,0,29.805,0,0,6.83456,-1.9,300,0,3744.6,30,0.672,0
1/27/20 2:59,108.416666666667,108.375,0,0,4662.7,20.35,0,0,1.1,0,1828,0,0,0,29.805,0,0,6.8331182,-1.9,300,0,3744.6,30,0.672,0
1/27/20 3:04,108.5,108.458333333333,0,0,4662.7,20.35,0,0,1.1,0,1828,0,0,0,29.805,0,0,6.8342126,-1.9,300,0,3744.6,30,0.672,0
1/27/20 3:09,108.583333333333,108.541666666667,0,0,4662.7,20.35,0,0,1.1,0,1828,0,0,0,29.805,0,0,6.8400836,-1.9,300,0,3744.6,30,0.672,0
1/27/20 3:14,108.666666666667,108.625,0,0,4662.7,20.35,0,0,1.1,0,1828,0,0,0,29.805,0,0,6.8439874,-1.9,300,0,3744.6,30,0.672,0
1/27/20 3:19,108.75,108.708333333333,0,0,4662.7,20.35,0,0,1.1,0,1828,0,0,0,29.844762,0,0,6.8431164,-1.9,300,0,3744.6,30,0.672,0
1/27/20 3:24,108.833333333333,108.791666666667,0,0,4662.7,20.35,0,0,1.1,0,1828,0,0,0,29.855076,0,0,6.8406782,-1.9,300,0,3744.6,30,0.672,0
1/27/20 3:29,108.916666666667,108.875,0,0,4662.7,20.35,0,0,1.1,0,1828,0,0,0,29.805162,0,0,6.8363546,-1.9,300,0,3744.6,30,0.67482752,0
1/27/20 3:34,109,108.958333333333,0,0,4662.7,20.35,0,0,1.1,0,1828,0,0,0,29.805,0,0,6.8334526,-1.9,300,0,3744.6,30,0.67556096,0
1/27/20 3:39,109.083333333333,109.041666666667,0,0,4662.7,20.35,0,0,1.1,0,1828,0,0,0,29.805,0,0,6.8353236,-1.9,300,0,3744.6,30,0.67483904,0
1/27/20 3:44,109.166666666667,109.125,0,0,4662.7,20.35,0,0,1.1,0,1828,0,0,0,29.805,0,0,6.8392036,-1.9,300,0,3744.6,30,0.67838848,0
1/27/20 3:49,109.25,109.208333333333,0,0,4662.7,20.35,0,0,1.1,0,1828,0,0,0,29.805,0,0,6.837573,-1.9,300,0,3744.6,30,0.6784,0
1/27/20 3:54,109.333333333333,109.291666666667,0,0,4662.7,20.35,0,0,1.1,0,1828,0,0,0,29.805,0,0,6.832018,-1.9,300,0,3744.6,30,0.6784,0
1/27/20 3:59,109.416666666667,109.375,0,0,4662.7,20.35,0,0,1.1,0,1828,0,0,0,29.805,0,0,6.8324418,-1.9,300,0,3744.6,30,0.67557248,0
1/27/20 4:04,109.5,109.458333333333,0,0,4662.7,20.35,0,0,1.1,0,1828,0,0,0,29.805,0,0,6.83344,-1.9,300,0,3744.6,30,0.67201152,0
1/27/20 4:09,109.583333333333,109.541666666667,0,0,4662.7,20.35,0,0,1.1,0,1828,0,0,0,29.805,0,0,6.8331146,-1.9,300,0,3744.6,30,0.672,0
1/27/20 4:14,109.666666666667,109.625,0,0,4662.7,20.35,0,0,1.1,0,1828,0,0,0,29.805,0,0,6.8342126,-1.9,300,0,3744.6,30,0.672,0
1/27/20 4:19,109.75,109.708333333333,0,0,4662.7,20.35,0,0,1.1,0,1828,0,0,0,29.805,0,0,6.79158802422145,-1.9,300,0,3744.6,30,0.67482752,0
1/27/20 4:24,109.833333333333,109.791666666667,0,0,4662.7,20.35,0,0,1.1,0,1828,0,0,0,29.805,0,0,6.70901544244521,-1.904418,300,0,3744.6,29.953611,0.67556096,0
1/27/20 4:29,109.916666666667,109.875,0,0,4662.7,20.35,0,0,1.1,0,1828,0,0,0,29.805,0,0,6.7083782,-1.905564,300,0,3744.6,29.941578,0.67483904,0
1/27/20 4:34,110,109.958333333333,0,0,4662.7,20.35,0,0,1.1,0,1828,0,0,0,29.811627,0,0,6.778663,-1.900018,300,0,3744.6,29.999811,0.67556096,0
1/27/20 4:39,110.083333333333,110.041666666667,0,0,4662.7,20.35,0,0,1.1,0,1828,0,0,0,29.813346,0,0,6.8323724,-1.9,300,0,3744.6,30,0.67201152,0
1/27/20 4:44,110.166666666667,110.125,0,0,4662.7,20.35,0,0,1.1,0,1828,0,0,0,29.824908,0,0,6.8391946,-1.9,300,0,3744.6,30,0.672,0
1/27/20 4:49,110.25,110.208333333333,0,0,4662.7,20.35,0,0,1.1,0,1828,0,0,0,29.830038,0,0,6.841991,-1.9,300,0,3744.6,30,0.672,0
1/27/20 4:54,110.333333333333,110.291666666667,0,0,4662.7,20.35,0,0,1.1,0,1828,0,0,0,29.805081,0,0,6.839791,-1.9,300,0,3744.6,30,0.672,0
1/27/20 4:59,110.416666666667,110.375,0,0,4662.7,20.35,0,0,1.1,0,1828,0,0,0,29.805,0,0,6.8356836,-1.9,300,0,3744.6,30,0.672,0
1/27/20 5:04,110.5,110.458333333333,0,0,4662.7,20.35,0,0,1.1,0,1828,0,0,0,29.805,0,0,6.834889,-1.9,300,0,3744.6,30,0.672,0
1/27/20 5:09,110.583333333333,110.541666666667,0,0,4662.7,20.35,0,0,1.1,0,1828,0,0,0,29.805,0,0,6.8373218,-1.9,300,0,3744.6,30,0.672,0
1/27/20 5:14,110.666666666667,110.625,0,0,4662.7,20.35,0,0,1.1,0,1828,0,0,0,29.805,0,0,6.84032,-1.9,300,0,3744.6,30,0.672,0
1/27/20 5:19,110.75,110.708333333333,0,0,4662.7,20.35,0,0,1.1,0,1828,0,0,0,29.805,0,0,6.84287526445183,-1.9,300,0,3744.6,30,0.672,0
1/27/20 5:24,110.833333333333,110.791666666667,0,0,4662.7,20.35,0,0,1.1,0,1828,0,0,0,29.805,0,0,6.8431186577704,-1.9,300,0,3744.6,30,0.672,0
1/27/20 5:29,110.916666666667,110.875,0,0,4662.7,20.35,0,0,1.1,0,1828,0,0,0,29.805,0,0,6.84156533888889,-1.9,300,0,3744.6,30,0.672,0
1/27/20 5:34,111,110.958333333333,0,0,4662.7,20.35,0,0,1.1,0,1828,0,0,0,29.805,0,0,6.84100200555556,-1.9,300,0,3744.6,30,0.672,0
1/27/20 5:39,111.083333333333,111.041666666667,0,0,4662.7,20.35,0,0,1.1,0,1828,0,0,0,29.805,0,0,6.83924531111111,-1.9,300,0,3744.6,30,0.672,0
1/27/20 5:44,111.166666666667,111.125,0,0,4662.7,20.35,0,0,1.1,0,1828,0,0,0,29.8444805,0,0,6.84007872777778,-1.9,300,0,3744.6,30,0.672,0
1/27/20 5:49,111.25,111.208333333333,0,0,4662.7,20.35,0,0,1.1,0,1828,0,0,0,29.855339,0,0,6.84530197777778,-1.9,300,0,3744.6,30,0.672,0
1/27/20 5:54,111.333333333333,111.291666666667,0,0,4662.7,20.35,0,0,1.1,0,1828,0,0,0,29.8051805,0,0,6.84699398333333,-1.9,300,0,3744.6,30,0.672,0
1/27/20 5:59,111.416666666667,111.375,0,0,4662.7,20.35,0,0,1.1,0,1828,0,0,0,29.805,0,0,6.84568398333333,-1.9,300,0,3744.6,30,0.672,0
1/27/20 6:04,111.5,111.458333333333,0,0,4662.7,20.35,0,0,1.1,0,1828,0,0,0,29.8444805,0,0,6.84400601666667,-1.9,300,0,3744.6,30,0.672,0
1/27/20 6:09,111.583333333333,111.541666666667,0,0,4662.7,20.35,0,0,1.1,0,1828,0,0,0,29.8948195,0,0,6.84312265555555,-1.9,300,0,3744.6,30,0.674807502222222,0
1/27/20 6:14,111.666666666667,111.625,0,0,4662.7,20.35,0,0,1.1,0,1828,0,0,0,29.8555195,0,0,6.83981065,-1.9,300,0,3744.6,30,0.678387164444444,0
1/27/20 6:19,111.75,111.708333333333,0,0,4662.7,20.35,0,0,1.1,0,1828,0,0,0,29.82492075,0,0,6.83788737222222,-1.9,300,0,3744.6,30,0.675592497777778,0
1/27/20 6:24,111.833333333333,111.791666666667,0,0,4662.7,20.35,0,0,1.1,0,1828,0,0,0,29.86965,0,0,6.84031200555556,-1.9,300,0,3744.6,30,0.672012835555556,0
1/27/20 6:29,111.916666666667,111.875,0,0,4662.7,20.35,0,0,1.1,0,1828,0,0,0,29.8620093333333,0,0,6.84023929444444,-1.9,300,0,3744.6,30,0.672,0
1/27/20 6:34,112,111.958333333333,0,0,4662.7,20.35,0,0,1.1,0,1828,0,0,0,29.8135703333333,0,0,6.83844669444444,-1.9,300,0,3744.6,30,0.672,0
1/27/20 6:39,112.083333333333,112.041666666667,0,0,4662.7,20.35,0,0,1.1,0,1828,0,0,0,29.8050300833333,0,0,6.83899799444444,-1.9,300,0,3744.6,30,0.672,0
1/27/20 6:44,112.166666666667,112.125,0,0,4662.7,20.35,0,0,1.1,0,1828,0,0,0,29.805,0,0,6.83987734444444,-1.9,300,0,3744.6,30,0.672,0
1/27/20 6:49,112.25,112.208333333333,0,0,4662.7,20.35,0,0,1.1,0,1828,0,0,0,29.805,0,0,6.8392413,-1.9,300,0,3744.6,30,0.672,0
1/27/20 6:54,112.333333333333,112.291666666667,0,0,4662.7,20.35,0,0,1.1,0,1828,0,0,0,29.805,0,0,6.83744669444444,-1.9,300,0,3744.6,30,0.672,0
1/27/20 6:59,112.416666666667,112.375,0,0,4662.7,20.35,0,0,1.1,0,1828,0,0,0,29.805,0,0,6.83931401111111,-1.9,300,0,3744.6,30,0.590582435555556,0
1/27/20 7:04,112.5,112.458333333333,0,0,4662.7,20.35,0,0,1.1,0,1828,0,0,0,29.805,0,0,6.83880062222222,-1.9,300,0,3744.6,30,0.455889706666667,0
1/27/20 7:09,112.583333333333,112.541666666667,0,0,4662.7,20.35,0,0,1.1,0,1828,0,0,0,29.805,0,0,6.83425533888889,-1.9,300,0,3744.6,30,0.418948693333333,0
1/27/20 7:14,112.666666666667,112.625,0,0,4662.7,20.35,0,0,1.1,0,1828,0,0,0,29.805,0,0,6.83288536666667,-1.9,300,0,3744.6,30,0.422387164444444,0
1/27/20 7:19,112.75,112.708333333333,0,0,4662.7,20.35,0,0,1.1,0,1828,0,0,0,29.8444805,0,0,6.83531200555556,-1.9,300,0,3744.6,30,0.4224,0
1/27/20 7:24,112.833333333333,112.791666666667,0,0,4662.7,20.35,0,0,1.1,0,1828,0,0,0,29.87507925,0,0,6.83699398333333,-1.9,300,0,3744.6,30,0.419592497777778,0
1/27/20 7:29,112.916666666667,112.875,0,0,4662.7,20.35,0,0,1.1,0,1828,0,0,0,29.83035,0,0,6.837,-1.9,300,0,3744.6,30,0.418820337777778,0
1/27/20 7:34,113,112.958333333333,0,0,4662.7,20.35,0,0,1.1,0,1828,0,0,0,29.80509025,0,0,6.83743867222222,-1.9,300,0,3744.6,30,0.422387164444444,0
1/27/20 7:39,113.083333333333,113.041666666667,0,0,4662.7,20.35,0,0,1.1,0,1828,0,0,0,29.805,0,0,6.83975268333333,-1.9,300,0,3744.6,30,0.425207502222222,0
1/27/20 7:44,113.166666666667,113.125,0,0,4662.7,20.35,0,0,1.1,0,1828,0,0,0,29.8444805,0,0,6.84155330555556,-1.9,300,0,3744.6,30,0.428787164444444,0
1/27/20 7:49,113.25,113.208333333333,0,0,4662.7,20.35,0,0,1.1,0,1828,0,0,0,29.855339,0,0,6.84012466111111,-1.9,300,0,3744.6,30,0.4288,0
1/27/20 7:54,113.333333333333,113.291666666667,0,0,4662.7,20.35,0,0,1.1,0,1828,0,0,0,29.8051805,0,0,6.84032002777778,-1.9,300,0,3744.6,30,0.4288,0
1/27/20 7:59,113.416666666667,113.375,0,0,4662.7,20.35,0,0,1.1,0,1828,0,0,0,29.805,0,0,6.84155531111111,-1.9,300,0,3744.6,30,0.425992497777778,0
1/27/20 8:04,113.5,113.458333333333,0,0,4662.7,20.35,0,0,1.1,0,1828,0,0,0,29.8444805,0,0,6.84100200555556,-1.9,300,0,3744.6,30,0.422412835555556,0
1/27/20 8:09,113.583333333333,113.541666666667,0,0,4662.7,20.35,0,0,1.1,0,1828,0,0,0,29.855339,0,0,6.841,-1.9,300,0,3744.6,30,0.4224,0
1/27/20 8:14,113.666666666667,113.625,0,0,4662.7,20.35,0,0,1.1,0,1828,0,0,0,29.844661,0,0,6.83792929444444,-1.9,300,0,3744.6,30,0.4224,0
1/27/20 8:19,113.75,113.708333333333,0,0,4662.7,20.35,0,0,1.1,0,1828,0,0,0,29.855339,0,0,6.83269802222222,-1.9,300,0,3744.6,30,0.425207502222222,0
1/27/20 8:24,113.833333333333,113.791666666667,0,0,4662.7,20.35,0,0,1.1,0,1828,0,0,0,29.8051805,0,0,6.83232203333333,-1.9,300,0,3744.6,30,0.428787164444444,0
1/27/20 8:29,113.916666666667,113.875,0,0,4662.7,20.35,0,0,1.1,0,1828,0,0,0,29.8115800833333,0,0,6.83531,-1.9,300,0,3744.6,30,0.4288,0
1/27/20 8:34,114,113.958333333333,0,0,4662.7,20.35,0,0,1.1,0,1828,0,0,0,29.8528703333333,0,0,6.83655531111111,-1.9,300,0,3744.6,30,0.4288,0
1/27/20 8:39,114.083333333333,114.041666666667,0,0,4662.7,20.35,0,0,1.1,0,1828,0,0,0,29.8553690833333,0,0,6.83819536666667,-1.9,300,0,3744.6,30,0.4288,0
1/27/20 8:44,114.166666666667,114.125,0,0,4662.7,20.35,0,0,1.1,0,1828,0,0,0,29.844661,0,0,6.83791926666667,-1.9,300,0,3744.6,30,0.425992497777778,0
1/27/20 8:49,114.25,114.208333333333,0,0,4662.7,20.35,0,0,1.1,0,1828,0,0,0,29.855339,0,0,6.83489138333333,-1.9,300,0,3744.6,30,0.470140373333333,0
1/27/20 8:54,114.333333333333,114.291666666667,0,0,4662.7,20.35,0,0,1.1,0,1828,0,0,0,29.8051805,0,0,6.83599598888889,-1.9,300,0,3744.6,30,0.528174293333333,0
1/27/20 8:59,114.416666666667,114.375,0,0,4662.7,20.35,0,0,1.1,0,1828,0,0,0,29.805,0,0,6.83424531111111,-1.9,300,0,3744.6,30,0.524812835555556,0
1/27/20 9:04,114.5,114.458333333333,0,0,4662.7,20.35,0,0,1.1,0,1828,0,0,0,29.805,0,0,6.83507872777778,-1.9,300,0,3744.6,30,0.521992497777778,0
1/27/20 9:09,114.583333333333,114.541666666667,0,0,4662.7,20.35,0,0,1.1,0,1828,0,0,0,29.8444805,0,0,6.83986330555555,-1.9,300,0,3744.6,30,0.518412835555556,0
1/27/20 9:14,114.666666666667,114.625,0,0,4662.7,20.35,0,0,1.1,0,1828,0,0,0,29.8948195,0,0,6.84099598888889,-1.9,300,0,3744.6,30,0.521207502222222,0
1/27/20 9:19,114.75,114.708333333333,0,0,4662.7,20.35,0,0,1.1,0,1828,0,0,0,29.8555195,0,0,6.841,-1.9,300,0,3744.6,30,0.521979662222222,0
1/27/20 9:24,114.833333333333,114.791666666667,0,0,4662.7,20.35,0,0,1.1,0,1828,0,0,0,29.844661,0,0,6.84231601666667,-1.9,300,0,3744.6,30,0.521220337777778,0
1/27/20 9:29,114.916666666667,114.875,0,0,4662.7,20.35,0,0,1.1,0,1828,0,0,0,29.855339,0,0,6.84092327777778,-1.9,300,0,3744.6,30,0.524787164444444,0
1/27/20 9:34,115,114.958333333333,0,0,4662.7,20.35,0,0,1.1,0,1828,0,0,0,29.8051805,0,0,6.83789138333333,-1.9,300,0,3744.6,30,0.5248,0
1/27/20 9:39,115.083333333333,115.041666666667,0,0,4662.7,20.35,0,0,1.1,0,1828,0,0,0,29.8444805,0,0,6.84031200555556,-1.9,300,0,3744.6,30,0.527607502222222,0
1/27/20 9:44,115.166666666667,115.125,0,0,4662.7,20.35,0,0,1.1,0,1828,0,0,0,29.855339,0,0,6.84199398333333,-1.9,300,0,3744.6,30,0.531187164444444,0
1/27/20 9:49,115.25,115.208333333333,0,0,4662.7,20.35,0,0,1.1,0,1828,0,0,0,29.844661,0,0,6.84463203333333,-1.9,300,0,3744.6,30,0.5312,0
1/27/20 9:54,115.333333333333,115.291666666667,0,0,4662.7,20.35,0,0,1.1,0,1828,0,0,0,29.8620283870432,0,0,6.84623910730897,-1.9,300,0,3744.6,30,0.5312,0
1/27/20 9:59,115.416666666667,115.375,0,0,4662.7,20.35,0,0,1.1,0,1828,0,0,0,29.8528327796235,0,0,6.84313774824659,-1.9,300,0,3744.6,30,0.5312,0
1/27/20 10:04,115.5,115.458333333333,0,0,4662.7,20.35,0,0,1.1,0,1828,0,0,0,29.8752333333333,0,0,6.83939111111111,-1.9,300,0,3744.6,30,0.5312,0
1/27/20 10:09,115.583333333333,115.541666666667,0,0,4662.7,20.35,0,0,1.1,0,1828,0,0,0,29.8305,0,0,6.83383555555556,-1.9,300,0,3744.6,30,0.533987555555556,0
1/27/20 10:14,115.666666666667,115.625,0,0,4662.7,20.35,0,0,1.1,0,1828,0,0,0,29.8051,0,0,6.83144666666667,-1.9,300,0,3744.6,30,0.537585777777778,0
1/27/20 10:19,115.75,115.708333333333,0,0,4662.7,20.35,0,0,1.1,0,1828,0,0,0,29.8442,0,0,6.83286888888889,-1.9,300,0,3744.6,30,0.540387555555556,0
1/27/20 10:24,115.833333333333,115.791666666667,0,0,4662.7,20.35,0,0,1.1,0,1828,0,0,0,29.8882666666667,0,0,6.83399555555556,-1.9,300,0,3744.6,30,0.546773333333333,0
1/27/20 10:29,115.916666666667,115.875,0,0,4662.7,20.35,0,0,1.1,0,1828,0,0,0,29.8865666666667,0,0,6.83530666666667,-1.9,300,0,3744.6,30,0.550385777777778,0
1/27/20 10:34,116,115.958333333333,0,0,4662.7,20.35,0,0,1.1,0,1828,0,0,0,29.8949666666667,0,0,6.83568666666667,-1.9,300,0,3744.6,30,0.5504,0
1/27/20 10:39,116.083333333333,116.041666666667,0,0,4662.7,20.35,0,0,1.1,0,1828,0,0,0,29.895,0,0,6.83705555555555,-1.9,300,0,3744.6,30,0.547612444444444,0
1/27/20 10:44,116.166666666667,116.125,0,0,4662.7,20.35,0,0,1.1,0,1828,0,0,0,29.8558,0,0,6.83445111111111,-1.9,300,0,3744.6,30,0.546801777777778,0
1/27/20 10:49,116.25,116.208333333333,0,0,4662.7,20.35,0,0,1.1,0,1828,0,0,0,29.8052,0,0,6.82951777777778,-1.9,300,0,3744.6,30,0.550385777777778,0
1/27/20 10:54,116.333333333333,116.291666666667,0,0,4662.7,20.35,0,0,1.1,0,1828,0,0,0,29.805,0,0,6.83528888888889,-1.9,300,0,3744.6,30,0.5504,0
1/27/20 10:59,116.416666666667,116.375,0,0,4662.7,20.35,0,0,1.1,0,1828,0,0,0,29.805,0,0,6.83655777777778,-1.9,300,0,3744.6,30,0.5504,0
1/27/20 11:04,116.5,116.458333333333,0,0,4662.7,20.35,0,0,1.1,0,1828,0,0,0,29.805,0,0,6.83338888888889,-1.9,300,0,3744.6,30,0.547612444444444,0
1/27/20 11:09,116.583333333333,116.541666666667,0,0,4662.7,20.35,0,0,1.1,0,1828,0,0,0,29.805,0,0,6.83132,-1.9,300,0,3744.6,30,0.544014222222222,0
1/27/20 11:14,116.666666666667,116.625,0,0,4662.7,20.35,0,0,1.1,0,1828,0,0,0,29.8442,0,0,6.8343,-1.9,300,0,3744.6,30,0.544,0
1/27/20 11:19,116.75,116.708333333333,0,0,4662.7,20.35,0,0,1.1,0,1828,0,0,0,29.8948,0,0,6.8373,-1.9,300,0,3744.6,30,0.544,0
1/27/20 11:24,116.833333333333,116.791666666667,0,0,4662.7,20.35,0,0,1.1,0,1828,0,0,0,29.8558,0,0,6.83899333333333,-1.9,300,0,3744.6,30,0.544,0
1/27/20 11:29,116.916666666667,116.875,0,0,4662.7,20.35,0,0,1.1,0,1828,0,0,0,29.8444,0,0,6.83987111111111,-1.9,300,0,3744.6,30,0.544,0
1/27/20 11:34,117,116.958333333333,0,0,4662.7,20.35,0,0,1.1,0,1828,0,0,0,29.8556,0,0,6.83664,-1.9,300,0,3744.6,30,0.544,0
1/27/20 11:39,117.083333333333,117.041666666667,0,0,4662.7,20.35,0,0,1.1,0,1828,0,0,0,29.8444,0,0,6.82710222222222,-1.9,300,0,3744.6,30,0.544,0
1/27/20 11:44,117.166666666667,117.125,0,0,4662.7,20.35,0,0,1.1,0,1828,0,0,0,29.8556,0,0,6.82419777777778,-1.9,300,0,3744.6,30,0.544,0
1/27/20 11:49,117.25,117.208333333333,0,0,4662.7,20.35,0,0,1.1,0,1828,0,0,0,29.8052,0,0,6.82873111111111,-1.9,300,0,3744.6,30,0.544,0
1/27/20 11:54,117.333333333333,117.291666666667,0,0,4662.7,20.35,0,0,1.1,0,1828,0,0,0,29.805,0,0,6.82707111111111,-1.9,300,0,3744.6,30,0.544,0
1/27/20 11:59,117.416666666667,117.375,0,0,4662.7,20.35,0,0,1.1,0,1828,0,0,0,29.8442,0,0,6.82158444444444,-1.9,300,0,3744.6,30,0.541212444444444,0
1/27/20 12:04,117.5,117.458333333333,0,0,4662.7,20.35,0,0,1.1,0,1828,0,0,0,29.8556,0,0,6.82318,-1.9,300,0,3744.6,30,0.537614222222222,0
1/27/20 12:09,117.583333333333,117.541666666667,0,0,4662.7,20.35,0,0,1.1,0,1828,0,0,0,29.8052,0,0,6.82424666666667,-1.9,300,0,3744.6,30,0.5376,0
1/27/20 12:14,117.666666666667,117.625,0,0,4662.7,20.35,0,0,1.1,0,1828,0,0,0,29.805,0,0,6.81852444444444,-1.9,300,0,3744.6,30,0.540387555555556,0
1/27/20 12:19,117.75,117.708333333333,0,0,4662.7,20.35,0,0,1.1,0,1828,0,0,0,29.805,0,0,6.81750222222222,-1.9,300,0,3744.6,30,0.543985777777778,0
1/27/20 12:24,117.833333333333,117.791666666667,0,0,4662.7,20.35,0,0,1.1,0,1828,0,0,0,29.8442,0,0,6.82285333333333,-1.9,300,0,3744.6,30,0.544,0
1/27/20 12:29,117.916666666667,117.875,0,0,4662.7,20.35,0,0,1.1,0,1828,0,0,0,29.8556,0,0,6.82312444444444,-1.9,300,0,3744.6,30,0.544,0
1/27/20 12:34,118,117.958333333333,0,0,4662.7,20.35,0,0,1.1,0,1828,0,0,0,29.8052,0,0,6.82156888888889,-1.9,300,0,3744.6,30,0.544,0
1/27/20 12:39,118.083333333333,118.041666666667,0,0,4662.7,20.35,0,0,1.1,0,1828,0,0,0,29.8442,0,0,6.82318,-1.9,300,0,3744.6,30,0.544,0
1/27/20 12:44,118.166666666667,118.125,0,0,4662.7,20.35,0,0,1.1,0,1828,0,0,0,29.8621333333333,0,0,6.82511777777778,-1.9,300,0,3744.6,30,0.544,0
1/27/20 12:49,118.25,118.208333333333,0,0,4662.7,20.35,0,0,1.1,0,1828,0,0,0,29.8136333333333,0,0,6.82400444444444,-1.9,300,0,3744.6,30,0.599751111111111,0
1/27/20 12:54,118.333333333333,118.291666666667,0,0,4662.7,20.35,0,0,1.1,0,1828,0,0,0,29.8050333333333,0,0,6.82574222222222,-1.9,300,0,3744.6,30,0.671715555555556,0
1/27/20 12:59,118.416666666667,118.375,0,0,4662.7,20.35,0,0,1.1,0,1828,0,0,0,29.805,0,0,6.82624888888889,-1.9,300,0,3744.6,30,0.672,0
1/27/20 13:04,118.5,118.458333333333,0,0,4662.7,20.35,0,0,1.1,0,1828,0,0,0,29.8442,0,0,6.82400888888889,-1.9,300,0,3744.6,30,0.672,0
1/27/20 13:09,118.583333333333,118.541666666667,0,0,4662.7,20.35,0,0,1.1,0,1828,0,0,0,29.8948,0,0,6.81964444444444,-1.9,300,0,3744.6,30,0.672,0
1/27/20 13:14,118.666666666667,118.625,0,0,4662.7,20.35,0,0,1.1,0,1828,0,0,0,29.8558,0,0,6.81707111111111,-1.9,300,0,3744.6,30,0.672,0
1/27/20 13:19,118.75,118.708333333333,0,0,4662.7,20.35,0,0,1.1,0,1828,0,0,0,29.8444,0,0,6.82142,-1.9,300,0,3744.6,30,0.672,0
1/27/20 13:24,118.833333333333,118.791666666667,0,0,4662.7,20.35,0,0,1.1,0,1828,0,0,0,29.8948,0,0,6.82374,-1.9,300,0,3744.6,30.0196,0.672,0
1/27/20 13:29,118.916666666667,118.875,0,0,4662.7,20.35,0,0,1.1,0,1828,0,0,0,29.8558,0,0,6.82599111111111,-1.9,300,0,3744.6,30.0253,0.672,0
1/27/20 13:34,119,118.958333333333,0,0,4662.7,20.35,0,0,1.1,0,1828,0,0,0,29.8052,0,0,6.82512888888889,-1.9,300,0,3744.6,30.0001,0.672,0
1/27/20 13:39,119.083333333333,119.041666666667,0,0,4662.7,20.35,0,0,1.1,0,1828,0,0,0,29.7135333333333,0,0,6.80632544444444,-1.9,149.5,0,3744.6,30,0.669064727272727,0
1/27/20 13:44,119.166666666667,119.125,0,0,4662.7,20.35,0,0,1.1,0,1828,0,0,0,29.4648,0,0,6.63481566666667,-2.01324444444445,0,0,3744.6,25.8393273255814,-1.3050304737516,0
1/27/20 13:49,119.25,119.208333333333,0,0,4662.7,20.35,0,0,1.1,0,1828,0,0,0,29.2107333333333,0,0,6.6272758295626,-2.16377777777778,0,0,3744.6,23.9605976744186,-1.57763425352113,0
1/27/20 13:54,119.333333333333,119.291666666667,0,0,4662.7,20.35,0,0,1.1,0,1828,0,0,0,29.0155,0,0,6.76356862736624,-2.17433333333333,0,0,3744.6,23.7598666666667,-1.59991466666667,0
1/27/20 13:59,119.416666666667,119.375,0,0,4662.7,20.35,0,0,1.1,0,1828,0,0,0,28.7747666666667,0,0,6.99466454307116,-2.18433333333333,0,0,3744.6,23.6153,-1.6,0
1/27/20 14:04,119.5,119.458333333333,0,0,4662.7,20.35,0,0,1.1,0,1828,0,0,0,28.5599333333333,0,0,7.20234726436782,-2.18997777777778,0,0,3744.6,23.5054333333333,-1.6,0
1/27/20 14:09,119.583333333333,119.541666666667,0,0,4662.7,20.35,0,0,1.1,0,1828,0,0,0,28.4153,0,0,7.31051373563218,-2.18564444444444,0,0,3744.6,23.5442,-6.27930531455399,0
1/27/20 14:14,119.666666666667,119.625,0,0,4662.7,20.35,0,0,1.1,0,1828,0,0,0,28.2597,0,0,7.26918222222222,-2.18002222222222,0,0,3744.6,23.5948,-12.978358685446,0
1/27/20 14:19,119.75,119.708333333333,0,0,4662.7,20.35,0,0,1.1,0,1828,0,0,0,28.1153,0,0,7.15157132616487,-2.17564444444444,0,0,3744.6,23.7256666666667,-12.9792,0
1/27/20 14:24,119.833333333333,119.791666666667,0,0,4662.7,20.35,0,0,1.1,0,1828,0,0,0,27.9597,0,0,7.15827842130987,-2.16566666666667,0,0,3744.6,23.9400666666667,-12.9792,0
1/27/20 14:29,119.916666666667,119.875,0,0,4662.7,20.35,0,0,1.1,0,1828,0,0,0,27.8153,0,0,7.28538450709628,-2.15566666666667,0,0,3744.6,24.0847,-12.9792,0
1/27/20 14:34,120,119.958333333333,0,0,4662.7,20.35,0,0,1.1,0,1828,0,0,0,27.6597,0,0,7.27012985654008,-2.15437777777778,0,0,3744.6,24.1553666666667,-12.9792,0
1/27/20 14:39,120.083333333333,120.041666666667,0,0,4662.7,20.35,0,0,1.1,0,1828,0,0,0,27.5546519379845,0,0,6.5733366969697,-2.16865994832041,43,0,3744.6,23.8838046511628,-7.94583111111111,0
1/27/20 14:44,120.166666666667,120.125,0,0,4662.7,20.35,0,0,1.1,0,1828,0,0,57.3743333333333,27.4563358953488,0,0,6.06587551136364,-2.1713021627907,200,0,3744.6,23.8167948488372,0.328123164444444,0
1/27/20 14:49,120.25,120.208333333333,0,0,4662.7,20.35,0,0,1.1,0,1828,0,0,93.8,27.35981325,0,0,5.87781498034591,-2.1557245,200,0,3744.6,24.2334855,0.29710496,0
1/27/20 14:54,120.333333333333,120.291666666667,0,0,4662.7,20.35,0,0,1.1,0,1828,0,0,93.8,27.25485,0,0,5.78969106132076,-2.1457,200,0,3744.6,24.4431855,0.30078432,0
1/27/20 14:59,120.416666666667,120.375,0,0,4662.7,20.35,0,0,1.1,0,1828,0,0,93.8,27.1109295,0,0,5.72037185,-2.144349,200,0,3744.6,24.3650445,0.30356768,0
1/27/20 15:04,120.5,120.458333333333,0,0,4662.7,20.35,0,0,1.1,0,1828,0,0,93.8,26.9550705,0,0,5.6773678,-2.1543,200,0,3744.6,24.1568145,0.30718432,0
1/27/20 15:09,120.583333333333,120.541666666667,0,0,4662.7,20.35,0,0,1.1,0,1828,0,0,93.8,26.8628235,0,0,5.6601249,-2.155651,200,0,3744.6,24.144141,0.3072,0
1/27/20 15:14,120.666666666667,120.625,0,0,4662.7,20.35,0,0,1.1,0,1828,0,0,93.8,26.76828975,0,0,5.6337412,-2.1500245,200,0,3744.6,24.24018675,0.3072,0
1/27/20 15:19,120.75,120.708333333333,0,0,4662.7,20.35,0,0,1.1,0,1828,0,0,93.8,26.700294,0,0,5.59336755,-2.15,200,0,3744.6,24.29974275,0.30996768,0
1/27/20 15:24,120.833333333333,120.791666666667,0,0,4662.7,20.35,0,0,1.1,0,1828,0,0,93.8,26.65459275,0,0,5.5705329,-2.15,200,0,3744.6,24.34540725,0.31358432,0
1/27/20 15:29,120.916666666667,120.875,0,0,4662.7,20.35,0,0,1.1,0,1828,0,0,93.8,26.55633675,0,0,5.5731598,-2.1456755,200,0,3744.6,24.44366325,0.3136,0
1/27/20 15:34,121,120.958333333333,0,0,4662.7,20.35,0,0,1.1,0,1828,0,0,93.8,26.45981325,0,0,5.5746904,-2.152998,200,0,3744.6,24.196389,0.3136,0
1/27/20 15:39,121.083333333333,121.041666666667,0,0,4662.7,20.35,0,0,1.1,0,1828,0,0,93.8,26.35485,0,0,5.57992655,-2.156953,200,0,3744.6,24.105081,0.3136,0
1/27/20 15:44,121.166666666667,121.125,0,0,4662.7,20.35,0,0,1.1,0,1828,0,0,93.8,26.25633675,0,0,5.5924204,-2.153047,200,0,3744.6,24.22735275,0.3136,0
1/27/20 15:49,121.25,121.208333333333,0,0,4662.7,20.35,0,0,1.1,0,1828,0,0,93.8,26.15981325,0,0,5.6056294,-2.156953,200,0,3744.6,24.1474635,0.3136,0
1/27/20 15:54,121.333333333333,121.291666666667,0,0,4662.7,20.35,0,0,1.1,0,1828,0,0,93.8,26.10025725,0,0,5.6117616,-2.144398,200,0,3744.6,24.36375825,0.3136,0
1/27/20 15:59,121.416666666667,121.375,0,0,4662.7,20.35,0,0,1.1,0,1828,0,0,93.497285,26.05459275,0,0,5.59508305,-2.162949,200,0,3744.6,23.936265,0.3136,0
1/27/20 16:04,121.5,121.458333333333,0,0,4662.7,20.35,0,0,1.1,0,1828,0,0,93.40443,25.95633675,0,0,5.59675965,-2.1799265,200,0,3744.6,23.59647,0.3136,0
1/27/20 16:09,121.583333333333,121.541666666667,0,0,4662.7,20.35,0,0,1.1,0,1828,0,0,93.798285,25.85981325,0,0,5.62240345,-2.1670265,200,0,3744.6,23.85447,0.3136,0
1/27/20 16:14,121.666666666667,121.625,0,0,4662.7,20.35,0,0,1.1,0,1828,0,0,93.8,25.80025725,0,0,5.63269305,-2.154398,200,0,3744.6,24.1546095,0.3136,0
1/27/20 16:19,121.75,121.708333333333,0,0,4662.7,20.35,0,0,1.1,0,1828,0,0,93.8,25.75459275,0,0,5.64407165,-2.155651,200,0,3744.6,24.18954825,0.3136,0
1/27/20 16:24,121.833333333333,121.791666666667,0,0,4662.7,20.35,0,0,1.1,0,1828,0,0,93.8,25.69525725,0,0,5.6572459,-2.154349,200,0,3744.6,24.16978725,0.3136,0
1/27/20 16:29,121.916666666667,121.875,0,0,4662.7,20.35,0,0,1.1,0,1828,0,0,93.8,25.6560795,0,0,5.6663443,-2.1599755,200,0,3744.6,24.04614225,0.31636768,0
1/27/20 16:34,122,121.958333333333,0,0,4662.7,20.35,0,0,1.1,0,1828,0,0,93.8,25.55981325,0,0,5.6781206,-2.16,200,0,3744.6,24.0593355,0.31998432,0
1/27/20 16:39,122.083333333333,122.041666666667,0,0,4662.7,20.35,0,0,1.1,0,1828,0,0,93.497285,25.50025725,0,0,5.6892043,-2.1556755,200,0,3744.6,24.12999225,0.32,0
1/27/20 16:44,122.166666666667,122.125,0,0,4662.7,20.35,0,0,1.1,0,1828,0,0,93.40443,25.45459275,0,0,5.71206205,-2.1500245,200,0,3744.6,24.299265,0.32,0
1/27/20 16:49,122.25,122.208333333333,0,0,4662.7,20.35,0,0,1.1,0,1828,0,0,93.49557,25.39525725,0,0,5.73874265,-2.158649,200,0,3744.6,24.13783125,0.32,0
1/27/20 16:54,122.333333333333,122.291666666667,0,0,4662.7,20.35,0,0,1.1,0,1828,0,0,93.101715,25.3560795,0,0,5.76158775,-2.161302,200,0,3744.6,24.04268025,0.32,0
1/27/20 16:59,122.416666666667,122.375,0,0,4662.7,20.35,0,0,1.1,0,1828,0,0,93.1,25.3052205,0,0,5.77684305,-2.150049,200,0,3744.6,24.23974575,0.32,0
1/27/20 17:04,122.5,122.458333333333,0,0,4662.7,20.35,0,0,1.1,0,1828,0,0,93.1,25.25959275,0,0,5.77851835,-2.1629735,200,0,3744.6,23.9948655,0.32,0
1/27/20 17:09,122.583333333333,122.541666666667,0,0,4662.7,20.35,0,0,1.1,0,1828,0,0,93.1,25.15485,0,0,5.77618185,-2.1712775,200,0,3744.6,23.81727675,0.32,0
1/27/20 17:14,122.666666666667,122.625,0,0,4662.7,20.35,0,0,1.1,0,1828,0,0,93.1,25.09525725,0,0,5.77639305,-2.168698,200,0,3744.6,23.92860825,0.32,0
1/27/20 17:19,122.75,122.708333333333,0,0,4662.7,20.35,0,0,1.1,0,1828,0,0,93.1,25.095,0,0,5.7773392,-2.171302,200,0,3744.6,23.8761345,0.32,0
1/27/20 17:24,122.833333333333,122.791666666667,0,0,4662.7,20.35,0,0,1.1,0,1828,0,0,93.1,25.0560795,0,0,5.77562385,-2.177347,200,0,3744.6,23.75372325,0.32,0
1/27/20 17:29,122.916666666667,122.875,0,0,4662.7,20.35,0,0,1.1,0,1828,0,0,93.1,25.0052205,0,0,5.7829072,-2.2042265,200,0,3744.6,23.1672495,0.32,0
1/27/20 17:34,123,122.958333333333,0,0,4662.7,20.35,0,0,1.1,0,1828,0,0,93.1,25.005,0,0,5.81874285,-2.2186245,200,0,3744.6,22.89843375,0.32,0
1/27/20 17:39,123.083333333333,123.041666666667,0,0,4662.7,20.35,0,0,1.1,0,1828,0,0,93.1,24.95959275,0,0,5.8481653,-2.229951,200,0,3744.6,22.78352475,0.32,0
1/27/20 17:44,123.166666666667,123.125,0,0,4662.7,20.35,0,0,1.1,0,1828,0,0,93.1,24.90025725,0,0,5.87720715,-2.23,200,0,3744.6,22.75451925,0.32,0
1/27/20 17:49,123.25,123.208333333333,0,0,4662.7,20.35,0,0,1.1,0,1828,0,0,93.1,24.86756625,0,0,5.90543305,-2.23,200,0,3744.6,22.69525725,0.32,0
1/27/20 17:54,123.333333333333,123.291666666667,0,0,4662.7,20.35,0,0,1.1,0,1828,0,0,93.1,24.81221025,0,0,5.92616265,-2.2343245,200,0,3744.6,22.6560795,0.32,0
1/27/20 17:59,123.416666666667,123.375,0,0,4662.7,20.35,0,0,1.1,0,1828,0,0,93.1,24.7950735,0,0,5.9520892,-2.227002,200,0,3744.6,22.773876,0.32,0
1/27/20 18:04,123.5,123.458333333333,0,0,4662.7,20.35,0,0,1.1,0,1828,0,0,93.1,24.7560795,0,0,5.96758975,-2.2100735,200,0,3744.6,23.03945175,0.32,0
1/27/20 18:09,123.583333333333,123.541666666667,0,0,4662.7,20.35,0,0,1.1,0,1828,0,0,93.1,24.7052205,0,0,5.95380795,-2.218649,200,0,3744.6,22.97000775,0.32,0
1/27/20 18:14,123.666666666667,123.625,0,0,4662.7,20.35,0,0,1.1,0,1828,0,0,93.1,24.705,0,0,5.93785715,-2.229951,200,0,3744.6,22.800735,0.32,0
1/27/20 18:19,123.75,123.708333333333,0,0,4662.7,20.35,0,0,1.1,0,1828,0,0,93.1,24.65959275,0,0,5.92713735,-2.2256755,200,0,3744.6,22.84540725,0.32,0
1/27/20 18:24,123.833333333333,123.791666666667,0,0,4662.7,20.35,0,0,1.1,0,1828,0,0,93.1,24.60025725,0,0,5.9198598,-2.224349,200,0,3744.6,22.8593355,0.32,0
1/27/20 18:29,123.916666666667,123.875,0,0,4662.7,20.35,0,0,1.1,0,1828,0,0,93.1,24.6,0,0,5.92393145,-2.225651,200,0,3744.6,22.8456645,0.32,0
1/27/20 18:34,124,123.958333333333,0,0,4662.7,20.35,0,0,1.1,0,1828,0,0,93.1,24.55459275,0,0,5.93339325,-2.2200245,200,0,3744.6,22.90474275,0.32,0
1/27/20 18:39,124.083333333333,124.041666666667,0,0,4662.7,20.35,0,0,1.1,0,1828,0,0,93.1,24.49525725,0,0,5.93226775,-2.228649,200,0,3744.6,22.775265,0.32,0
1/27/20 18:44,124.166666666667,124.125,0,0,4662.7,20.35,0,0,1.1,0,1828,0,0,93.1,24.495,0,0,5.93909125,-2.2356265,200,0,3744.6,22.69006275,0.32,0
1/27/20 18:49,124.25,124.208333333333,0,0,4662.7,20.35,0,0,1.1,0,1828,0,0,93.1,24.4560795,0,0,5.95786775,-2.2257,200,0,3744.6,22.8449295,0.32,0
1/27/20 18:54,124.333333333333,124.291666666667,0,0,4662.7,20.35,0,0,1.1,0,1828,0,0,93.1,24.4052205,0,0,5.96609877342193,-2.2200245,200,0,3744.6,22.90474275,0.32,0
1/27/20 18:59,124.416666666667,124.375,0,0,4662.7,20.35,0,0,1.1,0,1828,0,0,93.1,24.3599176666667,0,0,5.9602824488003,-2.22858711111111,200,0,3744.6,22.7761933333333,0.32,0
1/27/20 19:04,124.5,124.458333333333,0,0,4662.7,20.35,0,0,1.1,0,1828,0,0,93.1,24.3002823333333,0,0,5.94930666666667,-2.23135911111111,200,0,3744.6,22.7346133333333,0.32,0
1/27/20 19:09,124.583333333333,124.541666666667,0,0,4662.7,20.35,0,0,1.1,0,1828,0,0,93.1,24.3,0,0,5.94002408888889,-2.22005377777778,200,0,3744.6,22.9041933333333,0.32,0
1/27/20 19:14,124.666666666667,124.625,0,0,4662.7,20.35,0,0,1.1,0,1828,0,0,93.1,24.2549176666667,0,0,5.9304372,-2.21570644444444,200,0,3744.6,22.943642,0.32,0
1/27/20 19:19,124.75,124.708333333333,0,0,4662.7,20.35,0,0,1.1,0,1828,0,0,93.1,24.1952823333333,0,0,5.91788268888889,-2.21002688888889,200,0,3744.6,22.994758,0.32,0
1/27/20 19:24,124.833333333333,124.791666666667,0,0,4662.7,20.35,0,0,1.1,0,1828,0,0,93.1,24.156358,0,0,5.90373322222222,-2.21,200,0,3744.6,23.0400823333333,0.32,0
1/27/20 19:29,124.916666666667,124.875,0,0,4662.7,20.35,0,0,1.1,0,1828,0,0,93.1,24.105242,0,0,5.88202375555556,-2.21429355555556,200,0,3744.6,23.0159933333333,0.32,0
1/27/20 19:34,125,124.958333333333,0,0,4662.7,20.35,0,0,1.1,0,1828,0,0,93.1,24.0599176666667,0,0,5.85319462222222,-2.21997311111111,200,0,3744.6,22.9055243333333,0.32,0
1/27/20 19:39,125.083333333333,125.041666666667,0,0,4662.7,20.35,0,0,1.1,0,1828,0,0,93.1,24.0002823333333,0,0,5.82277064444444,-2.22429355555556,200,0,3744.6,22.8599176666667,0.32,0
1/27/20 19:44,125.166666666667,125.125,0,0,4662.7,20.35,0,0,1.1,0,1828,0,0,93.1,24,0,0,5.78189815555556,-2.23426666666667,200,0,3744.6,22.6714756666667,0.32,0
1/27/20 19:49,125.25,125.208333333333,0,0,4662.7,20.35,0,0,1.1,0,1828,0,0,93.1,23.9549176666667,0,0,5.73869388888889,-2.23567955555556,200,0,3744.6,22.584531,0.32,0
1/27/20 19:54,125.333333333333,125.291666666667,0,0,4662.7,20.35,0,0,1.1,0,1828,0,0,93.1,23.8952823333333,0,0,5.70962666666667,-2.23002688888889,200,0,3744.6,22.739558,0.32,0
1/27/20 19:59,125.416666666667,125.375,0,0,4662.7,20.35,0,0,1.1,0,1828,0,0,93.1,23.856358,0,0,5.68921377777778,-2.22570644444445,200,0,3744.6,22.8448,0.32,0
1/27/20 20:04,125.5,125.458333333333,0,0,4662.7,20.35,0,0,1.1,0,1828,0,0,93.1,23.805242,0,0,5.67286095555556,-2.22432044444444,200,0,3744.6,22.8596353333333,0.32,0
1/27/20 20:09,125.583333333333,125.541666666667,0,0,4662.7,20.35,0,0,1.1,0,1828,0,0,93.1,23.7599176666667,0,0,5.63531406666667,-2.22567955555556,200,0,3744.6,22.8453646666667,0.32,0
1/27/20 20:14,125.666666666667,125.625,0,0,4662.7,20.35,0,0,1.1,0,1828,0,0,93.1,23.7002823333333,0,0,5.57594633333333,-2.21573333333333,200,0,3744.6,22.9433596666667,0.32,0
1/27/20 20:19,125.75,125.708333333333,0,0,4662.7,20.35,0,0,1.1,0,1828,0,0,93.1,23.6549176666667,0,0,5.51356828888889,-2.218614,200,0,3744.6,22.8659513333333,0.32,0
1/27/20 20:24,125.833333333333,125.791666666667,0,0,4662.7,20.35,0,0,1.1,0,1828,0,0,93.1,23.5952823333333,0,0,5.45080493333333,-2.22994622222222,200,0,3744.6,22.6958066666667,0.32,0
1/27/20 20:29,125.916666666667,125.875,0,0,4662.7,20.35,0,0,1.1,0,1828,0,0,93.1,23.556358,0,0,5.37227171111111,-2.24288066666667,200,0,3744.6,22.4373866666667,0.32,0
1/27/20 20:34,126,125.958333333333,0,0,4662.7,20.35,0,0,1.1,0,1828,0,0,93.1,23.505242,0,0,5.28759473333333,-2.25562577777778,200,0,3744.6,22.186778,0.32,0
1/27/20 20:39,126.083333333333,126.041666666667,0,0,4662.7,20.35,0,0,1.1,0,1828,0,0,93.1,23.505,0,0,5.20115182222222,-2.24573333333333,200,0,3744.6,22.3881596666667,0.32,0
1/27/20 20:44,126.166666666667,126.125,0,0,4662.7,20.35,0,0,1.1,0,1828,0,0,93.1,23.4599176666667,0,0,5.10467490803537,-2.24432044444444,200,0,3744.6,22.4543933333333,0.32,0
1/27/20 20:49,126.25,126.208333333333,0,0,4662.7,20.35,0,0,1.1,0,1828,0,0,93.1,23.4002823333333,0,0,5.0028677740508,-2.24567955555556,200,0,3744.6,22.485447,0.32,0
1/27/20 20:54,126.333333333333,126.291666666667,0,0,4662.7,20.35,0,0,1.1,0,1828,0,0,93.1,23.4,0,0,4.89896994013605,-2.24432044444444,200,0,3744.6,22.5142706666667,0.32,0
1/27/20 20:59,126.416666666667,126.375,0,0,4662.7,20.35,0,0,1.1,0,1828,0,0,93.1,23.3549176666667,0,0,4.78718428888889,-2.26285377777778,200,0,3744.6,22.131511,0.322747875555556,0
1/27/20 21:04,126.5,126.458333333333,0,0,4662.7,20.35,0,0,1.1,0,1828,0,0,93.1,23.2952823333333,0,0,4.68660244444444,-2.27133222222222,200,0,3744.6,21.9169006666667,0.323634915555556,0
1/27/20 21:09,126.583333333333,126.541666666667,0,0,4662.7,20.35,0,0,1.1,0,1828,0,0,93.1,23.256358,0,0,4.59402386666667,-2.26864088888889,200,0,3744.6,21.9653463333333,0.320017208888889,0
1/27/20 21:14,126.666666666667,126.625,0,0,4662.7,20.35,0,0,1.1,0,1828,0,0,93.1,23.205242,0,0,4.50147484444444,-2.27565266666667,200,0,3744.6,21.8859713333333,0.322747875555556,0
1/27/20 21:19,126.75,126.708333333333,0,0,4662.7,20.35,0,0,1.1,0,1828,0,0,93.1,23.205,0,0,4.41517075555555,-2.26143977777778,200,0,3744.6,22.1396823333333,0.326382791111111,0
1/27/20 21:24,126.833333333333,126.791666666667,0,0,4662.7,20.35,0,0,1.1,0,1828,0,0,93.1,23.1599176666667,0,0,4.32901322222222,-2.27152155555556,200,0,3744.6,21.9262926666667,0.3264,0
1/27/20 21:29,126.916666666667,126.875,0,0,4662.7,20.35,0,0,1.1,0,1828,0,0,93.1,23.1002823333333,0,0,4.24861377777778,-2.28269133333333,200,0,3744.6,21.7037156666667,0.3264,0
1/27/20 21:34,127,126.958333333333,0,0,4662.7,20.35,0,0,1.1,0,1828,0,0,93.1,23.1,0,0,4.17741322222222,-2.255814,200,0,3744.6,22.1833093333333,0.3264,0
1/27/20 21:39,127.083333333333,127.041666666667,0,0,4662.7,20.35,0,0,1.1,0,1828,0,0,93.1,23.0549176666667,0,0,4.1060028,-2.25432044444444,200,0,3744.6,22.259353,0.3264,0
1/27/20 21:44,127.166666666667,127.125,0,0,4662.7,20.35,0,0,1.1,0,1828,0,0,93.1,22.9952823333333,0,0,4.04099215555556,-2.25567955555556,200,0,3744.6,22.2453646666667,0.3264,0
1/27/20 21:49,127.25,127.208333333333,0,0,4662.7,20.35,0,0,1.1,0,1828,0,0,93.1,22.995,0,0,3.97997333333333,-2.25432044444444,200,0,3744.6,22.2596353333333,0.3264,0
1/27/20 21:54,127.333333333333,127.291666666667,0,0,4662.7,20.35,0,0,1.1,0,1828,0,0,93.1,22.956358,0,0,3.92326688888889,-2.25567955555556,200,0,3744.6,22.2453646666667,0.3264,0
1/27/20 21:59,127.416666666667,127.375,0,0,4662.7,20.35,0,0,1.1,0,1828,0,0,93.1,22.905242,0,0,3.86279417777778,-2.258614,200,0,3744.6,22.1308286666667,0.3264,0
1/27/20 22:04,127.5,127.458333333333,0,0,4662.7,20.35,0,0,1.1,0,1828,0,0,93.1,22.905,0,0,3.79929915555556,-2.26565266666667,200,0,3744.6,21.9848133333333,0.3264,0
1/27/20 22:09,127.583333333333,127.541666666667,0,0,4662.7,20.35,0,0,1.1,0,1828,0,0,93.1,22.905,0,0,3.75038677777778,-2.26002688888889,200,0,3744.6,22.0944756666667,0.3264,0
1/27/20 22:14,127.666666666667,127.625,0,0,4662.7,20.35,0,0,1.1,0,1828,0,0,93.1,22.8599176666667,0,0,3.70480268888889,-2.25570644444444,200,0,3744.6,22.1851646666667,0.3264,0
1/27/20 22:19,127.75,127.708333333333,0,0,4662.7,20.35,0,0,1.1,0,1828,0,0,93.1,22.8002823333333,0,0,3.65894128888889,-2.25432044444444,200,0,3744.6,22.2142706666667,0.3264,0
1/27/20 22:24,127.833333333333,127.791666666667,0,0,4662.7,20.35,0,0,1.1,0,1828,0,0,93.1,22.8,0,0,3.61280537777778,-2.25997311111111,200,0,3744.6,22.0955646666667,0.3264,0
1/27/20 22:29,127.916666666667,127.875,0,0,4662.7,20.35,0,0,1.1,0,1828,0,0,93.1,22.7549176666667,0,0,3.57080548888889,-2.25570644444444,200,0,3744.6,22.2238066666667,0.3264,0
1/27/20 22:34,128,127.958333333333,0,0,4662.7,20.35,0,0,1.1,0,1828,0,0,93.1,22.6952823333333,0,0,3.52892246666667,-2.25432044444444,200,0,3744.6,22.2653866666667,0.3264,0
1/27/20 22:39,128.083333333333,128.041666666667,0,0,4662.7,20.35,0,0,1.1,0,1828,0,0,93.1,22.695,0,0,3.48409344444445,-2.26856022222222,200,0,3744.6,21.967,0.3264,0
1/27/20 22:44,128.166666666667,128.125,0,0,4662.7,20.35,0,0,1.1,0,1828,0,0,93.1,22.695,0,0,3.44766162222222,-2.27135911111111,200,0,3744.6,21.9696956666667,0.3264,0
1/27/20 22:49,128.25,128.208333333333,0,0,4662.7,20.35,0,0,1.1,0,1828,0,0,93.1,22.656358,0,0,3.41175697777778,-2.277228,200,0,3744.6,21.8575733333333,0.3264,0
1/27/20 22:54,128.333333333333,128.291666666667,0,0,4662.7,20.35,0,0,1.1,0,1828,0,0,93.1,22.605242,0,0,3.37281097777778,-2.29559888888889,200,0,3744.6,21.490862,0.3264,0
1/27/20 22:59,128.416666666667,128.375,0,0,4662.7,20.35,0,0,1.1,0,1828,0,0,93.1,22.605,0,0,3.34091462222222,-2.28143977777778,200,0,3744.6,21.7282823333333,0.3264,0
1/27/20 23:04,128.5,128.458333333333,0,0,4662.7,20.35,0,0,1.1,0,1828,0,0,93.1,22.605,0,0,3.30834935555556,-2.26576022222222,200,0,3744.6,22.028,0.3264,0
1/27/20 23:09,128.583333333333,128.541666666667,0,0,4662.7,20.35,0,0,1.1,0,1828,0,0,93.1,22.5599176666667,0,0,3.2750586,-2.26002688888889,200,0,3744.6,22.1991933333333,0.3264,0
1/27/20 23:14,128.666666666667,128.625,0,0,4662.7,20.35,0,0,1.1,0,1828,0,0,93.1,22.5002823333333,0,0,3.23834924444444,-2.26858711111111,200,0,3744.6,21.987469,0.3264,0
1/27/20 23:19,128.75,128.708333333333,0,0,4662.7,20.35,0,0,1.1,0,1828,0,0,93.1,22.5,0,0,3.2032242,-2.27565266666667,200,0,3744.6,21.7900553333333,0.3264,0
1/27/20 23:24,128.833333333333,128.791666666667,0,0,4662.7,20.35,0,0,1.1,0,1828,0,0,93.1,22.5,0,0,3.17534677777778,-2.26573333333333,200,0,3744.6,22.0282823333333,0.3264,0
1/27/20 23:29,128.916666666667,128.875,0,0,4662.7,20.35,0,0,1.1,0,1828,0,0,93.1,22.5,0,0,3.1477572,-2.26002688888889,200,0,3744.6,22.1991933333333,0.3264,0
1/27/20 23:34,129,128.958333333333,0,0,4662.7,20.35,0,0,1.1,0,1828,0,0,93.1,22.4549176666667,0,0,3.11591462222222,-2.25570644444444,200,0,3744.6,22.2450823333333,0.3264,0
1/27/20 23:39,129.083333333333,129.041666666667,0,0,4662.7,20.35,0,0,1.1,0,1828,0,0,93.1,22.3952823333333,0,0,3.08206128888889,-2.25432044444444,200,0,3744.6,22.2596353333333,0.3264,0
1/27/20 23:44,129.166666666667,129.125,0,0,4662.7,20.35,0,0,1.1,0,1828,0,0,93.1,22.395,0,0,3.04706666666667,-2.26426666666667,200,0,3744.6,22.116558,0.3264,0
1/27/20 23:49,129.25,129.208333333333,0,0,4662.7,20.35,0,0,1.1,0,1828,0,0,93.1,22.395,0,0,3.01636022222222,-2.261386,200,0,3744.6,22.134331,0.3264,0
1/27/20 23:54,129.333333333333,129.291666666667,0,0,4662.7,20.35,0,0,1.1,0,1828,0,0,93.1,22.395,0,0,2.98532235555556,-2.25434733333333,200,0,3744.6,22.2140286666667,0.3264,0
1/27/20 23:59,129.416666666667,129.375,0,0,4662.7,20.35,0,0,1.1,0,1828,0,0,93.1,22.395,0,0,2.94850677777778,-2.25997311111111,200,0,3744.6,22.0955646666667,0.3264,0
1/28/20 0:04,129.5,129.458333333333,0,0,4662.7,20.35,0,0,1.1,0,1828,0,0,93.1,22.356358,0,0,2.91363462222222,-2.26858711111111,200,0,3744.6,21.9275513333333,0.3264,0
1/28/20 0:09,129.583333333333,129.541666666667,0,0,4662.7,20.35,0,0,1.1,0,1828,0,0,93.1,22.305242,0,0,2.87892806666667,-2.28423977777778,200,0,3744.6,21.673847,0.3264,0
1/28/20 0:14,129.666666666667,129.625,0,0,4662.7,20.35,0,0,1.1,0,1828,0,0,93.1,22.305,0,0,2.85150162222222,-2.28997311111111,200,0,3744.6,21.617321,0.3264,0
1/28/20 0:19,129.75,129.708333333333,0,0,4662.7,20.35,0,0,1.1,0,1828,0,0,93.1,22.305,0,0,2.83232537777778,-2.28141288888889,200,0,3744.6,21.7739696666667,0.3264,0
1/28/20 0:24,129.833333333333,129.791666666667,0,0,4662.7,20.35,0,0,1.1,0,1828,0,0,93.1,22.305,0,0,2.81346128888889,-2.26146666666667,200,0,3744.6,22.1327176666667,0.3264,0
1/28/20 0:29,129.916666666667,129.875,0,0,4662.7,20.35,0,0,1.1,0,1828,0,0,93.1,22.305,0,0,2.78616762222222,-2.267228,200,0,3744.6,21.9564153333333,0.3264,0
1/28/20 0:34,130,129.958333333333,0,0,4662.7,20.35,0,0,1.1,0,1828,0,0,93.1,22.2599176666667,0,0,2.75908851111111,-2.27701177777778,200,0,3744.6,21.7547913333333,0.3264,0
1/28/20 0:39,130.083333333333,130.041666666667,0,0,4662.7,20.35,0,0,1.1,0,1828,0,0,93.1,22.2002823333333,0,0,2.74159182222222,-2.26437422222222,200,0,3744.6,22.0547446666667,0.3264,0
1/28/20 0:44,130.166666666667,130.125,0,0,4662.7,20.35,0,0,1.1,0,1828,0,0,93.1,22.2,0,0,2.72047204444444,-2.26997311111111,200,0,3744.6,22.005242,0.3264,0
1/28/20 0:49,130.25,130.208333333333,0,0,4662.7,20.35,0,0,1.1,0,1828,0,0,93.1,22.2,0,0,2.70089602222222,-2.26570644444444,200,0,3744.6,22.0887243333333,0.3264,0
1/28/20 0:54,130.333333333333,130.291666666667,0,0,4662.7,20.35,0,0,1.1,0,1828,0,0,93.1,22.2,0,0,2.68017591111111,-2.26002688888889,200,0,3744.6,22.1994756666667,0.3264,0
1/28/20 0:59,130.416666666667,130.375,0,0,4662.7,20.35,0,0,1.1,0,1828,0,0,93.1,22.2,0,0,2.65461053333333,-2.26858711111111,200,0,3744.6,22.026111,0.3264,0
1/28/20 1:04,130.5,130.458333333333,0,0,4662.7,20.35,0,0,1.1,0,1828,0,0,93.1,22.1677983333333,0,0,2.63120828888889,-2.27135911111111,200,0,3744.6,21.9248956666667,0.3264,0
1/28/20 1:09,130.583333333333,130.541666666667,0,0,4662.7,20.35,0,0,1.1,0,1828,0,0,93.1,22.112321,0,0,2.61045042222222,-2.277228,200,0,3744.6,21.7850573333333,0.3264,0
1/28/20 1:14,130.666666666667,130.625,0,0,4662.7,20.35,0,0,1.1,0,1828,0,0,93.1,22.0950806666667,0,0,2.58777355555556,-2.29559888888889,200,0,3744.6,21.473541,0.3264,0
1/28/20 1:19,130.75,130.708333333333,0,0,4662.7,20.35,0,0,1.1,0,1828,0,0,93.1,22.095,0,0,2.56731182222222,-2.298614,200,0,3744.6,21.4705883333333,0.3264,0
1/28/20 1:24,130.833333333333,130.791666666667,0,0,4662.7,20.35,0,0,1.1,0,1828,0,0,93.1,22.095,0,0,2.54705624444444,-2.30135911111111,200,0,3744.6,21.4296133333333,0.3264,0
1/28/20 1:29,130.916666666667,130.875,0,0,4662.7,20.35,0,0,1.1,0,1828,0,0,93.1,22.095,0,0,2.53517344444444,-2.29005377777778,200,0,3744.6,21.5991933333333,0.3264,0
1/28/20 1:34,131,130.958333333333,0,0,4662.7,20.35,0,0,1.1,0,1828,0,0,93.1,22.095,0,0,2.52573064444444,-2.29,200,0,3744.6,21.6,0.3264,0
1/28/20 1:39,131.083333333333,131.041666666667,0,0,4662.7,20.35,0,0,1.1,0,1828,0,0,93.1,22.056358,0,0,2.51659204444444,-2.27711933333333,200,0,3744.6,21.812531,0.3264,0
1/28/20 1:44,131.166666666667,131.125,0,0,4662.7,20.35,0,0,1.1,0,1828,0,0,93.1,22.005242,0,0,2.50643988888889,-2.26008066666667,200,0,3744.6,22.093669,0.3264,0
1/28/20 1:49,131.25,131.208333333333,0,0,4662.7,20.35,0,0,1.1,0,1828,0,0,93.1,22.005,0,0,2.49517075555556,-2.25570644444444,200,0,3744.6,22.1851646666667,0.3264,0
1/28/20 1:54,131.333333333333,131.291666666667,0,0,4662.7,20.35,0,0,1.1,0,1828,0,0,93.1,22.005,0,0,2.48143708888889,-2.26290755555556,200,0,3744.6,22.046822,0.3264,0
1/28/20 1:59,131.416666666667,131.375,0,0,4662.7,20.35,0,0,1.1,0,1828,0,0,93.1,22.005,0,0,2.467907,-2.27562577777778,200,0,3744.6,21.7903376666667,0.3264,0
1/28/20 2:04,131.5,131.458333333333,0,0,4662.7,20.35,0,0,1.1,0,1828,0,0,93.1,22.005,0,0,2.45900246666667,-2.27002688888889,200,0,3744.6,21.8994756666667,0.3264,0
1/28/20 2:09,131.583333333333,131.541666666667,0,0,4662.7,20.35,0,0,1.1,0,1828,0,0,93.1,22.005,0,0,2.44545602222222,-2.27429355555556,200,0,3744.6,21.8549176666667,0.3264,0
1/28/20 2:14,131.666666666667,131.625,0,0,4662.7,20.35,0,0,1.1,0,1828,0,0,93.1,22.005,0,0,2.43331204444444,-2.27567955555556,200,0,3744.6,21.885447,0.3264,0
1/28/20 2:19,131.75,131.708333333333,0,0,4662.7,20.35,0,0,1.1,0,1828,0,0,93.1,22.005,0,0,2.41844246666667,-2.27432044444444,200,0,3744.6,21.9142706666667,0.3264,0
1/28/20 2:24,131.833333333333,131.791666666667,0,0,4662.7,20.35,0,0,1.1,0,1828,0,0,93.1,22.005,0,0,2.40233086666667,-2.27567955555556,200,0,3744.6,21.8857293333333,0.3264,0
1/28/20 2:29,131.916666666667,131.875,0,0,4662.7,20.35,0,0,1.1,0,1828,0,0,93.1,21.9599176666667,0,0,2.39173602222222,-2.27002688888889,200,0,3744.6,21.959353,0.3264,0
1/28/20 2:34,132,131.958333333333,0,0,4662.7,20.35,0,0,1.1,0,1828,0,0,93.1,21.9453646666667,0,0,2.37743977777778,-2.27858711111111,200,0,3744.6,21.7714756666667,0.3264,0
1/28/20 2:39,132.083333333333,132.041666666667,0,0,4662.7,20.35,0,0,1.1,0,1828,0,0,93.1,22.0047176666667,0,0,2.35832537777778,-2.28994622222222,200,0,3744.6,21.5557243333333,0.3264,0
1/28/20 2:44,132.166666666667,132.125,0,0,4662.7,20.35,0,0,1.1,0,1828,0,0,93.1,21.9599176666667,0,0,2.34289613333333,-2.29429355555556,200,0,3744.6,21.4566403333333,0.3264,0
1/28/20 2:49,132.25,132.208333333333,0,0,4662.7,20.35,0,0,1.1,0,1828,0,0,93.1,21.9002823333333,0,0,2.33216806666667,-2.29567955555556,200,0,3744.6,21.4889663333333,0.3264,0
1/28/20 2:54,132.333333333333,132.291666666667,0,0,4662.7,20.35,0,0,1.1,0,1828,0,0,93.1,21.9,0,0,2.32444806666667,-2.28143977777778,200,0,3744.6,21.7733646666667,0.3264,0
1/28/20 2:59,132.416666666667,132.375,0,0,4662.7,20.35,0,0,1.1,0,1828,0,0,93.1,21.9,0,0,2.31371708888889,-2.27005377777778,200,0,3744.6,21.9588286666667,0.3264,0
1/28/20 3:04,132.5,132.458333333333,0,0,4662.7,20.35,0,0,1.1,0,1828,0,0,93.1,21.9,0,0,2.29803473333333,-2.27,200,0,3744.6,21.932484,0.3264,0
1/28/20 3:09,132.583333333333,132.541666666667,0,0,4662.7,20.35,0,0,1.1,0,1828,0,0,93.1,21.9,0,0,2.28746151111111,-2.26570644444444,200,0,3744.6,22.0714033333333,0.3264,0
1/28/20 3:14,132.666666666667,132.625,0,0,4662.7,20.35,0,0,1.1,0,1828,0,0,93.1,21.9,0,0,2.27671708888889,-2.26432044444444,200,0,3744.6,22.1156706666667,0.3264,0
1/28/20 3:19,132.75,132.708333333333,0,0,4662.7,20.35,0,0,1.1,0,1828,0,0,93.1,21.9,0,0,2.26017602222222,-2.26997311111111,200,0,3744.6,21.960442,0.3264,0
1/28/20 3:24,132.833333333333,132.791666666667,0,0,4662.7,20.35,0,0,1.1,0,1828,0,0,93.1,21.9,0,0,2.24803753333333,-2.26570644444444,200,0,3744.6,21.9840066666667,0.3264,0
1/28/20 3:29,132.916666666667,132.875,0,0,4662.7,20.35,0,0,1.1,0,1828,0,0,93.1,21.8549176666667,0,0,2.23543171111111,-2.27290755555556,200,0,3744.6,21.8368623333333,0.3264,0
1/28/20 3:34,133,132.958333333333,0,0,4662.7,20.35,0,0,1.1,0,1828,0,0,93.1,21.7952823333333,0,0,2.22491248888889,-2.27703866666667,200,0,3744.6,21.7477863333333,0.3264,0
1/28/20 3:39,133.083333333333,133.041666666667,0,0,4662.7,20.35,0,0,1.1,0,1828,0,0,93.1,21.795,0,0,2.22085947272056,-2.26435995791805,200,0,3744.6,22.0013997574751,0.3264,0
1/28/20 3:44,133.166666666667,133.125,0,0,4662.7,20.35,0,0,1.1,0,1828,0,0,93.1,21.795,0,0,2.21019869950166,-2.27423343097084,200,0,3744.6,21.8557686591916,0.3264,0
1/28/20 3:49,133.25,133.208333333333,0,0,4662.7,20.35,0,0,1.1,0,1828,0,0,93.1,21.795,0,0,2.20374763333333,-2.27570788888889,200,0,3744.6,21.8400671666667,0.3264,0
1/28/20 3:54,133.333333333333,133.291666666667,0,0,4662.7,20.35,0,0,1.1,0,1828,0,0,93.1,21.795,0,0,2.19774609444444,-2.27429211111111,200,0,3744.6,21.8165683333333,0.3264,0
1/28/20 3:59,133.416666666667,133.375,0,0,4662.7,20.35,0,0,1.1,0,1828,0,0,93.1,21.795,0,0,2.18819293888889,-2.27997061111111,200,0,3744.6,21.7439375833333,0.3264,0
1/28/20 4:04,133.5,133.458333333333,0,0,4662.7,20.35,0,0,1.1,0,1828,0,0,93.1,21.795,0,0,2.17748491111111,-2.28852544444444,200,0,3744.6,21.6284893333333,0.3264,0
1/28/20 4:09,133.583333333333,133.541666666667,0,0,4662.7,20.35,0,0,1.1,0,1828,0,0,93.1,21.795,0,0,2.1670543,-2.2956785,200,0,3744.6,21.48926925,0.3264,0
1/28/20 4:14,133.666666666667,133.625,0,0,4662.7,20.35,0,0,1.1,0,1828,0,0,93.1,21.795,0,0,2.16131548333333,-2.28576666666667,200,0,3744.6,21.6441855,0.3264,0
1/28/20 4:19,133.75,133.708333333333,0,0,4662.7,20.35,0,0,1.1,0,1828,0,0,93.1,21.795,0,0,2.15560157777778,-2.28429211111111,200,0,3744.6,21.6599328333333,0.3264,0
1/28/20 4:24,133.833333333333,133.791666666667,0,0,4662.7,20.35,0,0,1.1,0,1828,0,0,93.1,21.795,0,0,2.15102351111111,-2.28144516666667,200,0,3744.6,21.72819025,0.3264,0
1/28/20 4:29,133.916666666667,133.875,0,0,4662.7,20.35,0,0,1.1,0,1828,0,0,93.1,21.795,0,0,2.14929491111111,-2.27005877777778,200,0,3744.6,21.8991183333333,0.3264,0
1/28/20 4:34,134,133.958333333333,0,0,4662.7,20.35,0,0,1.1,0,1828,0,0,93.1,21.795,0,0,2.14402785,-2.27,200,0,3744.6,21.9447585833333,0.3264,0
1/28/20 4:39,134.083333333333,134.041666666667,0,0,4662.7,20.35,0,0,1.1,0,1828,0,0,93.1,21.795,0,0,2.13533157777778,-2.27426272222222,200,0,3744.6,21.87680975,0.3264,0
1/28/20 4:44,134.166666666667,134.125,0,0,4662.7,20.35,0,0,1.1,0,1828,0,0,93.1,21.795,0,0,2.12391706111111,-2.29275877777778,200,0,3744.6,21.5332414166667,0.3264,0
1/28/20 4:49,134.25,134.208333333333,0,0,4662.7,20.35,0,0,1.1,0,1828,0,0,93.1,21.795,0,0,2.11405136111111,-2.30564911111111,200,0,3744.6,21.3651310833333,0.3264,0
1/28/20 4:54,134.333333333333,134.291666666667,0,0,4662.7,20.35,0,0,1.1,0,1828,0,0,93.1,21.795,0,0,2.10916802777778,-2.29150394444444,200,0,3744.6,21.5582585833333,0.3264,0
1/28/20 4:59,134.416666666667,134.375,0,0,4662.7,20.35,0,0,1.1,0,1828,0,0,93.1,21.7566355,0,0,2.10672706111111,-2.27579605555556,200,0,3744.6,21.7873736666667,0.3264,0
1/28/20 5:04,134.5,134.458333333333,0,0,4662.7,20.35,0,0,1.1,0,1828,0,0,93.1,21.7052645,0,0,2.10031982222222,-2.27429211111111,200,0,3744.6,21.8163038333333,0.3264,0
1/28/20 5:09,134.583333333333,134.541666666667,0,0,4662.7,20.35,0,0,1.1,0,1828,0,0,93.1,21.705,0,0,2.09104842222222,-2.27997061111111,200,0,3744.6,21.7439375833333,0.3264,0
1/28/20 5:14,134.666666666667,134.625,0,0,4662.7,20.35,0,0,1.1,0,1828,0,0,93.1,21.705,0,0,2.08361039444444,-2.28,200,0,3744.6,21.756371,0.3264,0
1/28/20 5:19,134.75,134.708333333333,0,0,4662.7,20.35,0,0,1.1,0,1828,0,0,93.1,21.705,0,0,2.0730557,-2.28426272222222,200,0,3744.6,21.6157473333333,0.3264,0
1/28/20 5:24,134.833333333333,134.791666666667,0,0,4662.7,20.35,0,0,1.1,0,1828,0,0,93.1,21.705,0,0,2.06077842222222,-2.28997061111111,200,0,3744.6,21.54037575,0.3264,0
1/28/20 5:29,134.916666666667,134.875,0,0,4662.7,20.35,0,0,1.1,0,1828,0,0,93.1,21.705,0,0,2.05417684444445,-2.28147455555556,200,0,3744.6,21.7723316666667,0.3264,0
1/28/20 5:34,135,134.958333333333,0,0,4662.7,20.35,0,0,1.1,0,1828,0,0,93.1,21.705,0,0,2.04874315555556,-2.27005877777778,200,0,3744.6,22.00380975,0.3264,0
1/28/20 5:39,135.083333333333,135.041666666667,0,0,4662.7,20.35,0,0,1.1,0,1828,0,0,93.1,21.705,0,0,2.03919293888889,-2.26573727777778,200,0,3744.6,22.0433645,0.3264,0
1/28/20 5:44,135.166666666667,135.125,0,0,4662.7,20.35,0,0,1.1,0,1828,0,0,93.1,21.705,0,0,2.02550100555556,-2.26855483333333,200,0,3744.6,21.9284893333333,0.3264,0
1/28/20 5:49,135.25,135.208333333333,0,0,4662.7,20.35,0,0,1.1,0,1828,0,0,93.1,21.705,0,0,2.00766469444444,-2.28420394444444,200,0,3744.6,21.6613875833333,0.3264,0
1/28/20 5:54,135.333333333333,135.291666666667,0,0,4662.7,20.35,0,0,1.1,0,1828,0,0,93.1,21.705,0,0,1.99691980315615,-2.28572205075674,200,0,3744.6,21.6449184670543,0.3264,0
1/28/20 5:59,135.416666666667,135.375,0,0,4662.7,20.35,0,0,1.1,0,1828,0,0,93.1,21.705,0,0,1.99020714684385,-2.28003189368771,200,0,3744.6,21.7427531162791,0.3264,0
1/28/20 6:04,135.5,135.458333333333,0,0,4662.7,20.35,0,0,1.1,0,1828,0,0,93.1,21.705,0,0,1.9820664,-2.275768,200,0,3744.6,21.883584,0.3264,0
1/28/20 6:09,135.583333333333,135.541666666667,0,0,4662.7,20.35,0,0,1.1,0,1828,0,0,93.1,21.705,0,0,1.972944,-2.270032,200,0,3744.6,21.959892,0.3264,0
1/28/20 6:14,135.666666666667,135.625,0,0,4662.7,20.35,0,0,1.1,0,1828,0,0,93.1,21.705,0,0,1.9626528,-2.27,200,0,3744.6,21.900336,0.3264,0
1/28/20 6:19,135.75,135.708333333333,0,0,4662.7,20.35,0,0,1.1,0,1828,0,0,93.1,21.660564,0,0,1.9533704,-2.27,200,0,3744.6,21.9,0.3264,0
1/28/20 6:24,135.833333333333,135.791666666667,0,0,4662.7,20.35,0,0,1.1,0,1828,0,0,93.1,21.600336,0,0,1.9440728,-2.27,200,0,3744.6,21.944436,0.3264,0
1/28/20 6:29,135.916666666667,135.875,0,0,4662.7,20.35,0,0,1.1,0,1828,0,0,93.1,21.6,0,0,1.9336744,-2.274232,200,0,3744.6,21.877704,0.3264,0
1/28/20 6:34,136,135.958333333333,0,0,4662.7,20.35,0,0,1.1,0,1828,0,0,93.1,21.6,0,0,1.9220856,-2.275736,200,0,3744.6,21.788484,0.3264,0
1/28/20 6:39,136.083333333333,136.041666666667,0,0,4662.7,20.35,0,0,1.1,0,1828,0,0,93.1,21.6,0,0,1.9133672,-2.270032,200,0,3744.6,21.899376,0.3264,0
1/28/20 6:44,136.166666666667,136.125,0,0,4662.7,20.35,0,0,1.1,0,1828,0,0,93.1,21.6,0,0,1.90238,-2.274232,200,0,3744.6,21.855564,0.3264,0
1/28/20 6:49,136.25,136.208333333333,0,0,4662.7,20.35,0,0,1.1,0,1828,0,0,93.1,21.6,0,0,1.8854552,-2.301128,200,0,3744.6,21.376368,0.3264,0
1/28/20 6:54,136.333333333333,136.291666666667,0,0,4662.7,20.35,0,0,1.1,0,1828,0,0,93.1,21.6,0,0,1.8702336,-2.321376,200,0,3744.6,20.973216,0.3264,0
1/28/20 6:59,136.416666666667,136.375,0,0,4662.7,20.35,0,0,1.1,0,1828,0,0,93.1,21.6,0,0,1.866044,-2.297368,200,0,3744.6,21.409584,0.3264,0
1/28/20 7:04,136.5,136.458333333333,0,0,4662.7,20.35,0,0,1.1,0,1828,0,0,93.1,21.6,0,0,1.8531352,-2.28856,200,0,3744.6,21.576408,0.3264,0
1/28/20 7:09,136.583333333333,136.541666666667,0,0,4662.7,20.35,0,0,1.1,0,1828,0,0,93.1,21.6,0,0,1.838528,-2.291472,200,0,3744.6,21.571008,0.3264,0
1/28/20 7:14,136.666666666667,136.625,0,0,4662.7,20.35,0,0,1.1,0,1828,0,0,93.1,21.6,0,0,1.830364,-2.275832,200,0,3744.6,21.838188,0.3264,0
1/28/20 7:19,136.75,136.708333333333,0,0,4662.7,20.35,0,0,1.1,0,1828,0,0,93.1,21.6,0,0,1.8185336,-2.274264,200,0,3744.6,21.855228,0.3264,0
1/28/20 7:24,136.833333333333,136.791666666667,0,0,4662.7,20.35,0,0,1.1,0,1828,0,0,93.1,21.6,0,0,1.8051168,-2.279968,200,0,3744.6,21.757248,0.3264,0
1/28/20 7:29,136.916666666667,136.875,0,0,4662.7,20.35,0,0,1.1,0,1828,0,0,93.1,21.6,0,0,1.7928128,-2.275768,200,0,3744.6,21.787812,0.3264,0
1/28/20 7:34,137,136.958333333333,0,0,4662.7,20.35,0,0,1.1,0,1828,0,0,93.1,21.6,0,0,1.7823768,-2.270032,200,0,3744.6,21.943812,0.3264,0
1/28/20 7:39,137.083333333333,137.041666666667,0,0,4662.7,20.35,0,0,1.1,0,1828,0,0,93.1,21.6,0,0,1.7718032,-2.265768,200,0,3744.6,22.042752,0.3264,0
1/28/20 7:44,137.166666666667,137.125,0,0,4662.7,20.35,0,0,1.1,0,1828,0,0,93.1,21.555564,0,0,1.7609536,-2.264264,200,0,3744.6,22.012188,0.3264,0
1/28/20 7:49,137.25,137.208333333333,0,0,4662.7,20.35,0,0,1.1,0,1828,0,0,93.1,21.508032,0,0,1.7506528,-2.269968,200,0,3744.6,21.94506,0.3264,0
1/28/20 7:54,137.333333333333,137.291666666667,0,0,4662.7,20.35,0,0,1.1,0,1828,0,0,93.1,21.512208,0,0,1.7401008,-2.274232,200,0,3744.6,21.915792,0.3264,0
1/28/20 7:59,137.416666666667,137.375,0,0,4662.7,20.35,0,0,1.1,0,1828,0,0,93.1,21.495096,0,0,1.72612,-2.2842,200,0,3744.6,21.668712,0.3264,0
1/28/20 8:04,137.5,137.458333333333,0,0,4662.7,20.35,0,0,1.1,0,1828,0,0,93.1,21.539436,0,0,1.7159288,-2.289968,200,0,3744.6,21.49596,0.3264,0
1/28/20 8:09,137.583333333333,137.541666666667,0,0,4662.7,20.35,0,0,1.1,0,1828,0,0,93.1,21.599664,0,0,1.7117464,-2.29,200,0,3744.6,21.495,0.3264,0
1/28/20 8:14,137.666666666667,137.625,0,0,4662.7,20.35,0,0,1.1,0,1828,0,0,93.1,21.644436,0,0,1.7133952,-2.281536,200,0,3744.6,21.666396,0.3264,0
1/28/20 8:19,137.75,137.708333333333,0,0,4662.7,20.35,0,0,1.1,0,1828,0,0,93.1,21.704664,0,0,1.729824,-2.257368,200,0,3744.6,22.152624,0.3264,0
1/28/20 8:24,137.833333333333,137.791666666667,0,0,4662.7,20.35,0,0,1.1,0,1828,0,0,93.1,21.705,0,0,3.82495373333333,-2.244328,200,0,3744.6,22.453644,0.3264,0
1/28/20 8:29,137.916666666667,137.875,0,0,4662.7,20.35,0,0,1.1,0,1828,0,0,93.1,21.743088,0,0,5.664,-2.249968,200,0,3744.6,22.395336,0.3264,0
1/28/20 8:34,138,137.958333333333,0,0,4662.7,20.35,0,0,1.1,0,1828,0,0,93.1,21.794712,0,0,5.664,-2.24578205980066,200,0,3744.6,22.483576744186,0.3264,0
1/28/20 8:39,138.083333333333,138.041666666667,0,0,4662.7,20.35,0,0,1.1,0,1828,0,0,93.1,21.8391145833333,0,0,5.664,-2.23583321797711,200,0,3744.6,22.6862003391473,0.3264,0
1/28/20 8:44,138.166666666667,138.125,0,0,4662.7,20.35,0,0,1.1,0,1828,0,0,93.1,21.8996354166667,0,0,5.664,-2.21743055555556,200,0,3744.6,23.0072916666667,0.3264,0
1/28/20 8:49,138.25,138.208333333333,0,0,4662.7,20.35,0,0,1.1,0,1828,0,0,93.1,21.9,0,0,5.664,-2.19170138888889,200,0,3744.6,23.4193229166667,0.7683776,0
1/28/20 8:54,138.333333333333,138.291666666667,0,0,4662.7,20.35,0,0,1.1,0,1828,0,0,93.1,21.9441145833333,0,0,5.664,-2.18006944444444,200,0,3744.6,23.5939583333333,0.932283506382979,0
1/28/20 8:59,138.416666666667,138.375,0,0,4662.7,20.35,0,0,1.1,0,1828,0,0,93.1,22.0046354166667,0,0,5.664,-2.18,200,0,3744.6,23.6391145833333,0.676416226950355,0
1/28/20 9:04,138.5,138.458333333333,0,0,4662.7,20.35,0,0,1.1,0,1828,0,0,93.1,22.0428125,0,0,7.0118946184739,-2.18420138888889,163,0,3744.6,23.6177083333333,0.207825066666667,0
1/28/20 9:09,138.583333333333,138.541666666667,0,0,4662.7,20.35,0,0,1.1,0,1828,0,0,93.1,22.0946875,0,0,10.0128870481928,-2.18996527777778,0,0,3744.6,23.5434895833333,-12.9638570666667,0
1/28/20 9:14,138.666666666667,138.625,0,0,4662.7,20.35,0,0,1.1,0,1828,0,0,93.1,22.1391145833333,0,0,10.013,-2.19,0,0,3744.6,23.556875,-12.9792,0
1/28/20 9:19,138.75,138.708333333333,0,0,4662.7,20.35,0,0,1.1,0,1828,0,0,93.1,22.1996354166667,0,0,10.013,-2.19,0,0,3744.6,23.4611979166667,-12.9792,0
1/28/20 9:24,138.833333333333,138.791666666667,0,0,4662.7,20.35,0,0,1.1,0,1828,0,0,93.1,22.2,0,0,10.013,-2.18159722222222,0,0,3744.6,23.5705208333333,-9.90234666666667,0
1/28/20 9:29,138.916666666667,138.875,0,0,4662.7,20.35,0,0,1.1,0,1828,0,0,93.1,22.2441145833333,0,0,10.013,-2.18267361111111,0,0,3744.6,23.5515104166667,-4.2616416,0
1/28/20 9:34,139,138.958333333333,0,0,4662.7,20.35,0,0,1.1,0,1828,0,0,93.1,22.3046354166667,0,0,10.0043670091324,-2.19569444444444,0,0,3744.6,23.2890104166667,-2.67792106666667,0
1/28/20 9:39,139.083333333333,139.041666666667,0,0,4662.7,20.35,0,0,1.1,0,1828,0,0,93.1,22.3428125,0,0,7.28936091879551,-2.19423611111111,0,0,3744.6,23.3552083333333,-2.14541859259259,0
1/28/20 9:44,139.166666666667,139.125,0,0,4662.7,20.35,0,0,1.1,0,1828,0,0,93.1,22.3946875,0,0,6.95929082207207,-2.19576388888889,0,0,3744.6,23.38359375,-2.42713518518519,0
1/28/20 9:49,139.25,139.208333333333,0,0,4662.7,20.35,0,0,1.1,0,1828,0,0,93.1,22.395,0,0,6.92097222222222,-2.18163194444444,0,0,3744.6,23.668125,-2.42831111111111,0
1/28/20 9:54,139.333333333333,139.291666666667,0,0,4662.7,20.35,0,0,1.1,0,1828,0,0,93.1,22.4391145833333,0,0,6.89653819444444,-2.17427083333333,0,0,3744.6,23.81171875,-2.00277422222222,0
1/28/20 9:59,139.416666666667,139.375,0,0,4662.7,20.35,0,0,1.1,0,1828,0,0,93.1,22.4996354166667,0,0,6.88186111111111,-2.17576388888889,0,0,3744.6,23.7826041666667,-2.29632888888889,0
1/28/20 10:04,139.5,139.458333333333,0,0,4662.7,20.35,0,0,1.1,0,1828,0,0,93.1,22.5441145833333,0,0,6.87267361111111,-2.16583333333333,0,0,3744.6,23.9825520833333,-2.4192,0
1/28/20 10:09,139.583333333333,139.541666666667,0,0,4662.7,20.35,0,0,1.1,0,1828,0,0,93.1,22.6046354166667,0,0,6.86760763888889,-2.16423611111111,0,0,3744.6,24.0160416666667,-2.38139272727273,0
1/28/20 10:14,139.666666666667,139.625,0,0,4662.7,20.35,0,0,1.1,0,1828,0,0,93.1,22.605,0,0,6.86532291666667,-2.1615625,0,0,3744.6,24.0217708333333,-2.21214810943443,0
1/28/20 10:19,139.75,139.708333333333,0,0,4662.7,20.35,0,0,1.1,0,1828,0,0,355.95075,22.5608854166667,0,0,6.86175347222222,-2.15847222222222,0,0,3744.6,24.0679166666667,-2.1081853223453,0
1/28/20 10:24,139.833333333333,139.791666666667,0,0,4662.7,20.35,0,0,1.1,0,1828,0,0,635.9125,22.45625,0,0,6.85917013888889,-2.17413194444444,0,0,3744.6,23.8141145833333,-1.02413322446009,0
1/28/20 10:29,139.916666666667,139.875,0,0,4662.7,20.35,0,0,1.1,0,1828,0,0,639.267708333333,20.928275297619,0.433039385964912,0,6.85422569444445,-2.18416666666667,283.5,0,3744.6,23.5746354166667,0.167477579590976,0
1/28/20 10:34,140,139.958333333333,0,0,4662.7,20.35,0,0,1.1,0,1828,0,0,639.316319444445,18.0028592857143,0.488306377923977,0,6.85155208333333,-2.45045138888889,300,0,3744.6,18.8338163069544,0.610598692810458,0
1/28/20 10:39,140.083333333333,140.041666666667,0,0,4662.7,20.35,0,0,1.1,0,1828,0,0,638.592013888889,33.6860908333333,0.487371527777778,0,6.86128125,-2.56836805555556,300,0,3744.6,17.2433353597122,0.582577777777778,0
1/28/20 10:44,140.166666666667,140.125,0,0,4662.7,20.35,0,0,1.1,0,1828,0,0,640.086805555556,47.2987491666667,0.486505208333333,0,6.86154513888889,-2.05291666666667,300,0,3744.6,27.0530656756757,0.5824,0
1/28/20 10:49,140.25,140.208333333333,0,0,4662.7,20.35,0,0,1.1,0,1828,0,0,639.027083333333,58.6521467567568,0.4865,0,6.82696180555556,-1.66131944444444,300,0,3744.6,38.040190787739,0.665578666666667,0
1/28/20 10:54,140.333333333333,140.291666666667,0,0,4662.7,20.35,0,0,1.1,0,1828,0,0,636.718055555556,67.7021742432432,0.487130208333333,0,6.76452083333333,-1.39704861111111,300,0,3744.6,48.780785203252,0.579711111111111,0
1/28/20 10:59,140.416666666667,140.375,0,0,4662.7,20.35,0,0,1.1,0,1828,0,0,635.126041666667,68.2344023333333,0.486104166666667,0,6.696625,-1.24288194444444,300,0,3744.6,57.8576224712644,0.5814,0
1/28/20 11:04,140.5,140.458333333333,0,0,4662.7,20.35,0,0,1.1,0,1828,0,0,634.392013888889,60.5511153439153,0.484145833333333,0,6.65364930555556,-1.1903125,300,0,3744.6,60.0119216954023,0.588755555555556,0
1/28/20 11:09,140.583333333333,140.541666666667,0,0,4662.7,20.35,0,0,1.1,0,1828,0,0,635.004513888889,61.229574239418,0.485625,0,6.63718055555556,-1.19,300,0,3744.6,59.8957291666667,0.5888,0
1/28/20 11:14,140.666666666667,140.625,0,0,4662.7,20.35,0,0,1.1,0,1828,0,0,634.498958333333,60.6479166666667,0.487125,0,6.62694791666667,-1.19,300,0,3744.6,59.9391145833333,0.5888,0
1/28/20 11:19,140.75,140.708333333333,0,0,4662.7,20.35,0,0,1.1,0,1828,0,0,635.191666666667,60.6605208333333,0.486524305555556,0,6.62317708333333,-1.19,300,0,3744.6,60.0311458333333,0.5888,0
1/28/20 11:24,140.833333333333,140.791666666667,0,0,4662.7,20.35,0,0,1.1,0,1828,0,0,635.891666666667,60.55625,0.484932291666667,0,6.62326736111111,-1.19,300,0,3744.6,60.0432291666667,0.5888,0
1/28/20 11:29,140.916666666667,140.875,0,0,4662.7,20.35,0,0,1.1,0,1828,0,0,636.591666666667,60.3693229166667,0.486126736111111,0,6.62582986111111,-1.19,300,0,3744.6,60.044375,0.5888,0
1/28/20 11:34,141,140.958333333333,0,0,4662.7,20.35,2.18E-02,0,1.1,0,1828,0,0,636.703472222222,60.24015625,0.486574652777778,0,6.62783333333333,-1.19,300,0,3744.6,60.1046354166667,0.5888,0
1/28/20 11:39,141.083333333333,141.041666666667,0,0,4662.7,20.35,7.02E-05,0,1.1,0,1828,0,0,636.596527777778,60.34375,0.484953125,0,6.62941319444444,-1.19,300,0,3744.6,60.0608854166667,0.5888,0
1/28/20 11:44,141.166666666667,141.125,0,0,4662.7,20.35,0,0,1.1,0,1828,0,0,636.409375,60.31640625,0.484348958333333,0,6.63125694444444,-1.19,300,0,3744.6,60.0003645833333,0.5888,0
1/28/20 11:49,141.25,141.208333333333,0,0,4662.7,20.35,0,0,1.1,0,1828,0,0,635.310763888889,60.2713541666667,0.486333333333333,0,6.63340972222222,-1.19,300,0,3744.6,60,0.5888,0
1/28/20 11:54,141.333333333333,141.291666666667,0,0,4662.7,20.35,0,0,1.1,0,1828,0,0,634.608333333333,60.2609375,0.4858125,0,6.63441666666667,-1.19,300,0,3744.6,60,0.5888,0
1/28/20 11:59,141.416666666667,141.375,0,0,4662.7,20.35,0,0,1.1,0,1828,0,0,634.202430555556,60.1878645833333,0.484774305555556,0,6.63583680555556,-1.19,300,0,3744.6,60,0.5888,0
1/28/20 12:04,141.5,141.458333333333,0,0,4662.7,20.35,0,0,1.1,0,1828,0,0,633.905902777778,60.2552083333333,0.217104861111111,0,6.63741319444444,-1.19,300,0,3744.6,60,0.5888,0
1/28/20 12:09,141.583333333333,141.541666666667,0,0,4662.7,20.35,0,0,1.1,0.8075,1828.04201388889,0,0,634.090625,59.94328125,8.27E-02,0,7.37554990406644,-1.19,300,0,3744.6,60,0.591488888888889,0
1/28/20 12:14,141.666666666667,141.625,0,0,4662.7,20.35,0,0,1.1,1.5,1828.09965277778,0,0,635.189236111111,60.0634375,0.908505911281179,0,7.89064440148912,-1.19,300,0,3744.6,59.9558854166667,0.600555555555556,0
1/28/20 12:19,141.75,141.708333333333,0,0,4662.7,20.35,0,0,1.1,1.5,1828.14201388889,0,0,635.891666666667,60.486875,0.986536033163265,0,7.91033333333333,-1.19,300,0,3744.6,59.8953645833333,0.607955555555555,0
1/28/20 12:24,141.833333333333,141.791666666667,0,0,4662.7,20.35,0,0,1.1,1.5,1828.24166666667,0,0,636.297569444445,60.285,0.988277777777778,0,7.92529166666667,-1.19,300,0,3744.6,59.9391145833333,0.605311111111111,0
1/28/20 12:29,141.916666666667,141.875,0,0,4662.7,20.35,0,0,1.1,1.5,1828.29965277778,0,0,636.594097222222,60.24671875,0.665621458333333,0,7.89930208333333,-1.19,300,0,3744.6,60.04375,0.601622222222222,0
1/28/20 12:34,142,141.958333333333,0,0,4662.7,20.35,0,0,0.637847222222222,1.5,1828.34201388889,0,0,636.997569444444,59.8485416666667,8.34E-02,0,7.77761927681992,-1.19,300,0,3744.6,60.1046354166667,0.348844444444445,0
1/28/20 12:39,142.083333333333,142.041666666667,0,0,4662.7,20.35,0,0,3.82E-03,1.5,1828.39965277778,0,0,636.705902777778,59.640625,8.34E-02,0,7.61826233370017,-1.19,300,0,3744.6,60.105,2.09E-03,0
1/28/20 12:44,142.166666666667,142.125,0,0,4662.7,20.35,0,0,0,1.5,1828.44201388889,0,0,636.008333333333,59.8256770833333,8.16E-02,0,7.51131227836879,-1.19,300,0,3744.6,60.0608854166667,0,0
1/28/20 12:49,142.25,142.208333333333,0,0,4662.7,20.35,0,0,0,1.5,1828.54166666667,0,0,635.308333333333,59.95484375,0.08278125,0,7.44369444444444,-1.19,300,0,3744.6,60.0003645833333,0,0
1/28/20 12:54,142.333333333333,142.291666666667,0,0,4662.7,20.35,0,0,0,1.5,1828.59965277778,0,0,634.902430555556,59.9394791666667,8.23E-02,0,7.40298611111111,-1.19,300,0,3744.6,60.0441145833333,0,0
1/28/20 12:59,142.416666666667,142.375,0,0,4662.7,20.35,0,0,0,1.5,1828.64201388889,0,0,634.605902777778,59.9555208333333,0.082421875,0,7.37853819444444,-1.19,300,0,3744.6,60.0605208333333,2.69E-03,0
1/28/20 13:04,142.5,142.458333333333,0,0,4662.7,20.35,0,0,0,1.5,1828.69965277778,0,0,634.202430555556,59.8953645833333,8.30E-02,0,7.36386111111111,-1.19,300,0,3744.6,60.0444791666667,6.38E-03,0
1/28/20 13:09,142.583333333333,142.541666666667,0,0,4662.7,20.35,0,0,0,1.5,1828.74187430786,0,0,634.493120155039,59.895,8.32E-02,0,7.35510352067183,-1.19,300,0,3744.6,60.0606673934109,0.0064,0
1/28/20 13:14,142.666666666667,142.625,0,0,4662.7,20.35,0,0,0,1.5,1828.84133458103,0,0,634.897379844961,59.857462,8.16E-02,0,7.34935784599483,-1.19,300,0,3744.6,60.0003930232558,0.0064,0
1/28/20 13:19,142.75,142.708333333333,0,0,4662.7,20.35,0,0,0,1.5,1828.89962444444,0,0,635.191962222222,59.805338,8.01E-02,0,7.34576375555556,-1.19,300,0,3744.6,60,0.0064,0
1/28/20 13:24,142.833333333333,142.791666666667,0,0,4662.7,20.35,0,0,0,1.5,1828.94170888889,0,0,636.181295555555,59.842538,8.21E-02,0,7.34442835555555,-1.19,300,0,3744.6,60,0.0064,0
1/28/20 13:29,142.916666666667,142.875,0,0,4662.7,20.35,0,0,0,1.5,1828.99962444444,0,0,636.994742222222,59.857124,8.32E-02,0,7.34457915555555,-1.19,300,0,3744.6,60,0.0064,0
1/28/20 13:34,143,142.958333333333,0,0,4662.7,20.35,0,0,0,1.5,1829.04170888889,0,0,637.291962222222,59.805338,8.29E-02,0,7.34400375555555,-1.19,300,0,3744.6,60,0.0064,0
1/28/20 13:39,143.083333333333,143.041666666667,0,0,4662.7,20.35,0,0,0,1.5,1829.14133333333,0,0,636.821484444444,59.805,8.10E-02,0,7.34525126666667,-1.19,300,0,3744.6,60,3.73E-03,0
1/28/20 13:44,143.166666666667,143.125,0,0,4662.7,20.35,0,0,0,1.5,1829.19962444444,0,0,635.315924444444,59.805,8.06E-02,0,7.34698873333333,-1.19,300,0,3744.6,60,2.69E-03,0
1/28/20 13:49,143.25,143.208333333333,0,0,4662.7,20.35,0,0,0,1.5,1829.24170888889,0,0,634.902628888889,59.805,8.26E-02,0,7.34741708888889,-1.19,300,0,3744.6,60,6.38E-03,0
1/28/20 13:54,143.333333333333,143.291666666667,0,0,4662.7,20.35,0,0,0,1.5,1829.34133333333,0,0,634.608037777778,59.7612056666667,8.31E-02,0,7.34799624444444,-1.19,300,0,3744.6,60,0.0064,0
1/28/20 13:59,143.416666666667,143.375,0,0,4662.7,20.35,0,0,0,1.5,1829.39962444444,0,0,633.910666666667,59.7191633333333,8.19E-02,0,7.34841708888889,-1.19,300,0,3744.6,60,0.0064,0
1/28/20 14:04,143.5,143.458333333333,0,0,4662.7,20.35,0,0,0,1.5,1829.44170888889,0,0,633.502628888889,59.6822676666667,8.06E-02,0,7.34983042222222,-1.19,300,0,3744.6,60,0.0064,0
1/28/20 14:09,143.583333333333,143.541666666667,0,0,4662.7,20.35,0,0,0,1.5,1829.49962444444,0,0,634.083924444444,59.683152,8.04E-02,0,7.35099248888889,-1.19,300,0,3744.6,60,0.0064,0
1/28/20 14:14,143.666666666667,143.625,0,0,4662.7,20.35,0,0,0,1.5,1829.54170888889,0,0,634.894742222222,59.6790846666667,8.10E-02,0,7.35183417777778,-1.19,300,0,3744.6,60.0437943333333,0.0064,0
1/28/20 14:19,143.75,143.708333333333,0,0,4662.7,20.35,0,0,0,1.5,1829.64133333333,0,0,635.483924444444,60.0879656666667,7.97E-02,0,7.33213804444444,-1.19,300,0,3744.6,59.979479,2.51E-02,0
1/28/20 14:24,143.833333333333,143.791666666667,0,0,4662.7,20.35,0,0,0,1.5,1829.69962444444,0,0,636.00278,59.982811,7.99E-02,0,7.30735866666667,-1.19,300,0,3744.6,59.9312533333333,5.10E-02,0
1/28/20 14:29,143.916666666667,143.875,0,0,4662.7,20.35,0,0,0,1.5,1829.74170888889,0,0,635.894591111111,59.3972976666667,8.29E-02,0,7.31504788888889,-1.19,300,0,3744.6,60.060079,0.0512,0
1/28/20 14:34,144,143.958333333333,0,0,4662.7,20.35,0,0,0,1.5,1829.79962444444,0,0,636.589333333333,59.8023523333333,8.25E-02,0,7.31964957777778,-1.19,300,0,3744.6,60.0003943333333,0.0512,0
1/28/20 14:39,144.083333333333,144.041666666667,0,0,4662.7,20.35,0,0,0,1.5,1829.84170888889,0,0,636.413446666667,59.6798733333333,8.23E-02,0,7.32240206666667,-1.19,300,0,3744.6,60,0.0512,0
1/28/20 14:44,144.166666666667,144.125,0,0,4662.7,20.35,0,0,0,1.5,1829.94133333333,0,0,635.313295555555,59.587459,0.0833631,0,7.32383042222222,-1.19,300,0,3744.6,60,0.0512,0
1/28/20 14:49,144.25,144.208333333333,0,0,4662.7,20.35,0,0,0,1.5,1829.99962444444,0,0,634.902628888889,59.6992676666667,8.23E-02,0,7.32499248888889,-1.19,300,0,3744.6,60,0.0512,0
1/28/20 14:54,144.333333333333,144.291666666667,0,0,4662.7,20.35,0,0,0,1.5,1830.04170888889,0,0,634.608037777778,59.6562056666667,0.0811677,0,7.32583417777778,-1.19,300,0,3744.6,60,0.0512,0
1/28/20 14:59,144.416666666667,144.375,0,0,4662.7,20.35,0,0,0,1.5,1830.09962444444,0,0,634.202628888889,59.6391886666667,8.02E-02,0,7.32699248888889,-1.19,300,0,3744.6,60,0.0512,0
1/28/20 15:04,144.5,144.458333333333,0,0,4662.7,20.35,0,0,0,1.5,1830.14170888889,0,0,634.2,59.574479,8.03E-02,0,7.327,-1.19,300,0,3744.6,60.0437943333333,0.0512,0
1/28/20 15:09,144.583333333333,144.541666666667,0,0,4662.7,20.35,0,0,0,1.5,1830.24133333333,0,0,634.491962222222,59.482459,8.02E-02,0,7.32741708888889,-1.19,300,0,3744.6,60.0608113333333,0.0512,0
1/28/20 15:14,144.666666666667,144.625,0,0,4662.7,20.35,0,0,0,1.5,1830.29962444444,0,0,635.189333333333,59.5942676666667,0.0813323,0,7.32841333333333,-1.19,300,0,3744.6,60.0003943333333,0.0512,0
1/28/20 15:19,144.75,144.708333333333,0,0,4662.7,20.35,0,0,0,1.5,1830.34170888889,0,0,635.889333333333,59.595,8.10E-02,0,7.32941333333333,-1.19,300,0,3744.6,60,0.0512,0
1/28/20 15:24,144.833333333333,144.791666666667,0,0,4662.7,20.35,0,0,0,1.5,1830.44133333333,0,0,636.589333333333,59.6387943333333,8.03E-02,0,7.33041333333333,-1.19,300,0,3744.6,60,0.0512,0
1/28/20 15:29,144.916666666667,144.875,0,0,4662.7,20.35,0,0,0,1.5,1830.49962444444,0,0,636.997371111111,59.6558113333333,8.20E-02,0,7.33057915555555,-1.19,300,0,3744.6,60,0.0512,0
1/28/20 15:34,145,144.958333333333,0,0,4662.7,20.35,0,0,0,1.5,1830.54170888889,0,0,636.708037777778,59.6391886666667,8.05E-02,0,7.33083793333333,-1.19,300,0,3744.6,60,0.0512,0
1/28/20 15:39,145.083333333333,145.041666666667,0,0,4662.78341777778,20.35,0,0,0,1.5,1830.59962444444,0,0,636.010666666667,59.6558113333333,8.08E-02,0,7.33240957777778,-1.19,300,0,3744.6,60,0.0512,0
1/28/20 15:44,145.166666666667,145.125,0,0,4663.02437555556,20.35,0,0,0,1.70854444444444,1830.64170888889,0,0,635.310666666667,59.6204196666667,8.34E-02,0,7.33383042222222,-1.19,300,0,3744.6,60,0.0512,0
1/28/20 15:49,145.25,145.208333333333,0,0,4663.324,20.35,0,0,0,1.99812222222222,1830.74133333333,0,0,634.902628888889,59.6297493333333,8.25E-02,0,7.33332413333333,-1.19,300,0,3744.6,60,0.0512,0
1/28/20 15:54,145.333333333333,145.291666666667,0,0,4663.624,20.35,0,0,0,2,1830.84133333333,0,0,634.608037777778,59.5952253333333,8.27E-02,0,7.32976375555556,-1.19,300,0,3744.6,60,0.0512,0
1/28/20 15:59,145.416666666667,145.375,0,0,4663.924,20.35,0,0,0,2,1830.89962444444,0,0,634.202628888889,59.595,8.22E-02,0,7.32717708888889,-1.19,300,0,3744.6,60,5.39E-02,0
1/28/20 16:04,145.5,145.458333333333,0,0,4664.224,20.35,0,0,0,2,1830.94170888889,0,0,634.491962222222,59.595,8.18E-02,0,7.32517333333333,-1.19,300,0,3744.6,60,5.76E-02,0
1/28/20 16:09,145.583333333333,145.541666666667,0,0,4664.524,20.35,0,0,0,2,1831.04133333333,0,0,635.481295555556,59.595,8.13E-02,0,7.3244246,-1.19,300,0,3744.6,60,0.0576,0
1/28/20 16:14,145.666666666667,145.625,0,0,4664.824,20.35,0,0,0,2,1831.14133333333,0,0,636.586704444445,59.6262816666667,8.07E-02,0,7.32457915555556,-1.19,300,0,3744.6,60,5.49E-02,0
1/28/20 16:19,145.75,145.708333333333,0,0,4665.124,20.35,0,0,0,2,1831.24133333333,0,0,636.705408888889,59.6384366666667,8.30E-02,0,7.32358666666667,-1.19,300,0,3744.6,60,5.12E-02,0
1/28/20 16:24,145.833333333333,145.791666666667,0,0,4665.424,20.35,0,0,0,2,1831.29962444444,0,0,636.886553333333,59.5952816666667,8.22E-02,0,7.32300375555556,-1.19,300,0,3744.6,60,0.0512,0
1/28/20 16:29,145.916666666667,145.875,0,0,4665.724,20.35,0,0,0,2,1831.34170888889,0,0,637.40278,59.595,8.04E-02,0,7.32383417777778,-1.19,300,0,3744.6,60,0.0512,0
1/28/20 16:34,146,145.958333333333,0,0,4666.024,20.35,0,0,0,2,1831.44133333333,0,0,636.710666666667,59.595,8.14E-02,0,7.3245754,-1.19,300,0,3744.6,60,5.39E-02,0
1/28/20 16:39,146.083333333333,146.041666666667,0,0,4666.324,20.35,0,0,0,2,1831.54133333333,0,0,636.010666666667,59.6387943333333,8.38E-02,0,7.32400375555556,-1.19,300,0,3744.6,60,5.76E-02,0
1/28/20 16:44,146.166666666667,146.125,0,0,4666.624,20.35,0,0,0,2,1831.64133333333,0,0,635.310666666667,59.6996056666667,8.29E-02,0,7.32441708888889,-1.19,300,0,3744.6,60,0.0576,0
1/28/20 16:49,146.25,146.208333333333,0,0,4666.924,20.35,0,0,0,2,1831.74133333333,0,0,634.902628888889,59.6562056666667,8.30E-02,0,7.32499624444444,-1.19,300,0,3744.6,60,0.0576,0
1/28/20 16:54,146.333333333333,146.291666666667,0,0,4667.224,20.35,0,0,0,2,1831.79962444444,0,0,634.608037777778,59.5953943333333,8.34E-02,0,7.32458291111111,-1.19,300,0,3744.6,60,0.0576,0
1/28/20 16:59,146.416666666667,146.375,0,0,4667.524,20.35,0,0,0,2,1831.84170888889,0,0,634.494591111111,59.595,8.20E-02,0,7.32400375555556,-1.19,300,0,3744.6,60,0.0576,0
1/28/20 17:04,146.5,146.458333333333,0,0,4667.824,20.35,0,0,0,2,1831.94133333333,0,0,635.189333333333,59.595,8.26E-02,0,7.32441708888889,-1.19,300,0,3744.6,60,0.0576,0
1/28/20 17:09,146.583333333333,146.541666666667,0,0,4668.124,20.35,0,0,0,2,1832.04133333333,0,0,635.889333333333,59.6387943333333,8.37E-02,0,7.32457915555556,-1.19,300,0,3744.6,60,0.0576,0
1/28/20 17:14,146.666666666667,146.625,0,0,4668.424,20.35,0,0,0,2,1832.14133333333,0,0,636.589333333333,59.6558113333333,8.44E-02,0,7.32442084444444,-1.19,300,0,3744.6,60,0.0576,0
1/28/20 17:19,146.75,146.708333333333,0,0,4668.724,20.35,0,0,0,2,1832.19962444444,0,0,637.289333333334,59.6391886666667,8.33E-02,0,7.32499624444444,-1.19,300,0,3744.6,60,0.0576,0
1/28/20 17:24,146.833333333333,146.791666666667,0,0,4669.024,20.35,0,0,0,2,1832.24170888889,0,0,637.405408888889,59.6996056666667,8.16E-02,0,7.32458291111111,-1.19,300,0,3744.6,60,0.0576,0
1/28/20 17:29,146.916666666667,146.875,0,0,4669.324,20.35,0,0,0,2,1832.34133333333,0,0,636.710666666667,59.7,8.27E-02,0,7.32400375555556,-1.19,300,0,3744.6,60,0.0576,0
1/28/20 17:34,147,146.958333333333,0,0,4669.624,20.35,0,0,0,2,1832.44133333333,0,0,636.010666666667,59.6562056666667,8.34E-02,0,7.324,-1.19,300,0,3744.6,60,0.0576,0
1/28/20 17:39,147.083333333333,147.041666666667,0,0,4669.924,20.35,0,0,0,2,1832.54133333333,0,0,635.602628888889,59.6391886666667,0.0837877,0,7.324,-1.19,300,0,3744.6,60,0.0576,0
1/28/20 17:44,147.166666666667,147.125,0,0,4670.224,20.35,0,0,0,2,1832.59962444444,0,0,635.308037777778,59.6558113333333,8.35E-02,0,7.324,-1.19,300,0,3744.6,60,0.0576,0
1/28/20 17:49,147.25,147.208333333333,0,0,4670.524,20.35,0,0,0,2,1832.64170888889,0,0,634.610666666667,59.607907,8.25E-02,0,7.32358291111111,-1.19,300,0,3744.6,60,0.0576,0
1/28/20 17:54,147.333333333333,147.291666666667,0,0,4670.824,20.35,0,0,0,2,1832.74133333333,0,0,634.494591111111,59.656169,8.18E-02,0,7.32258666666667,-1.19,300,0,3744.6,60,0.0576,0
1/28/20 17:59,147.416666666667,147.375,0,0,4671.124,20.35,0,0,0,2,1832.84133333333,0,0,635.189333333333,59.655924,8.32E-02,0,7.32158666666667,-1.19,300,0,3744.6,60,0.0576,0
1/28/20 18:04,147.5,147.458333333333,0,0,4671.424,20.35,0,0,0,2,1832.94133333333,0,0,635.889333333333,59.6391886666667,8.31E-02,0,7.32100375555556,-1.19,300,0,3744.6,60,0.0576,0
1/28/20 18:09,147.583333333333,147.541666666667,0,0,4671.724,20.35,0,0,0,2,1833.04133333333,0,0,636.589333333333,59.6558113333333,8.25E-02,0,7.321,-1.19,300,0,3744.6,60,0.0576,0
1/28/20 18:14,147.666666666667,147.625,0,0,4672.024,20.35,0,0,0,2,1833.09962444444,0,0,637.289333333334,59.6391886666667,8.29E-02,0,7.32058291111111,-1.19,300,0,3744.6,60,0.0576,0
1/28/20 18:19,147.75,147.708333333333,0,0,4672.324,20.35,0,0,0,2,1833.14170888889,0,0,637.697371111111,59.6996056666667,8.29E-02,0,7.32000375555555,-1.19,300,0,3744.6,60,0.0576,0
1/28/20 18:24,147.833333333333,147.791666666667,0,0,4672.624,20.35,0,0,0,2,1833.24133333333,0,0,637.116075555556,59.7,0.0832569,0,7.31958291111111,-1.19,300,0,3744.6,60,0.0576,0
1/28/20 18:29,147.916666666667,147.875,0,0,4672.924,20.35,0,0,0,2,1833.34133333333,0,0,636.013295555556,59.7,8.48E-02,0,7.31858666666667,-1.19,300,0,3744.6,60,0.0576,0
1/28/20 18:34,148,147.958333333333,0,0,4673.224,20.35,0,0,0,2,1833.44133333333,0,0,635.602628888889,59.7,8.28E-02,0,7.31716957777778,-1.19,300,0,3744.6,60,0.0576,0
1/28/20 18:39,148.083333333333,148.041666666667,0,0,4673.524,20.35,0,0,0,2,1833.49962444444,0,0,635.308037777778,59.7,8.09E-02,0,7.31600751111111,-1.19,300,0,3744.6,60,0.0576,0
1/28/20 18:44,148.166666666667,148.125,0,0,4673.824,20.35,0,0,0,2,1833.54170888889,0,0,634.902628888889,59.681231,8.11E-02,0,7.31558291111111,-1.19,300,0,3744.6,60,0.0576,0
1/28/20 18:49,148.25,148.208333333333,0,0,4674.124,20.35,0,0,0,2,1833.64133333333,0,0,634.608037777778,59.673938,8.13E-02,0,7.31458666666667,-1.19,300,0,3744.6,60,0.0576,0
1/28/20 18:54,148.333333333333,148.291666666667,0,0,4674.424,20.35,0,0,0,2,1833.74133333333,0,0,634.202628888889,59.699831,8.23E-02,0,7.31316957777778,-1.19,300,0,3744.6,60,0.0576,0
1/28/20 18:59,148.416666666667,148.375,0,0,4674.724,20.35,0,0,0,2,1833.84133333333,0,0,634.491962222222,59.6562056666667,8.10E-02,0,7.31075624444444,-1.19,300,0,3744.6,60,0.0576,0
1/28/20 19:04,148.5,148.458333333333,0,0,4675.024,20.35,0,0,0,2,1833.89962444444,0,0,635.189333333333,59.6391886666667,8.03E-02,0,7.30942835555556,-1.19,300,0,3744.6,60,0.0576,0
1/28/20 19:09,148.583333333333,148.541666666667,0,0,4675.324,20.35,0,0,0,2,1833.94170888889,0,0,635.889333333333,59.6996056666667,8.25E-02,0,7.30957915555556,-1.19,300,0,3744.6,60,0.0576,0
1/28/20 19:14,148.666666666667,148.625,0,0,4675.624,20.35,0,0,0,2,1834.04133333333,0,0,636.589333333333,59.7,8.34E-02,0,7.30816957777778,-1.19,300,0,3744.6,60,0.0576,0
1/28/20 19:19,148.75,148.708333333333,0,0,4675.924,20.35,0,0,0,2,1834.14133333333,0,0,636.997371111111,59.7,8.21E-02,0,7.30617333333333,-1.19,300,0,3744.6,60,0.0576,0
1/28/20 19:24,148.833333333333,148.791666666667,0,0,4676.224,20.35,0,0,0,2,1834.24133333333,0,0,636.416075555556,59.7,8.28E-02,0,7.30417333333333,-1.19,300,0,3744.6,60,0.0576,0
1/28/20 19:29,148.916666666667,148.875,0,0,4676.524,20.35,0,0,0,2,1834.34133333333,0,0,635.605257777778,59.6562056666667,8.47E-02,0,7.30217333333333,-1.19,300,0,3744.6,60,0.0576,0
1/28/20 19:34,149,148.958333333333,0,0,4676.824,20.35,0,0,0,2,1834.39962444444,0,0,635.308037777778,59.6391886666667,8.44E-02,0,7.30017333333333,-1.19,300,0,3744.6,60,0.0576,0
1/28/20 19:39,149.083333333333,149.041666666667,0,0,4677.124,20.35,0,0,0,2,1834.44170888889,0,0,634.610666666667,59.6996056666667,8.23E-02,0,7.29859042222222,-1.19,300,0,3744.6,60,0.0576,0
1/28/20 19:44,149.166666666667,149.125,0,0,4677.424,20.35,0,0,0,2,1834.54133333333,0,0,634.202628888889,59.7,8.13E-02,0,7.29716957777778,-1.19,300,0,3744.6,60,0.0576,0
1/28/20 19:49,149.25,149.208333333333,0,0,4677.724,20.35,0,0,0,2,1834.64133333333,0,0,633.616075555556,59.7,8.23E-02,0,7.29475624444444,-1.19,300,0,3744.6,60,0.0576,0
1/28/20 19:54,149.333333333333,149.291666666667,0,0,4678.024,20.35,0,0,0,2,1834.74133333333,0,0,633.681144444445,59.7,8.14E-02,0,7.29217708888889,-1.19,300,0,3744.6,60,0.0576,0
1/28/20 19:59,149.416666666667,149.375,0,0,4678.324,20.35,0,0,0,2,1834.79962444444,0,0,634.892113333333,59.7,8.07E-02,0,7.29017333333333,-1.19,300,0,3744.6,60,0.0576,0
1/28/20 20:04,149.5,149.458333333333,0,0,4678.624,20.35,0,0,0,2,1834.84170888889,0,0,635.483924444444,59.6562056666667,8.10E-02,0,7.28775624444445,-1.19,300,0,3744.6,60,0.0576,0
1/28/20 20:09,149.583333333333,149.541666666667,0,0,4678.924,20.35,0,0,0,2,1834.94133333333,0,0,636.586704444445,59.6391886666667,8.12E-02,0,7.28517708888889,-1.19,300,0,3744.6,60,0.0576,0
1/28/20 20:14,149.666666666667,149.625,0,0,4679.224,20.35,0,0,0,2,1835.04133333333,0,0,636.997371111111,59.6558113333333,0.0823323,0,7.28317333333333,-1.19,300,0,3744.6,60,0.0576,0
1/28/20 20:19,149.75,149.708333333333,0,0,4679.524,20.35,0,0,0,2,1835.14133333333,0,0,637.291962222222,59.6391886666667,8.33E-02,0,7.28033915555556,-1.19,300,0,3744.6,60,0.0576,0
1/28/20 20:24,149.833333333333,149.791666666667,0,0,4679.824,20.35,0,0,0,2,1835.19962444444,0,0,637.405408888889,59.6558113333333,8.34E-02,0,7.27634666666667,-1.19,300,0,3744.6,60,0.0576,0
1/28/20 20:29,149.916666666667,149.875,0,0,4680.124,20.35,0,0,0,2,1835.24170888889,0,0,636.418704444444,59.6391886666667,8.32E-02,0,7.27276375555556,-1.19,300,0,3744.6,60,0.0576,0
1/28/20 20:34,150,149.958333333333,0,0,4680.424,20.35,0,0,0,2,1835.34133333333,0,0,635.313295555555,59.6996056666667,8.26E-02,0,7.26892582222222,-1.19,300,0,3744.6,60,0.0576,0
1/28/20 20:39,150.083333333333,150.041666666667,0,0,4680.724,20.35,0,0,0,2,1835.44133333333,0,0,634.902628888889,59.7,8.27E-02,0,7.26476751111111,-1.19,300,0,3744.6,60,0.0576,0
1/28/20 20:44,150.166666666667,150.125,0,0,4681.024,20.35,0,0,0,2,1835.54133333333,0,0,634.608037777778,59.7,0.0819246,0,7.26134291111111,-1.19,300,0,3744.6,60,0.0576,0
1/28/20 20:49,150.25,150.208333333333,0,0,4681.324,20.35,0,0,0,2,1835.64133333333,0,0,634.494591111111,59.7,8.31E-02,0,7.25692957777778,-1.19,300,0,3744.6,60,0.0576,0
1/28/20 20:54,150.333333333333,150.291666666667,0,0,4681.624,20.35,0,0,0,2,1835.69962444444,0,0,635.189333333333,59.7,8.32E-02,0,7.25193333333333,-1.19,300,0,3744.6,60,0.0576,0
1/28/20 20:59,150.416666666667,150.375,0,0,4681.924,20.35,0,0,0,2,1835.74170888889,0,0,635.597371111111,59.7,0.0824246,0,7.24693333333333,-1.19,300,0,3744.6,60,0.0576,0
1/28/20 21:04,150.5,150.458333333333,0,0,4682.224,20.35,0,0,0,2,1835.84133333333,0,0,635.891962222222,59.7,8.20E-02,0,7.24235042222222,-1.19,300,0,3744.6,60,0.0576,0
1/28/20 21:09,150.583333333333,150.541666666667,0,0,4682.524,20.35,0,0,0,2,1835.94133333333,0,0,636.589333333333,59.7,8.13E-02,0,7.23751248888889,-1.19,300,0,3744.6,60,0.0576,0
1/28/20 21:14,150.666666666667,150.625,0,0,4682.824,20.35,0,0,0,2,1836.04133333333,0,0,636.997371111111,59.6562056666667,8.12E-02,0,7.23152,-1.19,300,0,3744.6,60,0.0576,0
1/28/20 21:19,150.75,150.708333333333,0,0,4683.124,20.35,0,0,0,2,1836.09962444444,0,0,637,59.6391886666667,7.95E-02,0,7.22593708888889,-1.19,300,0,3744.6,60,0.0576,0
1/28/20 21:24,150.833333333333,150.791666666667,0,0,4683.424,20.35,0,0,0,2,1836.14170888889,0,0,636.708037777778,59.6996056666667,8.05E-02,0,7.22009915555556,-1.19,300,0,3744.6,60,0.0576,0
1/28/20 21:29,150.916666666667,150.875,0,0,4683.724,20.35,0,0,0,2,1836.24133333333,0,0,636.010666666667,59.7,0.0824077,0,7.21310666666667,-1.19,300,0,3744.6,60,0.0576,0
1/28/20 21:34,151,150.958333333333,0,0,4684.024,20.35,0,0,0,2,1836.34133333333,0,0,635.310666666667,59.6562056666667,0.0827877,0,7.20652375555556,-1.19,300,0,3744.6,60,0.0576,0
1/28/20 21:39,151.083333333333,151.041666666667,0,0,4684.324,20.35,0,0,0,2,1836.44133333333,0,0,635.194591111111,59.5953943333333,8.33E-02,0,7.19926873333333,-1.19,300,0,3744.6,60,0.0576,0
1/28/20 21:44,151.166666666667,151.125,0,0,4684.624,20.35,0,0,0,2,1836.49962444444,0,0,635.305408888889,59.6200253333333,8.32E-02,0,7.19111417777778,-1.19,300,0,3744.6,60,0.0576,0
1/28/20 21:49,151.25,151.208333333333,0,0,4684.924,20.35,0,0,0,2,1836.54170888889,0,0,634.610666666667,59.6735436666667,8.17E-02,0,7.18327248888889,-1.19,300,0,3744.6,60,0.0576,0
1/28/20 21:54,151.333333333333,151.291666666667,0,0,4685.224,20.35,0,0,0,2,1836.64133333333,0,0,633.910666666667,59.681062,8.20E-02,0,7.17428,-1.19,300,0,3744.6,60,0.0576,0
1/28/20 21:59,151.416666666667,151.375,0,0,4685.524,20.35,0,0,0,2,1836.74133333333,0,0,634.378515555555,59.505017,8.22E-02,0,7.16486291111111,-1.19,300,0,3744.6,60.0312816666667,0.0576,0
1/28/20 22:04,151.5,151.458333333333,0,0,4685.824,20.35,0,0,0,2,1836.84133333333,0,0,635.592113333333,59.465273,8.23E-02,0,7.15611793333334,-1.19,300,0,3744.6,60.0434366666667,0.0576,0
1/28/20 22:09,151.583333333333,151.541666666667,0,0,4686.124,20.35,0,0,0,2,1836.94133333333,0,0,635.891962222222,59.698479,8.22E-02,0,7.14910666666667,-1.19,300,0,3744.6,60.0002816666667,0.0576,0
1/28/20 22:14,151.666666666667,151.625,0,0,4686.424,20.35,0,0,0,2,1836.99962444444,0,0,636.589333333333,59.6687183333333,8.27E-02,0,7.14294084444444,-1.19,300,0,3744.6,60,0.0576,0
1/28/20 22:19,151.75,151.708333333333,0,0,4686.724,20.35,0,0,0,2,1837.04170888889,0,0,637.289333333334,59.6565633333333,8.28E-02,0,7.13835042222222,-1.19,300,0,3744.6,60,0.0576,0
1/28/20 22:24,151.833333333333,151.791666666667,0,0,4687.024,20.35,0,0,0,2,1837.14133333333,0,0,637.697371111111,59.655924,8.25E-02,0,7.13434666666667,-1.19,300,0,3744.6,60,0.0576,0
1/28/20 22:29,151.916666666667,151.875,0,0,4687.324,20.35,0,0,0,2,1837.24133333333,0,0,637.7,59.5953943333333,8.23E-02,0,7.12992957777778,-1.19,300,0,3744.6,60,0.0576,0
1/28/20 22:34,152,151.958333333333,0,0,4687.624,20.35,0,0,0,2,1837.34133333333,0,0,637.116075555556,59.595,8.28E-02,0,7.12535042222222,-1.19,300,0,3744.6,60,0.0576,0
1/28/20 22:39,152.083333333333,152.041666666667,0,0,4687.924,20.35,0,0,0,2,1837.39962444444,0,0,636.013295555556,59.595,8.40E-02,0,7.12051248888889,-1.19,300,0,3744.6,60,0.0576,0
1/28/20 22:44,152.166666666667,152.125,0,0,4688.224,20.35,0,0,0,2,1837.44170888889,0,0,635.310666666667,59.595,0.084,0,7.11452,-1.19,300,0,3744.6,60,0.0576,0
1/28/20 22:49,152.25,152.208333333333,0,0,4688.524,20.35,0,0,0,2,1837.54133333333,0,0,634.610666666667,59.557462,8.38E-02,0,7.10893708888889,-1.19,300,0,3744.6,60,0.0576,0
1/28/20 22:54,152.333333333333,152.291666666667,0,0,4688.824,20.35,0,0,0,2,1837.64133333333,0,0,634.494591111111,59.542876,8.18E-02,0,7.10435042222222,-1.19,300,0,3744.6,60,0.0576,0
1/28/20 22:59,152.416666666667,152.375,0,0,4689.124,20.35,0,0,0,2,1837.74133333333,0,0,635.189333333333,59.594662,8.10E-02,0,7.09992957777778,-1.19,300,0,3744.6,60,0.0576,0
1/28/20 23:04,152.5,152.458333333333,0,0,4689.424,20.35,0,0,0,2,1837.79962444444,0,0,635.597371111111,59.595,0.0831954,0,7.09409915555556,-1.19,300,0,3744.6,60,0.0576,0
1/28/20 23:09,152.583333333333,152.541666666667,0,0,4689.724,20.35,0,0,0,2,1837.84170888889,0,0,636.183924444444,59.576231,8.33E-02,0,7.08752375555556,-1.19,300,0,3744.6,60,0.0576,0
1/28/20 23:14,152.666666666667,152.625,0,0,4690.02358429679,20.35,0,0,0,2,1837.9411947656,0,0,637.285734470284,59.5688756445183,8.28E-02,0,7.08194401727575,-1.19,300,0,3744.6,60,0.0576,0
1/28/20 23:19,152.75,152.708333333333,0,0,4690.32300403654,20.35,0,0,0,2,1838.04100134551,0,0,637.697174418605,59.5948183554817,8.27E-02,0,7.07694993272425,-1.19,300,0,3744.6,60,0.0576,0
1/28/20 23:24,152.833333333333,152.791666666667,0,0,4690.623,20.35,0,0,0,2,1838.141,0,0,637.989835,59.595,0.083826075,0,7.07153595,-1.19,300,0,3744.6,60,0.0576,0
1/28/20 23:29,152.916666666667,152.875,0,0,4690.923,20.35,0,0,0,2,1838.241,0,0,637.817495,59.595,0.084370825,0,7.06554,-1.19,300,0,3744.6,60,0.0576,0
1/28/20 23:34,153,152.958333333333,0,0,4691.223,20.35,0,0,0,2,1838.299595,0,0,636.426,59.58878925,0.08329905,0,7.05995405,-1.19,300,0,3744.6,60,0.0576,0
1/28/20 23:39,153.083333333333,153.041666666667,0,0,4691.523,20.35,0,0,0,2,1838.341405,0,0,635.315835,59.5862715,0.083002025,0,7.05453595,-1.19,300,0,3744.6,60,0.0576,0
1/28/20 23:44,153.166666666667,153.125,0,0,4691.698785,20.35,0,0,0,2,1838.441,0,0,634.902835,59.59493925,0.083,0,7.04895405,-1.19,300,0,3744.6,60,0.0576,0
1/28/20 23:49,153.25,153.208333333333,0,0,4691.7,20.35,0,0,0,2,1838.541,0,0,635.189835,59.5577355,0.082792975,0,7.0431219,-1.19,300,0,3744.6,60,0.0576,0
1/28/20 23:54,153.333333333333,153.291666666667,0,0,4691.7,20.35,0,0,0,2,1838.641,0,0,635.887,59.542629,0.08270905,0,7.03654405,-1.19,300,0,3744.6,60,0.0576,0
1/28/20 23:59,153.416666666667,153.375,0,0,4691.7,20.35,0,0,0,2,1838.699595,0,0,636.297165,59.5946355,0.08196285,0,7.03012595,-1.19,300,0,3744.6,60,0.0576,0
1/29/20 0:04,153.5,153.458333333333,0,0,4691.7,20.35,0,0,0,2,1838.741405,0,0,636.589835,59.5577355,0.0819593,0,7.02354405,-1.19,300,0,3744.6,60,0.0576,0
1/29/20 0:09,153.583333333333,153.541666666667,0,0,4691.7,20.35,0,0,0,2,1838.841,0,0,636.997165,59.542629,0.0829507,0,7.01754,-1.19,300,0,3744.6,60,0.0576,0
1/29/20 0:14,153.666666666667,153.625,0,0,4691.7,20.35,0,0,0,2,1838.941,0,0,637.289835,59.557371,0.0813031,0,7.01154,-1.19,300,0,3744.6,60,0.0576,0
1/29/20 0:19,153.75,153.708333333333,0,0,4691.7,20.35,0,0,0,2,1839.041,0,0,637.697165,59.53641825,0.081002025,0,7.00595405,-1.19,300,0,3744.6,60,0.0576,0
1/29/20 0:24,153.833333333333,153.791666666667,0,0,4691.7,20.35,0,0,0,2,1839.099595,0,0,637.7,59.585907,0.082035125,0,7.0001219,-1.19,300,0,3744.6,60,0.0576,0
1/29/20 0:29,153.916666666667,153.875,0,0,4691.7,20.35,0,0,0,2,1839.141405,0,0,637.989835,59.59493925,0.0820407,0,6.99354405,-1.19,300,0,3744.6,60,0.0576,0
1/29/20 0:34,154,153.958333333333,0,0,4691.7,20.35,0,0,0,2,1839.241,0,0,638.10733,59.595,0.079600125,0,6.98754,-1.19,300,0,3744.6,60,0.0576,0
1/29/20 0:39,154.083333333333,154.041666666667,0,0,4691.7,20.35,0,0,0,2,1839.341,0,0,637.123165,59.595,0.0802462,0,6.98112595,-1.19,300,0,3744.6,60,0.0576,0
1/29/20 0:44,154.166666666667,154.125,0,0,4691.7,20.35,0,0,0,2,1839.441,0,0,636.015835,59.595,0.082608925,0,6.97413,-1.19,300,0,3744.6,60,0.0576,0
1/29/20 0:49,154.25,154.208333333333,0,0,4691.7,20.35,0,0,0,2,1839.541,0,0,635.313,59.595,0.0816307,0,6.96754405,-1.19,300,0,3744.6,60,0.0576,0
1/29/20 0:54,154.333333333333,154.291666666667,0,0,4691.7,20.35,0,0,0,2,1839.599595,0,0,634.613,59.595,0.08005335,0,6.96154,-1.19,300,0,3744.6,60,0.0576,0
1/29/20 0:59,154.416666666667,154.375,0,0,4691.7,20.35,0,0,0,2,1839.641405,0,0,634.49267,59.595,0.0816969,0,6.95512595,-1.19,300,0,3744.6,60,0.0576,0
1/29/20 1:04,154.5,154.458333333333,0,0,4691.7,20.35,0,0,0,2,1839.741,0,0,634.897165,59.595,0.082205,0,6.94813,-1.19,300,0,3744.6,60,0.05495008,0
1/29/20 1:09,154.583333333333,154.541666666667,0,0,4691.7,20.35,0,0,0,2,1839.841,0,0,635.189835,59.595,0.081669875,0,6.9419581,-1.19,300,0,3744.6,60,0.05387584,0
1/29/20 1:14,154.666666666667,154.625,0,0,4691.7,20.35,0,0,0,2,1839.941,0,0,635.597165,59.595,0.0805081,0,6.94233265,-1.19,300,0,3744.6,60,0.05757408,0
1/29/20 1:19,154.75,154.708333333333,0,0,4691.7,20.35,0,0,0,2,1839.999595,0,0,635.6,59.5577355,0.082363225,0,6.9453114,-1.19,300,0,3744.6,60,0.05495008,0
1/29/20 1:24,154.833333333333,154.791666666667,0,0,4691.7,20.35,0,0,0,2,1840.041405,0,0,635.6,59.542629,0.084153675,0,6.9455005,-1.19,300,0,3744.6,60,0.05387584,0
1/29/20 1:29,154.916666666667,154.875,0,0,4691.7,20.35,0,0,0,2,1840.141,0,0,635.6,59.5946355,0.082801075,0,6.94690545,-1.19,300,0,3744.6,60,0.05757408,0
1/29/20 1:34,155,154.958333333333,0,0,4691.7,20.35,0,0,0,2,1840.241,0,0,635.889835,59.595,0.08270905,0,6.94484835,-1.19,300,0,3744.6,60,0.0576,0
1/29/20 1:39,155.083333333333,155.041666666667,0,0,4691.7,20.35,0,0,0,2,1840.341,0,0,636.297165,59.595,0.083205,0,6.9459919,-1.19,300,0,3744.6,60,0.05495008,0
1/29/20 1:44,155.166666666667,155.125,0,0,4691.7,20.35,0,0,0,2,1840.399595,0,0,636.3,59.6074215,0.08246285,0,6.94475785,-1.19,300,0,3744.6,60,0.05387584,0
1/29/20 1:49,155.25,155.208333333333,0,0,4691.7,20.35,0,0,0.041405,2,1840.441405,0,0,635.430495,59.612457,0.082252275,0,6.94549645,-1.19,300,0,3744.6,60,0.05757408,0
1/29/20 1:54,155.333333333333,155.291666666667,0,0,4691.7,20.35,0,0,0.099595,2,1840.541,0,0,633.91867,59.5951215,0.08315975,0,6.9464914,-1.19,300,0,3744.6,60,0.0576,0
1/29/20 1:59,155.416666666667,155.375,0,0,4691.7,20.35,0,0,0.1,2,1840.641,0,0,632.923165,59.5577355,0.0828362,0,6.94426645,-1.19,300,0,3744.6,60,0.0576,0
1/29/20 2:04,155.5,155.458333333333,0,0,4691.7,20.35,0,0,0.1,2,1840.741,0,0,631.815835,59.542629,0.0831638,0,6.94598785,-1.19,300,0,3744.6,60,0.0576,0
1/29/20 2:09,155.583333333333,155.541666666667,0,0,4691.7,20.35,0,0,0.1,2,1840.841,0,0,631.69267,59.57600325,0.0828362,0,6.9443438,-1.19,300,0,3744.6,60,0.0576,0
1/29/20 2:14,155.666666666667,155.625,0,0,4691.7,20.35,0,0,0.1,2,1840.899595,0,0,632.097165,59.53155,0.0831638,0,6.9453286,-1.19,300,0,3744.6,60,0.0576,0
1/29/20 2:19,155.75,155.708333333333,0,0,4691.7,20.35,0,0,0.1,2,1840.941405,0,0,632.389835,59.50518225,0.082629175,0,6.94706925,-1.19,300,0,3744.6,60,0.06024992,0
1/29/20 2:24,155.833333333333,155.791666666667,0,0,4691.7,20.35,0,0,0.1,2,1841.041,0,0,632.797165,59.52363225,0.08287285,0,6.94385645,-1.19,300,0,3744.6,60,0.06132416,0
1/29/20 2:29,155.916666666667,155.875,0,0,4691.7,20.35,0,0,0.1,2,1841.141,0,0,632.8,59.56845,0.08262715,0,6.94582,-1.19,300,0,3744.6,60,0.05762592,0
1/29/20 2:34,156,155.958333333333,0,0,4691.7,20.35,0,0,0.1,2,1841.241,0,0,632.8,59.59481775,0.083493925,0,6.94492165,-1.19,300,0,3744.6,60,0.0576,0
1/29/20 2:39,156.083333333333,156.041666666667,0,0,4691.7,20.35,0,0,0.1,2,1841.299595,0,0,632.8,59.595,0.082464875,0,6.9449186,-1.19,300,0,3744.6,60,0.0576,0
1/29/20 2:44,156.166666666667,156.125,0,0,4691.7,20.35,0,0,0.1,2,1841.341405,0,0,632.8,59.595,0.082252275,0,6.94648735,-1.19,300,0,3744.6,60,0.0576,0
1/29/20 2:49,156.25,156.208333333333,0,0,4691.7,20.35,0,0,0.1,2,1841.441,0,0,632.510165,59.595,0.08315975,0,6.94426645,-1.19,300,0,3744.6,60,0.0576,0
1/29/20 2:54,156.333333333333,156.291666666667,0,0,4691.7,20.35,0,0,0.1,2,1841.541,0,0,632.102835,59.595,0.082215125,0,6.94598785,-1.19,300,0,3744.6,60,0.0576,0
1/29/20 2:59,156.416666666667,156.375,0,0,4691.7,20.35,0,0,0.1,2,1841.641,0,0,631.810165,59.595,0.082912025,0,6.9451719,-1.19,300,0,3744.6,60,0.0576,0
1/29/20 3:04,156.5,156.458333333333,0,0,4691.7,20.35,0,0,0.1,2,1841.699595,0,0,630.823165,59.595,0.0830819,0,6.94607835,-1.19,300,0,3744.6,60,0.06024992,0
1/29/20 3:09,156.583333333333,156.541666666667,0,0,4691.7,20.35,0,0,0.141405,2,1841.741405,0,0,629.715835,59.595,0.082297025,0,6.9469095,-1.19,300,0,3744.6,60,0.06397408,0
1/29/20 3:14,156.666666666667,156.625,0,0,4691.7,20.35,0,0,0.199595,2,1841.841,0,0,628.723165,59.595,0.0826231,0,6.9444343,-1.19,300,0,3744.6,60,0.064,0
1/29/20 3:19,156.75,156.708333333333,0,0,4691.7,20.35,0,0,0.2,2,1841.941,0,0,628.195505,59.5577355,0.083493925,0,6.94665215,-1.19,300,0,3744.6,60,0.064,0
1/29/20 3:24,156.833333333333,156.791666666667,0,0,4691.7,20.35,0,0,0.2,2,1842.041,0,0,628.597165,59.542629,0.08225785,0,6.9464995,-1.19,300,0,3744.6,60,0.064,0
1/29/20 3:29,156.916666666667,156.875,0,0,4691.7,20.35,0,0,0.2,2,1842.141,0,0,628.6,59.5946355,0.079891075,0,6.94426645,-1.19,300,0,3744.6,60,0.064,0
1/29/20 3:34,157,156.958333333333,0,0,4691.7,20.35,0,0,0.2,2,1842.199595,0,0,628.889835,59.595,0.079834175,0,6.94681595,-1.19,300,0,3744.6,60,0.064,0
1/29/20 3:39,157.083333333333,157.041666666667,0,0,4691.7,20.35,0,0,0.2,2,1842.241405,0,0,629.297165,59.595,0.08223405,0,6.94592165,-1.19,300,0,3744.6,60,0.064,0
1/29/20 3:44,157.166666666667,157.125115013889,0,0,4691.7,20.35,0,0,0.2,2,1842.341,0,0,629.3,59.595,0.08315975,0,6.9450905,-1.19,300,0,3744.6,60,0.064,0
1/29/20 3:49,157.25,157.208494972222,0,0,4691.7,20.35,0,0,0.2,2,1842.441,0,0,629.3,59.595,0.080558925,0,6.9459095,-1.19,300,0,3744.6,60,0.064,0
1/29/20 3:54,157.333333333333,157.291667791667,0,0,4691.7,20.35,0,0,0.2,2,1842.541,0,0,629.3,59.5577355,0.08079145,0,6.9434343,-1.19,300,0,3744.6,60,0.064,0
1/29/20 3:59,157.416666666667,157.375,0,0,4691.7,20.35,0,0,0.2,2,1842.599595,0,0,629.010165,59.5053645,0.083149625,0,6.9460662,-1.19,300,0,3744.6,60,0.064,0
1/29/20 4:04,157.5,157.458333333333,0,0,4691.7,20.35,0,0,0.2,2,1842.641405,0,0,629.182505,59.505,0.082215125,0,6.9469095,-1.19,300,0,3744.6,60,0.064,0
1/29/20 4:09,157.583333333333,157.541666666667,0,0,4691.7,20.35,0,0,0.2,2,1842.741,0,0,629.124825,59.505,0.082497975,0,6.9444343,-1.19,300,0,3744.6,60,0.064,0
1/29/20 4:14,157.666666666667,157.625,0,0,4691.7,20.35,0,0,0.2,2,1842.841,0,0,627.328835,59.505,0.082292975,0,6.94541,-1.19,300,0,3744.6,60,0.064,0
1/29/20 4:19,157.75,157.708333333333,0,0,4691.7,20.35,0,0,0.2,2,1842.941,0,0,626.215835,59.505,0.082002025,0,6.94433975,-1.19,300,0,3744.6,60,0.064,0
1/29/20 4:24,157.833333333333,157.791666666667,0,0,4691.7,20.35,0,0,0.2,2,1842.999595,0,0,625.513,59.53605375,0.08158595,0,6.94491455,-1.19,300,0,3744.6,60,0.064,0
1/29/20 4:29,157.916666666667,157.875,0,0,4691.7,20.35,0,0,0.2,2,1843.041405,0,0,625.39267,59.5486425,0.08100405,0,6.9469014,-1.19,300,0,3744.6,60,0.064,0
1/29/20 4:34,158,157.958333333333,0,0,4691.7,20.35,0,0,0.241405,2,1843.141,0,0,625.797165,59.50530375,0.082035125,0,6.94402025,-1.19,300,0,3744.6,60,0.064,0
1/29/20 4:39,158.083333333333,158.041666666667,0,0,4691.7,20.35,0,0,0.299595,2,1843.241,0,0,626.089835,59.505,0.083489875,0,6.94607025,-1.19,300,0,3744.6,60,0.064,0
1/29/20 4:44,158.166666666667,158.125,0,0,4691.7,20.35,0,0,0.3,2,1843.341,0,0,626.497165,59.505,0.08308595,0,6.94566735,-1.19,300,0,3744.6,60,0.064,0
1/29/20 4:49,158.25,158.208333333333,0,0,4691.7,20.35,0,0,0.3,2,1843.441,0,0,626.5,59.5422645,0.082711075,0,6.94310265,-1.19,300,0,3744.6,60,0.064,0
1/29/20 4:54,158.333333333333,158.291666666667,0,0,4691.7,20.35,0,0,0.3,2,1843.499595,0,0,626.789835,59.58842475,0.083205,0,6.9463938,-1.19,300,0,3744.6,60,0.064,0
1/29/20 4:59,158.416666666667,158.375,0,0,4691.7,20.35,0,0,0.3,2,1843.541405,0,0,627.197165,59.549007,0.08246285,0,6.94533975,-1.19,300,0,3744.6,60,0.064,0
1/29/20 5:04,158.5,158.458333333333,0,0,4691.7,20.35,0,0,0.3,2,1843.641,0,0,627.2,59.4618285,0.0816312,0,6.94508645,-1.19,300,0,3744.6,60,0.064,0
1/29/20 5:09,158.583333333333,158.541666666667,0,0,4691.7,20.35,0,0,0.3,2,1843.741,0,0,627.2,59.4439005,0.081665825,0,6.94632355,-1.19,300,0,3744.6,60,0.064,0
1/29/20 5:14,158.666666666667,158.625,0,0,4691.7,20.35,0,0,0.3,2,1843.841,0,0,627.2,59.50457475,0.08175025,0,6.94360215,-1.19,300,0,3744.6,60,0.06664992,0
1/29/20 5:19,158.75,158.708333333333,0,0,4691.7,20.35,0,0,0.3,2,1843.899595,0,0,626.62033,59.505,0.0830738,0,6.94548835,-1.19,300,0,3744.6,60,0.07037408,0
1/29/20 5:24,158.833333333333,158.791666666667,0,0,4691.7,20.35,0,0,0.3,2,1843.941405,0,0,625.226,59.4925785,0.081882975,0,6.94690545,-1.19,300,0,3744.6,60,0.0704,0
1/29/20 5:29,158.916666666667,158.875,0,0,4691.7,20.35,0,0,0.3,2,1844.041,0,0,624.115835,59.487543,0.081420125,0,6.94402025,-1.19,300,0,3744.6,60,0.0704,0
1/29/20 5:34,159,158.958333333333,0,0,4691.7,20.35,0,0,0.3,2,1844.141,0,0,623.123165,59.46140325,0.08241,0,6.94607025,-1.19,300,0,3744.6,60,0.0704,0
1/29/20 5:39,159.083333333333,159.041666666667,0,0,4691.7,20.35,0,0,0.3,2,1844.241,0,0,622.595505,59.4439005,0.0825819,0,6.94649545,-1.19,300,0,3744.6,60,0.0704,0
1/29/20 5:44,159.166666666667,159.125,0,0,4691.7,20.35,0,0,0.3,2,1844.299595,0,0,622.997165,59.50457475,0.082211075,0,6.94426645,-1.19,300,0,3744.6,60,0.0704,0
1/29/20 5:49,159.25,159.208333333333,0,0,4691.7,20.35,0,0,0.341405,2,1844.341405,0,0,623,59.505,0.0818769,0,6.94598785,-1.19,300,0,3744.6,60,0.0704,0
1/29/20 5:54,159.333333333333,159.291666666667,0,0,4691.7,20.35,0,0,0.399595,2,1844.441,0,0,623.289835,59.505,0.082248225,0,6.94475785,-1.19,300,0,3744.6,60,0.0704,0
1/29/20 5:59,159.416666666667,159.375,0,0,4691.7,20.35,0,0,0.4,2,1844.541,0,0,623.697165,59.52363225,0.08315975,0,6.9450824,-1.19,300,0,3744.6,60,0.0704,0
1/29/20 6:04,159.5,159.458333333333,0,0,4691.7,20.35,0,0,0.4,2,1844.641,0,0,623.7,59.5311855,0.0820081,0,6.94632355,-1.19,300,0,3744.6,60,0.0704,0
1/29/20 6:09,159.583333333333,159.541666666667,0,0,4691.7,20.35,0,0,0.4,2,1844.741,0,0,623.7,59.54244675,0.0811719,0,6.94360215,-1.19,300,0,3744.6,60,0.0704,0
1/29/20 6:14,159.666666666667,159.625,0,0,4691.7,20.35,0,0,0.4,2,1844.799595,0,0,623.410165,59.5946355,0.0808362,0,6.94548835,-1.19,300,0,3744.6,60,0.0704,0
1/29/20 6:19,159.75,159.708333333333,0,0,4691.7,20.35,0,0,0.4,2,1844.841405,0,0,623.29267,59.5577355,0.082612975,0,6.9464914,-1.19,300,0,3744.6,60,0.0704,0
1/29/20 6:24,159.833333333333,159.791666666667,0,0,4691.7,20.35,0,0,0.4,2,1844.94086244186,0,0,623.697165,59.5053645,0.083493925,0,6.9434369744186,-1.19,300,0,3744.6,60,0.0704,0
1/29/20 6:29,159.916666666667,159.875,0,0,4691.7,20.35,0,0,0.4,2,1845.04066811369,0,0,623.412284444444,59.505,8.19E-02,0,6.94605077002584,-1.19,300,0,3744.6,60,0.0704,0
1/29/20 6:34,160,159.958333333333,0,0,4691.7,20.35,0,0,0.4,2,1845.14066666667,0,0,622.139902222222,59.505,8.14E-02,0,6.94651208888889,-1.19,300,0,3744.6,60.018496,0.0704,0
1/29/20 6:39,160.083333333333,160.041666666667,0,0,4691.7,20.35,0,0,0.4,2,1845.19956444444,0,0,620.621431111111,59.505,8.34E-02,0,6.9442592,-1.19,300,0,3744.6,60.026308,0.0704,0
1/29/20 6:44,160.166666666667,160.125,0,0,4691.7,20.35,0,0,0.4,2,1845.24110222222,0,0,619.627617777778,59.505,8.25E-02,0,6.94639795555556,-1.19,300,0,3744.6,60.000196,0.0704,0
1/29/20 6:49,160.25,160.208333333333,0,0,4691.7,20.35,0,0,0.4,2,1845.34066666667,0,0,619.669244444444,59.4186853333333,8.15E-02,0,6.94535155555556,-1.19,300,0,3744.6,60,7.30E-02,0
1/29/20 6:54,160.333333333333,160.291666666667,0,0,4691.7,20.35,0,0,0.4,2,1845.44066666667,0,0,620.890853333333,59.3514026666667,8.10E-02,0,6.94383946666667,-1.19,300,0,3744.6,60,7.68E-02,0
1/29/20 6:59,160.416666666667,160.375,0,0,4691.7,20.35,0,0,0.4,2,1845.54066666667,0,0,620.9,59.4170813333333,8.33E-02,0,6.94540231111111,-1.19,300,0,3744.6,60,0.0768,0
1/29/20 7:04,160.5,160.458333333333,0,0,4691.7,20.35,0,0,0.4,2,1845.59956444444,0,0,620.9,59.4001306666667,8.41E-02,0,6.94394053333333,-1.19,300,0,3744.6,60,0.0768,0
1/29/20 7:09,160.583333333333,160.541666666667,0,0,4691.7,20.35,0,0,0.441102222222222,2,1845.64110222222,0,0,621.187715555556,59.4431573333333,8.19E-02,0,6.94389893333333,-1.19,300,0,3744.6,60,0.0768,0
1/29/20 7:14,160.666666666667,160.625,0,0,4691.7,20.35,0,0,0.499564444444444,2,1845.74066666667,0,0,621.309235555556,59.5045426666667,8.18E-02,0,6.94632542222222,-1.19,300,0,3744.6,60,0.0768,0
1/29/20 7:19,160.75,160.708333333333,0,0,4691.7,20.35,0,0,0.5,2,1845.84066666667,0,0,620.903048888889,59.505,8.31E-02,0,6.94278435555555,-1.19,300,0,3744.6,60,0.0768,0
1/29/20 7:24,160.833333333333,160.791666666667,0,0,4691.7,20.35,0,0,0.5,2,1845.94066666667,0,0,620.9,59.505,8.13E-02,0,6.94389022222222,-1.19,300,0,3744.6,60,0.0768,0
1/29/20 7:29,160.916666666667,160.875,0,0,4691.7,20.35,0,0,0.5,2,1846.04066666667,0,0,620.9,59.4618426666667,8.31E-02,0,6.94714746666667,-1.19,300,0,3744.6,60,0.0768,0
1/29/20 7:34,161,160.958333333333,0,0,4691.7,20.35,0,0,0.5,2,1846.09956444444,0,0,620.9,59.4436146666667,8.34E-02,0,6.94477564444445,-1.19,300,0,3744.6,60,0.0768,0
1/29/20 7:39,161.083333333333,161.041666666667,0,0,4691.7,20.35,0,0,0.5,2,1846.14110222222,0,0,620.612284444445,59.5045426666667,8.25E-02,0,6.94506817777778,-1.19,300,0,3744.6,60,0.0768,0
1/29/20 7:44,161.166666666667,161.125,0,0,4691.7,20.35,0,0,0.5,2,1846.24066666667,0,0,619.627617777778,59.505,8.35E-02,0,6.94592311111111,-1.19,300,0,3744.6,60,0.0768,0
1/29/20 7:49,161.25,161.208333333333,0,0,4691.7,20.35,0,0,0.5,2,1846.34066666667,0,0,618.230666666667,59.4803386666667,0.082934,0,6.94219973333333,-1.19,300,0,3744.6,60,0.0768,0
1/29/20 7:54,161.333333333333,161.291666666667,0,0,4691.7,20.35,0,0,0.5,2,1846.44066666667,0,0,617.118382222222,59.4699226666667,8.08E-02,0,6.94429688888889,-1.19,300,0,3744.6,60,0.0768,0
1/29/20 7:59,161.416666666667,161.375,0,0,4691.7,20.35,0,0,0.5,2,1846.49956444444,0,0,616.703048888889,59.4615813333333,0.0821968,0,6.94567697777778,-1.19,300,0,3744.6,60,0.0768,0
1/29/20 8:04,161.5,161.458333333333,0,0,4691.7,20.35,0,0,0.5,2,1846.54110222222,0,0,616.7,59.4004573333333,8.25E-02,0,6.94226791111111,-1.19,300,0,3744.6,60,0.0768,0
1/29/20 8:09,161.583333333333,161.541666666667,0,0,4691.7,20.35,0,0,0.5,2,1846.64066666667,0,0,616.7,59.4431573333333,8.17E-02,0,6.94563102222222,-1.19,300,0,3744.6,60,0.0768,0
1/29/20 8:14,161.666666666667,161.625,0,0,4691.7,20.35,0,0,0.5,2,1846.74066666667,0,0,616.7,59.5045426666667,8.07E-02,0,6.94551644444444,-1.19,300,0,3744.6,60,0.0768,0
1/29/20 8:19,161.75,161.708333333333,0,0,4691.7,20.35,0,0,0.541102222222222,2,1846.84066666667,0,0,616.7,59.505,0.0824364,0,6.94367022222222,-1.19,300,0,3744.6,60,0.0768,0
1/29/20 8:24,161.833333333333,161.791666666667,0,0,4691.7,20.35,0,0,0.599564444444444,2,1846.89956444444,0,0,616.987715555556,59.505,0.0834572,0,6.94474951111111,-1.19,300,0,3744.6,60,0.0768,0
1/29/20 8:29,161.916666666667,161.875,0,0,4691.7,20.35,0,0,0.6,2,1846.94110222222,0,0,617.396951111111,59.505,0.0822164,0,6.94260204444444,-1.19,300,0,3744.6,60,0.0768,0
1/29/20 8:34,162,161.958333333333,0,0,4691.7,20.35,0,0,0.6,2,1847.04066666667,0,0,617.4,59.505,8.29E-02,0,6.94488151111111,-1.19,300,0,3744.6,60,0.0768,0
1/29/20 8:39,162.083333333333,162.041666666667,0,0,4691.7,20.35,0,0,0.6,2,1847.14066666667,0,0,617.112284444445,59.505,8.21E-02,0,6.9469144,-1.19,300,0,3744.6,60,0.0768,0
1/29/20 8:44,162.166666666667,162.125,0,0,4691.7,20.35,0,0,0.6,2,1847.24066666667,0,0,616.415333333333,59.4618426666667,8.15E-02,0,6.94402177777778,-1.19,300,0,3744.6,60,0.0768,0
1/29/20 8:49,162.25,162.208333333333,0,0,4691.7,20.35,0,0,0.6,2,1847.34066666667,0,0,615.427617777778,59.4004573333333,8.37E-02,0,6.94441102222222,-1.19,300,0,3744.6,60,0.0768,0
1/29/20 8:54,162.333333333333,162.291666666667,0,0,4691.7,20.35,0,0,0.6,2,1847.39956444444,0,0,614.318382222222,59.4,8.24E-02,0,6.94335155555556,-1.19,300,0,3744.6,60,7.94E-02,0
1/29/20 8:59,162.416666666667,162.375,0,0,4691.7,20.35,0,0,0.6,2,1847.44110222222,0,0,613.615333333333,59.4431573333333,8.06E-02,0,6.94307253333333,-1.19,290.066666666667,0,3744.6,60,8.32E-02,0
1/29/20 9:04,162.5,162.458333333333,0,0,4691.7,20.35,0,0,0.6,2,1847.54066666667,0,0,613.490764444444,59.4613853333333,8.15E-02,0,6.94515617777778,-1.19,299.933333333333,0,3744.6,60,0.0832,0
1/29/20 9:09,162.583333333333,162.541666666667,0,0,4691.7,20.35,0,0,0.6,2,1847.64066666667,0,0,613.896951111111,59.4004573333333,8.13E-02,0,6.94277564444444,-1.19,300,0,3744.6,60,0.0832,0
1/29/20 9:14,162.666666666667,162.625,0,0,4691.7,20.35,0,0,0.6,2,1847.74066666667,0,0,613.324568888889,59.5233066666667,0.0814132,0,6.94389022222222,-1.19,300,0,3744.6,60,0.0832,0
1/29/20 9:19,162.75,162.708333333333,0,0,4691.7,20.35,0,0,0.6,2,1847.79956444444,0,0,612.506097777778,59.5753866666667,8.26E-02,0,6.94550337777778,-1.19,300,0,3744.6,60,0.0832,0
1/29/20 9:24,162.833333333333,162.791666666667,0,0,4691.7,20.35,0,0,0.6,2,1847.84110222222,0,0,612.787715555555,59.444464,8.33E-02,0,6.94284817777778,-1.19,300,0,3744.6,60,0.0832,0
1/29/20 9:29,162.916666666667,162.875,0,0,4691.7,20.35,0,0,0.641102222222222,2,1847.94066666667,0,0,613.484666666667,59.5230386666667,8.36E-02,0,6.9460464,-1.19,300,0,3744.6,60,0.0832,0
1/29/20 9:34,163,162.958333333333,0,0,4691.7,20.35,0,0,0.699564444444444,2,1848.04066666667,0,0,613.896951111111,59.531308,8.28E-02,0,6.94569004444444,-1.19,300,0,3744.6,60,0.0832,0
1/29/20 9:39,163.083333333333,163.041666666667,0,0,4691.7,20.35,0,0,0.7,2,1848.14066666667,0,0,613.9,59.505196,8.18E-02,0,6.94267893333333,-1.19,300,0,3744.6,60,0.0832,0
1/29/20 9:44,163.166666666667,163.125,0,0,4691.7,20.35,0,0,0.7,2,1848.19956444444,0,0,613.9,59.505,8.25E-02,0,6.94498257777778,-1.19,300,0,3744.6,60,0.0832,0
1/29/20 9:49,163.25,163.208333333333,0,0,4691.7,20.35,0,0,0.7,2,1848.24110222222,0,0,613.9,59.505,0.0812164,0,6.94376693333333,-1.19,300,0,3744.6,60,0.0832,0
1/29/20 9:54,163.333333333333,163.291666666667,0,0,4691.7,20.35,0,0,0.7,2,1848.34066666667,0,0,613.612284444445,59.505,8.15E-02,0,6.94406817777778,-1.19,300,0,3744.6,60,0.0832,0
1/29/20 9:59,163.416666666667,163.375,0,0,4691.7,20.35,0,0,0.7,2,1848.44066666667,0,0,613.490764444444,59.4618426666667,8.19E-02,0,6.94492311111111,-1.19,300,0,3744.6,60,0.0832,0
1/29/20 10:04,163.5,163.458333333333,0,0,4691.7,20.35,0,0,0.7,2,1848.54066666667,0,0,613.609235555556,59.4436146666667,8.23E-02,0,6.94202177777778,-1.19,300,0,3744.6,60,0.0832,0
1/29/20 10:09,163.583333333333,163.541666666667,0,0,4691.7,20.35,0,0,0.7,2,1848.64066666667,0,0,612.339902222222,59.584692,8.26E-02,0,6.94364408888889,-1.19,286.333333333333,0,3744.6,60,0.0832,0
1/29/20 10:14,163.666666666667,163.625,0,0,4691.7,20.35,0,0,0.7,2,1848.69956444444,0,0,610.821431111111,59.372388,8.25E-02,0,6.94433848888889,-1.19,100,0,3744.6,60,0.0832,0
1/29/20 10:19,163.75,163.708333333333,0,0,4691.7,20.35,0,0,0.7,2,1848.74110222222,0,0,610.115333333333,59.1119186666667,8.20E-02,0,6.94448355555556,-1.19,100,0,3744.6,60,0.0832,0
1/29/20 10:24,163.833333333333,163.791666666667,0,0,4691.7,20.35,0,0,0.7,2,1848.84066666667,0,0,609.990764444444,59.2745373333333,8.41E-02,0,6.94468568888889,-1.19,100,0,3744.6,60.0431573333333,0.0832,0
1/29/20 10:29,163.916666666667,163.875,0,0,4691.7,20.35,0,0,0.7,2,1848.94066666667,0,0,610.396951111111,59.2246133333333,8.44E-02,0,6.94167893333333,-1.19,100,0,3744.6,60.0613853333333,0.0832,0
1/29/20 10:34,164,163.958333333333,0,0,4691.7,20.35,0,0,0.7,2,1849.04066666667,0,0,610.4,59.355536,0.08289,0,6.94357155555555,-1.19,100,0,3744.6,60.0004573333333,0.0832,0
1/29/20 10:39,164.083333333333,164.041666666667,0,0,4691.7,20.35,0,0,0.7,2,1849.09956444444,0,0,610.687715555556,59.2461346666667,8.22E-02,0,6.94259333333333,-1.19,100,0,3744.6,60,0.0832,0
1/29/20 10:44,164.166666666667,164.125,0,0,4691.7,20.35,0,0,0.741102222222222,2,1849.14110222222,0,0,611.096951111111,59.2248453333333,8.29E-02,0,6.94405946666667,-1.19,100,0,3744.6,60,0.0832,0
1/29/20 10:49,164.25,164.208333333333,0,0,4691.7,20.35,0,0,0.799564444444445,2,1849.24066666667,0,0,611.1,59.2944773333333,8.35E-02,0,6.94451208888889,-1.19,100,0,3744.6,60,0.0832,0
1/29/20 10:54,164.333333333333,164.291666666667,0,0,4691.7,20.35,0,0,0.8,2,1849.34066666667,0,0,611.1,59.295,8.29E-02,0,6.94431431111111,-1.19,100,0,3744.6,60,0.0832,0
1/29/20 10:59,164.416666666667,164.375,0,0,4691.7,20.35,0,0,0.8,2,1849.44066666667,0,0,611.1,59.3566533333333,8.22E-02,0,6.94485493333333,-1.19,100,0,3744.6,60,0.0832,0
1/29/20 11:04,164.5,164.458333333333,0,0,4691.7,20.35,0,0,0.8,2,1849.49956444444,0,0,610.524568888889,59.4258506666667,8.13E-02,0,6.94233173333333,-1.19,100,0,3744.6,60,0.0832,0
1/29/20 11:09,164.583333333333,164.541666666667,0,0,4691.7,20.35,0,0,0.8,2,1849.54110222222,0,0,609.130666666667,59.3570386666667,7.95E-02,0,6.94449902222222,-1.19,100,0,3744.6,60,0.0832,0
1/29/20 11:14,164.666666666667,164.625,0,0,4691.7,20.35,0,0,0.8,2,1849.64066666667,0,0,608.018382222222,59.2954573333333,8.07E-02,0,6.94267022222222,-1.19,100,0,3744.6,60,0.0832,0
1/29/20 11:19,164.75,164.708333333333,0,0,4691.7,20.35,0,0,0.8,2,1849.74066666667,0,0,607.027617777778,59.295,8.23E-02,0,6.94457155555556,-1.19,100,0,3744.6,60,0.0832,0
1/29/20 11:24,164.833333333333,164.791666666667,0,0,4691.7,20.35,0,0,0.8,2,1849.84066666667,0,0,606.781528888889,59.3073306666667,8.28E-02,0,6.94359333333333,-1.19,100,0,3744.6,60,8.58E-02,0
1/29/20 11:29,164.916666666667,164.875,0,0,4691.7,20.35,0,0,0.8,2,1849.94066666667,0,0,607.881617777778,59.3125386666667,8.40E-02,0,6.94505946666667,-1.19,100,0,3744.6,60,8.96E-02,0
1/29/20 11:34,165,164.958333333333,0,0,4691.7,20.35,0,0,0.8,2,1849.99956444444,0,0,608.296951111111,59.2951306666667,8.30E-02,0,6.94510106666667,-1.19,100,0,3744.6,60,8.70E-02,0
1/29/20 11:39,165.083333333333,165.041666666667,0,0,4691.7,20.35,0,0,0.8,2,1850.04110222222,0,0,608.3,59.295,8.25E-02,0,6.94514071111111,-1.19,100,0,3744.6,60,8.59E-02,0
1/29/20 11:44,165.166666666667,165.125,0,0,4691.7,20.35,0,0,0.8,2,1850.14066666667,0,0,608.3,59.295,8.28E-02,0,6.94684622222222,-1.19,100,0,3744.6,60,8.69E-02,0
1/29/20 11:49,165.25,165.208333333333,0,0,4691.7,20.35,0,0,0.8,2,1850.24066666667,0,0,608.587715555556,59.3196613333333,8.22E-02,0,6.94392071111111,-1.19,100,0,3744.6,60,8.59E-02,0
1/29/20 11:54,165.333333333333,165.291666666667,0,0,4691.7,20.35,0,0,0.8,2,1850.34066666667,0,0,608.996951111111,59.3732346666667,0.0833704,0,6.94550337777778,-1.19,100,0,3744.6,60,8.96E-02,0
1/29/20 11:59,165.416666666667,165.375,0,0,4691.7,20.35,0,0,0.8,2,1850.39956444444,0,0,608.712284444445,59.399804,8.23E-02,0,6.94367022222222,-1.19,100,0,3744.6,60,0.0896,0
1/29/20 12:04,165.5,165.458333333333,0,0,4691.7,20.35,0,0,0.841102222222222,2,1850.44110222222,0,0,608.590764444445,59.4,8.20E-02,0,6.94516053333333,-1.19,100,0,3744.6,60,8.70E-02,0
1/29/20 12:09,165.583333333333,165.541666666667,0,0,4691.7,20.35,0,0,0.899564444444444,2,1850.54066666667,0,0,608.709235555556,59.381504,8.10E-02,0,6.94400871111111,-1.19,100,0,3744.6,60,8.59E-02,0
1/29/20 12:14,165.666666666667,165.625,0,0,4691.7,20.35,0,0,0.9,2,1850.64066666667,0,0,607.439902222222,59.3305346666667,7.99E-02,0,6.94482204444444,-1.19,100,0,3744.6,60,8.96E-02,0
1/29/20 12:19,165.75,165.708333333333,0,0,4691.7,20.35,0,0,0.9,2,1850.74066666667,0,0,605.921431111111,59.2952613333333,8.11E-02,0,6.94475822222222,-1.19,100,0,3744.6,60,0.0896,0
1/29/20 12:24,165.833333333333,165.791666666667,0,0,4691.7,20.35,0,0,0.9,2,1850.79956444444,0,0,604.927617777778,59.295,8.22E-02,0,6.9454792,-1.19,100,0,3744.6,60,0.0896,0
1/29/20 12:29,165.916666666667,165.875,0,0,4691.7,20.35,0,0,0.9,2,1850.84110222222,0,0,604.106097777778,59.3381573333333,8.23E-02,0,6.94609671111111,-1.19,100,0,3744.6,60,0.0896,0
1/29/20 12:34,166,165.958333333333,0,0,4691.7,20.35,0,0,0.9,2,1850.94066666667,0,0,604.387715555555,59.3995426666667,8.10E-02,0,6.94490764444444,-1.19,100,0,3744.6,60,0.0896,0
1/29/20 12:39,166.083333333333,166.041666666667,0,0,4691.7,20.35,0,0,0.9,2,1851.04066666667,0,0,605.084666666667,59.4,8.07E-02,0,6.94650337777778,-1.19,100,0,3744.6,60,0.0896,0
1/29/20 12:44,166.166666666667,166.125,0,0,4691.7,20.35,0,0,0.9,2,1851.14066666667,0,0,605.784666666667,59.3568426666667,8.25E-02,0,6.94384817777778,-1.19,100,0,3744.6,60,0.0896,0
1/29/20 12:49,166.25,166.208333333333,0,0,4691.7,20.35,0,0,0.9,2,1851.24066666667,0,0,605.909235555555,59.3386146666667,0.0825,0,6.94458026666666,-1.19,100,0,3744.6,60,0.0896,0
1/29/20 12:54,166.333333333333,166.291666666667,0,0,4691.7,20.35,0,0,0.9,2,1851.29956444444,0,0,605.790764444444,59.3995426666667,8.23E-02,0,6.94400435555555,-1.19,100,0,3744.6,60,0.0896,0
1/29/20 12:59,166.416666666667,166.375,0,0,4691.7,20.35,0,0,0.9,2,1851.34110222222,0,0,606.196951111111,59.4,8.16E-02,0,6.94482204444444,-1.19,100,0,3744.6,60,0.0896,0
1/29/20 13:04,166.5,166.458333333333,0,0,4691.7,20.35,0,0,0.9,2,1851.44066666667,0,0,606.2,59.4,8.24E-02,0,6.94475822222222,-1.19,100,0,3744.6,60,0.0896,0
1/29/20 13:09,166.583333333333,166.541666666667,0,0,4691.7,20.35,0,0,0.9,2,1851.54066666667,0,0,605.336853333333,59.3568426666667,8.30E-02,0,6.94506817777778,-1.19,100,0,3744.6,60,0.0896,0
1/29/20 13:14,166.666666666667,166.625,0,0,4691.7,20.35,0,0,0.9,2,1851.64066666667,0,0,603.821431111111,59.3386146666667,8.27E-02,0,6.94633413333333,-1.19,100,0,3744.6,60,0.0896,0
1/29/20 13:19,166.75,166.708333333333,0,0,4691.7,20.35,0,0,0.9,2,1851.69956444444,0,0,602.827617777778,59.3563853333333,8.31E-02,0,6.94648355555555,-1.19,100,0,3744.6,60,0.0896,0
1/29/20 13:24,166.833333333333,166.791666666667,0,0,4691.7,20.35,0,0,0.9,2,1851.74110222222,0,0,602.006097777778,59.2954573333333,8.20E-02,0,6.94750773333333,-1.19,100,0,3744.6,60,0.0896,0
1/29/20 13:29,166.916666666667,166.875,0,0,4691.7,20.35,0,0,0.9,2,1851.84066666667,0,0,602.287715555555,59.3381573333333,8.42E-02,0,6.94567022222222,-1.19,100,0,3744.6,60,0.0896,0
1/29/20 13:34,167,166.958333333333,0,0,4691.7,20.35,0,0,0.9,2,1851.94066666667,0,0,602.984666666667,59.3995426666667,0.0840868,0,6.94633848888889,-1.19,100,0,3744.6,60,0.0896,0
1/29/20 13:39,167.083333333333,167.041666666667,0,0,4691.7,20.35,0,0,0.941102222222222,2,1852.04066666667,0,0,603.396951111111,59.4,8.29E-02,0,6.94483946666667,-1.19,100,0,3744.6,60,0.0896,0
1/29/20 13:44,167.166666666667,167.125,0,0,4691.7,20.35,0,0,0.999564444444444,2,1852.09956444444,0,0,603.4,59.3568426666667,8.16E-02,0,6.94599128888889,-1.19,100,0,3744.6,60,0.0896,0
1/29/20 13:49,167.25,167.208333333333,0,0,4691.7,20.35,0,0,1,2,1852.14096566999,0,0,603.686759689923,59.2954573333333,8.16E-02,0,6.94518068660022,-1.19,100,0,3744.6,60,0.0896,0
1/29/20 13:54,167.333333333333,167.291666666667,0,0,4691.7,20.35,0,0,1,2,1852.24033488557,0,0,604.096740310078,59.3378405833333,8.31E-02,0,6.945641335622,-1.19,100,0,3744.6,60,0.0896,0
1/29/20 13:59,167.416666666667,167.375,0,0,4691.7,20.35,0,0,1,2,1852.34033333333,0,0,604.1,59.3995094166667,8.34E-02,0,6.94594128333333,-1.19,100,0,3744.6,60,0.0896,0
1/29/20 14:04,167.5,167.458333333333,0,0,4691.7,20.35,0,0,1,2,1852.44033333333,0,0,603.814396111111,59.3693995833333,8.17E-02,0,6.9458794,-1.19,100,0,3744.6,60,0.0896,0
1/29/20 14:09,167.583333333333,167.541666666667,0,0,4691.7,20.35,0,0,1,2,1852.54033333333,0,0,602.546458888889,59.3559508333333,8.19E-02,0,6.94751926111111,-1.19,100,0,3744.6,60,0.0896,0
1/29/20 14:14,167.666666666667,167.625,0,0,4691.7,20.35,0,0,1,2,1852.59953277778,0,0,601.309811666667,59.3996495833333,8.26E-02,0,6.94566005555556,-1.19,100,0,3744.6,60,0.0896,0
1/29/20 14:19,167.75,167.708333333333,0,0,4691.7,20.35,0,0,1,2,1852.64080055556,0,0,601.014396111111,59.3571594166667,8.01E-02,0,6.94634928888889,-1.19,100,0,3744.6,60,0.0896,0
1/29/20 14:24,167.833333333333,167.791666666667,0,0,4691.7,20.35,0,0,1,2,1852.74033333333,0,0,600.603270555556,59.2954905833333,8.05E-02,0,6.9448347,-1.19,100,0,3744.6,60,0.0896,0
1/29/20 14:29,167.916666666667,167.875,0,0,4691.7,20.35,0,0,1,2,1852.84033333333,0,0,600.6,59.2582795,8.32E-02,0,6.94558265,-1.19,100,0,3744.6,60,9.22E-02,0
1/29/20 14:34,168,167.958333333333,0,0,4691.7,20.35,0,0,1,2,1852.94033333333,0,0,600.885603888889,59.242141,8.46E-02,0,6.94500467222222,-1.19,100,0,3744.6,60,9.60E-02,0
1/29/20 14:39,168.083333333333,168.041666666667,0,0,4691.7,20.35,0,0,1,2,1852.99953277778,0,0,601.582333333333,59.2945795,8.38E-02,0,6.94540800555556,-1.19,100,0,3744.6,60,0.096,0
1/29/20 14:44,168.166666666667,168.125,0,0,4691.7,20.35,0,0,1,2,1853.04080055556,0,0,601.996729444444,59.295,8.29E-02,0,6.94517931666667,-1.19,100,0,3744.6,60,0.096,0
1/29/20 14:49,168.25,168.208333333333,0,0,4691.7,20.35,0,0,1,2,1853.14033333333,0,0,602,59.295,8.28E-02,0,6.94604937222222,-1.19,100,0,3744.6,60,0.096,0
1/29/20 14:54,168.333333333333,168.291666666667,0,0,4691.7,20.35,0,0,1,2,1853.24033333333,0,0,602,59.295,8.34E-02,0,6.94652860555556,-1.19,100,0,3744.6,60,9.34E-02,0
1/29/20 14:59,168.416666666667,168.375,0,0,4691.7,20.35,0,0,1,2,1853.34033333333,0,0,602.285603888889,59.3072401666667,8.25E-02,0,6.94506806111111,-1.19,100,0,3744.6,60,8.96E-02,0
1/29/20 15:04,168.5,168.458333333333,0,0,4691.7,20.35,0,0,1,2,1853.39953277778,0,0,602.125521666666,59.3126196666667,8.17E-02,0,6.94593661111111,-1.19,100,0,3744.6,60,9.22E-02,0
1/29/20 15:09,168.583333333333,168.541666666667,0,0,4691.7,20.35,0,0,1,2,1853.44080055556,0,0,601.020937222222,59.2951401666667,8.17E-02,0,6.94628740555556,-1.19,100,0,3744.6,60,9.60E-02,0
1/29/20 15:14,168.666666666667,168.625,0,0,4691.7,20.35,0,0,1,2,1853.54033333333,0,0,599.746458888889,59.295,8.41E-02,0,6.94810658333333,-1.19,100,0,3744.6,60,0.096,0
1/29/20 15:19,168.75,168.708333333333,0,0,4691.7,20.35,0,0,1,2,1853.64033333333,0,0,598.509811666667,59.295,8.25E-02,0,6.94607273333333,-1.19,100,0,3744.6,60,0.096,0
1/29/20 15:24,168.833333333333,168.791666666667,0,0,4691.7,20.35,0,0,1,2,1853.74033333333,0,0,598.785603888889,59.295,7.90E-02,0,6.94652860555556,-1.19,100,0,3744.6,60,0.096,0
1/29/20 15:29,168.916666666667,168.875,0,0,4691.7,20.35,0,0,1,2,1853.84033333333,0,0,599.196729444444,59.295,7.92E-02,0,6.94506806111111,-1.19,100,0,3744.6,60,0.096,0
1/29/20 15:34,169,168.958333333333,0,0,4691.7,20.35,0,0,1.04080055555556,2,1853.89953277778,0,0,599.485603888889,59.295,8.01E-02,0,6.94593661111111,-1.19,100,0,3744.6,60,0.096,0
1/29/20 15:39,169.083333333333,169.041666666667,0,0,4691.7,20.35,0,0,1.09953277777778,2,1853.94080055556,0,0,599.896729444444,59.2582795,8.02E-02,0,6.94424737777778,-1.19,100,0,3744.6,60,0.096,0
1/29/20 15:44,169.166666666667,169.125,0,0,4691.7,20.35,0,0,1.1,2,1854.04033333333,0,0,599.9,59.242141,8.04E-02,0,6.94516997222222,-1.19,100,0,3744.6,60,0.096,0
1/29/20 15:49,169.25,169.208333333333,0,0,4691.7,20.35,0,0,1.1,2,1854.14033333333,0,0,600.185603888889,59.2945795,8.15E-02,0,6.94482535555556,-1.19,100,0,3744.6,60,0.096,0
1/29/20 15:54,169.333333333333,169.291666666667,0,0,4691.7,20.35,0,0,1.1,2,1854.24033333333,0,0,600.596729444444,59.295,8.08E-02,0,6.94517464444444,-1.19,100,0,3744.6,60,0.096,0
1/29/20 15:59,169.416666666667,169.375,0,0,4691.7,20.35,0,0,1.1,2,1854.29953277778,0,0,600.885603888889,59.295,8.26E-02,0,6.94441735,-1.19,100,0,3744.6,60,0.096,0
1/29/20 16:04,169.5,169.458333333333,0,0,4691.7,20.35,0,0,1.1,2,1854.34080055556,0,0,600.439917777778,59.295,8.37E-02,0,6.94540333333333,-1.19,100,0,3744.6,60,0.096,0
1/29/20 16:09,169.583333333333,169.541666666667,0,0,4691.7,20.35,0,0,1.1,2,1854.44033333333,0,0,598.638603888889,59.295,8.34E-02,0,6.94517931666667,-1.19,100,0,3744.6,60,0.096,0
1/29/20 16:14,169.666666666667,169.625,0,0,4691.7,20.35,0,0,1.1,2,1854.54033333333,0,0,597.520937222222,59.295,8.31E-02,0,6.94564136666667,-1.19,100,0,3744.6,60,0.096,0
1/29/20 16:19,169.75,169.708333333333,0,0,4691.7,20.35,0,0,1.1,2,1854.64033333333,0,0,596.817666666667,59.295,8.26E-02,0,6.94634928888889,-1.19,100,0,3744.6,60,0.096,0
1/29/20 16:24,169.833333333333,169.791666666667,0,0,4691.7,20.35,0,0,1.1,2,1854.69953277778,0,0,596.688874444444,59.295,8.05E-02,0,6.94605871666667,-1.19,100,0,3744.6,60,0.096,0
1/29/20 16:29,169.916666666667,169.875,0,0,4691.7,20.35,0,0,1.1,2,1854.74080055556,0,0,597.382333333333,59.3256004166667,8.13E-02,0,6.94652860555556,-1.19,100,0,3744.6,60,0.096,0
1/29/20 16:34,170,169.958333333333,0,0,4691.7,20.35,0,0,1.1,2,1854.84033333333,0,0,598.082333333333,59.3635295,8.23E-02,0,6.94506806111111,-1.19,100,0,3744.6,60,0.096,0
1/29/20 16:39,170.083333333333,170.041666666667,0,0,4691.7,20.35,0,0,1.1,2,1854.94033333333,0,0,598.782333333333,59.33058975,8.16E-02,0,6.94634461666667,-1.19,100,0,3744.6,60,0.096,0
1/29/20 16:44,170.166666666667,170.125,0,0,4691.7,20.35,0,0,1.1,2,1855.04033333333,0,0,599.196729444444,59.2952803333333,8.10E-02,0,6.9448347,-1.19,100,0,3744.6,60,0.096,0
1/29/20 16:49,170.25,170.208333333333,0,0,4691.7,20.35,0,0,1.1,2,1855.14033333333,0,0,599.2,59.3072401666667,8.16E-02,0,6.94599065555556,-1.19,100,0,3744.6,60,0.096,0
1/29/20 16:54,170.333333333333,170.291666666667,0,0,4691.7,20.35,0,0,1.1,2,1855.19953277778,0,0,599.485603888889,59.35546025,8.19E-02,0,6.94518398888889,-1.19,100,0,3744.6,60,0.096,0
1/29/20 16:59,170.416666666667,170.375,0,0,4691.7,20.35,0,0,1.1,2,1855.24080055556,0,0,599.039917777778,59.356809,8.12E-02,0,6.94482535555556,-1.19,100,0,3744.6,60,0.096,0
1/29/20 17:04,170.5,170.458333333333,0,0,4691.7,20.35,0,0,1.1,2,1855.34033333333,0,0,597.524207777778,59.3383311666667,8.21E-02,0,6.94517464444444,-1.19,100,0,3744.6,60,0.096,0
1/29/20 17:09,170.583333333333,170.541666666667,0,0,4691.7,20.35,0,0,1.1,2,1855.44033333333,0,0,596.532062777778,59.3995094166667,8.22E-02,0,6.94604937222222,-1.19,100,0,3744.6,60,0.096,0
1/29/20 17:14,170.666666666667,170.625,0,0,4691.7,20.35,0,0,1.1,2,1855.54033333333,0,0,595.420937222222,59.3571594166667,8.04E-02,0,6.94693661111111,-1.19,100,0,3744.6,60,0.096,0
1/29/20 17:19,170.75,170.708333333333,0,0,4691.7,20.35,0,0,1.1,2,1855.59953277778,0,0,595.288874444444,59.326091,8.03E-02,0,6.94565538333333,-1.19,100,0,3744.6,60,0.096,0
1/29/20 17:24,170.833333333333,170.791666666667,0,0,4691.7,20.35,0,0,1.1,2,1855.64080055556,0,0,596.267937222222,59.3390491666667,8.17E-02,0,6.94634928888889,-1.19,100,0,3744.6,60,0.096,0
1/29/20 17:29,170.916666666667,170.875,0,0,4691.7,20.35,0,0,1.1,2,1855.74033333333,0,0,597.093458888889,59.2953504166667,0.082813675,0,6.9448347,-1.19,100,0,3744.6,60,0.096,0
1/29/20 17:34,171,170.958333333333,0,0,4691.7,20.35,0,0,1.1,2,1855.84033333333,0,0,597.385603888889,59.3256004166667,8.24E-02,0,6.94517464444444,-1.19,100,0,3744.6,60,0.096,0
1/29/20 17:39,171.083333333333,171.041666666667,0,0,4691.7,20.35,0,0,1.1,2,1855.94033333333,0,0,597.796729444445,59.38188975,0.0808347,0,6.94482535555556,-1.19,100,0,3744.6,60,0.096,0
1/29/20 17:44,171.166666666667,171.125,0,0,4691.7,20.35,0,0,1.14080055555556,2,1855.99953277778,0,0,597.514396111111,59.3998598333333,8.26E-02,0,6.94599065555556,-1.19,100,0,3744.6,60.01836025,0.096,0
1/29/20 17:49,171.25,171.208333333333,0,0,4691.7,20.35,0,0,1.19953277777778,2,1856.04080055556,0,0,596.817666666667,59.3571594166667,8.31E-02,0,6.946,-1.19,100,0,3744.6,60.0264295,0.096,0
1/29/20 17:54,171.333333333333,171.291666666667,0,0,4691.7,20.35,0,0,1.2,2,1856.14033333333,0,0,596.117666666667,59.2954905833333,8.23E-02,0,6.94722401666667,-1.19,100,0,3744.6,60.00021025,0.096,0
1/29/20 17:59,171.416666666667,171.375,0,0,4691.7,20.35,0,0,1.2,2,1856.24033333333,0,0,595.132062777778,59.2582795,8.26E-02,0,6.94694595555556,-1.19,100,0,3744.6,60,0.096,0
1/29/20 18:04,171.5,171.458333333333,0,0,4691.7,20.35,0,0,1.2,2,1856.34033333333,0,0,594.306541111111,59.242141,8.29E-02,0,6.94606338888889,-1.19,100,0,3744.6,60,0.096,0
1/29/20 18:09,171.583333333333,171.541666666667,0,0,4691.7,20.35,0,0,1.2,2,1856.44033333333,0,0,594.014396111111,59.2945795,8.16E-02,0,6.94693661111111,-1.19,100,0,3744.6,60,0.096,0
1/29/20 18:14,171.666666666667,171.625,0,0,4691.7,20.35,0,0,1.2,2,1856.49953277778,0,0,593.603270555556,59.295,8.10E-02,0,6.94647139444444,-1.19,100,0,3744.6,60,0.096,0
1/29/20 18:19,171.75,171.708333333333,0,0,4691.7,20.35,0,0,1.2,2,1856.54080055556,0,0,593.885603888889,59.295,8.02E-02,0,6.94793193888889,-1.19,100,0,3744.6,60,0.096,0
1/29/20 18:24,171.833333333333,171.791666666667,0,0,4691.7,20.35,0,0,1.2,2,1856.64033333333,0,0,594.582333333333,59.295,7.90E-02,0,6.94624737777778,-1.19,100,0,3744.6,60,0.096,0
1/29/20 18:29,171.916666666667,171.875,0,0,4691.7,20.35,0,0,1.2,2,1856.74033333333,0,0,594.996729444444,59.295,8.06E-02,0,6.94635396111111,-1.19,100,0,3744.6,60,0.096,0
1/29/20 18:34,172,171.958333333333,0,0,4691.7,20.35,0,0,1.2,2,1856.84033333333,0,0,595,59.295,0.0821653,0,6.94524270555555,-1.19,100,0,3744.6,60,0.096,0
1/29/20 18:39,172.083333333333,172.041666666667,0,0,4691.7,20.35,0,0,1.2,2,1856.89953277778,0,0,595.285603888889,59.295,0.08141735,0,6.94657797777778,-1.19,100,0,3744.6,60,0.096,0
1/29/20 18:44,172.166666666667,172.125,0,0,4691.7,20.35,0,0,1.2,2,1856.94080055556,0,0,595.696729444444,59.295,8.16E-02,0,6.94641267777778,-1.19,100,0,3744.6,60,0.096,0
1/29/20 18:49,172.25,172.208333333333,0,0,4691.7,20.35,0,0,1.2,2,1857.04033333333,0,0,595.7,59.295,8.20E-02,0,6.94699532777778,-1.19,100,0,3744.6,60,0.096,0
1/29/20 18:54,172.333333333333,172.291666666667,0,0,4691.7,20.35,0,0,1.2,2,1857.14033333333,0,0,595.7,59.2643995833333,8.31E-02,0,6.94659199444445,-1.19,100,0,3744.6,60,0.096,0
1/29/20 18:59,172.416666666667,172.375,0,0,4691.7,20.35,0,0,1.2,2,1857.24033333333,0,0,595.128792222222,59.2509508333333,8.29E-02,0,6.94722868888889,-1.19,100,0,3744.6,60,0.096,0
1/29/20 19:04,172.5,172.458333333333,0,0,4691.7,20.35,0,0,1.2,2,1857.29953277778,0,0,594.020937222222,59.2946495833333,8.41E-02,0,6.94776196666667,-1.19,100,0,3744.6,60,0.096,0
1/29/20 19:09,172.583333333333,172.541666666667,0,0,4691.7,20.35,0,0,1.2,2,1857.34080055556,0,0,593.032062777778,59.295,8.30E-02,0,6.94723803333333,-1.19,100,0,3744.6,60,0.096,0
1/29/20 19:14,172.666666666667,172.625,0,0,4691.7,20.35,0,0,1.2,2,1857.44033333333,0,0,592.206541111111,59.295,8.08E-02,0,6.94776196666667,-1.19,100,0,3744.6,60,0.096,0
1/29/20 19:19,172.75,172.708333333333,0,0,4691.7,20.35,0,0,1.2,2,1857.54033333333,0,0,592.2,59.295,8.26E-02,0,6.94764603888889,-1.19,100,0,3744.6,60,0.096,0
1/29/20 19:24,172.833333333333,172.791666666667,0,0,4691.7,20.35,0,0,1.2,2,1857.64033333333,0,0,592.485603888889,59.295,8.33E-02,0,6.94794128333333,-1.19,100,0,3744.6,60,0.096,0
1/29/20 19:29,172.916666666667,172.875,0,0,4691.7,20.35,0,0,1.2,2,1857.74033333333,0,0,592.896729444444,59.295,8.32E-02,0,6.94706338888889,-1.19,100,0,3744.6,60,0.096,0
1/29/20 19:34,173,172.958333333333,0,0,4691.7,20.35,0,0,1.2,2,1857.79953277778,0,0,592.9,59.295,8.23E-02,0,6.94834461666667,-1.19,100,0,3744.6,60,0.096,0
1/29/20 19:39,173.083333333333,173.041666666667,0,0,4691.7,20.35,0,0,1.2,2,1857.84080055556,0,0,593.185603888889,59.295,8.13E-02,0,6.94642669444444,-1.19,100,0,3744.6,60,0.096,0
1/29/20 19:44,173.166666666667,173.125,0,0,4691.7,20.35,0,0,1.2,2,1857.94033333333,0,0,593.596729444444,59.295,8.19E-02,0,6.94740333333333,-1.19,100,0,3744.6,60,0.096,0
1/29/20 19:49,173.25,173.208333333333,0,0,4691.7,20.35,0,0,1.2,2,1858.04033333333,0,0,593.885603888889,59.295,8.20E-02,0,6.94717931666667,-1.19,100,0,3744.6,60,0.096,0
1/29/20 19:54,173.333333333333,173.291666666667,0,0,4691.7,20.35,0,0,1.2,2,1858.14033333333,0,0,594.296729444445,59.295,8.31E-02,0,6.94682535555556,-1.19,100,0,3744.6,60,0.096,0
1/29/20 19:59,173.416666666667,173.375,0,0,4691.7,20.35,0,0,1.2,2,1858.19953277778,0,0,594.3,59.295,8.17E-02,0,6.94717464444444,-1.19,100,0,3744.6,60,0.096,0
1/29/20 20:04,173.5,173.458333333333,0,0,4691.7,20.35,0,0,1.2,2,1858.24080055556,0,0,594.014396111111,59.295,8.17E-02,0,6.94682535555556,-1.19,100,0,3744.6,60,0.096,0
1/29/20 20:09,173.583333333333,173.541666666667,0,0,4691.7,20.35,0,0,1.2,2,1858.34033333333,0,0,593.032062777778,59.295,8.37E-02,0,6.94717464444444,-1.19,100,0,3744.6,60,0.096,0
1/29/20 20:14,173.666666666667,173.625,0,0,4691.7,20.35,0,0,1.2,2,1858.44033333333,0,0,591.635333333333,59.295,8.32E-02,0,6.94723336111111,-1.19,100,0,3744.6,60,0.096,0
1/29/20 20:19,173.75,173.708333333333,0,0,4691.7,20.35,0,0,1.2,2,1858.54033333333,0,0,590.806541111111,59.295,8.28E-02,0,6.94776196666667,-1.19,100,0,3744.6,60,9.86E-02,0
1/29/20 20:24,173.833333333333,173.791666666667,0,0,4691.7,20.35,0,0,1.24080055555556,2,1858.59953277778,0,0,591.085603888889,59.2582795,8.32E-02,0,6.94723803333333,-1.19,100,0,3744.6,60,0.102370097777778,0
1/29/20 20:29,173.916666666667,173.875,0,0,4691.7,20.35,0,0,1.29953277777778,2,1858.64080055556,0,0,591.782333333333,59.242141,8.14E-02,0,6.94776196666667,-1.19,100,0,3744.6,60,9.98E-02,0
1/29/20 20:34,174,173.958333333333,0,0,4691.7,20.35,0,0,1.3,2,1858.74033333333,0,0,591.911125555555,59.2945795,8.13E-02,0,6.94723803333333,-1.19,100,0,3744.6,60,9.60E-02,0
1/29/20 20:39,174.083333333333,174.041666666667,0,0,4691.7,20.35,0,0,1.3,2,1858.84033333333,0,0,591.788874444444,59.295,0.08208265,0,6.94776196666667,-1.19,100,0,3744.6,60,0.096,0
1/29/20 20:44,174.166666666667,174.125,0,0,4691.7,20.35,0,0,1.3,2,1858.94033333333,0,0,592.196729444444,59.295,8.31E-02,0,6.94723803333333,-1.19,100,0,3744.6,60,0.096,0
1/29/20 20:49,174.25,174.208333333333,0,0,4691.7,20.35,0,0,1.3,2,1859.04033333333,0,0,592.485603888889,59.2582795,8.34E-02,0,6.94776196666667,-1.19,100,0,3744.6,60,9.86E-02,0
1/29/20 20:54,174.333333333333,174.291666666667,0,0,4691.7,20.35,0,0,1.3,2,1859.09953277778,0,0,592.896729444444,59.2115405833333,8.09E-02,0,6.94683002777778,-1.19,100,0,3744.6,60,9.98E-02,0
1/29/20 20:59,174.416666666667,174.375,0,0,4691.7,20.35,0,0,1.3,2,1859.14080055556,0,0,592.9,59.2138098333333,8.25E-02,0,6.94799065555556,-1.19,100,0,3744.6,60,9.60E-02,0
1/29/20 21:04,174.5,174.458333333333,0,0,4691.7,20.35,0,0,1.3,2,1859.24033333333,0,0,593.185603888889,59.2417905833333,8.34E-02,0,6.94718398888889,-1.19,100,0,3744.6,60,9.86E-02,0
1/29/20 21:09,174.583333333333,174.541666666667,0,0,4691.7,20.35,0,0,1.3,2,1859.34033333333,0,0,593.311125555556,59.2945795,8.25E-02,0,6.94682535555556,-1.19,100,0,3744.6,60,9.98E-02,0
1/29/20 21:14,174.666666666667,174.625,0,0,4691.7,20.35,0,0,1.3,2,1859.44033333333,0,0,592.332062777778,59.2582795,8.23E-02,0,6.94676663888889,-1.19,100,0,3744.6,60,9.86E-02,0
1/29/20 21:19,174.75,174.708333333333,0,0,4691.7,20.35,0,0,1.3,2,1859.49953277778,0,0,590.935333333333,59.242141,8.20E-02,0,6.94623803333333,-1.19,100,0,3744.6,60,0.102370097777778,0
1/29/20 21:24,174.833333333333,174.791666666667,0,0,4691.7,20.35,0,0,1.3,2,1859.54080055556,0,0,589.535333333333,59.2945795,8.18E-02,0,6.94635396111111,-1.19,100,0,3744.6,60,0.1024,0
1/29/20 21:29,174.916666666667,174.875,0,0,4691.7,20.35,0,0,1.3,2,1859.64033333333,0,0,588.992145,59.295,8.17E-02,0,6.94565071111111,-1.19,100,0,3744.6,60,0.1024,0
1/29/20 21:34,175,174.958333333333,0,0,4691.7,20.35,0,0,1.3,2,1859.74033333333,0,0,589.682333333333,59.2582795,8.24E-02,0,6.9471653,-1.19,100,0,3744.6,60,0.1024,0
1/29/20 21:39,175.083333333333,175.041666666667,0,0,4691.7,20.35,0,0,1.3,2,1859.84033333333,0,0,590.382333333333,59.242141,8.38E-02,0,6.94804937222222,-1.19,100,0,3744.6,60,0.1024,0
1/29/20 21:44,175.166666666667,175.125,0,0,4691.7,20.35,0,0,1.3,2,1859.89953277778,0,0,590.511125555556,59.2945795,8.44E-02,0,6.94893661111111,-1.19,100,0,3744.6,60,0.1024,0
1/29/20 21:49,175.25,175.208333333333,0,0,4691.7,20.35,0,0,1.3,2,1859.94080055556,0,0,590.388874444444,59.295,8.35E-02,0,6.94724737777778,-1.19,100,0,3744.6,60,0.1024,0
1/29/20 21:54,175.333333333333,175.291666666667,0,0,4691.7,20.35,0,0,1.3,2,1860.04033333333,0,0,590.796729444445,59.295,8.37E-02,0,6.94776196666667,-1.19,100,0,3744.6,60,0.1024,0
1/29/20 21:59,175.416666666667,175.375,0,0,4691.7,20.35,0,0,1.3,2,1860.14033333333,0,0,591.085603888889,59.295,8.22E-02,0,6.94723803333333,-1.19,100,0,3744.6,60,0.1024,0
1/29/20 22:04,175.5,175.458333333333,0,0,4691.7,20.35,0,0,1.3,2,1860.24033333333,0,0,591.782333333333,59.295,8.03E-02,0,6.94776196666667,-1.19,100,0,3744.6,60,0.1024,0
1/29/20 22:09,175.583333333333,175.541666666667,0,0,4691.7,20.35,0,0,1.3,2,1860.34033333333,0,0,591.911125555555,59.295,8.05E-02,0,6.94683002777778,-1.19,100,0,3744.6,60,0.1024,0
1/29/20 22:14,175.666666666667,175.625,0,0,4691.7,20.35,0,0,1.3,2,1860.39953277778,0,0,591.788874444444,59.295,0.0804397,0,6.94799065555556,-1.19,100,0,3744.6,60,0.1024,0
1/29/20 22:19,175.75,175.708333333333,0,0,4691.7,20.35,0,0,1.3,2,1860.44080055556,0,0,591.339917777778,59.295,0.08268765,0,6.948,-1.19,100,0,3744.6,60,0.1024,0
1/29/20 22:24,175.833333333333,175.791666666667,0,0,4691.7,20.35,0,0,1.3,2,1860.54033333333,0,0,589.824207777778,59.295,8.30E-02,0,6.94718398888889,-1.19,100,0,3744.6,60,0.1024,0
1/29/20 22:29,175.916666666667,175.875,0,0,4691.7,20.35,0,0,1.3,2,1860.64033333333,0,0,589.117666666667,59.295,8.22E-02,0,6.94723336111111,-1.19,100,0,3744.6,60,0.1024,0
1/29/20 22:34,176,175.958333333333,0,0,4691.7,20.35,0,0,1.3,2,1860.74033333333,0,0,588.703270555555,59.2154389166667,8.12E-02,0,6.94776196666667,-1.19,100,0,3744.6,60,0.1024,0
1/29/20 22:39,176.083333333333,176.041666666667,0,0,4691.7,20.35,0,0,1.3,2,1860.79953277778,0,0,588.985603888889,59.1804721666667,8.25E-02,0,6.94683002777778,-1.19,100,0,3744.6,60,0.1024,0
1/29/20 22:44,176.166666666667,176.125,0,0,4691.7,20.35,0,0,1.3,2,1860.84080055556,0,0,589.396729444444,59.2940889166667,8.46E-02,0,6.94758265,-1.19,100,0,3744.6,60,0.1024,0
1/29/20 22:49,176.25,176.208333333333,0,0,4691.7,20.35,0,0,1.3,2,1860.94033333333,0,0,589.4,59.27663975,0.084268975,0,6.94659666666667,-1.19,100,0,3744.6,60,0.1024,0
1/29/20 22:54,176.333333333333,176.291666666667,0,0,4691.7,20.35,0,0,1.3,2,1861.04033333333,0,0,589.685603888889,59.23185,8.21E-02,0,6.94600467222222,-1.19,100,0,3744.6,60,0.1024,0
1/29/20 22:59,176.416666666667,176.375,0,0,4691.7,20.35,0,0,1.3,2,1861.14033333333,0,0,590.382333333333,59.24193075,8.33E-02,0,6.94722401666667,-1.19,100,0,3744.6,60,0.1024,0
1/29/20 23:04,176.5,176.458333333333,0,0,4691.7,20.35,0,0,1.3,2,1861.19953277778,0,0,590.511125555556,59.257859,8.43E-02,0,6.94857797777778,-1.19,100,0,3744.6,60,0.1024,0
1/29/20 23:09,176.583333333333,176.541666666667,0,0,4691.7,20.35,0,0,1.3,2,1861.24080055556,0,0,590.388874444444,59.22378075,8.26E-02,0,6.94718866111111,-1.19,100,0,3744.6,60,0.1024,0
1/29/20 23:14,176.666666666667,176.625,0,0,4691.7,20.35,0,0,1.3,2,1861.34033333333,0,0,590.796729444445,59.2314295,8.25E-02,0,6.94682535555556,-1.19,100,0,3744.6,60,0.1024,0
1/29/20 23:19,176.75,176.708333333333,0,0,4691.7,20.35,0,0,1.3,2,1861.44033333333,0,0,590.8,59.20521025,0.0824397,0,6.94799065555556,-1.19,100,0,3744.6,60,0.1024,0
1/29/20 23:24,176.833333333333,176.791666666667,0,0,4691.7,20.35,0,0,1.3,2,1861.54033333333,0,0,590.8,59.205,0.082851625,0,6.948,-1.19,100,0,3744.6,60,0.1024,0
1/29/20 23:29,176.916666666667,176.875,0,0,4691.7,20.35,0,0,1.34080055555556,2,1861.64033333333,0,0,590.228792222222,59.205,8.11E-02,0,6.94718398888889,-1.19,100,0,3744.6,60,0.1024,0
1/29/20 23:34,177,176.958333333333,0,0,4691.7,20.35,0,0,1.39953277777778,2,1861.69953277778,0,0,588.835333333333,59.205,8.16E-02,0,6.94723336111111,-1.19,100,0,3744.6,60,0.105011235555556,0
1/29/20 23:39,177.083333333333,177.041666666667,0,0,4691.7,20.35,0,0,1.4,2,1861.74080055556,0,0,587.720937222222,59.2417205,8.16E-02,0,6.94776196666667,-1.19,100,0,3744.6,60,0.106158862222222,0
1/29/20 23:44,177.166666666667,177.125,0,0,4691.7,20.35,0,0,1.4,2,1861.84033333333,0,0,587.303270555556,59.2945795,8.27E-02,0,6.94764603888889,-1.19,100,0,3744.6,60,0.105041137777778,0
1/29/20 23:49,177.25,177.208333333333,0,0,4691.7,20.35,0,0,1.4,2,1861.94033333333,0,0,587.3,59.2582795,8.32E-02,0,6.94834928888889,-1.19,100,0,3744.6,60,0.108770097777778,0
1/29/20 23:54,177.333333333333,177.291666666667,0,0,4691.7,20.35,0,0,1.4,2,1862.04033333333,0,0,587.3,59.2054205,8.35E-02,0,6.94724270555556,-1.19,100,0,3744.6,60,0.1088,0
1/29/20 23:59,177.416666666667,177.375,0,0,4691.7,20.35,0,0,1.4,2,1862.09953277778,0,0,587.585603888889,59.2417205,8.25E-02,0,6.94776196666667,-1.19,100,0,3744.6,60,0.1088,0
1/30/20 0:04,177.5,177.458333333333,0,0,4691.7,20.35,0,0,1.4,2,1862.14080055556,0,0,588.282333333333,59.257859,8.22E-02,0,6.94683002777778,-1.19,100,0,3744.6,60,0.1088,0
1/30/20 0:09,177.583333333333,177.541666666667,0,0,4691.7,20.35,0,0,1.4,2,1862.24033333333,0,0,588.982333333333,59.2054205,0.083373975,0,6.94717464444444,-1.19,100,0,3744.6,60,0.1088,0
1/30/20 0:14,177.666666666667,177.625,0,0,4691.7,20.35,0,0,1.4,2,1862.34033333333,0,0,589.396729444444,59.205,8.29E-02,0,6.94723336111111,-1.19,100,0,3744.6,60,0.1088,0
1/30/20 0:19,177.75,177.708333333333,0,0,4691.7,20.35,0,0,1.4,2,1862.44033333333,0,0,589.4,59.2417205,8.27E-02,0,6.94776196666667,-1.19,100,0,3744.6,60,0.106188764444444,0
1/30/20 0:24,177.833333333333,177.791666666667,0,0,4691.7,20.35,0,0,1.4,2,1862.49953277778,0,0,589.4,59.3374200833333,8.17E-02,0,6.94723803333333,-1.19,100,0,3744.6,59.9877598333333,0.102429902222222,0
1/30/20 0:29,177.916666666667,177.875,0,0,4691.7,20.35,0,0,1.4,2,1862.54080055556,0,0,589.685603888889,59.3566688333333,8.22E-02,0,6.94776196666667,-1.19,100,0,3744.6,59.9823803333333,0.1024,0
1/30/20 0:34,178,177.958333333333,0,0,4691.7,20.35,0,0,1.4,2,1862.64019778331,0,0,589.812074405685,59.2954905833333,8.19E-02,0,6.94682731677741,-1.19,100,0,3744.6,59.9998598333333,0.1024,0
1/30/20 0:39,178.083333333333,178.041666666667,0,0,4691.7,20.35,0,0,1.4,2,1862.74000166113,0,0,588.836488372093,59.295,8.22E-02,0,6.94799003322259,-1.19,100,0,3744.6,60,0.1024,0
1/30/20 0:44,178.166666666667,178.125,0,0,4691.7,20.35,0,0,1.4,2,1862.84,0,0,587.44,59.25855,0.083985,0,6.948,-1.19,100,0,3744.6,60,0.1024,0
1/30/20 0:49,178.25,178.208333333333,0,0,4691.7,20.35,0,0,1.4,2,1862.94,0,0,586.3235,59.2419,0.0833925,0,6.947595,-1.19,100,0,3744.6,60,0.1024,0
1/30/20 0:54,178.333333333333,178.291666666667,0,0,4691.7,20.35,0,0,1.4,2,1862.9995,0,0,585.62,59.29455,0.0845325,0,6.947005,-1.19,100,0,3744.6,60,0.1024,0
1/30/20 0:59,178.416666666667,178.375,0,0,4691.7,20.35,0,0,1.4,2,1863.0405,0,0,585.7705,59.295,0.08545,0,6.947405,-1.19,100,0,3744.6,60,0.104992,0
1/30/20 1:04,178.5,178.458333333333,0,0,4691.7,20.35,0,0,1.4,2,1863.14,0,0,586.3095,59.295,0.081715,0,6.94759,-1.19,100,0,3744.6,60,0.106176,0
1/30/20 1:09,178.583333333333,178.541666666667,0,0,4691.7,20.35,0,0,1.4,2,1863.24,0,0,586.4705,59.295,0.081725,0,6.94741,-1.19,100,0,3744.6,60,0.102432,0
1/30/20 1:14,178.666666666667,178.625,0,0,4691.7,20.35,0,0,1.4,2,1863.34,0,0,587.293,59.295,0.0828775,0,6.947185,-1.19,100,0,3744.6,60,0.1024,0
1/30/20 1:19,178.75,178.708333333333,0,0,4691.7,20.35,0,0,1.4,2,1863.3995,0,0,587.3,59.295,0.08059,0,6.94682,-1.19,100,0,3744.6,60,0.1024,0
1/30/20 1:24,178.833333333333,178.791666666667,0,0,4691.7,20.35,0,0,1.4,2,1863.4405,0,0,587.3,59.295,0.0805425,0,6.947585,-1.19,100,0,3744.6,60,0.1024,0
1/30/20 1:29,178.916666666667,178.875,0,0,4691.7,20.35,0,0,1.4,2,1863.54,0,0,587.3,59.295,0.08307,0,6.947815,-1.19,100,0,3744.6,60,0.1024,0
1/30/20 1:34,179,178.958333333333,0,0,4691.7,20.35,0,0,1.4,2,1863.64,0,0,587.5835,59.295,0.081695,0,6.947775,-1.19,100,0,3744.6,60,0.1024,0
1/30/20 1:39,179.083333333333,179.041666666667,0,0,4691.7,20.35,0,0,1.4,2,1863.74,0,0,588.5635,59.295,0.08132,0,6.947635,-1.19,100,0,3744.6,60,0.1024,0
1/30/20 1:44,179.166666666667,179.125,0,0,4691.7,20.35,0,0,1.4,2,1863.7995,0,0,588.5425,59.295,0.0822875,0,6.94917,-1.19,100,0,3744.6,60,0.104992,0
1/30/20 1:49,179.25,179.208333333333,0,0,4691.7,20.35,0,0,1.4,2,1863.8405,0,0,586.7435,59.295,0.0820025,0,6.948415,-1.19,100,0,3744.6,60,0.108768,0
1/30/20 1:54,179.333333333333,179.291666666667,0,0,4691.7,20.35,0,0,1.4,2,1863.94,0,0,585.6235,59.25855,0.081595,0,6.94778,-1.19,100,0,3744.6,60,0.1088,0
1/30/20 1:59,179.416666666667,179.375,0,0,4691.7,20.35,0,0,1.4,2,1864.04,0,0,584.92,59.20545,0.0824225,0,6.94723,-1.19,100,0,3744.6,60,0.1088,0
1/30/20 2:04,179.5,179.458333333333,0,0,4691.7,20.35,0,0,1.4,2,1864.14,0,0,585.0705,59.235375,0.08347,0,6.94777,-1.19,100,0,3744.6,60,0.1088,0
1/30/20 2:09,179.583333333333,179.541666666667,0,0,4691.7,20.35,0,0,1.4,2,1864.24,0,0,585.893,59.2857,0.082215,0,6.946015,-1.19,100,0,3744.6,60,0.1088,0
1/30/20 2:14,179.666666666667,179.625,0,0,4691.7,20.35,0,0,1.4,2,1864.2995,0,0,585.9,59.294925,8.29E-02,0,6.946,-1.19,100,0,3744.6,60,0.1088,0
1/30/20 2:19,179.75,179.708333333333,0,0,4691.7,20.35,0,0,1.4,2,1864.34020055556,0,0,585.9,59.295,8.25E-02,0,6.94680401111111,-1.19,100,0,3744.6,60,0.1088,0
1/30/20 2:24,179.833333333333,179.791666666667,0,0,4691.7,20.35,0,0,1.4,2,1864.43966666667,0,0,586.181403888889,59.295,8.10E-02,0,6.94718531111111,-1.19,100,0,3744.6,60,0.1088,0
1/30/20 2:29,179.916666666667,179.875,0,0,4691.7,20.35,0,0,1.4,2,1864.53966666667,0,0,586.596262777778,59.295,8.16E-02,0,6.94681468888889,-1.19,100,0,3744.6,60,0.1088,0
1/30/20 2:34,180,179.958333333333,0,0,4691.7,20.35,0,0,1.4,2,1864.63966666667,0,0,586.881403888889,59.295,8.29E-02,0,6.94839132777778,-1.19,100,0,3744.6,60,0.1088,0
1/30/20 2:39,180.083333333333,180.041666666667,0,0,4691.7,20.35,0,0,1.4,2,1864.69946611111,0,0,587.296262777778,59.3372105833333,8.25E-02,0,6.94778864444444,-1.19,100,0,3744.6,59.9577894166667,0.1088,0
1/30/20 2:44,180.166666666667,180.125,0,0,4691.7,20.35,0,0,1.4,2,1864.74020055556,0,0,587.018596111111,59.3994394166667,8.16E-02,0,6.94722203333333,-1.19,100,0,3744.6,59.9377711666667,0.1088,0
1/30/20 2:49,180.25,180.208333333333,0,0,4691.7,20.35,0,0,1.4,2,1864.83966666667,0,0,586.885141111111,59.3577894166667,8.21E-02,0,6.94777796666667,-1.19,100,0,3744.6,59.9994394166667,0.1088,0
1/30/20 2:54,180.333333333333,180.291666666667,0,0,4691.7,20.35,0,0,1.4,2,1864.93966666667,0,0,586.733455,59.2955605833333,8.25E-02,0,6.94762403888889,-1.19,100,0,3744.6,60,0.1088,0
1/30/20 2:59,180.416666666667,180.375,0,0,4691.7,20.35,0,0,1.4,2,1865.03966666667,0,0,585.344666666667,59.295,0.08378565,0,6.94877262777778,-1.19,100,0,3744.6,60,0.1088,0
1/30/20 3:04,180.5,180.458333333333,0,0,4691.7,20.35,0,0,1.44020055555556,2,1865.09946611111,0,0,583.944666666667,59.295,0.08209565,0,6.94782002777778,-1.19,100,0,3744.6,60,0.1088,0
1/30/20 3:09,180.583333333333,180.541666666667,0,0,4691.7,20.35,0,0,1.49946611111111,2,1865.14020055556,0,0,582.826070555556,59.295,8.08E-02,0,6.94818531111111,-1.19,100,0,3744.6,60,0.1088,0
1/30/20 3:14,180.666666666667,180.625,0,0,4691.7,20.35,0,0,1.5,2,1865.23966666667,0,0,582.966545,59.295,8.28E-02,0,6.94741268333333,-1.19,100,0,3744.6,60,0.1088,0
1/30/20 3:19,180.75,180.708333333333,0,0,4691.7,20.35,0,0,1.5,2,1865.33966666667,0,0,584.073929444445,59.295,8.32E-02,0,6.94799466111111,-1.19,100,0,3744.6,60,0.1088,0
1/30/20 3:24,180.833333333333,180.791666666667,0,0,4691.7,20.35,0,0,1.5,2,1865.43966666667,0,0,584.777666666667,59.295,8.14E-02,0,6.94840200555556,-1.19,100,0,3744.6,60,0.1088,0
1/30/20 3:29,180.916666666667,180.875,0,0,4691.7,20.35,0,0,1.5,2,1865.53966666667,0,0,585.196262777778,59.3372105833333,8.05E-02,0,6.94778864444444,-1.19,100,0,3744.6,60,0.1088,0
1/30/20 3:34,181,180.958333333333,0,0,4691.7,20.35,0,0,1.5,2,1865.59946611111,0,0,585.2,59.27883775,8.11E-02,0,6.94722203333333,-1.19,100,0,3744.6,60,0.1088,0
1/30/20 3:39,181.083333333333,181.041666666667,0,0,4691.7,20.35,0,0,1.5,2,1865.64020055556,0,0,585.2,59.17999275,8.30E-02,0,6.94777796666667,-1.19,100,0,3744.6,60,0.1088,0
1/30/20 3:44,181.166666666667,181.125,0,0,4691.7,20.35,0,0,1.5,2,1865.73966666667,0,0,585.481403888889,59.2879288333333,8.35E-02,0,6.94722203333333,-1.19,100,0,3744.6,60,0.1088,0
1/30/20 3:49,181.25,181.208333333333,0,0,4691.7,20.35,0,0,1.5,2,1865.83966666667,0,0,585.896262777778,59.2861101666667,8.26E-02,0,6.94777796666667,-1.19,100,0,3744.6,60,0.1088,0
1/30/20 3:54,181.333333333333,181.291666666667,0,0,4691.7,20.35,0,0,1.5,2,1865.93966666667,0,0,585.9,59.2949199166667,8.25E-02,0,6.94682002777778,-1.19,100,0,3744.6,60,0.106227164444444,0
1/30/20 3:59,181.416666666667,181.375,0,0,4691.7,20.35,0,0,1.5,2,1865.99946611111,0,0,585.9,59.27690975,8.22E-02,0,6.94718531111111,-1.19,100,0,3744.6,60,0.105007004444444,0
1/30/20 4:04,181.5,181.458333333333,0,0,4691.7,20.35,0,0,1.5,2,1866.04020055556,0,0,585.337192222222,59.2683305,8.28E-02,0,6.94681468888889,-1.19,100,0,3744.6,60,0.108765831111111,0
1/30/20 4:09,181.583333333333,181.541666666667,0,0,4691.7,20.35,0,0,1.5,2,1866.13966666667,0,0,583.944666666667,59.29475975,0.081619025,0,6.94798932222222,-1.19,100,0,3744.6,60,0.1088,0
1/30/20 4:14,181.666666666667,181.625,0,0,4691.7,20.35,0,0,1.5,2,1866.23966666667,0,0,582.826070555556,59.2588195,8.25E-02,0,6.94719598888889,-1.19,100,0,3744.6,60,0.1088,0
1/30/20 4:19,181.75,181.708333333333,0,0,4691.7,20.35,0,0,1.5,2,1866.33966666667,0,0,582.403737222222,59.241661,8.29E-02,0,6.94681468888889,-1.19,100,0,3744.6,60,0.1088,0
1/30/20 4:24,181.833333333333,181.791666666667,0,0,4691.7,20.35,0,0,1.5,2,1866.39946611111,0,0,582.4,59.2945195,8.23E-02,0,6.94798932222222,-1.19,100,0,3744.6,60,0.1088,0
1/30/20 4:29,181.916666666667,181.875,0,0,4691.7,20.35,0,0,1.5,2,1866.44020055556,0,0,582.681403888889,59.295,8.19E-02,0,6.948,-1.19,100,0,3744.6,60,0.1088,0
1/30/20 4:34,182,181.958333333333,0,0,4691.7,20.35,0,0,1.5,2,1866.53966666667,0,0,583.096262777778,59.295,8.32E-02,0,6.94719598888889,-1.19,100,0,3744.6,60,0.1088,0
1/30/20 4:39,182.083333333333,182.041666666667,0,0,4691.7,20.35,0,0,1.5,2,1866.63966666667,0,0,583.1,59.27690975,8.20E-02,0,6.94721669444444,-1.19,100,0,3744.6,60,0.1088,0
1/30/20 4:44,182.166666666667,182.125,0,0,4691.7,20.35,0,0,1.5,2,1866.73966666667,0,0,583.381403888889,59.2683305,8.26E-02,0,6.94777796666667,-1.19,100,0,3744.6,60,0.1088,0
1/30/20 4:49,182.25,182.208333333333,0,0,4691.7,20.35,0,0,1.5,2,1866.83966666667,0,0,584.077666666667,59.29475975,8.25E-02,0,6.94802604444444,-1.19,100,0,3744.6,60,0.1088,0
1/30/20 4:54,182.333333333333,182.291666666667,0,0,4691.7,20.35,0,0,1.5,2,1866.89946611111,0,0,584.496262777778,59.295,8.26E-02,0,6.94896995561093,-1.19,100,0,3744.6,60,0.1088,0
1/30/20 4:59,182.416666666667,182.375,0,0,4691.7,20.35,0,0,1.5,2,1866.93990222222,0,0,584.779315555556,59.295,8.38E-02,0,6.9472254166113,-1.19,100,0,3744.6,60,0.1088,0
1/30/20 5:04,182.5,182.458333333333,0,0,4691.7,20.35,0,0,1.5,2,1867.03933333333,0,0,585.196017777778,59.295,8.12E-02,0,6.94858391111111,-1.19,100,0,3744.6,60,0.1088,0
1/30/20 5:09,182.583333333333,182.541666666667,0,0,4691.7,20.35,0,0,1.5,2,1867.13933333333,0,0,584.920684444444,59.295,8.14E-02,0,6.94800568888889,-1.19,100,0,3744.6,60,0.1088,0
1/30/20 5:14,182.666666666667,182.625,0,0,4691.7,20.35,0,0,1.5,2,1867.23933333333,0,0,584.783297777778,59.295,8.29E-02,0,6.948,-1.19,100,0,3744.6,60,0.1088,0
1/30/20 5:19,182.75,182.708333333333,0,0,4691.7,20.35,0,0,1.5,2,1867.29943111111,0,0,584.358071111111,59.295,0.08141,0,6.948,-1.19,100,0,3744.6,60,0.1088,0
1/30/20 5:24,182.833333333333,182.791666666667,0,0,4691.7,20.35,0,0,1.5,2,1867.33990222222,0,0,582.832631111111,59.295,0.0817056,0,6.948,-1.19,100,0,3744.6,60,0.1088,0
1/30/20 5:29,182.916666666667,182.875,0,0,4691.7,20.35,0,0,1.5,2,1867.43933333333,0,0,582.124666666667,59.259088,8.31E-02,0,6.948,-1.19,100,0,3744.6,60,0.1088,0
1/30/20 5:34,183,182.958333333333,0,0,4691.7,20.35,0,0,1.5,2,1867.53933333333,0,0,581.424666666667,59.241424,0.0827052,0,6.948,-1.19,100,0,3744.6,60,0.1088,0
1/30/20 5:39,183.083333333333,183.041666666667,0,0,4691.7,20.35,0,0,1.5,2,1867.63933333333,0,0,581.283297777778,59.294488,8.26E-02,0,6.94720195555556,-1.19,100,0,3744.6,60,0.1088,0
1/30/20 5:44,183.166666666667,183.125,0,0,4691.7,20.35,0,0,1.5,2,1867.69943111111,0,0,581.975333333333,59.295,8.32E-02,0,6.94680942222222,-1.19,100,0,3744.6,60,0.1088,0
1/30/20 5:49,183.25,183.208333333333,0,0,4691.7,20.35,0,0,1.5,2,1867.73990222222,0,0,582.396017777778,59.295,0.0843844,0,6.94798862222222,-1.19,100,0,3744.6,60,0.1088,0
1/30/20 5:54,183.333333333333,183.291666666667,0,0,4691.7,20.35,0,0,1.5,2,1867.83933333333,0,0,582.4,59.295,8.13E-02,0,6.94839902222222,-1.19,100,0,3744.6,60,0.1088,0
1/30/20 5:59,183.416666666667,183.375,0,0,4691.7,20.35,0,0,1.5,2,1867.93933333333,0,0,582.679315555555,59.295,7.96E-02,0,6.94779724444445,-1.19,100,0,3744.6,60,0.1088,0
1/30/20 6:04,183.5,183.458333333333,0,0,4691.7,20.35,0,0,1.5,2,1868.03933333333,0,0,583.375333333333,59.295,8.22E-02,0,6.94721413333333,-1.19,100,0,3744.6,60,0.1088,0
1/30/20 6:09,183.583333333333,183.541666666667,0,0,4691.7,20.35,0,0,1.5,2,1868.13933333333,0,0,583.796017777778,59.295,8.19E-02,0,6.94858391111111,-1.19,100,0,3744.6,60,0.1088,0
1/30/20 6:14,183.666666666667,183.625,0,0,4691.7,20.35,0,0,1.5,2,1868.19943111111,0,0,583.8,59.295,8.26E-02,0,6.94800568888889,-1.19,100,0,3744.6,60,0.1088,0
1/30/20 6:19,183.75,183.708333333333,0,0,4691.7,20.35,0,0,1.5,2,1868.23990222222,0,0,583.8,59.295,8.38E-02,0,6.948,-1.19,100,0,3744.6,60,0.1088,0
1/30/20 6:24,183.833333333333,183.791666666667,0,0,4691.7,20.35,0,0,1.5,2,1868.33933333333,0,0,584.079315555556,59.295,8.20E-02,0,6.948,-1.19,100,0,3744.6,60,0.1088,0
1/30/20 6:29,183.916666666667,183.875,0,0,4691.7,20.35,0,0,1.5,2,1868.43933333333,0,0,583.937386666667,59.295,8.22E-02,0,6.948,-1.19,100,0,3744.6,60,0.1088,0
1/30/20 6:34,184,183.958333333333,0,0,4691.7,20.35,0,0,1.5,2,1868.53920076781,0,0,582.829576847545,59.295,0.082696003839055,0,6.947204606866,-1.19,100,0,3744.6,60,0.1088,0
1/30/20 6:39,184.083333333333,184.041666666667,0,0,4691.7,20.35,0,0,1.5,2,1868.59939700997,0,0,581.572515930233,59.2593555,8.26E-02,0,6.94680415980066,-1.19,100,0,3744.6,60,0.1088,0
1/30/20 6:44,184.166666666667,184.125,0,0,4691.7,20.35,0,0,1.5,2,1868.639605,0,0,580.03547,59.241189,0.082204075,0,6.9479879,-1.19,100,0,3744.6,60,0.1088,0
1/30/20 6:49,184.25,184.208333333333,0,0,4691.7,20.35,0,0,1.5,2,1868.739,0,0,580.158705,59.2944555,0.082893025,0,6.948,-1.19,100,0,3744.6,60,0.1088,0
1/30/20 6:54,184.333333333333,184.291666666667,0,0,4691.7,20.35,0,0,1.5,2,1868.839,0,0,580.99153,59.295,0.083295925,0,6.948,-1.19,100,0,3744.6,60,0.1088,0
1/30/20 6:59,184.416666666667,184.375,0,0,4691.7,20.35,0,0,1.5,2,1868.939,0,0,581,59.28905925,0.084191175,0,6.948,-1.19,100,0,3744.6,60,0.1088,0
1/30/20 7:04,184.5,184.458333333333,0,0,4691.7,20.35,0,0,1.5,2,1869.039,0,0,581.277235,59.25632775,0.084595675,0,6.9472079,-1.19,100,0,3744.6,60,0.1088,0
1/30/20 7:09,184.583333333333,184.541666666667,0,0,4691.7,20.35,0,0,1.5,2,1869.099395,0,0,581.973,59.25006675,0.0827192,0,6.9468042,-1.19,100,0,3744.6,60,0.1088,0
1/30/20 7:14,184.666666666667,184.625,0,0,4691.7,20.35,0,0,1.5,2,1869.139605,0,0,582.395765,59.29454625,0.083393025,0,6.94759185,-1.19,100,0,3744.6,60,0.1088,0
1/30/20 7:19,184.75,184.708333333333,0,0,4691.7,20.35,0,0,1.5,2,1869.239,0,0,582.95447,59.2593555,0.08320185,0,6.9474021,-1.19,100,0,3744.6,60,0.1088,0
1/30/20 7:24,184.833333333333,184.791666666667,0,0,4691.7,20.35,0,0,1.5,2,1869.339,0,0,583.514295,59.241189,0.0820121,0,6.94799395,-1.19,100,0,3744.6,60,0.1088,0
1/30/20 7:29,184.916666666667,184.875,0,0,4691.7,20.35,0,0,1.5,2,1869.439,0,0,583.38147,59.258811,0.08239605,0,6.94839605,-1.19,100,0,3744.6,60,0.1088,0
1/30/20 7:34,185,184.958333333333,0,0,4691.7,20.35,0,0,1.5,2,1869.499395,0,0,583.241295,59.2055445,0.08339,0,6.9485979,-1.19,100,0,3744.6,60,0.1088,0
1/30/20 7:39,185.083333333333,185.041666666667,0,0,4691.7,20.35,0,0,1.5,2,1869.539605,0,0,581.854,59.2406445,0.08240975,0,6.94800605,-1.19,100,0,3744.6,60,0.1088,0
1/30/20 7:44,185.166666666667,185.125,0,0,4691.7,20.35,0,0,1.539605,2,1869.639,0,0,580.731235,59.2944555,0.081410375,0,6.9472079,-1.19,100,0,3744.6,60,0.1088,0
1/30/20 7:49,185.25,185.208333333333,0,0,4691.7,20.35,0,0,1.599395,2,1869.739,0,0,580.027,59.2593555,0.083082775,0,6.94720025,-1.19,100,0,3744.6,60,0.1088,0
1/30/20 7:54,185.333333333333,185.291666666667,0,0,4691.7,20.35,0,0,1.6,2,1869.839,0,0,579.604235,59.241189,0.083100125,0,6.9477937,-1.19,100,0,3744.6,60,0.1088,0
1/30/20 7:59,185.416666666667,185.375,0,0,4691.7,20.35,0,0,1.6,2,1869.899395,0,0,579.877235,59.2944555,0.08339685,0,6.94681025,-1.19,100,0,3744.6,60,0.1088,0
1/30/20 8:04,185.5,185.458333333333,0,0,4691.7,20.35,0,0,1.6,2,1869.939605,0,0,580.573,59.26529625,0.08231105,0,6.9471958,-1.19,100,0,3744.6,60,0.1088,0
1/30/20 8:09,185.583333333333,185.541666666667,0,0,4691.7,20.35,0,0,1.6,2,1870.039,0,0,580.995765,59.2501575,0.08140895,0,6.94720025,-1.19,100,0,3744.6,60,0.1088,0
1/30/20 8:14,185.666666666667,185.625,0,0,4691.7,20.35,0,0,1.6,2,1870.139,0,0,581.277235,59.29454625,0.08189525,0,6.9485858,-1.19,100,0,3744.6,60,0.1088,0
1/30/20 8:19,185.75,185.708333333333,0,0,4691.7,20.35,0,0,1.6,2,1870.239,0,0,581.695765,59.295,0.082790675,0,6.9484021,-1.19,100,0,3744.6,60,0.1088,0
1/30/20 8:24,185.833333333333,185.791666666667,0,0,4691.7,20.35,0,0,1.6,2,1870.339,0,0,581.7,59.295,0.0822063,0,6.9485979,-1.19,100,0,3744.6,60,0.1088,0
1/30/20 8:29,185.916666666667,185.875,0,0,4691.7,20.35,0,0,1.6,2,1870.399395,0,0,581.7,59.295,0.0835858,0,6.94800605,-1.19,100,0,3744.6,60,0.1088,0
1/30/20 8:34,186,185.958333333333,0,0,4691.7,20.35,0,0,1.6,2,1870.439605,0,0,581.7,59.2593555,0.08300605,0,6.948,-1.19,100,0,3744.6,60,0.1088,0
1/30/20 8:39,186.083333333333,186.041666666667,0,0,4691.7,20.35,0,0,1.6,2,1870.539,0,0,581.977235,59.2055445,0.083198025,0,6.94760395,-1.19,100,0,3744.6,60,0.1088,0
1/30/20 8:44,186.166666666667,186.125,0,0,4691.7,20.35,0,0,1.6,2,1870.639,0,0,582.673,59.23470375,0.082704875,0,6.9474021,-1.19,100,0,3744.6,60,0.1088,0
1/30/20 8:49,186.25,186.208333333333,0,0,4691.7,20.35,0,0,1.6,2,1870.739,0,0,582.26406,59.20825725,0.081710125,0,6.94799395,-1.19,100,0,3744.6,60,0.1088,0
1/30/20 8:54,186.333333333333,186.291666666667,0,0,4691.7,20.35,0,0,1.6,2,1870.799395,0,0,580.73547,59.14267425,0.082789075,0,6.948,-1.19,100,0,3744.6,60,0.1088,0
1/30/20 8:59,186.416666666667,186.375,0,0,4691.7,20.35,0,0,1.6,2,1870.839605,0,0,579.749765,59.20436475,0.08200765,0,6.948,-1.19,100,0,3744.6,60,0.1088,0
1/30/20 9:04,186.5,186.458333333333,0,0,4691.7,20.35,0,0,1.6,2,1870.939,0,0,578.631235,59.205,0.080812475,0,6.948,-1.19,100,0,3744.6,60,0.1088,0
1/30/20 9:09,186.583333333333,186.541666666667,0,0,4691.7,20.35,0,0,1.6,2,1871.039,0,0,578.48147,59.205,0.082284625,0,6.948,-1.19,100,0,3744.6,60,0.1088,0
1/30/20 9:14,186.666666666667,186.625,0,0,4691.7,20.35,0,0,1.6,2,1871.139,0,0,579.173,59.205,0.081112225,0,6.948,-1.19,100,0,3744.6,60,0.1088,0
1/30/20 9:19,186.75,186.708333333333,0,0,4691.7,20.35,0,0,1.6,2,1871.199395,0,0,579.595765,59.1218295,0.0817929,0,6.94839605,-1.19,100,0,3744.6,60,0.1088,0
1/30/20 9:24,186.833333333333,186.791666666667,0,0,4691.7,20.35,0,0,1.6,2,1871.239605,0,0,579.877235,59.03785575,0.08249315,0,6.9485979,-1.19,100,0,3744.6,60,0.1088,0
1/30/20 9:29,186.916666666667,186.875,0,0,4691.7,20.35,0,0,1.6,2,1871.339,0,0,580.573,59.14095,0.08378685,0,6.9484021,-1.19,100,0,3744.6,60,0.1088,0
1/30/20 9:34,187,186.958333333333,0,0,4691.7,20.35,0,0,1.6,2,1871.439,0,0,580.995765,59.1627795,0.08370105,0,6.9485979,-1.19,100,0,3744.6,60,0.1088,0
1/30/20 9:39,187.083333333333,187.041666666667,0,0,4691.7,20.35,0,0,1.6,2,1871.539,0,0,581.277235,59.10063525,0.08300685,0,6.94800605,-1.19,100,0,3744.6,60,0.1088,0
1/30/20 9:44,187.166666666667,187.125,0,0,4691.7,20.35,0,0,1.6,2,1871.639,0,0,581.41853,59.1118815,0.08250525,0,6.948,-1.19,100,0,3744.6,60,0.1088,0
1/30/20 9:49,187.25,187.208333333333,0,0,4691.7,20.35,0,0,1.6,2,1871.699395,0,0,581.28147,59.117937,0.0833908,0,6.948,-1.19,100,0,3744.6,60,0.1088,0
1/30/20 9:54,187.333333333333,187.291666666667,0,0,4691.7,20.35,0,0,1.6,2,1871.739605,0,0,581.695765,59.14176675,0.082905125,0,6.94760395,-1.19,100,0,3744.6,60,0.1088,0
1/30/20 9:59,187.416666666667,187.375,0,0,4691.7,20.35,0,0,1.6,2,1871.839,0,0,581.14553,59.1627795,0.08428605,0,6.94779815,-1.19,100,0,3744.6,60,0.1088,0
1/30/20 10:04,187.5,187.458333333333,0,0,4691.7,20.35,0,0,1.6,2,1871.939,0,0,580.031235,59.1422205,0.08271555,0,6.94779975,-1.19,100,0,3744.6,60,0.1088,0
1/30/20 10:09,187.583333333333,187.541666666667,0,0,4691.7,20.35,0,0,1.6,2,1872.039,0,0,579.049765,59.1627795,0.08012655,0,6.9472063,-1.19,100,0,3744.6,60,0.1088,0
1/30/20 10:14,187.666666666667,187.625,0,0,4691.7,20.35,0,0,1.6,2,1872.099395,0,0,578.485705,59.10063525,0.081881725,0,6.9477937,-1.19,100,0,3744.6,60,0.1088,0
1/30/20 10:19,187.75,187.708333333333,0,0,4691.7,20.35,0,0,1.6,2,1872.139605,0,0,579.173,59.14158525,0.081405125,0,6.9472063,-1.19,100,0,3744.6,60,0.1088,0
1/30/20 10:24,187.833333333333,187.791666666667,0,0,4691.7,20.35,0,0,1.6,2,1872.239,0,0,579.595765,59.20436475,0.082191975,0,6.9485858,-1.19,100,0,3744.6,60,0.1088,0
1/30/20 10:29,187.916666666667,187.875,0,0,4691.7,20.35,0,0,1.6,2,1872.339,0,0,579.6,59.16341475,0.082695,0,6.9484021,-1.19,100,0,3744.6,60,0.1088,0
1/30/20 10:34,188,187.958333333333,0,0,4691.7,20.35,0,0,1.6,2,1872.439,0,0,580.15447,59.1422205,0.08279895,0,6.9478058,-1.19,100,0,3744.6,60,0.1088,0
1/30/20 10:39,188.083333333333,188.041666666667,0,0,4691.7,20.35,0,0,1.6,2,1872.499395,0,0,580.99153,59.20436475,0.082503025,0,6.9472063,-1.19,100,0,3744.6,60,0.1088,0
1/30/20 10:44,188.166666666667,188.125,0,0,4691.7,20.35,0,0,1.6,2,1872.539605,0,0,581,59.1931185,0.0825,0,6.9485858,-1.19,100,0,3744.6,60,0.1088,0
1/30/20 10:49,188.25,188.208333333333,0,0,4691.7,20.35,0,0,1.6,2,1872.639,0,0,581.277235,59.14547775,0.083886175,0,6.9484021,-1.19,100,0,3744.6,60,0.1088,0
1/30/20 10:54,188.333333333333,188.291666666667,0,0,4691.7,20.35,0,0,1.6,2,1872.739,0,0,581.695765,59.10045375,0.083998575,0,6.9485979,-1.19,100,0,3744.6,60,0.1088,0
1/30/20 10:59,188.416666666667,188.375,0,0,4691.7,20.35,0,0,1.6,2,1872.839,0,0,581.14553,59.1,0.080832225,0,6.94800605,-1.19,100,0,3744.6,60,0.1088,0
1/30/20 11:04,188.5,188.458333333333,0,0,4691.7,20.35,0,0,1.6,2,1872.939,0,0,579.754,59.1,0.0810971,0,6.9472079,-1.19,100,0,3744.6,60,0.1088,0
1/30/20 11:09,188.583333333333,188.541666666667,0,0,4691.7,20.35,0,0,1.6,2,1872.999395,0,0,578.90847,59.1118815,0.08218895,0,6.9468042,-1.19,100,0,3744.6,60,0.1088,0
1/30/20 11:14,188.666666666667,188.625,0,0,4691.7,20.35,0,0,1.6,2,1873.039605,0,0,578.34553,59.13575925,0.08309105,0,6.9479879,-1.19,100,0,3744.6,60,0.1088,0
1/30/20 11:19,188.75,188.708333333333,0,0,4691.7,20.35,0,0,1.6,2,1873.139,0,0,577.785705,59.127087,0.083198825,0,6.94839605,-1.19,100,0,3744.6,60,0.1088,0
1/30/20 11:24,188.833333333333,188.791666666667,0,0,4691.7,20.35,0,0,1.6,2,1873.239,0,0,578.195765,59.11215375,0.083002225,0,6.94899395,-1.19,100,0,3744.6,60,0.1088,0
1/30/20 11:29,188.916666666667,188.875,0,0,4691.7,20.35,0,0,1.6,2,1873.339,0,0,578.477235,59.15952225,0.0838908,0,6.94860395,-1.19,100,0,3744.6,60,0.1088,0
1/30/20 11:34,189,188.958333333333,0,0,4691.7,20.35,0,0,1.6,2,1873.399395,0,0,579.173,59.20454625,0.0832071,0,6.94800605,-1.19,100,0,3744.6,60,0.1088,0
1/30/20 11:39,189.083333333333,189.041666666667,0,0,4691.7,20.35,0,0,1.6,2,1873.439605,0,0,579.873,59.181237,0.083695,0,6.948,-1.19,100,0,3744.6,60,0.1088,0
1/30/20 11:44,189.166666666667,189.125,0,0,4691.7,20.35,0,0,1.6,2,1873.539,0,0,580.573,59.31764475,0.083204875,0,6.948,-1.19,100,0,3744.6,60,0.1088,0
1/30/20 11:49,189.25,189.208333333333,0,0,4691.7,20.35,0,0,1.6,2,1873.639,0,0,580.995765,59.4288495,0.0828042,0,6.94839605,-1.19,100,0,3744.6,60,0.1088,0
1/30/20 11:54,189.333333333333,189.291666666667,0,0,4691.7,20.35,0,0,1.6,2,1873.739,0,0,581,59.20726875,0.083393825,0,6.9485979,-1.19,100,0,3744.6,60,0.1088,0
1/30/20 11:59,189.416666666667,189.375,0,0,4691.7,20.35,0,0,1.6,2,1873.799395,0,0,580.44553,59.23470375,0.0827071,0,6.94800605,-1.19,100,0,3744.6,60,0.1088,0
1/30/20 12:04,189.5,189.458333333333,0,0,4691.7,20.35,0,0,1.6,2,1873.839605,0,0,579.054,59.2498425,0.082996975,0,6.94839605,-1.19,100,0,3744.6,60,0.1088,0
1/30/20 12:09,189.583333333333,189.541666666667,0,0,4691.7,20.35,0,0,1.6,2,1873.939,0,0,577.931235,59.20545375,0.0822079,0,6.9485979,-1.19,100,0,3744.6,60,0.1088,0
1/30/20 12:14,189.666666666667,189.625,0,0,4691.7,20.35,0,0,1.6,2,1874.039,0,0,577.227,59.205,0.082002225,0,6.94800605,-1.19,100,0,3744.6,60,0.1088,0
1/30/20 12:19,189.75,189.708333333333,0,0,4691.7,20.35,0,0,1.6,2,1874.139,0,0,577.358705,59.205,0.082692775,0,6.948,-1.19,100,0,3744.6,60,0.1088,0
1/30/20 12:24,189.833333333333,189.791666666667,0,0,4691.7,20.35,0,0,1.6,2,1874.239,0,0,578.19153,59.2406445,0.081710125,0,6.948,-1.19,100,0,3744.6,60,0.1088,0
1/30/20 12:29,189.916666666667,189.875,0,0,4691.7,20.35,0,0,1.6,2,1874.299395,0,0,578.477235,59.258811,0.082789075,0,6.948,-1.19,100,0,3744.6,60,0.1088,0
1/30/20 12:34,190,189.958333333333,0,0,4691.7,20.35,0,0,1.6,2,1874.339605,0,0,578.895765,59.2055445,0.08359185,0,6.948,-1.19,100,0,3744.6,60,0.1088,0
1/30/20 12:39,190.083333333333,190.041666666667,0,0,4691.7,20.35,0,0,1.6,2,1874.439,0,0,578.9,59.205,0.08221395,0,6.94839605,-1.19,100,0,3744.6,60,0.1088,0
1/30/20 12:44,190.166666666667,190.125,0,0,4691.7,20.35,0,0,1.6,2,1874.539,0,0,579.177235,59.205,0.08220025,0,6.94899395,-1.19,100,0,3744.6,60,0.1088,0
1/30/20 12:49,190.25,190.208333333333,0,0,4691.7,20.35,0,0,1.6,2,1874.639,0,0,579.873,59.205,0.08239765,0,6.949,-1.19,100,0,3744.6,60,0.1088,0
1/30/20 12:54,190.333333333333,190.291666666667,0,0,4691.7,20.35,0,0,1.6,2,1874.699395,0,0,580.295765,59.205,0.0808163,0,6.94860395,-1.19,100,0,3744.6,60,0.1088,0
1/30/20 12:59,190.416666666667,190.375,0,0,4691.7,20.35,0,0,1.6,2,1874.739605,0,0,579.74553,59.205,0.0819879,0,6.9484021,-1.19,100,0,3744.6,60,0.1088,0
1/30/20 13:04,190.5,190.458333333333,0,0,4691.7,20.35,0,0,1.6,2,1874.839,0,0,578.631235,59.2406445,0.0835842,0,6.9485979,-1.19,100,0,3744.6,60,0.1088,0
1/30/20 13:09,190.583333333333,190.541666666667,0,0,4691.7,20.35,0,0,1.6,2,1874.939,0,0,577.927,59.258811,0.083797525,0,6.94800605,-1.19,100,0,3744.6,60,0.1088,0
1/30/20 13:14,190.666666666667,190.625,0,0,4691.7,20.35,0,0,1.6,2,1875.039,0,0,576.949765,59.2055445,0.082117475,0,6.948,-1.19,100,0,3744.6,60,0.11133472,0
1/30/20 13:19,190.75,190.708333333333,0,0,4691.7,20.35,0,0,1.6,2,1875.099395,0,0,576.66294,59.205,0.0836837,0,6.94839605,-1.19,100,0,3744.6,60,0.11262656,0
1/30/20 13:24,190.833333333333,190.791666666667,0,0,4691.7,20.35,0,0,1.6,2,1875.139605,0,0,577.49153,59.205,0.082314075,0,6.9485979,-1.19,100,0,3744.6,60,0.10883872,0
1/30/20 13:29,190.916666666667,190.875,0,0,4691.7,20.35,0,0,1.6,2,1875.239,0,0,577.777235,59.205,0.0825971,0,6.94800605,-1.19,100,0,3744.6,60,0.1088,0
1/30/20 13:34,191,190.958333333333,0,0,4691.7,20.35,0,0,1.6,2,1875.339,0,0,578.473,59.205,0.082698825,0,6.948,-1.19,100,0,3744.6,60,0.1088,0
1/30/20 13:39,191.083333333333,191.041666666667,0,0,4691.7,20.35,0,0,1.6,2,1875.439,0,0,579.173,59.22282225,0.0815121,0,6.94839605,-1.19,100,0,3744.6,60,0.1088,0
1/30/20 13:44,191.166666666667,191.125,0,0,4691.7,20.35,0,0,1.6,2,1875.539,0,0,579.595765,59.2319055,0.080509875,0,6.9485979,-1.19,100,0,3744.6,60,0.11133472,0
1/30/20 13:49,191.25,191.208333333333,0,0,4691.7,20.35,0,0,1.6,2,1875.599395,0,0,579.322765,59.211213,0.079807225,0,6.9484021,-1.19,100,0,3744.6,60,0.11262656,0
1/30/20 13:54,191.333333333333,191.291666666667,0,0,4691.7,20.35,0,0,1.6,2,1875.639605,0,0,579.458705,59.2139685,0.0825721,0,6.9485979,-1.19,100,0,3744.6,60,0.10883872,0
1/30/20 13:59,191.416666666667,191.375,0,0,4691.7,20.35,0,0,1.639605,2,1875.739,0,0,580.014295,59.20509075,0.08457975,0,6.9484021,-1.19,100,0,3744.6,60,0.1088,0
1/30/20 14:04,191.5,191.458333333333,0,0,4691.7,20.35,0,0,1.699395,2,1875.839,0,0,579.327,59.205,0.083808025,0,6.9485979,-1.19,100,0,3744.6,60,0.11133472,0
1/30/20 14:09,191.583333333333,191.541666666667,0,0,4691.7,20.35,0,0,1.7,2,1875.939,0,0,578.349765,59.205,0.0825129,0,6.9484021,-1.19,100,0,3744.6,60,0.11516128,0
1/30/20 14:14,191.666666666667,191.625,0,0,4691.7,20.35,0,0,1.7,2,1875.999395,0,0,577.231235,59.205,0.082599325,0,6.9485979,-1.19,100,0,3744.6,60,0.1152,0
1/30/20 14:19,191.75,191.708333333333,0,0,4691.7,20.35,0,0,1.7,2,1876.039605,0,0,576.527,59.205,0.0841837,0,6.94800605,-1.19,100,0,3744.6,60,0.1152,0
1/30/20 14:24,191.833333333333,191.791666666667,0,0,4691.7,20.35,0,0,1.7,2,1876.139,0,0,576.104235,59.205,0.082814075,0,6.94839605,-1.19,100,0,3744.6,60,0.1152,0
1/30/20 14:29,191.916666666667,191.875,0,0,4691.7,20.35,0,0,1.7,2,1876.239,0,0,576.377235,59.1931185,0.082503025,0,6.9485979,-1.19,100,0,3744.6,60,0.1152,0
1/30/20 14:34,192,191.958333333333,0,0,4691.7,20.35,0,0,1.7,2,1876.339,0,0,576.795765,59.187063,0.082301975,0,6.9484021,-1.19,100,0,3744.6,60,0.1152,0
1/30/20 14:39,192.083333333333,192.041666666667,0,0,4691.7,20.35,0,0,1.7,2,1876.399395,0,0,577.077235,59.2048185,0.08220105,0,6.9485979,-1.19,100,0,3744.6,60,0.1152,0
1/30/20 14:44,192.166666666667,192.125,0,0,4691.7,20.35,0,0,1.7,2,1876.439605,0,0,577.773,59.205,0.083289075,0,6.94800605,-1.19,100,0,3744.6,60,0.1152,0
1/30/20 14:49,192.25,192.208333333333,0,0,4691.7,20.35,0,0,1.7,2,1876.539,0,0,578.195765,59.205,0.083497775,0,6.948,-1.19,100,0,3744.6,60,0.1152,0
1/30/20 14:54,192.333333333333,192.291666666667,0,0,4691.7,20.35,0,0,1.7,2,1876.639,0,0,578.477235,59.205,0.08221315,0,6.948,-1.19,100,0,3744.6,60,0.1152,0
1/30/20 14:59,192.416666666667,192.375,0,0,4691.7,20.35,0,0,1.7,2,1876.739,0,0,578.895765,59.205,0.082496975,0,6.948,-1.19,100,0,3744.6,60,0.1152,0
1/30/20 15:04,192.5,192.458333333333,0,0,4691.7,20.35,0,0,1.7,2,1876.839,0,0,578.9,59.205,0.082301975,0,6.94839605,-1.19,100,0,3744.6,60,0.1152,0
1/30/20 15:09,192.583333333333,192.541666666667,0,0,4691.7,20.35,0,0,1.7,2,1876.899395,0,0,578.34553,59.2406445,0.08140895,0,6.94899395,-1.19,100,0,3744.6,60,0.1152,0
1/30/20 15:14,192.666666666667,192.625,0,0,4691.7,20.35,0,0,1.7,0.856666666666667,1876.939605,0,0,577.231235,59.472678,2.87E-02,0,6.94464345,-1.19,211,0,3744.6,59.92277025,0.1152,0
1/30/20 15:19,192.75,192.708333333333,0,0,4691.7,20.35,0.000635,6.09E-02,1.7,0,1876.999395,0,0,576.249765,59.68287,0,0,6.95945325,-1.19,300,0,3744.6,59.8834095,0.1152,0
1/30/20 15:24,192.833333333333,192.791666666667,0,0,4691.7,20.35,0,1.77148196666667,1.7,0,1877,0,0,575.40847,59.75630775,0,0,7.16283280248756,-1.19,300,0,3744.6,59.957235,0.1152,0
1/30/20 15:29,192.916666666667,192.875,0,0,4691.7,20.35,0,1.867406425,1.7,0,1877,0,0,575.122765,59.8371495,0,0,7.43332286930731,-1.19,300,0,3744.6,59.9372205,0.1152,0
1/30/20 15:34,193,192.958333333333,0,0,4691.7,20.35,0,1.864825375,1.7,0,1877,0,0,575.258705,59.83508025,0,0,7.5850772948718,-1.19,300,0,3744.6,59.99936475,0.1152,0
1/30/20 15:39,193.083333333333,193.041666666667,0,0,4691.7,20.35,0,1.864997775,1.7,0,1877,0,0,575.814295,60.19137,0,0,7.68432723333333,-1.19,300,0,3744.6,59.95841475,0.1152,0
1/30/20 15:44,193.166666666667,193.125,0,0,4691.7,20.35,0,1.8649013,1.7,0,1877,0,0,575.68147,60.0405405,0,0,7.7537069,-1.19,300,0,3744.6,59.9372205,0.1152,0
1/30/20 15:49,193.25,193.208333333333,0,0,4691.7,20.35,0,1.866582775,1.7,0,1877,0,0,576.373,59.843004,0,0,7.8042953,-1.19,300,0,3744.6,59.99936475,0.1152,0
1/30/20 15:54,193.333333333333,193.291666666667,0,0,4691.7,20.35,0,1.865808025,1.7,0,1877,0,0,577.073,60.025152,0,0,7.838459,-1.19,185,0,3744.6,59.95841475,0.1152,0
1/30/20 15:59,193.416666666667,193.375,0,0,4691.7,20.35,0,1.865899075,1.7,0,1877,0,0,577.21853,60.13389225,0,0,7.85622345,-1.19,100,0,3744.6,59.9372205,0.11266528,0
1/30/20 16:04,193.5,193.458333333333,0,0,4691.7,20.35,0,1.865899875,1.7,0,1877,0,0,577.358705,60.13205775,0,0,7.86729,-1.19,100,0,3744.6,59.99936475,0.10883872,0
1/30/20 16:09,193.583333333333,193.541666666667,0,0,4691.7,20.35,0,1.865405125,1.7,0,1877,0,0,577.63706,60.197307,0,0,7.87829,-1.19,100,0,3744.6,60,0.1088,0
1/30/20 16:14,193.666666666667,193.625,0,0,4691.7,20.35,0,1.86599395,1.7,0,1877,0,0,576.80847,60.01981875,0,0,7.88810185,-1.19,100,0,3744.6,59.95841475,0.1088,0
1/30/20 16:19,193.75,193.708333333333,0,0,4691.7,20.35,0,1.86639605,1.7,0,1877,0,0,576.522765,60.0269055,0,0,7.89612,-1.19,100,0,3744.6,59.9372205,0.1088,0
1/30/20 16:24,193.833333333333,193.791666666667,0,0,4691.7,20.35,0,1.86699395,1.7,0,1877,0,0,576.104235,60.077502,0,0,7.9033279,-1.19,100,0,3744.6,59.99936475,0.1088,0
1/30/20 16:29,193.916666666667,193.875,0,0,4691.7,20.35,0,1.8662079,1.7,0,1877,0,0,575.822765,60.15817575,0,0,7.90894395,-1.19,100,0,3744.6,60,0.1088,0
1/30/20 16:34,194,193.958333333333,0,0,4691.7,20.35,0,1.865210125,1.7,0,1877,0,0,575.958705,60.1055445,0,0,7.9131579,-1.19,100,0,3744.6,60,0.1088,0
1/30/20 16:39,194.083333333333,194.041666666667,0,0,4691.7,20.35,0,1.865695,1.7,0,1877,0,0,576.79153,60.105,0,0,7.9169621,-1.19,100,0,3744.6,60,0.1088,0
1/30/20 16:44,194.166666666667,194.125,0,0,4691.7,20.35,0,1.865996975,1.7,0,1877,0,0,577.077235,60.1406445,0,0,7.92076185,-1.19,100,0,3744.6,60,0.1088,0
1/30/20 16:49,194.25,194.208333333333,0,0,4691.7,20.35,0,1.865801975,1.7,0,1877,0,0,577.773,60.158811,0,0,7.92317605,-1.19,100,0,3744.6,60,0.1088,0
1/30/20 16:54,194.333333333333,194.291666666667,0,0,4691.7,20.35,0,1.865503025,1.7,0,1877,0,0,577.91853,60.1055445,0,0,7.92617,-1.19,100,0,3744.6,60,0.1088,0
1/30/20 16:59,194.416666666667,194.375,0,0,4691.7,20.35,0,1.8655,1.7,0,1877,0,0,577.78147,60.1406445,0,0,7.92917,-1.19,100,0,3744.6,60,0.1088,0
1/30/20 17:04,194.5,194.458333333333,0,0,4691.7,20.35,0,1.8662921,1.7,0,1877,0,0,578.195765,60.158811,0,0,7.93177395,-1.19,100,0,3744.6,60,0.1088,0
1/30/20 17:09,194.583333333333,194.541666666667,0,0,4691.7,20.35,0,1.86709185,1.7,0,1877,0,0,577.368295,60.1055445,0,0,7.93338395,-1.19,100,0,3744.6,60,0.1088,0
1/30/20 17:14,194.666666666667,194.625,0,0,4691.7,20.35,0,1.866308025,1.7,0,1877,0,0,576.112705,60.105,0,0,7.93399395,-1.19,100,0,3744.6,60,0.1088,0
1/30/20 17:19,194.75,194.708333333333,0,0,4691.7,20.35,0,1.865606975,1.7,0,1877,0,0,575.822765,60.105,0,0,7.934,-1.19,100,0,3744.6,60,0.1088,0
1/30/20 17:24,194.833333333333,194.791666666667,0,0,4691.7,20.35,0,1.865996175,1.7,0,1877,0,0,575.127,60.105,0,0,7.93360395,-1.19,100,0,3744.6,60,0.1088,0
1/30/20 17:29,194.916666666667,194.875,0,0,4691.7,20.35,0,1.867880925,1.7,0,1877,0,0,574.98147,60.105,0,0,7.93300605,-1.19,100,0,3744.6,60,0.1088,0
1/30/20 17:34,195,194.958333333333,0,0,4691.7,20.35,0,1.8673058,1.7,0,1877,0,0,575.673,60.105,0,0,7.933,-1.19,100,0,3744.6,60,0.1088,0
1/30/20 17:39,195.083333333333,195.041666666667,0,0,4691.7,20.35,0,1.865716175,1.7,0,1877,0,0,576.373,60.105,0,0,7.933,-1.19,100,0,3744.6,60,0.1088,0
1/30/20 17:44,195.166666666667,195.125,0,0,4691.7,20.35,0,1.866195,1.7,0,1877,0,0,576.795765,60.105,0,0,7.933,-1.19,100,0,3744.6,60,0.1088,0
1/30/20 17:49,195.25,195.208333333333,0,0,4691.7,20.35,0,1.865704875,1.7,0,1877,0,0,577.077235,60.105,0,0,7.933,-1.19,100,0,3744.6,60,0.1088,0
1/30/20 17:54,195.333333333333,195.291666666667,0,0,4691.7,20.35,0,1.86570025,1.7,0,1877,0,0,577.495765,60.105,0,0,7.93339605,-1.19,100,0,3744.6,60,0.1088,0
1/30/20 17:59,195.416666666667,195.375,0,0,4691.7,20.35,0,1.86668975,1.7,0,1877,0,0,577.5,60.1406445,0,0,7.93399395,-1.19,100,0,3744.6,60,0.1088,0
1/30/20 18:04,195.5,195.458333333333,0,0,4691.7,20.35,0,1.86590815,1.7,0,1877,0,0,577.777235,60.18851475,0,0,7.93360395,-1.19,100,0,3744.6,60,0.1088,0
1/30/20 18:09,195.583333333333,195.541666666667,0,0,4691.7,20.35,0,1.866691975,1.7,0,1877,0,0,577.91853,60.150387,0,0,7.93221395,-1.19,100,0,3744.6,60,0.1088,0
1/30/20 18:14,195.666666666667,195.625,0,0,4691.7,20.35,0,1.8664029,1.7,0,1877,0,0,576.949765,60.10545375,0,0,7.93061605,-1.19,100,0,3744.6,60,0.1088,0
1/30/20 18:19,195.75,195.708333333333,0,0,4691.7,20.35,0,1.865509075,1.7,0,1877,0,0,575.831235,60.0218295,0,0,7.93000605,-1.19,100,0,3744.6,60,0.1088,0
1/30/20 18:24,195.833333333333,195.791666666667,0,0,4691.7,20.35,0,1.866094075,1.7,0,1877,0,0,575.404235,59.979441,0,0,7.93,-1.19,100,0,3744.6,60,0.1088,0
1/30/20 18:29,195.916666666667,195.875,0,0,4691.7,20.35,0,1.867386975,1.7,0,1877,0,0,575.122765,60.06214425,0,0,7.93039605,-1.19,100,0,3744.6,60,0.1088,0
1/30/20 18:34,196,195.958333333333,0,0,4691.7,20.35,0,1.867399875,1.7,0,1877,0,0,574.98147,60.0422205,0,0,7.93178605,-1.19,100,0,3744.6,60,0.1088,0
1/30/20 18:39,196.083333333333,196.041666666667,0,0,4691.7,20.35,0,1.86631105,1.7,0,1877,0,0,575.673,60.10436475,0,0,7.9329879,-1.19,100,0,3744.6,60,0.1088,0
1/30/20 18:44,196.166666666667,196.125,0,0,4691.7,20.35,0,1.866003025,1.7,0,1877,0,0,576.095765,60.105,0,0,7.933,-1.19,100,0,3744.6,60,0.1088,0
1/30/20 18:49,196.25,196.208333333333,0,0,4691.7,20.35,0,1.866198025,1.7,0,1877,0,0,576.377235,60.105,0,0,7.933,-1.19,100,0,3744.6,60,0.1088,0
1/30/20 18:54,196.333333333333,196.291666666667,0,0,4691.7,20.35,0,1.866496975,1.7,0,1877,0,0,576.795765,60.105,0,0,7.93181185,-1.19,100,0,3744.6,60,0.1088,0
1/30/20 18:59,196.416666666667,196.375,0,0,4691.7,20.35,0,1.867094075,1.7,0,1877,0,0,577.077235,60.105,0,0,7.92922605,-1.19,100,0,3744.6,60,0.1088,0
1/30/20 19:04,196.5,196.458333333333,0,0,4691.7,20.35,0,1.86739685,1.7,0,1877,0,0,577.495765,60.0931185,0,0,7.92722,-1.19,100,0,3744.6,60,0.1088,0
1/30/20 19:09,196.583333333333,196.541666666667,0,0,4691.7,20.35,0,1.86710315,1.7,0,1877,0,0,577.777235,60.087063,0,0,7.9260121,-1.19,100,0,3744.6,60,0.1088,0
1/30/20 19:14,196.666666666667,196.625,0,0,4691.7,20.35,0,1.86739685,1.7,0,1877,0,0,578.473,60.11075925,0,0,7.926,-1.19,100,0,3744.6,60,0.1088,0
1/30/20 19:19,196.75,196.708333333333,0,0,4691.7,20.35,0,1.866905125,1.7,0,1877,0,0,578.341295,60.1139685,0,0,7.926,-1.19,100,0,3744.6,60,0.1088,0
1/30/20 19:24,196.833333333333,196.791666666667,0,0,4691.7,20.35,0,1.866899875,1.7,0,1877,0,0,576.954,60.075387,0,0,7.926,-1.19,100,0,3744.6,60,0.1088,0
1/30/20 19:29,196.916666666667,196.875,0,0,4691.7,20.35,0,1.8662071,1.7,0,1877,0,0,575.831235,60.01857225,0,0,7.92560395,-1.19,100,0,3744.6,60,0.1088,0
1/30/20 19:34,197,196.958333333333,0,0,4691.7,20.35,0,1.866496975,1.7,0,1877,0,0,575.127,60.04176675,0,0,7.92421395,-1.19,100,0,3744.6,60,0.1088,0
1/30/20 19:39,197.083333333333,197.041666666667,0,0,4691.7,20.35,0,1.86610395,1.7,0,1877,0,0,574.98147,60.0627795,0,0,7.92182395,-1.19,100,0,3744.6,60,0.1088,0
1/30/20 19:44,197.166666666667,197.125,0,0,4691.7,20.35,0,1.865704075,1.7,0,1877,0,0,575.673,60.00063525,0,0,7.9196221,-1.19,100,0,3744.6,60,0.1088,0
1/30/20 19:49,197.25,197.208333333333,0,0,4691.7,20.35,0,1.86659105,1.7,0,1877,0,0,576.650235,60.04158525,0,0,7.91900605,-1.19,100,0,3744.6,60,0.1088,0
1/30/20 19:54,197.333333333333,197.291666666667,0,0,4691.7,20.35,0,1.8665008,1.7,0,1877,0,0,577.214295,60.10436475,0,0,7.9182079,-1.19,100,0,3744.6,60,0.1088,0
1/30/20 19:59,197.416666666667,197.375,0,0,4691.7,20.35,0,1.86600525,1.7,0,1877,0,0,577.08147,60.105,0,0,7.9170121,-1.19,100,0,3744.6,60,0.1088,0
1/30/20 20:04,197.5,197.458333333333,0,0,4691.7,20.35,0,1.867088825,1.7,0,1877,0,0,577.495765,60.105,0,0,7.9162079,-1.19,100,0,3744.6,60,0.1088,0
1/30/20 20:09,197.583333333333,197.541666666667,0,0,4691.7,20.35,0,1.865911975,1.7,0,1877,0,0,577.777235,60.105,0,0,7.91461605,-1.19,100,0,3744.6,60,0.10626528,0
1/30/20 20:14,197.666666666667,197.625,0,0,4691.7,20.35,0,1.865405125,1.7,0,1877,0,0,578.195765,60.105,0,0,7.91321395,-1.19,100,0,3744.6,60,0.10243872,0
1/30/20 20:19,197.75,197.708333333333,0,0,4691.7,20.35,0,1.865795925,1.7,0,1877,0,0,578.2,60.105,0,0,7.91082395,-1.19,100,0,3744.6,60,0.10493472,0
1/30/20 20:24,197.833333333333,197.791666666667,0,0,4691.7,20.35,0,1.86570105,1.7,0,1877,0,0,577.922765,60.105,0,0,7.90822605,-1.19,100,0,3744.6,60,0.10876128,0
1/30/20 20:29,197.916666666667,197.875,0,0,4691.7,20.35,0,1.866393025,1.7,0,1877,0,0,576.949765,60.105,0,0,7.90582395,-1.19,100,0,3744.6,60,0.1088,0
1/30/20 20:34,198,197.958333333333,0,0,4691.7,20.35,0,1.866399875,1.7,0,1877,0,0,575.831235,60.105,0,0,7.90401815,-1.19,100,0,3744.6,60,0.1088,0
1/30/20 20:39,198.083333333333,198.041666666667,0,0,4691.7,20.35,0,1.86531105,1.7,0,1877,0,0,575.404235,60.105,0,0,7.90360395,-1.19,100,0,3744.6,60,0.1088,0
1/30/20 20:44,198.166666666667,198.125,0,0,4691.7,20.35,0,1.865399075,1.7,0,1877,0,0,575.677235,60.105,0,0,7.90221395,-1.19,100,0,3744.6,60,0.1088,0
1/30/20 20:49,198.25,198.208333333333,0,0,4691.7,20.35,0,1.865795925,1.7,0,1877,0,0,576.373,60.07529625,0,0,7.90022,-1.19,100,0,3744.6,60,0.1088,0
1/30/20 20:54,198.333333333333,198.291666666667,0,0,4691.7,20.35,0,1.865503025,1.7,0,1877,0,0,576.795765,60.0601575,0,0,7.89861605,-1.19,100,0,3744.6,60,0.1088,0
1/30/20 20:59,198.416666666667,198.375,0,0,4691.7,20.35,0,1.86589605,1.7,0,1877,0,0,576.8,60.10454625,0,0,7.8968179,-1.19,100,0,3744.6,60,0.1088,0
1/30/20 21:04,198.5,198.458333333333,0,0,4691.7,20.35,0,1.866691975,1.7,0,1877,0,0,577.077235,60.105,0,0,7.89383,-1.19,100,0,3744.6,60,0.1088,0
1/30/20 21:09,198.583333333333,198.541666666667,0,0,4691.7,20.35,0,1.866996975,1.7,0,1877,0,0,577.773,60.105,0,0,7.89043395,-1.19,100,0,3744.6,60,0.1088,0
1/30/20 21:14,198.666666666667,198.625,0,0,4691.7,20.35,0,1.866405925,1.7,0,1877,0,0,578.195765,60.105,0,0,7.8872321,-1.19,100,0,3744.6,60,0.1088,0
1/30/20 21:19,198.75,198.708333333333,0,0,4691.7,20.35,0,1.865905125,1.7,0,1877,0,0,578.2,60.105,0,0,7.88561605,-1.19,100,0,3744.6,60,0.1088,0
1/30/20 21:24,198.833333333333,198.791666666667,0,0,4691.7,20.35,0,1.8660979,1.7,0,1877,0,0,578.2,60.081237,0,0,7.8838179,-1.19,100,0,3744.6,60,0.1088,0
1/30/20 21:29,198.916666666667,198.875,0,0,4691.7,20.35,0,1.8659021,1.7,0,1877,0,0,578.2,60.02754075,0,0,7.88122605,-1.19,100,0,3744.6,60,0.1088,0
1/30/20 21:34,199,198.958333333333,0,0,4691.7,20.35,0,1.8660979,1.7,0,1877,0,0,577.64553,60.01215375,0,0,7.87961605,-1.19,100,0,3744.6,60,0.1088,0
1/30/20 21:39,199.083333333333,199.041666666667,0,0,4691.7,20.35,0,1.86550605,1.7,0,1877,0,0,576.531235,60.05952225,0,0,7.8778179,-1.19,100,0,3744.6,60,0.1088,0
1/30/20 21:44,199.166666666667,199.125,0,0,4691.7,20.35,0,1.865301975,1.7,0,1877,0,0,576.104235,60.10454625,0,0,7.8740379,-1.19,100,0,3744.6,60,0.1088,0
1/30/20 21:49,199.25,199.208333333333,0,0,4691.7,20.35,0,1.86678525,1.7,0,1877,0,0,575.54553,60.105,0,0,7.86905,-1.19,100,0,3744.6,60,0.10626528,0
1/30/20 21:54,199.333333333333,199.291666666667,0,0,4691.7,20.35,0,1.868284625,1.7,0,1877,0,0,575.26294,60.105,0,0,7.8648421,-1.19,100,0,3744.6,60,0.10243872,0
1/30/20 21:59,199.416666666667,199.375,0,0,4691.7,20.35,0,1.866320125,1.7,0,1877,0,0,576.368765,60.105,0,0,7.86183,-1.19,100,0,3744.6,60,0.1024,0
1/30/20 22:04,199.5,199.458333333333,0,0,4691.7,20.35,0,1.866795125,1.7,0,1877,0,0,576.795765,60.0931185,0,0,7.85883,-1.19,100,0,3744.6,60,0.1024,0
1/30/20 22:09,199.583333333333,199.541666666667,0,0,4691.7,20.35,0,1.867393825,1.7,0,1877,0,0,576.8,60.087063,0,0,7.85543395,-1.19,100,0,3744.6,60,0.1024,0
1/30/20 22:14,199.666666666667,199.625,0,0,4691.7,20.35,0,1.865915,1.7,0,1877,0,0,577.077235,60.1048185,0,0,7.85144,-1.19,100,0,3744.6,60,0.1024,0
1/30/20 22:19,199.75,199.708333333333,0,0,4691.7,20.35,0,1.864613025,1.7,0,1877,0,0,577.773,60.105,0,0,7.84783605,-1.19,100,0,3744.6,60,0.1024,0
1/30/20 22:24,199.833333333333,199.791666666667,0,0,4691.7,20.35,0,1.864600125,1.7,0,1877,0,0,578.195765,60.105,0,0,7.84443395,-1.19,100,0,3744.6,60,0.1024,0
1/30/20 22:29,199.916666666667,199.875,0,0,4691.7,20.35,0,1.865490925,1.7,0,1877,0,0,578.477235,60.105,0,0,7.84044,-1.19,100,0,3744.6,60,0.1024,0
1/30/20 22:34,200,199.958333333333,0,0,4691.7,20.35,0,1.866094075,1.7,0,1877,0,0,578.895765,60.105,0,0,7.83525185,-1.19,100,0,3744.6,60,0.1024,0
1/30/20 22:39,200.083333333333,200.041666666667,0,0,4691.7,20.35,0,1.8667929,1.7,0,1877,0,0,577.79106,60.105,0,0,7.82945815,-1.19,100,0,3744.6,60,0.1024,0
1/30/20 22:44,200.166666666667,200.125,0,0,4691.7,20.35,0,1.866899075,1.7,0,1877,0,0,576.11694,60.06341475,0,0,7.82544,-1.19,100,0,3744.6,60,0.1024,0
1/30/20 22:49,200.25,200.208333333333,0,0,4691.7,20.35,0,1.867295925,1.7,0,1877,0,0,575.822765,60.0422205,0,0,7.82144,-1.19,100,0,3744.6,60,0.1024,0
1/30/20 22:54,200.333333333333,200.291666666667,0,0,4691.7,20.35,0,1.86640895,1.7,0,1877,0,0,575.404235,60.09248325,0,0,7.81704395,-1.19,100,0,3744.6,60,0.1024,0
1/30/20 22:59,200.416666666667,200.375,0,0,4691.7,20.35,0,1.865905125,1.7,0,1877,0,0,575.677235,60.04547775,0,0,7.81244605,-1.19,100,0,3744.6,60,0.1024,0
1/30/20 23:04,200.5,200.458333333333,0,0,4691.7,20.35,0,1.865899875,1.7,0,1877,0,0,576.095765,60.01233525,0,0,7.80844,-1.19,100,0,3744.6,60,0.1024,0
1/30/20 23:09,200.583333333333,200.541666666667,0,0,4691.7,20.35,0,1.8656011763289,1.7,0,1877,0,0,576.376313953488,60.0475815398671,0,0,7.80405052890365,-1.19,100,0,3744.6,60,0.1024,0
1/30/20 23:14,200.666666666667,200.625,0,0,4691.7,20.35,0,1.86609730978221,1.7,0,1877,0,0,577.070681602067,60.0865046267996,0,0,7.79906655998523,-1.19,100,0,3744.6,60,0.1024,0
1/30/20 23:19,200.75,200.708333333333,0,0,4691.7,20.35,0,1.86530987777778,1.7,0,1877,0,0,577.495504444444,60.063533,0,0,7.79367357777778,-1.19,100,0,3744.6,60,0.1024,0
1/30/20 23:24,200.833333333333,200.791666666667,0,0,4691.7,20.35,0,1.86578938888889,1.7,0,1877,0,0,577.5,60.0419486666667,0,0,7.78768,-1.19,100,0,3744.6,60,0.1024,0
1/30/20 23:29,200.916666666667,200.875,0,0,4691.7,20.35,0,1.86698715555556,1.7,0,1877,0,0,577.775162222222,60.1043256666667,0,0,7.78207308888889,-1.19,100,0,3744.6,60,0.1024,0
1/30/20 23:34,201,200.958333333333,0,0,4691.7,20.35,0,1.867,1.7,0,1877,0,0,578.195504444444,60.0637256666667,0,0,7.77667357777778,-1.19,100,0,3744.6,60,0.1024,0
1/30/20 23:39,201.083333333333,201.041666666667,0,0,4691.7,20.35,0,1.867,1.7,0,1877,0,0,578.2,60.0419486666667,0,0,7.77146617777778,-1.19,100,0,3744.6,60,0.1024,0
1/30/20 23:44,201.166666666667,201.125,0,0,4691.7,20.35,0,1.86680345555556,1.7,0,1877,0,0,577.649675555556,60.092533,0,0,7.76706024444444,-1.19,100,0,3744.6,60,0.1024,0
1/30/20 23:49,201.25,201.208333333333,0,0,4691.7,20.35,0,1.86532394444444,1.7,0,1877,0,0,576.258666666667,60.0869853333333,0,0,7.76167357777778,-1.19,100,0,3744.6,60,9.99E-02,0
1/30/20 23:54,201.333333333333,201.291666666667,0,0,4691.7,20.35,0,1.86430544444444,1.7,0,1877,0,0,575.408991111111,60.063533,0,0,7.75646617777778,-1.19,100,0,3744.6,60,9.60E-02,0
1/30/20 23:59,201.416666666667,201.375,0,0,4691.7,20.35,0,1.86529061111111,1.7,0,1877,0,0,575.4,60.012467,0,0,7.75206024444445,-1.19,100,0,3744.6,60,0.096,0
1/31/20 0:04,201.5,201.458333333333,0,0,4691.7,20.35,0,1.86618247777778,1.7,0,1877,0,0,575.675162222222,60.059289,0,0,7.74628048888889,-1.19,100,0,3744.6,60,9.35E-02,0
1/31/20 0:09,201.583333333333,201.541666666667,0,0,4691.7,20.35,0,1.86699801111111,1.7,0,1877,0,0,576.370666666667,60.1045183333333,0,0,7.73890024444445,-1.19,100,0,3744.6,60,8.96E-02,0
1/31/20 0:14,201.666666666667,201.625,0,0,4691.7,20.35,0,1.86472987777778,1.7,0,1877,0,0,576.795504444444,60.105,0,0,7.73169284444444,-1.19,100,0,3744.6,60,0.0896,0
1/31/20 0:19,201.75,201.708333333333,0,0,4691.7,20.35,0,1.86488865555556,1.7,0,1877,0,0,577.075162222222,60.105,0,0,7.72685926666667,-1.19,100,0,3744.6,60,0.0896,0
1/31/20 0:24,201.833333333333,201.791666666667,0,0,4691.7,20.35,0,1.86737061111111,1.7,0,1877,0,0,577.495504444444,60.105,0,0,7.72266073333333,-1.19,100,0,3744.6,60,0.0896,0
1/31/20 0:29,201.916666666667,201.875,0,0,4691.7,20.35,0,1.86701085555556,1.7,0,1877,0,0,577.775162222222,60.0637256666667,0,0,7.71707308888889,-1.19,100,0,3744.6,60,8.71E-02,0
1/31/20 0:34,202,201.958333333333,0,0,4691.7,20.35,0,1.86531951111111,1.7,0,1877,0,0,577.920342222222,60.0419486666667,0,0,7.71206666666667,-1.19,100,0,3744.6,60,8.32E-02,0
1/31/20 0:39,202.083333333333,202.041666666667,0,0,4691.7,20.35,0,1.86559284444444,1.7,0,1877,0,0,578.05482,60.1043256666667,0,0,7.70706666666667,-1.19,100,0,3744.6,60,0.0832,0
1/31/20 0:44,202.166666666667,202.125,0,0,4691.7,20.35,0,1.86609727777778,1.7,0,1877,0,0,578.615846666667,60.105,0,0,7.70167357777778,-1.19,100,0,3744.6,60,0.0832,0
1/31/20 0:49,202.25,202.208333333333,0,0,4691.7,20.35,0,1.86550642222222,1.7,0,1877,0,0,577.654171111111,60.105,0,0,7.69607308888889,-1.19,100,0,3744.6,60,0.0832,0
1/31/20 0:54,202.333333333333,202.291666666667,0,0,4691.7,20.35,0,1.86569654444444,1.7,0,1877,0,0,576.533828888889,60.105,0,0,7.69067357777778,-1.19,100,0,3744.6,60,0.0832,0
1/31/20 0:59,202.416666666667,202.375,0,0,4691.7,20.35,0,1.86580024444444,1.7,0,1877,0,0,575.829333333333,60.105,0,0,7.68468,-1.19,100,0,3744.6,60,0.0832,0
1/31/20 1:04,202.5,202.458333333333,0,0,4691.7,20.35,0,1.8658963,1.7,0,1877,0,0,575.404495555556,60.105,0,0,7.67828691111111,-1.19,100,0,3744.6,60,0.0832,0
1/31/20 1:09,202.583333333333,202.541666666667,0,0,4691.7,20.35,0,1.86649357777778,1.7,0,1877,0,0,575.675162222222,60.105,0,0,7.67207951111111,-1.19,100,0,3744.6,60,0.0832,0
1/31/20 1:14,202.666666666667,202.625,0,0,4691.7,20.35,0,1.86610691111111,1.7,0,1877,0,0,576.095504444444,60.105,0,0,7.66667357777778,-1.19,100,0,3744.6,60,0.0832,0
1/31/20 1:19,202.75,202.708333333333,0,0,4691.7,20.35,0,1.86609605555556,1.7,0,1877,0,0,576.375162222222,60.105,0,0,7.66107308888889,-1.19,100,0,3744.6,60,0.0832,0
1/31/20 1:24,202.833333333333,202.791666666667,0,0,4691.7,20.35,0,1.86699036666667,1.7,0,1877,0,0,577.070666666667,60.105,0,0,7.65645975555555,-1.19,100,0,3744.6,60,0.0832,0
1/31/20 1:29,202.916666666667,202.875,0,0,4691.7,20.35,0,1.86680345555556,1.7,0,1877,0,0,577.495504444444,60.105,0,0,7.65127406666667,-1.19,100,0,3744.6,60,0.0832,0
1/31/20 1:34,203,202.958333333333,0,0,4691.7,20.35,0,1.86591357777778,1.7,0,1877,0,0,577.5,60.105,0,0,7.64507951111111,-1.19,100,0,3744.6,60,0.0832,0
1/31/20 1:39,203.083333333333,203.041666666667,0,0,4691.7,20.35,0,1.86520617777778,1.7,0,1877,0,0,577.775162222222,60.105,0,0,7.63967357777778,-1.19,100,0,3744.6,60,0.0832,0
1/31/20 1:44,203.166666666667,203.125,0,0,4691.7,20.35,0,1.86451406666667,1.7,0,1877,0,0,578.470666666667,60.105,0,0,7.63368,-1.19,100,0,3744.6,60,0.0832,0
1/31/20 1:49,203.25,203.208333333333,0,0,4691.7,20.35,0,1.86360568888889,1.7,0,1877,0,0,578.895504444445,60.105,0,0,7.62728691111111,-1.19,100,0,3744.6,60,0.0832,0
1/31/20 1:54,203.333333333333,203.291666666667,0,0,4691.7,20.35,0,1.86508,1.7,0,1877,0,0,578.074513333333,60.105,0,0,7.6214726,-1.19,100,0,3744.6,60,0.0832,0
1/31/20 1:59,203.416666666667,203.375,0,0,4691.7,20.35,0,1.86677654444444,1.7,0,1877,0,0,576.538324444444,60.105,0,0,7.61627406666667,-1.19,100,0,3744.6,60,0.0832,0
1/31/20 2:04,203.5,203.458333333333,0,0,4691.7,20.35,0,1.86661134444444,1.7,0,1877,0,0,575.829333333333,60.105,0,0,7.6104726,-1.19,100,0,3744.6,60,0.0832,0
1/31/20 2:09,203.583333333333,203.541666666667,0,0,4691.7,20.35,0,1.86452247777778,1.7,0,1877,0,0,575.404495555556,60.105,0,0,7.60527406666667,-1.19,100,0,3744.6,60,0.0832,0
1/31/20 2:14,203.666666666667,203.625,0,0,4691.7,20.35,0,1.86489308888889,1.7,0,1877,0,0,575.675162222222,60.0932073333333,0,0,7.59907951111111,-1.19,100,0,3744.6,60,0.0832,0
1/31/20 2:19,203.75,203.708333333333,0,0,4691.7,20.35,0,1.86510048888889,1.7,0,1877,0,0,576.095504444444,60.0869853333333,0,0,7.59367357777778,-1.19,100,0,3744.6,60,0.0832,0
1/31/20 2:24,203.833333333333,203.791666666667,0,0,4691.7,20.35,0,1.86489951111111,1.7,0,1877,0,0,576.375162222222,60.1048073333333,0,0,7.58807308888889,-1.19,100,0,3744.6,60,0.0832,0
1/31/20 2:29,203.916666666667,203.875,0,0,4691.7,20.35,0,1.86627975555556,1.7,0,1877,0,0,577.070666666667,60.105,0,0,7.58267357777778,-1.19,100,0,3744.6,60,8.07E-02,0
1/31/20 2:34,204,203.958333333333,0,0,4691.7,20.35,0,1.86729061111111,1.7,0,1877,0,0,577.495504444444,60.105,0,0,7.57707308888889,-1.19,100,0,3744.6,60,7.68E-02,0
1/31/20 2:39,204.083333333333,204.041666666667,0,0,4691.7,20.35,0,1.86700321111111,1.7,0,1877,0,0,577.775162222222,60.105,0,0,7.57245975555556,-1.19,100,0,3744.6,60,0.0768,0
1/31/20 2:44,204.166666666667,204.125,0,0,4691.7,20.35,0,1.86719654444444,1.7,0,1877,0,0,578.195504444444,60.0637256666667,0,0,7.56806024444444,-1.19,100,0,3744.6,60,0.0768,0
1/31/20 2:49,204.25,204.208333333333,0,0,4691.7,20.35,0,1.8671037,1.7,0,1877,0,0,577.924837777778,60.0419486666667,0,0,7.56228048888889,-1.19,100,0,3744.6,60,0.0768,0
1/31/20 2:54,204.333333333333,204.291666666667,0,0,4691.7,20.35,0,1.86630987777778,1.7,0,1877,0,0,577.779657777778,60.0807403333333,0,0,7.55568642222222,-1.19,100,0,3744.6,60,0.0768,0
1/31/20 2:59,204.416666666667,204.375,0,0,4691.7,20.35,0,1.86619975555556,1.7,0,1877,0,0,577.920342222222,60.039489,0,0,7.55007308888889,-1.19,100,0,3744.6,60,0.0768,0
1/31/20 3:04,204.5,204.458333333333,0,0,4691.7,20.35,0,1.86551406666667,1.7,0,1877,0,0,576.954171111111,60.0359926666667,0,0,7.54545975555556,-1.19,100,0,3744.6,60,0.0768,0
1/31/20 3:09,204.583333333333,204.541666666667,0,0,4691.7,20.35,0,1.86519532222222,1.7,0,1877,0,0,576.108991111111,60.068489,0,0,7.54106024444444,-1.19,100,0,3744.6,60,0.0768,0
1/31/20 3:14,204.666666666667,204.625,0,0,4691.7,20.35,0,1.86678418888889,1.7,0,1877,0,0,575.824837777778,60.1046146666667,0,0,7.53528048888889,-1.19,100,0,3744.6,60,0.0768,0
1/31/20 3:19,204.75,204.708333333333,0,0,4691.7,20.35,0,1.86630666666667,1.7,0,1877,0,0,575.679657777778,60.0755183333333,0,0,7.5294726,-1.19,100,0,3744.6,60,0.0768,0
1/31/20 3:24,204.833333333333,204.791666666667,0,0,4691.7,20.35,0,1.86561012222222,1.7,0,1877,0,0,576.095504444444,60.0599633333333,0,0,7.52506024444445,-1.19,100,0,3744.6,60,0.0768,0
1/31/20 3:29,204.916666666667,204.875,0,0,4691.7,20.35,0,1.86539951111111,1.7,0,1877,0,0,576.375162222222,60.1045183333333,0,0,7.52006666666667,-1.19,100,0,3744.6,60,0.0768,0
1/31/20 3:34,205,204.958333333333,0,0,4691.7,20.35,0,1.86619012222222,1.7,0,1877,0,0,576.795504444444,60.105,0,0,7.51467357777778,-1.19,100,0,3744.6,60,0.0768,0
1/31/20 3:39,205.083333333333,205.041666666667,0,0,4691.7,20.35,0,1.86649678888889,1.7,0,1877,0,0,576.8,60.105,0,0,7.50907308888889,-1.19,100,0,3744.6,60,0.0768,0
1/31/20 3:44,205.166666666667,205.125,0,0,4691.7,20.35,0,1.86669589147287,1.7,0,1877,0,0,577.348496124031,60.105,0,0,7.50407319638243,-1.19,100,0,3744.6,60,0.0768,0
1/31/20 3:49,205.25,205.208333333333,0,0,4691.7,20.35,0,1.86777688630491,1.7,0,1877,0,0,577.917406653747,60.105,0,0,7.49869308139535,-1.19,100,0,3744.6,60,0.0768,0
1/31/20 3:54,205.333333333333,205.291666666667,0,0,4691.7,20.35,0,1.86781597222222,1.7,0,1877,0,0,577.504763888889,60.105,0,0,7.49309013888889,-1.19,100,0,3744.6,60,0.0768,0
1/31/20 3:59,205.416666666667,205.375,0,0,4691.7,20.35,0,1.86621548611111,1.7,0,1877,0,0,577.5,60.105,0,0,7.48808333333333,-1.19,100,0,3744.6,60,0.0768,0
1/31/20 4:04,205.5,205.458333333333,0,0,4691.7,20.35,0,1.86552125,1.7,0,1877,0,0,577.5,60.105,0,0,7.48269319444444,-1.19,100,0,3744.6,60,7.43E-02,0
1/31/20 4:09,205.583333333333,205.541666666667,0,0,4691.7,20.35,0,1.86460222222222,1.7,0,1877,0,0,577.226902777778,60.0640354166667,0,0,7.47709013888889,-1.19,100,0,3744.6,60,7.04E-02,0
1/31/20 4:14,205.666666666667,205.625,0,0,4691.7,20.35,0,1.86587993055556,1.7,0,1877,0,0,576.531666666667,60.0416791666667,0,0,7.47169319444445,-1.19,100,0,3744.6,60,7.29E-02,0
1/31/20 4:19,205.75,205.708333333333,0,0,4691.7,20.35,0,1.86590798611111,1.7,0,1877,0,0,575.831666666667,60.0633208333333,0,0,7.4657,-1.19,100,0,3744.6,60,7.43E-02,0
1/31/20 4:24,205.833333333333,205.791666666667,0,0,4691.7,20.35,0,1.86501020833333,1.7,0,1877,0,0,575.131666666667,60.0416791666667,0,0,7.45930986111111,-1.19,100,0,3744.6,60,7.29E-02,0
1/31/20 4:29,205.916666666667,205.875,0,0,4691.7,20.35,0,1.865,1.7,0,1877,0,0,575.250958333333,60.0633208333333,0,0,7.45309694444444,-1.19,100,0,3744.6,60,7.43E-02,0
1/31/20 4:34,206,205.958333333333,0,0,4691.7,20.35,0,1.86539013888889,1.7,0,1877,0,0,576.090472222222,60.0416791666667,0,0,7.44769319444444,-1.19,100,0,3744.6,60,7.04E-02,0
1/31/20 4:39,206.083333333333,206.041666666667,0,0,4691.7,20.35,0,1.86618826388889,1.7,0,1877,0,0,576.373097222222,60.1042854166667,0,0,7.44130986111111,-1.19,100,0,3744.6,60,0.0704,0
1/31/20 4:44,206.166666666667,206.125,0,0,4691.7,20.35,0,1.86669166666667,1.7,0,1877,0,0,576.795236111111,60.105,0,0,7.43431666666667,-1.19,100,0,3744.6,60,0.0704,0
1/31/20 4:49,206.25,206.208333333333,0,0,4691.7,20.35,0,1.86699659722222,1.7,0,1877,0,0,577.073097222222,60.105,0,0,7.42692652777778,-1.19,100,0,3744.6,60,0.0704,0
1/31/20 4:54,206.333333333333,206.291666666667,0,0,4691.7,20.35,0,1.86680493055556,1.7,0,1877,0,0,577.222138888889,60.0640354166667,0,0,7.41815305555556,-1.19,100,0,3744.6,60,0.0704,0
1/31/20 4:59,206.416666666667,206.375,0,0,4691.7,20.35,0,1.86611326388889,1.7,0,1877,0,0,577.077861111111,60.0416791666667,0,0,7.40855680555556,-1.19,100,0,3744.6,60,0.0704,0
1/31/20 5:04,206.5,206.458333333333,0,0,4691.7,20.35,0,1.86628708333333,1.7,0,1877,0,0,578.041430555556,60.1042854166667,0,0,7.39876972222222,-1.19,100,0,3744.6,60,0.0704,0
1/31/20 5:09,206.583333333333,206.541666666667,0,0,4691.7,20.35,0,1.86709625,1.7,0,1877,0,0,578.890472222222,60.0815916666667,0,0,7.38700305555556,-1.19,100,0,3744.6,60,0.0704,0
1/31/20 5:14,206.666666666667,206.625,0,0,4691.7,20.35,0,1.86767722222222,1.7,0,1877,0,0,578.626902777778,60.0688166666667,0,0,7.37401666666667,-1.19,100,0,3744.6,60,0.0704,0
1/31/20 5:19,206.75,206.708333333333,0,0,4691.7,20.35,0,1.86850423611111,1.7,0,1877,0,0,577.658569444444,60.1045916666667,0,0,7.36023638888889,-1.19,100,0,3744.6,60,6.79E-02,0
1/31/20 5:24,206.833333333333,206.791666666667,0,0,4691.7,20.35,0,1.86799236111111,1.7,0,1877,0,0,576.263333333333,60.105,0,0,7.34485986111111,-1.19,100,0,3744.6,60,6.65E-02,0
1/31/20 5:29,206.916666666667,206.875,0,0,4691.7,20.35,0,1.86792243055556,1.7,0,1877,0,0,575.136430555556,60.0640354166667,0,0,7.32808638888889,-1.19,100,0,3744.6,60,6.79E-02,0
1/31/20 5:34,207,206.958333333333,0,0,4691.7,20.35,0,1.86572229166667,1.7,0,1877,0,0,574.704763888889,60.0007145833333,0,0,7.30931972222222,-1.19,100,0,3744.6,60,6.40E-02,0
1/31/20 5:39,207.083333333333,207.041666666667,0,0,4691.7,20.35,0,1.86619166666667,1.7,0,1877,0,0,574.973097222222,60.0409645833333,0,0,7.28972347222222,-1.19,100,0,3744.6,60,0.064,0
1/31/20 5:44,207.166666666667,207.125,0,0,4691.7,20.35,0,1.86649659722222,1.7,0,1877,0,0,575.668333333333,60.02235625,0,0,7.26993638888889,-1.19,100,0,3744.6,60,0.064,0
1/31/20 5:49,207.25,207.208333333333,0,0,4691.7,20.35,0,1.86591479166667,1.7,0,1877,0,0,576.095236111111,59.93739375,0,0,7.24895,-1.19,100,0,3744.6,60,0.064,0
1/31/20 5:54,207.333333333333,207.291666666667,0,0,4691.7,20.35,0,1.86579048611111,1.7,0,1877,0,0,576.373097222222,59.9583208333333,0,0,7.23146125,-1.19,100,0,3744.6,60,6.15E-02,0
1/31/20 5:59,207.416666666667,207.375,0,0,4691.7,20.35,0,1.86698638888889,1.7,0,1877,0,0,576.795236111111,59.9366791666667,0,0,7.21666902777778,-1.19,100,0,3744.6,60,5.76E-02,0
1/31/20 6:04,207.5,207.458333333333,0,0,4691.7,20.35,0,1.86621972222222,1.7,0,1877,0,0,577.073097222222,59.9992854166667,0,0,7.19576597222222,-1.19,100,0,3744.6,60,0.0576,0
1/31/20 6:09,207.583333333333,207.541666666667,0,0,4691.7,20.35,0,1.86462347222222,1.7,0,1877,0,0,577.495236111111,60,0,0,7.16984930555556,-1.19,100,0,3744.6,60,0.0576,0
1/31/20 6:14,207.666666666667,207.625,0,0,4691.7,20.35,0,1.86439694444444,1.7,0,1877,0,0,577.5,59.9882958333333,0,0,7.14049319444444,-1.19,100,0,3744.6,60,0.0576,0
1/31/20 6:19,207.75,207.708333333333,0,0,4691.7,20.35,0,1.86538333333333,1.7,0,1877,0,0,577.773097222222,59.9819083333333,0,0,7.11596194444444,-1.19,100,0,3744.6,60,5.51E-02,0
1/31/20 6:24,207.833333333333,207.791666666667,0,0,4691.7,20.35,0,1.86540798611111,1.7,0,1877,0,0,578.468333333333,59.9997958333333,0,0,7.11196097222222,-1.19,100,0,3744.6,60,5.12E-02,0
1/31/20 6:29,207.916666666667,207.875,0,0,4691.7,20.35,0,1.86470527777778,1.7,0,1877,0,0,578.075944444445,60,0,0,7.12831055555556,-1.19,100,0,3744.6,60,0.0512,0
1/31/20 6:34,208,207.958333333333,0,0,4691.7,20.35,0,1.86538673611111,1.7,0,1877,0,0,576.541194444445,60,0,0,7.14728333333333,-1.19,100,0,3744.6,60,4.87E-02,0
1/31/20 6:39,208.083333333333,208.041666666667,0,0,4691.7,20.35,0,1.865798125,1.7,0,1877,0,0,575.558569444444,59.9590354166667,0,0,7.16706361111111,-1.19,100,0,3744.6,60,4.48E-02,0
1/31/20 6:44,208.166666666667,208.125,0,0,4691.7,20.35,0,1.86511326388889,1.7,0,1877,0,0,574.709527777778,59.8957145833333,0,0,7.18961055555556,-1.19,100,0,3744.6,60,0.0448,0
1/31/20 6:49,208.25,208.208333333333,0,0,4691.7,20.35,0,1.86509201388889,1.7,0,1877,0,0,574.973097222222,59.9359645833333,0,0,7.21614388888889,-1.19,100,0,3744.6,60,4.23E-02,0
1/31/20 6:54,208.333333333333,208.291666666667,0,0,4691.7,20.35,0,1.86520951388889,1.7,0,1877,0,0,575.395236111111,59.9992854166667,0,0,7.24472652777778,-1.19,100,0,3744.6,60,3.84E-02,0
1/31/20 6:59,208.416666666667,208.375,0,0,4691.7,20.35,0,1.86498895833333,1.7,0,1877,0,0,575.673097222222,60,0,0,7.27234319444444,-1.19,100,0,3744.6,60,0.0384,0
1/31/20 7:04,208.5,208.458333333333,0,0,4691.7,20.35,0,1.86628791666667,1.7,0,1877,0,0,576.368333333333,60,0,0,7.29856972222222,-1.19,100,0,3744.6,60,3.59E-02,0
1/31/20 7:09,208.583333333333,208.541666666667,0,0,4691.7,20.35,0,1.86639354166667,1.7,0,1877,0,0,577.068333333333,60,0,0,7.32319319444444,-1.19,100,0,3744.6,60,3.20E-02,0
1/31/20 7:14,208.666666666667,208.625,0,0,4691.7,20.35,0,1.86660305555556,1.7,0,1877,0,0,577.495236111111,60,0,0,7.34641972222222,-1.19,100,0,3744.6,60,0.032,0
1/31/20 7:19,208.75,208.708333333333,0,0,4691.7,20.35,0,1.86639694444444,1.7,0,1877,0,0,577.5,60,0,0,7.36726291666667,-1.19,100,0,3744.6,60,0.032,0
1/31/20 7:24,208.833333333333,208.791666666667,0,0,4691.7,20.35,0,1.86660305555556,1.7,0,1877,0,0,577.773097222222,60,0,0,7.38589319444444,-1.19,100,0,3744.6,60,0.032,0
1/31/20 7:29,208.916666666667,208.875,0,0,4691.7,20.35,0,1.86581173611111,1.7,0,1877,0,0,578.195236111111,60,0,0,7.40233944444445,-1.19,100,0,3744.6,60,0.032,0
1/31/20 7:34,209,208.958333333333,0,0,4691.7,20.35,0,1.86569847222222,1.7,0,1877,0,0,578.2,60,0,0,7.41636666666667,-1.19,100,0,3744.6,60,2.95E-02,0
1/31/20 7:39,209.083333333333,209.041666666667,0,0,4691.7,20.35,0,1.86580152777778,1.7,0,1877,0,0,577.653805555555,60,0,0,7.43036666666667,-1.19,100,0,3744.6,60,2.56E-02,0
1/31/20 7:44,209.166666666667,209.125,0,0,4691.7,20.35,0,1.86550340277778,1.7,0,1877,0,0,576.536430555556,60,0,0,7.44475680555555,-1.19,100,0,3744.6,60,0.0256,0
1/31/20 7:49,209.25,209.208333333333,0,0,4691.7,20.35,0,1.86530493055556,1.7,0,1877,0,0,575.831666666667,60,0,0,7.45857958333333,-1.19,100,0,3744.6,60,0.0256,0
1/31/20 7:54,209.333333333333,209.291666666667,0,0,4691.7,20.35,0,1.86519847222222,1.7,0,1877,0,0,575.131666666667,59.9590354166667,0,0,7.47099013888889,-1.19,100,0,3744.6,60,0.0256,0
1/31/20 7:59,209.416666666667,209.375,0,0,4691.7,20.35,0,1.86549659722222,1.7,0,1877,0,0,575.250958333333,59.9366791666667,0,0,7.48359319444444,-1.19,100,0,3744.6,60,0.0256,0
1/31/20 8:04,209.5,209.458333333333,0,0,4691.7,20.35,0,1.86608520833333,1.7,0,1877,0,0,575.817375,59.9992854166667,0,0,7.49520986111111,-1.19,100,0,3744.6,60,0.0256,0
1/31/20 8:09,209.583333333333,209.541666666667,0,0,4691.7,20.35,0,1.86620951388889,1.7,0,1877,0,0,575.950958333333,60,0,0,7.50660680555556,-1.19,100,0,3744.6,60,0.0256,0
1/31/20 8:14,209.666666666667,209.625,0,0,4691.7,20.35,0,1.86637909722222,1.7,0,1877,0,0,577.063569444444,59.9707395833333,0,0,7.5186,-1.19,100,0,3744.6,60,0.0256,0
1/31/20 8:19,209.75,209.708333333333,0,0,4691.7,20.35,0,1.86789097222222,1.7,0,1877,0,0,577.222138888889,59.9547708333333,0,0,7.5306,-1.19,100,0,3744.6,60,2.31E-02,0
1/31/20 8:24,209.833333333333,209.791666666667,0,0,4691.7,20.35,0,1.866425,1.7,0,1877,0,0,577.077861111111,59.9994895833333,0,0,7.5426,-1.19,100,0,3744.6,60,1.92E-02,0
1/31/20 8:29,209.916666666667,209.875,0,0,4691.7,20.35,0,1.86609541666667,1.7,0,1877,0,0,577.495236111111,60,0,0,7.5546,-1.19,100,0,3744.6,60,0.0192,0
1/31/20 8:34,210,209.958333333333,0,0,4691.7,20.35,0,1.86640458333333,1.7,0,1877,0,0,577.5,60,0,0,7.5666,-1.19,100,0,3744.6,60,0.0192,0
1/31/20 8:39,210.083333333333,210.041666666667,0,0,4691.7,20.35,0,1.86629048611111,1.7,0,1877,0,0,577.773097222222,60,0,0,7.57820986111111,-1.19,100,0,3744.6,60,0.0192,0
1/31/20 8:44,210.166666666667,210.125,0,0,4691.7,20.35,0,1.86670611111111,1.7,0,1877,0,0,578.195236111111,60,0,0,7.58921666666667,-1.19,100,0,3744.6,60,0.0192,0
1/31/20 8:49,210.25,210.208333333333,0,0,4691.7,20.35,0,1.86590375,1.7,0,1877,0,0,577.653805555555,60,0,0,7.60060680555556,-1.19,100,0,3744.6,60,0.0192,0
1/31/20 8:54,210.333333333333,210.291666666667,0,0,4691.7,20.35,0,1.86688333333333,1.7,0,1877,0,0,576.536430555556,59.98244375,0,0,7.6126,-1.19,100,0,3744.6,60,1.67E-02,0
1/31/20 8:59,210.416666666667,210.375,0,0,4691.7,20.35,0,1.86573756944444,1.7,0,1877,0,0,575.558569444444,59.9611583333333,0,0,7.62499013888889,-1.19,100,0,3744.6,60,1.28E-02,0
1/31/20 9:04,210.5,210.458333333333,0,0,4691.7,20.35,0,1.86446797880117,1.7,0,1877,0,0,574.709527777778,59.9406375,0,0,7.63837347222222,-1.19,100,0,3744.6,60,0.0128,0
1/31/20 9:09,210.583333333333,210.541666666667,0,0,4691.7,20.35,0,0.16328764619883,1.7,0,1877,0,0,575.519291666667,59.1973433712121,0,0,7.63715125,-1.19,100,0,3744.6,60.0760770833333,0.0128,0
1/31/20 9:14,210.666666666667,210.625,0,0,4691.7,20.35,0,0,1.7,0,1877,0,0,576.785708333333,58.7200732954545,0,0,7.61553777777778,-1.19,100,0,3744.6,60.1585604166667,0.0128,0
1/31/20 9:19,210.75,210.708333333333,0,0,4691.7,20.35,0,0,1.7,0,1877,0,0,576.8,59.09545,0,0,7.59809319444445,-1.19,100,0,3744.6,60.0939083333333,0.0128,0
1/31/20 9:24,210.833333333333,210.791666666667,0,0,4691.7,20.35,0,0,1.7,0,1877,0,0,577.346194444444,58.9964875,0,0,7.58049013888889,-1.19,100,0,3744.6,60.04594375,0.0128,0
1/31/20 9:29,210.916666666667,210.875,0,0,4691.7,20.35,0,0,1.7,0,1877,0,0,577.644277777778,59.25651875,0,0,7.56309319444444,-1.19,100,0,3744.6,60.0005104166667,0.0128,0
1/31/20 9:34,211,210.958333333333,0,0,4691.7,20.35,0,0,1.7,0,1877,0,0,577.082625,59.2348729166667,0,0,7.54549013888889,-1.19,100,0,3744.6,60,0.0128,0
1/31/20 9:39,211.083333333333,211.041666666667,0,0,4691.7,20.35,0,0,1.7,0,1877,0,0,577.495236111111,59.1331875,0,0,7.53082416666667,-1.19,100,0,3744.6,60,0.0128,0
1/31/20 9:44,211.166666666667,211.125,0,0,4691.7,20.35,0,0,1.7,0,1877,0,0,577.5,59.02459375,0,0,7.51900305555556,-1.19,100,0,3744.6,60,0.0128,0
1/31/20 9:49,211.25,211.208333333333,0,0,4691.7,20.35,0,0,1.7,0,1877,0,0,578.046194444445,59.2029583333333,0,0,7.50679694444444,-1.19,100,0,3744.6,60,2.53E-02,0
1/31/20 9:54,211.333333333333,211.291666666667,0,0,4691.7,20.35,0,0,1.7,0,1877,0,0,578.890472222222,59.2401125,0,0,7.49617347222222,-1.19,100,0,3744.6,60,4.46E-02,0
1/31/20 9:59,211.416666666667,211.375,0,0,4691.7,20.35,0,0,1.7,0,1877,0,0,578.353805555556,59.259275,0,0,7.48694694444445,-1.19,100,0,3744.6,60,0.0448,0
1/31/20 10:04,211.5,211.458333333333,0,0,4691.7,20.35,0,0,1.7,0,1877,0,0,576.963333333333,59.240725,0,0,7.48010375,-1.19,100,0,3744.6,60,6.23E-02,0
1/31/20 10:09,211.583333333333,211.541666666667,0,0,4691.7,20.35,0,0,1.7,0,1877,0,0,577.201916666667,58.6582914855072,0,0,5.66150108091787,-1.45139305555556,6.16666666666667,0,3744.6,46.028985,-9.86015577413479,0
1/31/20 10:14,211.666666666667,211.625,0,0,4691.7,20.35,0,0,1.7,0,1877,0,0,578.880944444444,57.1109918478261,0,0,5.06255863651508,-1.92176388888889,0,0,3744.6,29.0560019281046,-13.5743464480874,0
1/31/20 10:19,211.75,211.708333333333,0,0,4691.7,20.35,0,0,1.7,0,1877,0,0,579.173097222222,55.7058729166667,0,0,4.85254593913271,-2.04054722222222,0,0,3744.6,26.6769297385621,-12.6207091612903,0
1/31/20 10:24,211.833333333333,211.791666666667,0,0,4691.7,20.35,0,0,1.7,0,1877,0,0,579.322138888889,54.4407145833333,0,0,4.67688290824916,-2.0715,0,0,3744.6,25.97721875,-5.02934950537634,0
1/31/20 10:29,211.916666666667,211.875,0,0,4691.7,20.35,0,0,1.7,0,1877,0,0,578.904763888889,53.24,0,0,6.3588487962963,-2.12100694444444,0,0,3744.6,24.8719259868421,-3.50195802898551,0
1/31/20 10:34,212,211.958333333333,0,0,4691.7,20.35,0,0,1.7,0,1877,0,0,579.173097222222,52.04,0,0,6.73893722222222,-2.16945555555556,0,0,3744.6,23.9078135964912,-2.86379130434783,0
1/31/20 10:39,212.083333333333,212.041666666667,0,0,4691.7,20.35,0,0,1.7,0,1877,0,0,579.322138888889,50.8868166666667,0,0,6.80231877777778,-2.17780277777778,0,0,3744.6,23.7428458333333,-3.07281621333333,0
1/31/20 10:44,212.166666666667,212.125,0,0,4691.7,20.35,0,0,1.7,0,1877,0,0,578.904763888889,49.8294083333333,0,0,6.88614580555556,-2.19766666666667,0,0,3744.6,23.3789083333333,-2.92303789777778,0
1/31/20 10:49,212.25,212.208333333333,0,0,4691.7,20.35,0,0,1.7,0,1877,0,0,578.9,48.8148520833333,0,0,6.94230041666667,-2.19425833333333,0,0,3744.6,23.4230333333333,-2.78649077777778,0
1/31/20 10:54,212.333333333333,212.291666666667,0,0,4691.7,20.35,0,0,1.7,0,1877,0,0,579.173097222222,47.4271911458333,0,0,6.92908125,-2.24049722222222,0,0,3744.6,21.9697548728814,-2.51194935501355,0
1/31/20 10:59,212.416666666667,212.375,0,0,4691.7,20.35,0,0,1.7,0,1877,0,0,579.595236111111,45.8392026041667,0,0,6.89916083333333,-2.348775,0,0,3744.6,20.5174576271186,-2.32510308943089,0
1/31/20 11:04,212.5,212.458333333333,0,0,4691.7,20.35,0,0,1.7,0,1877,0,0,579.053805555555,45.01760625,0,0,6.8418975,-2.35,0,0,3744.6,20.505,-0.821814013422819,0
1/31/20 11:09,212.583333333333,212.541666666667,0,0,4691.7,20.35,0,0,1.7,0,1877,0,0,578.482625,44.0557145833333,0,0,6.78883388888889,-2.35,0,0,3744.6,20.5401125,-0.523267764354959,0
1/31/20 11:14,212.666666666667,212.625,0,0,4691.7,20.35,0,0,1.7,0,1877,0,0,578.895236111111,43.155,0,0,6.76180972222222,-2.35,0,0,3744.6,20.5943875,-0.518443555555556,0
1/31/20 11:19,212.75,212.708333333333,0,0,4691.7,20.35,0,0,1.7,0,1877,0,0,578.9,42.255,0,0,6.72231611111111,-2.35,0,0,3744.6,20.595,-0.5184,0
1/31/20 11:24,212.833333333333,212.791666666667,0,0,4691.7,20.35,0,0,1.7,0,1877,0,0,579.173097222222,25.5162708333333,0.294348768939394,0,6.74803055555556,-2.35,182.5,0,3744.6,20.595,7.93E-02,0
1/31/20 11:29,212.916666666667,212.875,0,0,4691.7,20.35,0,0,1.7,0,1877,0,0,579.595236111111,17.7666854166667,0.485750883838384,0,6.78675305555556,-2.35,300,0,3744.6,20.5598875,0.258390655826558,0
1/31/20 11:34,213,212.958333333333,0,0,4691.7,20.35,0,0,1.7,0,1877,0,0,579.6,18.15525,0.486272638888889,0,6.77131,-2.35,300,0,3744.6,20.5056125,0.262356444444444,0
1/31/20 11:39,213.083333333333,213.041666666667,0,0,4691.7,20.35,0,0,1.7,0,1877,0,0,579.6,18.4783208333333,0.487603888888889,0,6.77813125,-2.35,300,0,3744.6,20.505,0.2624,0
1/31/20 11:44,213.166666666667,213.125,0,0,4691.7,20.35,0,0,1.7,0,1877,0,0,579.6,18.6396375,0.485133680555556,0,6.77701361111111,-2.35,300,0,3744.6,20.5401125,0.2624,0
1/31/20 11:49,213.25,213.208333333333,0,0,4691.7,20.35,0,0,1.7,0,1877,0,0,579.6,18.76280625,0.485092013888889,0,6.74367288135593,-2.35,300,0,3744.6,20.5943875,0.2624,0
1/31/20 11:54,213.333333333333,213.291666666667,0,0,4691.7,20.35,0,0,1.7,0,1877,0,0,579.6,18.8715354166667,0.485794722222222,0,6.62465517419962,-2.35,300,0,3744.6,20.595,0.2624,0
1/31/20 11:59,213.416666666667,213.375,0,0,4691.7,20.35,0,0,1.7,0,1877,0,0,579.6,18.9406583333333,0.486088611111111,0,6.57713041666667,-2.34609861111111,300,0,3744.6,20.6359645833333,0.2624,0
1/31/20 12:04,213.5,213.458333333333,0,0,4691.7,20.35,0,0,1.7,0,1877,0,0,579.6,19.0042854166667,0.486599652777778,0,6.56656361111111,-2.34006805555555,300,0,3744.6,20.6992854166667,0.2624,0
1/31/20 12:09,213.583333333333,213.541666666667,0,0,4691.7,20.35,0,0,1.7,0,1877,0,0,579.6,19.005,0.487372291666667,0,6.55637958333333,-2.33609861111111,300,0,3744.6,20.7409645833333,0.2624,0
1/31/20 12:14,213.666666666667,213.625,0,0,4691.7,20.35,0,0,1.7,0,1877,0,0,579.6,23.592075,0.488890972222222,0,6.57249,-2.29495555555556,300,0,3744.6,21.379190786385,0.259903111111111,0
1/31/20 12:19,213.75,213.708333333333,0,0,4691.7,20.35,0,0,1.7,0,1877,0,0,579.326902777778,39.77595,0.487815138888889,0,6.686295,-2.1001625,300,0,3744.6,25.3318001858372,0.248552888888889,0
1/31/20 12:24,213.833333333333,213.791666666667,0,0,4691.7,20.35,0,0,1.7,0,1877,0,0,578.904763888889,52.6855625,0.486723125,0,7.00455320512821,-1.76150694444444,300,0,3744.6,34.4330694444444,0.234433777777778,0
1/31/20 12:29,213.916666666667,213.875,0,0,4691.7,20.35,0,0,1.7,0,1877,0,0,579.173097222222,63.2555358333333,0.486684027777778,0,7.32500672820513,-1.48237777777778,300,0,3744.6,44.7577642857143,0.225449777777778,0
1/31/20 12:34,214,213.958333333333,0,0,4691.7,20.35,0,0,1.7,0,1877,0,0,579.595236111111,71.1602966666667,0.487504236111111,0,7.45561423333333,-1.28304444444444,300,0,3744.6,54.9000523809524,0.222680888888889,0
1/31/20 12:39,214.083333333333,214.041666666667,0,0,4691.7,20.35,0,0,1.7,0,1877,0,0,579.6,61.1574758333333,0.485821944444444,0,7.48639583333333,-1.19102083333333,300,0,3744.6,59.9047020833333,0.230312888888889,0
1/31/20 12:44,214.166666666667,214.125,0,0,4691.7,20.35,0,0,1.7,0,1877,0,0,579.6,61.2045395833333,0.486088611111111,0,7.49625916666667,-1.19,300,0,3744.6,59.8197979166667,0.2304,0
1/31/20 12:49,214.25,214.208333333333,0,0,4691.7,20.35,0,0,1.7,0,1877,0,0,579.6,60.6946208333333,0.487379930555556,0,7.50659152777778,-1.19,300,0,3744.6,59.9979583333333,0.2304,0
1/31/20 12:54,214.333333333333,214.291666666667,0,0,4691.7,20.35,0,0,1.7,0,1877,0,0,579.6,60.7356875,0.487407986111111,0,7.51454347222222,-1.19,300,0,3744.6,60,0.2304,0
1/31/20 12:59,214.416666666667,214.375,0,0,4691.7,20.35,0,0,1.7,0,1877,0,0,579.6,60.583975,0.486120069444444,0,7.51845347222222,-1.19,300,0,3744.6,60,0.2304,0
1/31/20 13:04,214.5,214.458333333333,0,0,4691.7,20.35,0,0,1.7,0,1877,0,0,579.6,60.5728625,0.484726527777778,0,7.52752986111111,-1.19,300,0,3744.6,60,0.2304,0
1/31/20 13:09,214.583333333333,214.541666666667,0,0,4691.7,20.35,0,0,1.7,0,1877,0,0,579.6,60.5587291666667,0.484293888888889,0,7.52560138888889,-1.19,300,0,3744.6,60,0.227903111111111,0
1/31/20 13:14,214.666666666667,214.625,0,0,4691.7,20.35,0,0,1.7,0,1877,0,0,579.6,60.33185625,0.485876527777778,0,7.52875305555555,-1.19,300,0,3744.6,60,0.226540444444444,0
1/31/20 13:19,214.75,214.708333333333,0,0,4691.7,20.35,0,0,1.7,0,1877,0,0,579.6,60.2066041666667,0.486298125,0,7.53427791666667,-1.19,300,0,3744.6,60,0.227859555555556,0
1/31/20 13:24,214.833333333333,214.791666666667,0,0,4691.7,20.35,0,0,1.7,0,1877,0,0,579.6,60.4027541666667,0.486003402777778,0,7.54092513888889,-1.19,300,0,3744.6,60,0.224043555555556,0
1/31/20 13:29,214.916666666667,214.875,0,0,4691.7,20.35,0,0,1.7,0,1877,0,0,579.6,60.2060291666667,0.486975347222222,0,7.54451125,-1.19,300,0,3744.6,60.0409645833333,0.224,0
1/31/20 13:34,215,214.958333333333,0,0,4691.7,20.35,0,0,1.7,0,1877,0,0,579.6,60.0155125,0.488092847222222,0,7.55188944444444,-1.19,300,0,3744.6,60.1042854166667,0.224,0
1/31/20 13:39,215.083333333333,215.041666666667,0,0,4691.7,20.35,0,0,1.7,0,1877,0,0,579.6,60.1929583333333,0.486531458333333,0,7.55496597222222,-1.19,300,0,3744.6,60.0640354166667,0.224,0
1/31/20 13:44,215.166666666667,215.125,0,0,4691.7,20.35,0,0,1.7,0,1877,0,0,579.6,60.1189229166667,0.485212083333333,0,7.55695069444444,-1.19,300,0,3744.6,60.0007145833333,0.224,0
1/31/20 13:49,215.25,215.208333333333,0,0,4691.7,20.35,0,0,1.7,0,1877,0,0,579.6,59.9896229166667,0.485496597222222,0,7.55996597222222,-1.19,300,0,3744.6,60.0409645833333,0.224,0
1/31/20 13:54,215.333333333333,215.291666666667,0,0,4691.7,20.35,0,0,1.7,0,1877,0,0,579.6,60.0579854166667,0.485890138888889,0,7.56,-1.19,300,0,3744.6,60.0633208333333,0.261453333333333,0
1/31/20 13:59,215.416666666667,215.375,0,0,4691.7,20.35,0,0,1.7,0,1877,0,0,579.326902777778,60.0764270833333,0.485517847222222,0,7.55804930555556,-1.19,300,0,3744.6,60.0007145833333,0.281893333333333,0
1/31/20 14:04,215.5,215.458333333333,0,0,4691.7,20.35,0,0,1.7,0,1877,0,0,579.177861111111,59.9789708333333,0.484212083333333,0,7.55503402777778,-1.19,300,0,3744.6,60.01755625,0.224653333333333,0
1/31/20 14:09,215.583333333333,215.541666666667,0,0,4691.7,20.35,0,0,1.7,0,1877,0,0,579.595236111111,60.06260625,0.484496597222222,0,7.55578027777778,-1.19,300,0,3744.6,60.0271375,0.224,0
1/31/20 14:14,215.666666666667,215.625,0,0,4691.7,20.35,0,0,1.7,0,1877,0,0,579.6,59.9012291666667,0.483914791666667,0,7.55581597222222,-1.19,300,0,3744.6,60.00030625,0.224,0
1/31/20 14:19,215.75,215.708333333333,0,0,4691.7,20.35,0,0,1.7,0,1877,0,0,579.6,59.8462208333333,0.484570763888889,0,7.55324013888889,-1.19,300,0,3744.6,60,0.224,0
1/31/20 14:24,215.833333333333,215.791666666667,0,0,4691.7,20.35,0,0,1.7,0,1877,0,0,579.326902777778,59.9807083333333,0.485352823913879,0,7.51303015151515,-1.19,300,0,3744.6,60,0.224,0
1/31/20 14:29,215.916666666667,215.875,0,0,4691.7,20.35,0,0,1.7,1.67E-02,1877,0,0,579.177861111111,59.9318979166667,0.118606898308343,0,7.26719179292929,-1.19,117.666666666667,0,3744.6,60.0409645833333,0.226496888888889,0
1/31/20 14:34,216,215.958333333333,0,0,4691.7,20.35,0,0,1.7,0,1877,0,0,579.868333333333,59.8602958333333,8.17E-02,0,7.30866347222222,-1.19,100,0,3744.6,60.0633208333333,0.230356444444444,0
1/31/20 14:39,216.083333333333,216.041666666667,0,0,4691.7,20.35,0,0,1.7,0,1877,0,0,580.295236111111,59.6885708333333,8.30E-02,0,7.32315375,-1.19,100,0,3744.6,60.0416791666667,0.2304,0
1/31/20 14:44,216.166666666667,216.125,0,0,4691.7,20.35,0,0,1.7,0,1877,0,0,580.3,59.6240833333333,8.35E-02,0,7.34303472222222,-1.19,100,0,3744.6,60.0633208333333,0.2304,0
1/31/20 14:49,216.25,216.208333333333,0,0,4691.7,20.35,0,0,1.7,0,1877,0,0,580.3,59.8029583333333,8.26E-02,0,7.36467513888889,-1.19,100,0,3744.6,60.0007145833333,0.227903111111111,0
1/31/20 14:54,216.333333333333,216.291666666667,0,0,4691.7,20.35,0,0,1.7,0,1877,0,0,580.3,59.7640354166667,8.33E-02,0,7.39769638888889,-1.19,100,0,3744.6,60,0.224043555555556,0
1/31/20 14:59,216.416666666667,216.375,0,0,4691.7,20.35,0,0,1.7,0,1877,0,0,580.3,59.7416791666667,8.28E-02,0,7.46033402777778,-1.19,100,0,3744.6,60,0.224,0
1/31/20 15:04,216.5,216.458333333333,0,0,4691.7,20.35,0,0,1.7,0,1877,0,0,580.026902777778,59.8042854166667,8.25E-02,0,7.51069444444444,-1.19,100,0,3744.6,60,0.224,0
1/31/20 15:09,216.583333333333,216.541666666667,0,0,4691.7,20.35,0,0,1.7,0,1877,0,0,579.877861111111,59.805,8.13E-02,0,7.532285,-1.19,100,0,3744.6,60,0.224,0
1/31/20 15:14,216.666666666667,216.625,0,0,4691.7,20.35,0,0,1.03676388888889,0,1877,0,0,580.022138888889,60.2731666666667,8.15E-02,0,7.51749638888889,-1.19,100,0,3744.6,59.9239229166667,0.136608888888889,0
1/31/20 15:19,216.75,216.708333333333,0,0,4691.81704166667,20.35,0,0,1.16E-02,0,1877,0,0,579.877861111111,60.3511166666667,8.39E-02,0,7.48687027777778,-1.19,164.333333333333,0,3744.6,59.8824041666667,1.52E-03,0
1/31/20 15:24,216.833333333333,216.791666666667,0,0,4692.115,20.35,0,0,0,0,1877,0,0,580.295236111111,59.8068333333333,8.26E-02,0,7.50153708333333,-1.19,102.333333333333,0,3744.6,59.9986729166667,-2.50E-03,0
1/31/20 15:29,216.916666666667,216.875,0,0,4692.415,20.35,0,0,0,0,1877,0,0,580.3,59.92188125,8.18E-02,0,7.51656597222222,-1.19,100,0,3744.6,60,-6.36E-03,0
1/31/20 15:34,217,216.958333333333,0,0,4692.715,20.35,0,0,0,0,1877,0,0,580.3,59.8063270833333,8.19E-02,0,7.52938027777778,-1.19,100,0,3744.6,60,-0.0064,0
1/31/20 15:39,217.083333333333,217.041666666667,0,0,4693.015,20.35,0,0,0,0,1877,0,0,580.3,59.805,8.31E-02,0,7.54219625,-1.19,100,0,3744.6,60,-0.0064,0
1/31/20 15:44,217.166666666667,217.125,0,0,4693.315,20.35,0,0,0,0,1877,0,0,580.3,59.805,8.32E-02,0,7.55321666666667,-1.19,100,0,3744.6,60,-0.0064,0
1/31/20 15:49,217.25,217.208333333333,0,0,4693.615,20.35,0,0,0,0,1877,0,0,580.3,59.805,8.22E-02,0,7.56499694444444,-1.19,100,0,3744.6,60,-0.0064,0
1/31/20 15:54,217.333333333333,217.291666666667,0,0,4693.915,20.35,0,0,0,0,1877,0,0,580.3,59.805,8.17E-02,0,7.57525236111111,-1.19,100,0,3744.6,60,-0.0064,0
1/31/20 15:59,217.416666666667,217.375,0,0,4694.215,20.35,0,0,0,0,1877,0,0,580.3,59.805,8.15E-02,0,7.58325069444444,-1.19,100,0,3744.6,60,-0.0064,0
1/31/20 16:04,217.5,217.458333333333,0,0,4694.515,20.35,0,0,0,0,1877,0,0,580.3,59.8401125,8.20E-02,0,7.59382652777778,-1.19,100,0,3744.6,60,-0.0064,0
1/31/20 16:09,217.583333333333,217.541666666667,0,0,4694.815,20.35,0,0,0,0,1877,0,0,580.3,59.8943875,8.05E-02,0,7.60344319444444,-1.19,100,0,3744.6,60,-0.0064,0
1/31/20 16:14,217.666666666667,217.625,0,0,4695.115,20.35,0,0,0,0,1877,0,0,580.3,59.8598875,8.11E-02,0,7.61088944444445,-1.19,100,0,3744.6,60,-0.0064,0
1/31/20 16:19,217.75,217.708333333333,0,0,4695.415,20.35,0,0,0,0,1877,0,0,580.3,59.840725,0.082575,0,7.61747722222222,-1.19,100,0,3744.6,60,-0.0064,0
1/31/20 16:24,217.833333333333,217.791666666667,0,0,4695.715,20.35,0,0,0,0,1877,0,0,578.880923664122,59.87683125,7.66E-02,0,7.62566972222222,-1.19,100,0,3744.6,60,-0.0064,0
1/31/20 16:29,217.916666666667,217.875,0,0,4696.015,20.35,0,0,0,0,1877,0,0,601.464715224767,59.8678625,8.20E-02,0,7.63229319444444,-1.19,100,0,3744.6,60,-0.0064,0
1/31/20 16:34,218,217.958333333333,0,0,4696.315,20.35,0,0,0,0,1877,0,0,600.336430555556,59.89469375,8.17E-02,0,7.63673944444444,-1.19,100,0,3744.6,60,-0.0064,0
1/31/20 16:39,218.083333333333,218.041666666667,0,0,4696.615,20.35,0,0,0,0,1877,0,0,599.631666666667,59.895,8.15E-02,0,7.64266805555556,-1.19,100,0,3744.6,60,-0.0064,0
1/31/20 16:44,218.166666666667,218.125,0,0,4696.915,20.35,0,0,0,0,1877,0,0,599.204763888889,59.895,8.38E-02,0,7.65303944444444,-1.19,100,0,3744.6,60,-0.0064,0
1/31/20 16:49,218.25,218.208333333333,0,0,4697.215,20.35,0,0,0,0,1877,0,0,599.2,59.895,8.42E-02,0,7.65482444444444,-1.19,100,0,3744.6,60,-0.0064,0
1/31/20 16:54,218.333333333333,218.291666666667,0,0,4697.515,20.35,0,0,0,0,1877,0,0,598.926902777778,59.895,8.28E-02,0,7.65278541666667,-1.19,100,0,3744.6,60,-8.90E-03,0
1/31/20 16:59,218.416666666667,218.375,0,0,4697.815,20.35,0,0,0,0,1877,0,0,598.504763888889,59.8598875,8.31E-02,0,7.66046361111111,-1.19,100,0,3744.6,60,-1.03E-02,0
1/31/20 17:04,218.5,218.458333333333,0,0,4698.115,20.35,0,0,0,0,1877,0,0,598.5,59.8056125,8.32E-02,0,7.66593875,-1.19,100,0,3744.6,60,-8.94E-03,0
1/31/20 17:09,218.583333333333,218.541666666667,0,0,4698.415,20.35,0,0,0,0,1877,0,0,598.5,59.805,8.14E-02,0,7.66873097222222,-1.19,100,0,3744.6,60,-1.03E-02,0
1/31/20 17:14,218.666666666667,218.625,0,0,4698.715,20.35,0,0,0,0,1877,0,0,598.5,59.8401125,8.05E-02,0,7.6733425,-1.19,100,0,3744.6,60,-8.94E-03,0
1/31/20 17:19,218.75,218.708333333333,0,0,4699.015,20.35,0,0,0,0,1877,0,0,597.953805555556,59.8943875,8.11E-02,0,7.67672416666667,-1.19,100,0,3744.6,60,-1.28E-02,0
1/31/20 17:24,218.833333333333,218.791666666667,0,0,4699.315,20.35,0,0,0,0,1877,0,0,597.382625,59.895,8.18E-02,0,7.68446361111111,-1.19,100,0,3744.6,60,-0.0128,0
1/31/20 17:29,218.916666666667,218.875,0,0,4699.615,20.35,0,0,0,0,1877,0,0,597.522138888889,59.895,0.08247875,0,7.69110916666667,-1.19,100,0,3744.6,60,-0.0128,0
1/31/20 17:34,219,218.958333333333,0,0,4699.915,20.35,0,0,0,0,1877,0,0,597.104763888889,59.895,8.30E-02,0,7.69415,-1.19,100,0,3744.6,60,-0.0128,0
1/31/20 17:39,219.083333333333,219.041666666667,0,0,4700.215,20.35,0,0,0,0,1877,0,0,597.1,59.8657395833333,8.17E-02,0,7.69597958333333,-1.19,100,0,3744.6,60,-0.0128,0
1/31/20 17:44,219.166666666667,219.125,0,0,4700.515,20.35,0,0,0,0,1877,0,0,596.826902777778,59.8497708333333,8.16E-02,0,7.696,-1.19,100,0,3744.6,60,-0.0128,0
1/31/20 17:49,219.25,219.208333333333,0,0,4700.815,20.35,0,0,0,0,1877,0,0,596.404763888889,59.90619375,8.16E-02,0,7.69990138888889,-1.19,100,0,3744.6,60,-0.0128,0
1/31/20 17:54,219.333333333333,219.291666666667,0,0,4701.115,20.35,0,0,0,0,1877,0,0,596.673097222222,59.8370145833333,8.17E-02,0,7.70671222222222,-1.19,100,0,3744.6,60,-0.0128,0
1/31/20 17:59,219.416666666667,219.375,0,0,4701.415,20.35,0,0,0,0,1877,0,0,596.822138888889,59.7424958333333,8.07E-02,0,7.70954694444444,-1.19,100,0,3744.6,60,-0.0128,0
1/31/20 18:04,219.5,219.458333333333,0,0,4701.715,20.35,0,0,0,0,1877,0,0,596.677861111111,59.8393979166667,8.08E-02,0,7.71275305555556,-1.19,100,0,3744.6,60,-0.0128,0
1/31/20 18:09,219.583333333333,219.541666666667,0,0,4702.015,20.35,0,0,0,0,1877,0,0,597.095236111111,59.8943875,8.17E-02,0,7.71632722222222,-1.19,100,0,3744.6,60,-0.0128,0
1/31/20 18:14,219.666666666667,219.625,0,0,4702.315,20.35,0,0,0,0,1877,0,0,596.826902777778,59.8891479166667,8.25E-02,0,7.71956902777778,-1.19,100,0,3744.6,60,-0.0128,0
1/31/20 18:19,219.75,219.708333333333,0,0,4702.615,20.35,0,0,0,0,1877,0,0,596.404763888889,59.8859541666667,8.16E-02,0,7.71744625,-1.19,100,0,3744.6,60,-0.0128,0
1/31/20 18:24,219.833333333333,219.791666666667,0,0,4702.915,20.35,0,0,0,0,1877,0,0,596.673097222222,59.8948979166667,8.21E-02,0,7.71814833333333,-1.19,100,0,3744.6,60,-0.0128,0
1/31/20 18:29,219.916666666667,219.875,0,0,4703.215,20.35,0,0,0,0,1877,0,0,596.822138888889,59.895,8.13E-02,0,7.72450611111111,-1.19,100,0,3744.6,60,-0.0128,0
1/31/20 18:34,220,219.958333333333,0,0,4703.515,20.35,0,0,0,0,1877,0,0,596.404763888889,59.895,8.16E-02,0,7.72814319444444,-1.19,100,0,3744.6,60,-0.0128,0
1/31/20 18:39,220.083333333333,220.041666666667,0,0,4703.815,20.35,0,0,0,0,1877,0,0,596.4,59.895,8.25E-02,0,7.72880916666667,-1.19,100,0,3744.6,60,-0.0128,0
1/31/20 18:44,220.166666666667,220.125,0,0,4704.115,20.35,0,0,0,0,1877,0,0,596.4,59.895,8.23E-02,0,7.72858097222222,-1.19,100,0,3744.6,60,-0.0128,0
1/31/20 18:49,220.25,220.208333333333,0,0,4704.415,20.35,0,0,0,0,1877,0,0,596.4,59.895,8.16E-02,0,7.73058263888889,-1.19,100,0,3744.6,60,-0.0128,0
1/31/20 18:54,220.333333333333,220.291666666667,0,0,4704.715,20.35,0,0,0,0,1877,0,0,596.4,59.895,8.16E-02,0,7.73117722222222,-1.19,100,0,3744.6,60,-0.0128,0
1/31/20 18:59,220.416666666667,220.375,0,0,4705.015,20.35,0,0,0,0,1877,0,0,596.4,59.8657395833333,8.23E-02,0,7.73297958333333,-1.19,100,0,3744.6,60,-0.0128,0
1/31/20 19:04,220.5,220.458333333333,0,0,4705.315,20.35,0,0,0,0,1877,0,0,596.126902777778,59.8322145833333,8.04E-02,0,7.73182958333333,-1.19,100,0,3744.6,60,-0.0128,0
1/31/20 19:09,220.583333333333,220.541666666667,0,0,4705.615,20.35,0,0,0,0,1877,0,0,595.977861111111,59.8322395833333,7.98E-02,0,7.73002041666667,-1.19,100,0,3744.6,60,-0.0128,0
1/31/20 19:14,220.666666666667,220.625,0,0,4705.915,20.35,0,0,0,0,1877,0,0,596.122138888889,59.84041875,8.23E-02,0,7.72882958333333,-1.19,100,0,3744.6,60,-0.0128,0
1/31/20 19:19,220.75,220.708333333333,0,0,4706.215,20.35,0,0,0,0,1877,0,0,595.704763888889,59.8943875,8.22E-02,0,7.72741055555556,-1.19,100,0,3744.6,60,-0.0128,0
1/31/20 19:24,220.833333333333,220.791666666667,0,0,4706.515,20.35,0,0,0,0,1877,0,0,595.973097222222,59.895,8.35E-02,0,7.72682277777778,-1.19,100,0,3744.6,60,-0.0128,0
1/31/20 19:29,220.916666666667,220.875,0,0,4706.815,20.35,0,0,0,0,1877,0,0,596.395236111111,59.895,8.38E-02,0,7.72619083333333,-1.19,100,0,3744.6,60,-0.0128,0
1/31/20 19:34,221,220.958333333333,0,0,4707.115,20.35,0,0,0,0,1877,0,0,596.4,59.895,0.082605625,0,7.73032041666667,-1.19,100,0,3744.6,60,-0.0128,0
1/31/20 19:39,221.083333333333,221.041666666667,0,0,4707.415,20.35,0,0,0,0,1877,0,0,596.4,59.8891479166667,8.31E-02,0,7.73278875,-1.19,100,0,3744.6,60,-0.0128,0
1/31/20 19:44,221.166666666667,221.125,0,0,4707.715,20.35,0,0,0,0,1877,0,0,596.4,59.8508416666667,8.29E-02,0,7.72867958333333,-1.19,100,0,3744.6,60,-0.0128,0
1/31/20 19:49,221.25,221.208333333333,0,0,4708.015,20.35,0,0,0,0,1877,0,0,596.4,59.8055104166667,8.25E-02,0,7.72191972222222,-1.19,100,0,3744.6,60,-0.0128,0
1/31/20 19:54,221.333333333333,221.291666666667,0,0,4708.315,20.35,0,0,0,0,1877,0,0,596.4,59.8401125,8.22E-02,0,7.72095583333334,-1.19,100,0,3744.6,60,-0.0128,0
1/31/20 19:59,221.416666666667,221.375,0,0,4708.615,20.35,0,0,0,0,1877,0,0,596.4,59.8943875,8.40E-02,0,7.72225027777778,-1.19,100,0,3744.6,60,-0.0128,0
1/31/20 20:04,221.5,221.458333333333,0,0,4708.915,20.35,0,0,0,0,1877,0,0,596.4,59.895,0.084,0,7.71469152777778,-1.19,100,0,3744.6,60,-0.0128,0
1/31/20 20:09,221.583333333333,221.541666666667,0,0,4709.215,20.35,0,0,0,0,1877,0,0,596.126902777778,59.8891479166667,8.26E-02,0,7.71400680555556,-1.19,100,0,3744.6,60,-0.0128,0
1/31/20 20:14,221.666666666667,221.625,0,0,4709.515,20.35,0,0,0,0,1877,0,0,595.704763888889,59.8683979166667,8.17E-02,0,7.71087888888889,-1.19,100,0,3744.6,60,-0.0128,0
1/31/20 20:19,221.75,221.708333333333,0,0,4709.815,20.35,0,0,0,0,1877,0,0,595.7,59.8677604166667,0.082894375,0,7.7005925,-1.19,100,0,3744.6,60,-0.0128,0
1/31/20 20:24,221.833333333333,221.791666666667,0,0,4710.115,20.35,0,0,0,0,1877,0,0,595.7,59.89469375,8.08E-02,0,7.69755722222222,-1.19,100,0,3744.6,60,-0.0128,0
1/31/20 20:29,221.916666666667,221.875,0,0,4710.415,20.35,0,0,0,0,1877,0,0,595.7,59.8598875,7.98E-02,0,7.70941597222222,-1.19,100,0,3744.6,60,-0.0128,0
1/31/20 20:34,222,221.958333333333,0,0,4710.715,20.35,0,0,0,0,1877,0,0,595.7,59.8056125,8.12E-02,0,7.71259791666667,-1.19,100,0,3744.6,60,-0.0128,0
1/31/20 20:39,222.083333333333,222.041666666667,0,0,4711.015,20.35,0,0,0,0,1877,0,0,595.7,59.8401125,8.17E-02,0,7.70865069444444,-1.19,100,0,3744.6,60,-0.0128,0
1/31/20 20:44,222.166666666667,222.125,0,0,4711.315,20.35,0,0,0,0,1877,0,0,595.7,59.8943875,8.20E-02,0,7.70488569444445,-1.19,100,0,3744.6,60,-0.0128,0
1/31/20 20:49,222.25,222.208333333333,0,0,4711.615,20.35,0,0,0,0,1877,0,0,595.426902777778,59.895,8.26E-02,0,7.69927416666667,-1.19,100,0,3744.6,60,-0.0128,0
1/31/20 20:54,222.333333333333,222.291666666667,0,0,4711.915,20.35,0,0,0,0,1877,0,0,595.277861111111,59.895,8.39E-02,0,7.69372208333333,-1.19,100,0,3744.6,60,-0.0128,0
1/31/20 20:59,222.416666666667,222.375,0,0,4712.215,20.35,0,0,0,0,1877,0,0,595.695236111111,59.895,8.37E-02,0,7.68629458333333,-1.19,100,0,3744.6,60,-0.0128,0
1/31/20 21:04,222.5,222.458333333333,0,0,4712.515,20.35,0,0,0,0,1877,0,0,595.7,59.895,8.21E-02,0,7.68111222222222,-1.19,100,0,3744.6,60,-0.0128,0
1/31/20 21:09,222.583333333333,222.541666666667,0,0,4712.815,20.35,0,0,0,0,1877,0,0,595.7,59.895,8.09E-02,0,7.67584833333333,-1.19,100,0,3744.6,60,-0.0128,0
1/31/20 21:14,222.666666666667,222.625,0,0,4713.115,20.35,0,0,0,0,1877,0,0,595.7,59.8598875,8.08E-02,0,7.673085,-1.19,100,0,3744.6,60,-0.0128,0
1/31/20 21:19,222.75,222.708333333333,0,0,4713.415,20.35,0,0,0,0,1877,0,0,595.7,59.8114645833333,0.08159625,0,7.66511736111111,-1.19,100,0,3744.6,60,-0.0128,0
1/31/20 21:24,222.833333333333,222.791666666667,0,0,4713.715,20.35,0,0,0,0,1877,0,0,595.426902777778,59.8491583333333,8.14E-02,0,7.65579180555556,-1.19,100,0,3744.6,60,-0.0128,0
1/31/20 21:29,222.916666666667,222.875,0,0,4714.015,20.35,0,0,0,0,1877,0,0,595.277861111111,59.8769333333333,8.22E-02,0,7.64142722222222,-1.19,100,0,3744.6,60,-1.53E-02,0
1/31/20 21:34,223,222.958333333333,0,0,4714.315,20.35,0,0,0,0,1877,0,0,595.422138888889,59.85030625,8.19E-02,0,7.63135069444445,-1.19,100,0,3744.6,60,-1.67E-02,0
1/31/20 21:39,223.083333333333,223.041666666667,0,0,4714.615,20.35,0,0,0,0,1877,0,0,595.004763888889,59.86755625,8.32E-02,0,7.62392652777778,-1.19,100,0,3744.6,60,-1.28E-02,0
1/31/20 21:44,223.166666666667,223.125,0,0,4714.915,20.35,0,0,0,0,1877,0,0,595.273097222222,59.85958125,8.55E-02,0,7.62412625,-1.19,100,0,3744.6,60,-0.0128,0
1/31/20 21:49,223.25,223.208333333333,0,0,4715.215,20.35,0,0,0,0,1877,0,0,595.695236111111,59.840725,8.30E-02,0,7.62801013888889,-1.19,100,0,3744.6,60,-1.53E-02,0
1/31/20 21:54,223.333333333333,223.291666666667,0,0,4715.515,20.35,0,0,0,0,1877,0,0,595.7,59.8943875,8.23E-02,0,7.61192444444445,-1.19,100,0,3744.6,60,-1.67E-02,0
1/31/20 21:59,223.416666666667,223.375,0,0,4715.815,20.35,0,0,0,0,1877,0,0,595.973097222222,59.895,8.35E-02,0,7.58876430555556,-1.19,100,0,3744.6,60,-1.28E-02,0
1/31/20 22:04,223.5,223.458333333333,0,0,4716.115,20.35,0,0,0,0,1877,0,0,596.122138888889,59.8598875,8.25E-02,0,7.57361805555556,-1.19,100,0,3744.6,60,-1.53E-02,0
1/31/20 22:09,223.583333333333,223.541666666667,0,0,4716.415,20.35,0,0,0,0,1877,0,0,595.704763888889,59.840725,8.22E-02,0,7.57664430555556,-1.19,100,0,3744.6,60,-1.92E-02,0
1/31/20 22:14,223.666666666667,223.625,0,0,4716.715,20.35,0,0,0,0,1877,0,0,595.7,59.8943875,8.26E-02,0,7.58321791666667,-1.19,100,0,3744.6,60,-0.0192,0
1/31/20 22:19,223.75,223.708333333333,0,0,4717.015,20.35,0,0,0,0,1877,0,0,595.7,59.895,8.05E-02,0,7.56609319444444,-1.19,100,0,3744.6,60,-0.0192,0
1/31/20 22:24,223.833333333333,223.791666666667,0,0,4717.315,20.35,0,0,0,0,1877,0,0,595.7,59.895,8.11E-02,0,7.55044083333333,-1.19,100,0,3744.6,60,-0.0192,0
1/31/20 22:29,223.916666666667,223.875,0,0,4717.615,20.35,0,0,0,0,1877,0,0,595.7,59.895,8.22E-02,0,7.53293805555556,-1.19,100,0,3744.6,60,-0.0192,0
1/31/20 22:34,224,223.958333333333,0,0,4717.915,20.35,0,0,0,0,1877,0,0,595.7,59.895,8.25E-02,0,7.50040097222222,-1.19,100,0,3744.6,60,-0.0192,0
1/31/20 22:39,224.083333333333,224.041666666667,0,0,4718.215,20.35,0,0,0,0,1877,0,0,595.426902777778,59.8598875,8.27E-02,0,7.47936444444445,-1.19,100,0,3744.6,60,-0.0192,0
1/31/20 22:44,224.166666666667,224.125,0,0,4718.515,20.35,0,0,0,0,1877,0,0,595.277861111111,59.8056125,8.16E-02,0,7.49159319444444,-1.19,100,0,3744.6,60,-0.0192,0
1/31/20 22:49,224.25,224.208333333333,0,0,4718.815,20.35,0,0,0,0,1877,0,0,595.422138888889,59.805,8.03E-02,0,7.48877472222222,-1.19,100,0,3744.6,60,-0.0192,0
1/31/20 22:54,224.333333333333,224.291666666667,0,0,4719.115,20.35,0,0,0,0,1877,0,0,595.004763888889,59.805,8.19E-02,0,7.45015875,-1.19,100,0,3744.6,60,-0.0192,0
1/31/20 22:59,224.416666666667,224.375,0,0,4719.415,20.35,0,0,0,0,1877,0,0,595,59.805,8.25E-02,0,7.42571555555556,-1.19,100,0,3744.6,60,-0.0192,0
1/31/20 23:04,224.5,224.458333333333,0,0,4719.715,20.35,0,0,0,0,1877,0,0,595.273097222222,59.805,0.0825,0,7.43695055555556,-1.19,100,0,3744.6,60,-0.0192,0
1/31/20 23:09,224.583333333333,224.541666666667,0,0,4720.015,20.35,0,0,0,0,1877,0,0,595.422138888889,59.8401125,8.27E-02,0,7.40859513888889,-1.19,100,0,3744.6,60,-0.0192,0
1/31/20 23:14,224.666666666667,224.625,0,0,4720.315,20.35,0,0,0,0,1877,0,0,595.004763888889,59.859275,8.28E-02,0,7.36507555555555,-1.19,100,0,3744.6,60,-0.0192,0
1/31/20 23:19,224.75,224.708333333333,0,0,4720.615,20.35,0,0,0,0,1877,0,0,595,59.8056125,8.31E-02,0,7.36412847222222,-1.19,100,0,3744.6,60,-0.0192,0
1/31/20 23:24,224.833333333333,224.791666666667,0,0,4720.915,20.35,0,0,0,0,1877,0,0,595,59.8401125,8.22E-02,0,7.38802055555556,-1.19,100,0,3744.6,60,-0.0192,0
1/31/20 23:29,224.916666666667,224.875,0,0,4721.215,20.35,0,0,0,0,1877,0,0,595.273097222222,59.8943875,8.05E-02,0,7.34963555555555,-1.19,100,0,3744.6,60,-0.0192,0
1/31/20 23:34,225,224.958333333333,0,0,4721.515,20.35,0,0,0,0,1877,0,0,595.422138888889,59.895,8.08E-02,0,7.28442930555556,-1.19,100,0,3744.6,60,-0.0192,0
1/31/20 23:39,225.083333333333,225.041666666667,0,0,4721.815,20.35,0,0,0,0,1877,0,0,595.004763888889,59.895,8.02E-02,0,7.26931388888889,-1.19,100,0,3744.6,60,-0.0192,0
1/31/20 23:44,225.166666666667,225.125,0,0,4722.115,20.35,0,0,0,0,1877,0,0,595,59.895,8.10E-02,0,7.28615319444445,-1.19,100,0,3744.6,60,-0.0192,0
1/31/20 23:49,225.25,225.208333333333,0,0,4722.415,20.35,0,0,0,0,1877,0,0,595,59.8598875,8.07E-02,0,7.25028666666667,-1.19,100,0,3744.6,60,-0.0192,0
1/31/20 23:54,225.333333333333,225.291666666667,0,0,4722.715,20.35,0,0,0,0,1877,0,0,594.453805555556,59.840725,0.081894375,0,7.22246819444445,-1.19,100,0,3744.6,60,-0.0192,0
1/31/20 23:59,225.416666666667,225.375,0,0,4723.015,20.35,0,0,0,0,1877,0,0,593.609527777778,59.7422333333333,8.20E-02,0,7.24099055555556,-1.19,100,0,3744.6,60,-0.0192,0
2/1/20 0:04,225.5,225.458333333333,0,0,4723.315,20.35,0,0,0,0,1877,0,0,593.6,59.6598083333333,8.35E-02,0,7.25924375,-1.19,100,0,3744.6,60,-0.0192,0
2/1/20 0:09,225.583333333333,225.541666666667,0,0,4723.615,20.35,0,0,0,0,1877,0,0,593.6,59.81626875,8.39E-02,0,7.23299375,-1.19,100,0,3744.6,60,-0.0192,0
2/1/20 0:14,225.666666666667,225.625,0,0,4723.915,20.35,0,0,0,0,1877,0,0,593.6,59.7422916666667,8.35E-02,0,7.18437180555556,-1.19,100,0,3744.6,60,-0.0192,0
2/1/20 0:19,225.75,225.708333333333,0,0,4724.215,20.35,0,0,0,0,1877,0,0,593.6,59.8393979166667,8.10E-02,0,7.15732833333333,-1.19,100,0,3744.6,60.01755625,-0.0192,0
2/1/20 0:24,225.833333333333,225.791666666667,0,0,4724.515,20.35,0,0,0,0,1877,0,0,593.6,59.859275,8.13E-02,0,7.16651847222222,-1.19,100,0,3744.6,60.0271375,-0.0192,0
2/1/20 0:29,225.916666666667,225.875,0,0,4724.815,20.35,0,0,0,0,1877,0,0,593.6,59.8056125,8.28E-02,0,7.18383152777778,-1.19,100,0,3744.6,60.00030625,-0.0192,0
2/1/20 0:34,226,225.958333333333,0,0,4725.115,20.35,0,0,0,0,1877,0,0,593.6,59.805,8.22E-02,0,7.16854958333333,-1.19,100,0,3744.6,60,-0.0192,0
2/1/20 0:39,226.083333333333,226.041666666667,0,0,4725.415,20.35,0,0,0,0,1877,0,0,593.873097222222,59.7640354166667,8.32E-02,0,7.13244180555556,-1.19,100,0,3744.6,60,-0.0192,0
2/1/20 0:44,226.166666666667,226.125,0,0,4725.715,20.35,0,0,0,0,1877,0,0,594.295236111111,59.7007145833333,0.08240375,0,7.07937305555556,-1.19,100,0,3744.6,60,-0.0192,0
2/1/20 0:49,226.25,226.208333333333,0,0,4725.89795833333,20.35,0,0,0,0,1877,0,0,594.3,59.8170416666667,8.32E-02,0,7.04332166666667,-1.19,100,0,3744.6,59.9590354166667,-0.0192,0
2/1/20 0:54,226.333333333333,226.291666666667,0,0,4725.93901388889,20.35,0,0,0,0,1877,0,0,594.573097222222,59.8809166666667,8.23E-02,0,7.06672319444444,-1.19,100,0,3744.6,59.9366791666667,-0.0192,0
2/1/20 0:59,226.416666666667,226.375,0,0,4726.11636111111,20.35,0,0,0,0,1877,0,0,594.722138888889,59.7020416666667,0.081105625,0,7.071795,-1.19,100,0,3744.6,59.9992854166667,-0.0192,0
2/1/20 1:04,226.5,226.458333333333,0,0,4726.29795833333,20.35,0,0,0,0,1877,0,0,594.304763888889,59.7409645833333,8.22E-02,0,7.04314263888889,-1.19,100,0,3744.6,60,-0.0192,0
2/1/20 1:09,226.583333333333,226.541666666667,0,0,4726.3,20.35,0,0,0,0,1877,0,0,594.573097222222,59.7633208333333,8.35E-02,0,7.01293041666667,-1.19,100,0,3744.6,60,-0.0192,0
2/1/20 1:14,226.666666666667,226.625,0,0,4726.3,20.35,0,0,0,0,1877,0,0,594.995236111111,59.7007145833333,8.34E-02,0,6.94803236111111,-1.19,100,0,3744.6,60,-0.0192,0
2/1/20 1:19,226.75,226.708333333333,0,0,4726.3,20.35,0,0,0,0,1877,0,0,594.726902777778,59.71755625,8.22E-02,0,6.92412777777778,-1.19,100,0,3744.6,60,-0.0192,0
2/1/20 1:24,226.833333333333,226.791666666667,0,0,4726.3,20.35,0,0,0,0,1877,0,0,594.304763888889,59.7681020833333,0.083394375,0,6.93648902777778,-1.19,100,0,3744.6,60,-0.0192,0
2/1/20 1:29,226.916666666667,226.875,0,0,4726.3,20.35,0,0,0,0,1877,0,0,594.026902777778,59.8045916666667,8.27E-02,0,6.9968753125,-1.19,100,0,3744.6,60,-0.0192,0
2/1/20 1:34,227,226.958333333333,0,0,4726.3,20.35,0,0,0,0,1877,0,0,593.604763888889,59.7757395833333,8.24E-02,0,7.0214829785628,-1.19,100,0,3744.6,60,-0.0192,0
2/1/20 1:39,227.083333333333,227.041666666667,0,0,4726.3,20.35,0,0,0,0,1877,0,0,593.6,59.71880625,8.13E-02,0,6.9221592089372,-1.19,100,0,3744.6,60,-0.0192,0
2/1/20 1:44,227.166666666667,227.125,0,0,4726.3,20.35,0,0,3.90E-02,0,1877,0,0,593.326902777778,59.7002041666667,8.14E-02,0,6.88188569444445,-1.19,100,0,3744.6,60,-0.0192,0
2/1/20 1:49,227.25,227.208333333333,0,0,4726.3,20.35,0,0,9.93E-02,0,1877,0,0,592.631666666667,59.7409645833333,8.26E-02,0,6.89568152777778,-1.19,100,0,3744.6,60,-0.0192,0
2/1/20 1:54,227.333333333333,227.291666666667,0,0,4726.3,20.35,0,0,0.1,0,1877,0,0,591.658569444444,59.8042854166667,8.29E-02,0,6.86608555555556,-1.19,100,0,3744.6,60,-0.0192,0
2/1/20 1:59,227.416666666667,227.375,0,0,4726.3,20.35,0,0,0.1,0,1877,0,0,590.809527777778,59.7815916666667,8.22E-02,0,6.8469425,-1.19,100,0,3744.6,60,-0.0192,0
2/1/20 2:04,227.5,227.458333333333,0,0,4726.3,20.35,0,0,0.139013888888889,0,1877,0,0,590.253805555556,59.651775,8.17E-02,0,6.89811736111111,-1.19,100,0,3744.6,60,-0.0192,0
2/1/20 2:09,227.583333333333,227.541666666667,0,0,4726.3,20.35,0,0,0.199319444444444,0,1877,0,0,589.409527777778,59.5827104166667,8.13E-02,0,6.91797083333333,-1.19,100,0,3744.6,60,-1.67E-02,0
2/1/20 2:14,227.666666666667,227.625,0,0,4726.3,20.35,0,0,0.2,0,1877,0,0,588.853805555556,59.6811166666667,8.27E-02,0,6.90660152777778,-1.19,100,0,3744.6,60,-1.28E-02,0
2/1/20 2:19,227.75,227.708333333333,0,0,4726.3,20.35,0,0,0.2,0,1877,0,0,587.736430555556,59.47974375,8.22E-02,0,7.01050634317862,-1.19,100,0,3744.6,60.0409645833333,-0.0128,0
2/1/20 2:24,227.833333333333,227.791666666667,0,0,4726.3,20.35,0,0,0.2,0,1877,0,0,587.577861111111,59.3602166666667,0.08140375,0,7.00965435126582,-1.19,100,0,3744.6,60.0633208333333,-0.0128,0
2/1/20 2:29,227.916666666667,227.875,0,0,4726.3,20.35,0,0,0.2,0,1877,0,0,587.995236111111,59.5923458333333,8.24E-02,0,6.95569694444445,-1.19,100,0,3744.6,60.0007145833333,-0.0128,0
2/1/20 2:34,228,227.958333333333,0,0,4726.3,20.35,0,0,0.2,0,1877,0,0,587.453805555556,59.595,8.24E-02,0,6.92687194444444,-1.19,100,0,3744.6,60,-0.0128,0
2/1/20 2:39,228.083333333333,228.041666666667,0,0,4726.3,20.35,0,0,0.2,0,1877,0,0,586.336430555556,59.5598875,8.23E-02,0,6.95105555555556,-1.19,100,0,3744.6,60,-0.0128,0
2/1/20 2:44,228.166666666667,228.125,0,0,4726.3,20.35,0,0,0.2,0,1877,0,0,586.177861111111,59.540725,8.39E-02,0,6.97169333333333,-1.19,100,0,3744.6,60,-0.0128,0
2/1/20 2:49,228.25,228.208333333333,0,0,4726.3,20.35,0,0,0.2,0,1877,0,0,586.595236111111,59.5943875,8.41E-02,0,6.96360032622739,-1.19,100,0,3744.6,60,-0.0128,0
2/1/20 2:54,228.333333333333,228.291666666667,0,0,4726.3,20.35,0,0,0.2,0,1877,0,0,586.32896,59.635656,8.35E-02,0,6.97228673488372,-1.19,100,0,3744.6,60,-0.0128,0
2/1/20 2:59,228.416666666667,228.375,0,0,4726.3,20.35,0,0,0.2,0,1877,0,0,586.17608,59.658588,0.0831128,0,6.9637,-1.19,100,0,3744.6,60,-0.0128,0
2/1/20 3:04,228.5,228.458333333333,0,0,4726.3,20.35,0,0,0.23872,0,1877,0,0,586.32392,59.595756,0.0828944,0,6.9402672,-1.19,100,0,3744.6,60,-0.0128,0
2/1/20 3:09,228.583333333333,228.541666666667,0,0,4726.3,20.35,0,0,0.29928,0,1877,0,0,585.634,59.595,0.0832992,0,6.9377816,-1.19,100,0,3744.6,60,-0.0128,0
2/1/20 3:14,228.666666666667,228.625,0,0,4726.3,20.35,0,0,0.3,0,1877,0,0,585.47608,59.635656,0.0812612,0,6.965464,-1.19,100,0,3744.6,60,-0.0128,0
2/1/20 3:19,228.75,228.708333333333,0,0,4726.3,20.35,0,0,0.3,0,1877,0,0,585.89496,59.658588,0.0802748,0,6.986628,-1.19,100,0,3744.6,60,-0.0128,0
2/1/20 3:24,228.833333333333,228.791666666667,0,0,4726.3,20.35,0,0,0.3,0,1877,0,0,585.62896,59.595756,0.0821932,0,6.9931816,-1.19,100,0,3744.6,60,-0.0128,0
2/1/20 3:29,228.916666666667,228.875,0,0,4726.3,20.35,0,0,0.3,0,1877,0,0,585.20504,59.595,0.0815952,0,7.0053128,-1.19,100,0,3744.6,60,-0.0128,0
2/1/20 3:34,229,228.958333333333,0,0,4726.3,20.35,0,0,0.3,0,1877,0,0,585.2,59.595,0.0826828,0,6.9828220375,-1.19,100,0,3744.6,60,-0.0128,0
2/1/20 3:39,229.083333333333,229.041666666667,0,0,4726.3,20.35,0,0,0.3,0,1877,0,0,585.47104,59.595,0.082222,0,6.9843580828252,-1.19,100,0,3744.6,60,-0.0128,0
2/1/20 3:44,229.166666666667,229.125,0,0,4726.3,20.35,0,0,0.3,0,1877,0,0,585.35288,59.595,0.0817888,0,6.92805654634147,-1.19,100,0,3744.6,60,-0.0128,0
2/1/20 3:49,229.25,229.208333333333,0,0,4726.3,20.35,0,0,0.3,0,1877,0,0,584.51008,59.595,0.0833728,0,6.9583992,-1.19,100,0,3744.6,60,-0.0128,0
2/1/20 3:54,229.333333333333,229.291666666667,0,0,4726.3,20.35,0,0,0.3,0,1877,0,0,584.22896,59.635656,0.08438,0,7.04109906666667,-1.19,100,0,3744.6,60,-0.0128,0
2/1/20 3:59,229.416666666667,229.375,0,0,4726.3,20.35,0,0,0.3,0,1877,0,0,583.80504,59.658588,0.0832504,0,6.95998126666667,-1.19,100,0,3744.6,60,-0.0128,0
2/1/20 4:04,229.5,229.458333333333,0,0,4726.3,20.35,0,0,0.3,0,1877,0,0,583.8,59.595756,0.0803388,0,6.928416,-1.19,100,0,3744.6,60,-0.0128,0
2/1/20 4:09,229.583333333333,229.541666666667,0,0,4726.3,20.35,0,0,0.3,0,1877,0,0,583.52896,59.595,0.0803908,0,6.9435168,-1.19,100,0,3744.6,60,-0.0128,0
2/1/20 4:14,229.666666666667,229.625,0,0,4726.37744,20.35,0,0,0.3,0,1877,0,0,583.37608,59.595,0.0815736,0,7.04238349096573,-1.19,100,0,3744.6,60,-0.0128,0
2/1/20 4:19,229.75,229.708333333333,0,0,4726.576,20.35,0,0,0.3,0,1877,0,0,583.52392,59.635656,0.0824892,0,7.07852457570093,-1.19,100,0,3744.6,60,-0.0128,0
2/1/20 4:24,229.833333333333,229.791666666667,0,0,4726.69856,20.35,0,0,0.3,0,1877,0,0,583.37608,59.68182,0.0840488,0,7.032428,-1.19,100,0,3744.6,60,-0.0128,0
2/1/20 4:29,229.916666666667,229.875,0,0,4726.7,20.35,0,0,0.3,0,1877,0,0,583.79496,59.632092,0.0847288,0,7.0017408,-1.19,100,0,3744.6,60,-0.0128,0
2/1/20 4:34,230,229.958333333333,0,0,4726.7,20.35,0,0,0.3,0,1877,0,0,583.8,59.560584,0.0826132,0,6.9773168,-1.19,100,0,3744.6,60,-0.0128,0
2/1/20 4:39,230.083333333333,230.041666666667,0,0,4726.7,20.35,0,0,0.3,0,1877,0,0,583.8,59.540496,0.0825212,0,7.0020192,-1.19,100,0,3744.6,60,-0.0128,0
2/1/20 4:44,230.166666666667,230.125,0,0,4726.7,20.35,0,0,0.3,0,1877,0,0,583.8,59.594352,0.0806308,0,7.03586693333333,-1.19,100,0,3744.6,60,-0.0128,0
2/1/20 4:49,230.25,230.208333333333,0,0,4726.7,20.35,0,0,0.3,0,1877,0,0,583.8,59.595,0.0802008,0,7.0052056,-1.19,100,0,3744.6,60,-0.0128,0
2/1/20 4:54,230.333333333333,230.291666666667,0,0,4726.7,20.35,0,0,0.3,0,1877,0,0,583.52896,59.595,0.0810772,0,6.987772,-1.19,100,0,3744.6,60,-0.0128,0
2/1/20 4:59,230.416666666667,230.375,0,0,4726.7,20.35,0,0,0.3,0,1877,0,0,583.37608,59.560152,0.0814084,0,6.97216,-1.19,100,0,3744.6,60,-0.0128,0
2/1/20 5:04,230.5,230.458333333333,0,0,4726.7,20.35,0,0,0.3,0,1877,0,0,583.25288,59.540496,0.081866,0,6.9640784,-1.19,100,0,3744.6,60,-0.0128,0
2/1/20 5:09,230.583333333333,230.541666666667,0,0,4726.7,20.35,0,0,0.3,0,1877,0,0,582.41008,59.594352,0.083394,0,6.973724,-1.19,100,0,3744.6,60,-0.0128,0
2/1/20 5:14,230.666666666667,230.625,0,0,4726.7,20.35,0,0,0.3,0,1877,0,0,582.67104,59.589192,0.0811556,0,6.9305472,-1.19,100,0,3744.6,60,-0.0128,0
2/1/20 5:19,230.75,230.708333333333,0,0,4726.7,20.35,0,0,0.33872,0,1877,0,0,583.09496,59.597532,0.0797996,0,6.98776529198312,-1.19,100,0,3744.6,60,-0.0128,0
2/1/20 5:24,230.833333333333,230.791666666667,0,0,4726.7,20.35,0,0,0.39928,0,1877,0,0,582.82896,59.61306,0.0829216,0,6.95779637468354,-1.19,100,0,3744.6,60,-0.0128,0
2/1/20 5:29,230.916666666667,230.875,0,0,4726.7,20.35,0,0,0.4,0,1877,0,0,582.134,59.595216,0.0844152,0,6.9320704,-1.19,100,0,3744.6,60,-0.0128,0
2/1/20 5:34,231,230.958333333333,0,0,4726.73872,20.35,0,0,0.4,0,1877,0,0,581.97608,59.595,0.0822224,0,6.96143002352941,-1.19,100,0,3744.6,60,-0.0128,0
2/1/20 5:39,231.083333333333,231.041666666667,0,0,4726.79928,20.35,0,0,0.4,0,1877,0,0,582.124820465116,59.595,8.29E-02,0,7.06722952087812,-1.19,100,0,3744.6,60,-0.0128,0
2/1/20 5:44,231.166666666667,231.125,0,0,4726.8,20.35,0,0,0.4,0,1877,0,0,581.70530620155,59.5200669166667,8.16E-02,0,7.0453180889258,-1.19,100,0,3744.6,60,-0.0128,0
2/1/20 5:49,231.25,231.208333333333,0,0,4726.8,20.35,0,0,0.4,0,1877,0,0,581.968990555556,59.4591239166667,7.97E-02,0,7.02875708888889,-1.19,100,0,3744.6,60,-0.0128,0
2/1/20 5:54,231.333333333333,231.291666666667,0,0,4726.8,20.35,0,0,0.4,0,1877,0,0,582.125685555555,59.5661514166667,8.15E-02,0,7.02241211111111,-1.19,100,0,3744.6,60,-0.0128,0
2/1/20 5:59,231.416666666667,231.375,0,0,4726.8,20.35,0,0,0.4,0,1877,0,0,581.705323888889,59.56007325,8.21E-02,0,7.0005924,-1.19,100,0,3744.6,60,-0.0128,0
2/1/20 6:04,231.5,231.458333333333,0,0,4726.8,20.35,0,0,0.4,0,1877,0,0,581.431009444444,59.540269,8.28E-02,0,6.94820525555556,-1.19,100,0,3744.6,60,-0.0128,0
2/1/20 6:09,231.583333333333,231.541666666667,0,0,4726.8,20.35,0,0,0.4,0,1877,0,0,581.005323888889,59.559731,8.21E-02,0,6.93093328333333,-1.19,100,0,3744.6,60,-0.0128,0
2/1/20 6:14,231.666666666667,231.625,0,0,4726.8,20.35,0,0,0.4,0,1877,0,0,580.731009444444,59.540269,8.13E-02,0,6.91727023888889,-1.19,100,0,3744.6,60,-0.0128,0
2/1/20 6:19,231.75,231.708333333333,0,0,4726.8,20.35,0,0,0.4,0,1877,0,0,580.036333333333,59.5943155,0.081388075,0,6.88435431666667,-1.19,100,0,3744.6,60,-0.0128,0
2/1/20 6:24,231.833333333333,231.791666666667,0,0,4726.8,20.35,0,0,0.438427222222222,0,1877,0,0,579.336333333333,59.595,8.24E-02,0,6.93427399660033,-1.19,100,0,3744.6,60,-0.0128,0
2/1/20 6:29,231.916666666667,231.875,0,0,4726.8,20.35,0,0,0.499239444444445,0,1877,0,0,578.636333333333,59.5604155,8.28E-02,0,6.92693360895522,-1.19,100,0,3744.6,60,-0.0128,0
2/1/20 6:34,232,231.958333333333,0,0,4726.8,20.35,0,0,0.5,0,1877,0,0,578.205323888889,59.540269,8.25E-02,0,6.93177225,-1.19,100,0,3744.6,60,-0.0128,0
2/1/20 6:39,232.083333333333,232.041666666667,0,0,4726.8,20.35,0,0,0.5,0,1877,0,0,577.931009444444,59.559731,8.23E-02,0,6.94790629444444,-1.19,100,0,3744.6,60,-0.0128,0
2/1/20 6:44,232.166666666667,232.125,0,0,4726.8,20.35,0,0,0.5,0,1877,0,0,577.774314444444,59.540269,8.20E-02,0,6.95475703888889,-1.19,100,0,3744.6,60,-0.0128,0
2/1/20 6:49,232.25,232.208333333333,0,0,4726.8,20.35,0,0,0.5,0,1877,0,0,577.925685555555,59.559731,8.24E-02,0,6.97282765555556,-1.19,100,0,3744.6,60,-0.0128,0
2/1/20 6:54,232.333333333333,232.291666666667,0,0,4726.8,20.35,0,0,0.5,0,1877,0,0,577.505323888889,59.540269,8.28E-02,0,6.96081549444444,-1.19,100,0,3744.6,60,-0.0128,0
2/1/20 6:59,232.416666666667,232.375,0,0,4726.8,20.35,0,0,0.5,0,1877,0,0,577.231009444444,59.5943155,8.19E-02,0,6.94502971666667,-1.19,100,0,3744.6,60,-0.0128,0
2/1/20 7:04,232.5,232.458333333333,0,0,4726.8,20.35,0,0,0.5,0,1877,0,0,576.805323888889,59.595,0.082164225,0,6.96185215555556,-1.19,100,0,3744.6,60,-0.0128,0
2/1/20 7:09,232.583333333333,232.541666666667,0,0,4726.8,20.35,0,0,0.5,0,1877,0,0,576.8,59.595,8.38E-02,0,7.00507685555556,-1.19,100,0,3744.6,60,-0.0128,0
2/1/20 7:14,232.666666666667,232.625,0,0,4726.8,20.35,0,0,0.5,0,1877,0,0,576.8,59.595,8.31E-02,0,7.01981690555556,-1.19,100,0,3744.6,60,-0.0128,0
2/1/20 7:19,232.75,232.708333333333,0,0,4726.8,20.35,0,0,0.5,0,1877,0,0,577.068990555556,59.5604155,8.27E-02,0,6.99645591666667,-1.19,100,0,3744.6,60,-0.0128,0
2/1/20 7:24,232.833333333333,232.791666666667,0,0,4726.8,20.35,0,0,0.5,0,1877,0,0,577.494676111111,59.5056845,8.32E-02,0,6.96702845,-1.19,100,0,3744.6,60,-0.0128,0
2/1/20 7:29,232.916666666667,232.875,0,0,4726.8,20.35,0,0,0.5,0,1877,0,0,577.231009444444,59.505,0.083111925,0,6.93450601111111,-1.19,100,0,3744.6,60,-0.0128,0
2/1/20 7:34,233,232.958333333333,0,0,4726.8,20.35,0,0,0.5,0,1877,0,0,576.536333333333,59.5395845,8.35E-02,0,6.90173858888889,-1.19,100,0,3744.6,60,-0.0128,0
2/1/20 7:39,233.083333333333,233.041666666667,0,0,4726.8,20.35,0,0,0.538427222222222,0,1877,0,0,575.836333333333,59.559731,8.33E-02,0,6.89947107777778,-1.19,100,0,3744.6,60,-1.03E-02,0
2/1/20 7:44,233.166666666667,233.125,0,0,4726.8,20.35,0,0,0.599239444444444,0,1877,0,0,575.136333333333,59.540269,8.11E-02,0,6.92941276666667,-1.19,100,0,3744.6,60,-6.45E-03,0
2/1/20 7:49,233.25,233.208333333333,0,0,4726.8,20.35,0,0,0.6,0,1877,0,0,574.974314444445,59.559731,0.082565,0,6.96780108333333,-1.19,100,0,3744.6,60,-0.0064,0
2/1/20 7:54,233.333333333333,233.291666666667,0,0,4726.8,20.35,0,0,0.6,0,1877,0,0,575.125685555556,59.540269,8.35E-02,0,6.95877690555556,-1.19,100,0,3744.6,60,-8.86E-03,0
2/1/20 7:59,233.416666666667,233.375,0,0,4726.8,20.35,0,0,0.6,0,1877,0,0,574.705323888889,59.5943155,8.37E-02,0,6.96137130555556,-1.19,100,0,3744.6,60,-1.03E-02,0
2/1/20 8:04,233.5,233.458333333333,0,0,4726.8,20.35,0,0,0.6,0,1877,0,0,574.7,59.5604155,8.28E-02,0,7.01851005,-1.19,100,0,3744.6,60,-6.45E-03,0
2/1/20 8:09,233.583333333333,233.541666666667,0,0,4726.8,20.35,0,0,0.6,0,1877,0,0,574.7,59.5056845,8.12E-02,0,7.03128742222222,-1.19,100,0,3744.6,60,-0.0064,0
2/1/20 8:14,233.666666666667,233.625,0,0,4726.8,20.35,0,0,0.6,0,1877,0,0,574.7,59.505,8.19E-02,0,7.0489091,-1.19,100,0,3744.6,60,-0.0064,0
2/1/20 8:19,233.75,233.708333333333,0,0,4726.87685444445,20.35,0,0,0.6,0,1877,0,0,574.7,59.5107640833333,8.25E-02,0,7.07548803888889,-1.19,100,0,3744.6,60,-0.0064,0
2/1/20 8:24,233.833333333333,233.791666666667,0,0,4726.99847888889,20.35,0,0,0.6,0,1877,0,0,574.7,59.5141218333333,0.0825,0,7.02990535,-1.19,100,0,3744.6,60,-0.0064,0
2/1/20 8:29,233.916666666667,233.875,0,0,4727,20.35,0,0,0.6,0,1877,0,0,574.7,59.5051140833333,8.29E-02,0,7.00776971666667,-1.19,100,0,3744.6,60,-8.86E-03,0
2/1/20 8:34,234,233.958333333333,0,0,4727,20.35,0,0,0.6,0,1877,0,0,574.431009444444,59.52229225,8.37E-02,0,7.00322126666667,-1.19,100,0,3744.6,60,-1.03E-02,0
2/1/20 8:39,234.083333333333,234.041666666667,0,0,4727,20.35,0,0,0.6,0,1877,0,0,574.005323888889,59.5323655,8.38E-02,0,7.00305582222222,-1.19,100,0,3744.6,60,-6.45E-03,0
2/1/20 8:44,234.166666666667,234.125,0,0,4727,20.35,0,0,0.6,0,1877,0,0,574,59.53992675,8.20E-02,0,6.99081549444444,-1.19,100,0,3744.6,60,-8.86E-03,0
2/1/20 8:49,234.25,234.208333333333,0,0,4727,20.35,0,0,0.6,0,1877,0,0,574,59.559731,0.080875375,0,6.96696,-1.19,100,0,3744.6,60,-1.03E-02,0
2/1/20 8:54,234.333333333333,234.291666666667,0,0,4727,20.35,0,0,0.6,0,1877,0,0,574.268990555556,59.5056845,8.22E-02,0,6.98023440555556,-1.19,100,0,3744.6,60,-6.45E-03,0
2/1/20 8:59,234.416666666667,234.375,0,0,4727.03842722222,20.35,0,0,0.6,0,1877,0,0,574.694676111111,59.505,8.14E-02,0,7.07670604444445,-1.19,100,0,3744.6,60,-0.0064,0
2/1/20 9:04,234.5,234.458333333333,0,0,4727.13753900148,20.35,0,0,0.6,0,1877,0,0,574.7,59.5394696013289,8.12E-02,0,7.04972057170543,-1.19,100,0,3744.6,60,-0.0064,0
2/1/20 9:09,234.583333333333,234.541666666667,0,0,4727.19920044297,20.35,0,0,0.6,0,1877,0,0,574.7,59.5599583986711,8.02E-02,0,7.01660188940568,-1.19,100,0,3744.6,60,-8.84E-03,0
2/1/20 9:14,234.666666666667,234.625,0,0,4727.2,20.35,0,0,0.6,0,1877,0,0,574.7,59.540044,7.92E-02,0,6.98091955555556,-1.19,100,0,3744.6,60,-1.03E-02,0
2/1/20 9:19,234.75,234.708333333333,0,0,4727.2,20.35,0,0,0.6,0,1877,0,0,574.7,59.594278,7.89E-02,0,6.94223253333333,-1.19,100,0,3744.6,60,-6.45E-03,0
2/1/20 9:24,234.833333333333,234.791666666667,0,0,4727.2,20.35,0,0,0.6,0,1877,0,0,574.433051111111,59.577839,8.23E-02,0,6.935201,-1.19,100,0,3744.6,60,-8.84E-03,0
2/1/20 9:29,234.916666666667,234.875,0,0,4727.2,20.35,0,0,0.6,0,1877,0,0,574.005615555556,59.5332,0.0828013,0,6.94058577777778,-1.19,100,0,3744.6,60,-1.03E-02,0
2/1/20 9:34,235,234.958333333333,0,0,4727.2,20.35,0,0,0.6,0,1877,0,0,573.466102222222,59.505361,8.19E-02,0,6.94555071111111,-1.19,100,0,3744.6,60,-8.89E-03,0
2/1/20 9:39,235.083333333333,235.041666666667,0,0,4727.2,20.35,0,0,0.6,0,1877,0,0,572.611231111111,59.539322,8.25E-02,0,6.98385842222222,-1.19,100,0,3744.6,60,-1.03E-02,0
2/1/20 9:44,235.166666666667,235.125,0,0,4727.2,20.35,0,0,0.6,0,1877,0,0,572.333051111111,59.4798713333333,8.46E-02,0,6.98238737777778,-1.19,100,0,3744.6,60,-6.45E-03,0
2/1/20 9:49,235.25,235.208333333333,0,0,4727.2,20.35,0,0,0.6,0,1877,0,0,571.905615555556,59.4118133333333,8.34E-02,0,6.93624586666667,-1.19,100,0,3744.6,60,-0.0064,0
2/1/20 9:54,235.333333333333,235.291666666667,0,0,4727.2,20.35,0,0,0.638135555555556,0,1877,0,0,572.166948888889,59.5639916666667,0.08194,0,6.94180753333333,-1.19,100,0,3744.6,60,-0.0064,0
2/1/20 9:59,235.416666666667,235.375,0,0,4727.2,20.35,0,0,0.699197777777778,0,1877,0,0,572.327435555556,59.5492033333333,8.14E-02,0,6.96911506666667,-1.19,100,0,3744.6,60,-0.0064,0
2/1/20 10:04,235.5,235.458333333333,0,0,4727.2,20.35,0,0,0.7,0,1877,0,0,572.172564444445,59.5600763333333,8.22E-02,0,6.92692486666667,-1.19,100,0,3744.6,60,-0.0064,0
2/1/20 10:09,235.583333333333,235.541666666667,0,0,4727.2,20.35,0,0,0.7,0,1877,0,0,572.327435555556,59.6201286666667,8.29E-02,0,6.90617804444444,-1.19,100,0,3744.6,60,-0.0064,0
2/1/20 10:14,235.666666666667,235.625,0,0,4727.2,20.35,0,0,0.7,0,1877,0,0,571.104768888889,59.6881866666667,0.0833013,0,6.94372813333333,-1.19,100,0,3744.6,60,-0.0064,0
2/1/20 10:19,235.75,235.708333333333,0,0,4727.2,20.35,0,0,0.7,0,1877,0,0,570.083795555555,59.5074066666667,8.32E-02,0,6.99292575555556,-1.19,100,0,3744.6,60,-0.0064,0
2/1/20 10:24,235.833333333333,235.791666666667,0,0,4727.2,20.35,0,0,0.7,0,1877,0,0,570.494384444444,59.505,8.20E-02,0,7.01792591111111,-1.19,100,0,3744.6,60,-0.0064,0
2/1/20 10:29,235.916666666667,235.875,0,0,4727.2,20.35,0,0,0.7,0,1877,0,0,570.5,59.505,0.0785787,0,6.99635795555556,-1.19,100,0,3744.6,60,-0.0064,0
2/1/20 10:34,236,235.958333333333,0,0,4727.2,20.35,0,0,0.7,0,1877,0,0,570.5,59.505,7.78E-02,0,6.99380282222222,-1.19,100,0,3744.6,60,-0.0064,0
2/1/20 10:39,236.083333333333,236.041666666667,0,0,4727.2,20.35,0,0,0.7,0,1877,0,0,570.233051111111,59.5793643333333,0.0803187,0,6.98583142222222,-1.19,100,0,3744.6,60,-0.0064,0
2/1/20 10:44,236.166666666667,236.125,0,0,4727.2,20.35,0,0,0.7,0,1877,0,0,569.538666666667,59.6583933333333,8.34E-02,0,6.96776033333333,-1.19,100,0,3744.6,60,-0.0064,0
2/1/20 10:49,236.25,236.208333333333,0,0,4727.2,20.35,0,0,0.7,0,1877,0,0,569.372564444444,59.5958423333333,8.48E-02,0,6.96474168888889,-1.19,100,0,3744.6,60,-0.0064,0
2/1/20 10:54,236.333333333333,236.291666666667,0,0,4727.2,20.35,0,0,0.7,0,1877,0,0,569.794384444444,59.595,0.0837413,0,6.96894384444444,-1.19,100,0,3744.6,60,-0.0064,0
2/1/20 10:59,236.416666666667,236.375,0,0,4727.2,20.35,0,0,0.7,0,1877,0,0,569.533051111111,59.595,8.23E-02,0,6.9621356,-1.19,100,0,3744.6,60,-0.0064,0
2/1/20 11:04,236.5,236.458333333333,0,0,4727.2,20.35,0,0,0.7,0,1877,0,0,569.105615555556,59.5892796666667,8.16E-02,0,6.95190711111111,-1.19,100,0,3744.6,60,-0.0064,0
2/1/20 11:09,236.583333333333,236.541666666667,0,0,4727.2,20.35,0,0,0.7,0,1877,0,0,569.1,59.5858406666667,0.0811987,0,6.94955175555555,-1.19,100,0,3744.6,60,-0.0064,0
2/1/20 11:14,236.666666666667,236.625,0,0,4727.2,20.35,0,0,0.7,0,1877,0,0,569.366948888889,59.5948796666667,8.17E-02,0,6.94064,-1.19,100,0,3744.6,60,-0.0064,0
2/1/20 11:19,236.75,236.708333333333,0,0,4727.2,20.35,0,0,0.7,0,1877,0,0,569.527435555555,59.595,0.0810426,0,6.9385044,-1.19,100,0,3744.6,60,-0.0064,0
2/1/20 11:24,236.833333333333,236.791666666667,0,0,4727.2,20.35,0,0,0.7,0,1877,0,0,568.838666666667,59.595,8.05E-02,0,6.9542244,-1.19,100,0,3744.6,60,-0.0064,0
2/1/20 11:29,236.916666666667,236.875,0,0,4727.2,20.35,0,0,0.7,0,1877,0,0,568.672564444445,59.6350423333333,8.12E-02,0,6.97574102222222,-1.19,100,0,3744.6,60,-0.0064,0
2/1/20 11:34,237,236.958333333333,0,0,4727.2,20.35,0,0,0.7,0,1877,0,0,569.094384444444,59.6591153333333,8.12E-02,0,7.00258213333333,-1.19,100,0,3744.6,60,-0.0064,0
2/1/20 11:39,237.083333333333,237.041666666667,0,0,4727.2,20.35,0,0,0.7,0,1877,0,0,569.1,59.4814356666667,8.32E-02,0,7.01582726666667,-1.19,100,0,3744.6,60,1.09E-03,0
2/1/20 11:44,237.166666666667,237.125,0,0,4727.2,20.35,0,0,0.7,0,1877,0,0,569.1,59.3774913333333,0.0825426,0,6.97181062222222,-1.19,100,0,3744.6,60,-6.45E-03,0
2/1/20 11:49,237.25,237.208333333333,0,0,4727.2,20.35,0,0,0.7,0,1877,0,0,568.833051111111,59.5376373333333,8.18E-02,0,6.92430124444444,-1.19,100,0,3744.6,60,-0.0064,0
2/1/20 11:54,237.333333333333,237.291666666667,0,0,4727.2,20.35,0,0,0.738135555555556,0,1877,0,0,567.871717777778,59.577117,8.24E-02,0,6.88844348888889,-1.19,100,0,3744.6,60,-0.0064,0
2/1/20 11:59,237.416666666667,237.375,0,0,4727.2,20.35,0,0,0.799197777777778,0,1877,0,0,566.744282222222,59.5389203333333,8.21E-02,0,6.90374833333333,-1.19,100,0,3744.6,60,-0.0064,0
2/1/20 12:04,237.5,237.458333333333,0,0,4727.27627111111,20.35,0,0,0.8,0,1877,0,0,566.305615555556,59.8577403333333,8.28E-02,0,7.39603591051051,-1.19,100,0,3744.6,59.9599576666667,-8.84E-03,0
2/1/20 12:09,237.583333333333,237.541666666667,0,0,4727.51280222222,20.35,0,0,0.8,0,1877,0,0,566.3,60.169087,0.0817413,0,7.77433624504505,-1.19,100,0,3744.6,59.9358846666667,-1.27E-02,0
2/1/20 12:14,237.666666666667,237.625,0,0,4727.812,20.35,0,0,0.8,0,1877,0,0,566.566948888889,59.8670166666667,8.13E-02,0,7.73970406666667,-1.19,100,0,3744.6,59.9591153333333,-0.0128,0
2/1/20 12:19,237.75,237.708333333333,0,0,4728.112,20.35,0,0,0.8,0,1877,0,0,566.727435555556,59.925195,8.15E-02,0,7.67660910114942,-1.19,100,0,3744.6,59.8958423333333,-0.0128,0
2/1/20 12:24,237.833333333333,237.791666666667,0,0,4728.412,20.35,0,0,0.8,0,1877,0,0,566.305615555556,59.697551,8.12E-02,0,7.26496916551724,-1.19,100,0,3744.6,59.9750846666667,-0.0128,0
2/1/20 12:29,237.916666666667,237.875,0,0,4728.712,20.35,0,0,0.8,0,1877,0,0,566.3,59.529698,8.26E-02,0,7.20783624444445,-1.19,100,0,3744.6,60.063273,-0.0128,0
2/1/20 12:34,238,237.958333333333,0,0,4729.012,20.35,0,0,0.8,0,1877,0,0,566.3,59.6015053333333,8.30E-02,0,7.20489377777778,-1.19,100,0,3744.6,60.0008423333333,-1.04E-02,0
2/1/20 12:39,238.083333333333,238.041666666667,0,0,4729.312,20.35,0,0,0.8,0,1877,0,0,566.3,59.517054,8.37E-02,0,7.2021486,-1.19,100,0,3744.6,60,-8.89E-03,0
2/1/20 12:44,238.166666666667,238.125,0,0,4729.612,20.35,0,0,0.8,0,1877,0,0,566.3,59.5088223333333,8.21E-02,0,7.18093875555555,-1.19,100,0,3744.6,60,-1.27E-02,0
2/1/20 12:49,238.25,238.208333333333,0,0,4729.912,20.35,0,0,0.8,0,1877,0,0,566.3,59.3576996666667,8.13E-02,0,7.15008464444444,-1.19,100,0,3744.6,60,-0.0128,0
2/1/20 12:54,238.333333333333,238.291666666667,0,0,4730.212,20.35,0,0,0.8,0,1877,0,0,566.566948888889,59.517507,8.10E-02,0,7.10605366666667,-1.19,100,0,3744.6,60.0400423333333,-0.0128,0
2/1/20 12:59,238.416666666667,238.375,0,0,4730.512,20.35,0,0,0.8,0,1877,0,0,566.994384444444,59.4759286666667,8.16E-02,0,7.07589095555556,-1.19,100,0,3744.6,60.0641153333333,-0.0128,0
2/1/20 13:04,238.5,238.458333333333,0,0,4730.73572888889,20.35,0,0,0.8,0,1877,0,0,567,59.5934356666667,8.23E-02,0,7.05531208888889,-1.19,100,0,3744.6,60.0008423333333,-0.0128,0
2/1/20 13:09,238.583333333333,238.541666666667,0,0,4730.79919777778,20.35,0,0,0.8,0,1877,0,0,566.733051111111,59.595,8.22E-02,0,7.04795795555555,-1.19,100,0,3744.6,60,-0.0128,0
2/1/20 13:14,238.666666666667,238.625,0,0,4730.8,20.35,0,0,0.8,0,1877,0,0,566.571677571059,59.4809734219269,8.31E-02,0,7.04061667700258,-1.19,100,0,3744.6,60,-0.0128,0
2/1/20 13:19,238.75,238.708333333333,0,0,4730.8,20.35,0,0,0.8,0,1877,0,0,566.729189651163,59.3770010780731,8.40E-02,0,7.01286111744186,-1.19,100,0,3744.6,60,-0.0128,0
2/1/20 13:24,238.833333333333,238.791666666667,0,0,4730.8,20.35,0,0,0.8,0,1877,0,0,566.305915,59.5032255,0.084,0,7.00744195,-1.19,100,0,3744.6,60,-0.0128,0
2/1/20 13:29,238.916666666667,238.875,0,0,4730.8,20.35,0,0,0.8,0,1877,0,0,566.564915,59.505,0.083810775,0,7.01171875,-1.19,100,0,3744.6,60,-0.0128,0
2/1/20 13:34,239,238.958333333333,0,0,4730.8,20.35,0,0,0.8,0,1877,0,0,566.994085,59.505,0.083504225,0,6.9994162,-1.19,100,0,3744.6,60,-0.0128,0
2/1/20 13:39,239.083333333333,239.041666666667,0,0,4730.8,20.35,0,0,0.8,0,1877,0,0,566.735085,59.505,0.082553875,0,6.98445,-1.19,100,0,3744.6,60,-0.0128,0
2/1/20 13:44,239.166666666667,239.125,0,0,4730.8,20.35,0,0,0.8,0,1877,0,0,566.305915,59.505,0.080264225,0,6.98042505,-1.19,100,0,3744.6,60,-0.0128,0
2/1/20 13:49,239.25,239.208333333333,0,0,4730.8,20.35,0,0,0.8,0,1877,0,0,566.3,59.505,0.08090915,0,6.97563595,-1.19,100,0,3744.6,60,-0.0128,0
2/1/20 13:54,239.333333333333,239.291666666667,0,0,4730.8,20.35,0,0,0.8,0,1877,0,0,566.564915,59.505,0.083011625,0,6.95278195,-1.19,100,0,3744.6,60,-0.0128,0
2/1/20 13:59,239.416666666667,239.375,0,0,4730.8,20.35,0,0,0.8,0,1877,0,0,566.72917,59.505,0.082278025,0,6.9477631,-1.19,100,0,3744.6,60,-0.0128,0
2/1/20 14:04,239.5,239.458333333333,0,0,4730.8,20.35,0,0,0.8,0,1877,0,0,566.305915,59.505,0.082536975,0,6.94140155,-1.19,100,0,3744.6,60,-0.0128,0
2/1/20 14:09,239.583333333333,239.541666666667,0,0,4730.8,20.35,0,0,0.8,0,1877,0,0,566.3,59.505,0.08196725,0,6.9404652,-1.19,100,0,3744.6,60,-0.0128,0
2/1/20 14:14,239.666666666667,239.625,0,0,4730.8,20.35,0,0,0.8,0,1877,0,0,566.3,59.5390605,0.0829112,0,6.94289635,-1.19,100,0,3744.6,60,-0.0128,0
2/1/20 14:19,239.75,239.708333333333,0,0,4730.8,20.35,0,0,0.8,0,1877,0,0,566.3,59.560179,0.08258035,0,6.93466155,-1.19,100,0,3744.6,60,-0.0128,0
2/1/20 14:24,239.833333333333,239.791666666667,0,0,4730.8,20.35,0,0,0.8,0,1877,0,0,566.035085,59.5057605,0.0825412,0,6.9392942,-1.19,100,0,3744.6,60,-0.0128,0
2/1/20 14:29,239.916666666667,239.875,0,0,4730.8,20.35,0,0,0.8,0,1877,0,0,565.605915,59.505,0.0808319,0,6.95198735,-1.19,100,0,3744.6,60,-0.0128,0
2/1/20 14:34,240,239.958333333333,0,0,4730.8,20.35,0,0,0.8,0,1877,0,0,565.6,59.505,0.08145035,0,6.96008715,-1.19,100,0,3744.6,60,-0.0128,0
2/1/20 14:39,240.083333333333,240.041666666667,0,0,4730.8,20.35,0,0,0.8,0,1877,0,0,565.6,59.482293,0.08203275,0,6.9679278,-1.19,100,0,3744.6,60,-0.0128,0
2/1/20 14:44,240.166666666667,240.125,0,0,4730.8,20.35,0,0,0.8,0,1877,0,0,565.335085,59.468214,0.0803319,0,6.9409235,-1.19,100,0,3744.6,60,-0.0128,0
2/1/20 14:49,240.25,240.208333333333,0,0,4730.8,20.35,0,0,0.8,0,1877,0,0,564.905915,59.504493,0.080761125,0,6.93810365,-1.19,100,0,3744.6,60,-0.0128,0
2/1/20 14:54,240.333333333333,240.291666666667,0,0,4730.8,20.35,0,0,0.837845,0,1877,0,0,564.9,59.505,0.082172325,0,6.94633845,-1.19,100,0,3744.6,60,-0.0128,0
2/1/20 14:59,240.416666666667,240.375,0,0,4730.8,20.35,0,0,0.899155,0,1877,0,0,564.9,59.505,0.08382035,0,6.94208425,-1.19,100,0,3744.6,60,-0.0128,0
2/1/20 15:04,240.5,240.458333333333,0,0,4730.8,20.35,0,0,0.9,0,1877,0,0,564.635085,59.505,0.08464585,0,6.93719475,-1.19,100,0,3744.6,60,-0.0128,0
2/1/20 15:09,240.583333333333,240.541666666667,0,0,4730.8,20.35,0,0,0.9,0,1877,0,0,564.205915,59.505,0.0827188,0,6.94188765,-1.19,100,0,3744.6,60,-0.0128,0
2/1/20 15:14,240.666666666667,240.625,0,0,4730.8,20.35,0,0,0.9,0,1877,0,0,563.935085,59.505,0.08204965,0,6.9356684,-1.19,100,0,3744.6,60,-0.0128,0
2/1/20 15:19,240.75,240.708333333333,0,0,4730.8,20.35,0,0,0.9,0,1877,0,0,563.241,59.505,0.0810888,0,6.9670048,-1.19,100,0,3744.6,60,-0.0128,0
2/1/20 15:24,240.833333333333,240.791666666667,0,0,4730.8,20.35,0,0,0.9,0,1877,0,0,562.805915,59.505,0.083122675,0,7.00617025,-1.19,100,0,3744.6,60,-0.0128,0
2/1/20 15:29,240.916666666667,240.875,0,0,4730.837845,20.35,0,0,0.9,0,1877,0,0,562.8,59.505,0.0838393,0,7.04137865,-1.19,100,0,3744.6,60,-0.0128,0
2/1/20 15:34,241,240.958333333333,0,0,4730.899155,20.35,0,0,0.9,0,1877,0,0,562.8,59.505,0.082593025,0,7.00677905,-1.19,100,0,3744.6,60,-0.0128,0
2/1/20 15:39,241.083333333333,241.041666666667,0,0,4730.9,20.35,0,0,0.9,0,1877,0,0,563.064915,59.505,0.083487325,0,6.947779,-1.19,100,0,3744.6,60,-0.0128,0
2/1/20 15:44,241.166666666667,241.125,0,0,4730.9,20.35,0,0,0.9,0,1877,0,0,562.964255,59.505,0.08312155,0,6.9165049,-1.19,100,0,3744.6,60,-0.0128,0
2/1/20 15:49,241.25,241.208333333333,0,0,4730.9,20.35,0,0,0.9,0,1877,0,0,562.11183,59.46526275,0.083076125,0,6.926288,-1.19,100,0,3744.6,60,-0.01037792,0
2/1/20 15:54,241.333333333333,241.291666666667,0,0,4730.9,20.35,0,0,0.9,0,1877,0,0,562.1,59.4406245,0.0822843,0,6.94846115,-1.19,100,0,3744.6,60,-0.00645408,0
2/1/20 15:59,241.416666666667,241.375,0,0,4730.9,20.35,0,0,0.9,0,1877,0,0,561.835085,59.50411275,0.081051825,0,6.9696625,-1.19,100,0,3744.6,60,-0.0064,0
2/1/20 16:04,241.5,241.458333333333,0,0,4730.9,20.35,0,0,0.9,0,1877,0,0,561.405915,59.505,8.25E-02,0,6.99363955348837,-1.19,100,0,3744.6,60,-0.0064,0
2/1/20 16:09,241.583333333333,241.541666666667,0,0,4730.9,20.35,0,0,0.9,0,1877,0,0,561.925777777778,59.505,8.20E-02,0,6.99395493540052,-1.19,100,0,3744.6,60,-0.0064,0
2/1/20 16:14,241.666666666667,241.625,0,0,4730.9,20.35,0,0,0.9,0,1877,0,0,562.524666666667,59.505,8.31E-02,0,7.00793777777778,-1.19,100,0,3744.6,60,-8.80E-03,0
2/1/20 16:19,241.75,241.708333333333,0,0,4730.9,20.35,0,0,0.9,0,1877,0,0,561.843333333333,59.505,8.23E-02,0,6.98814666666667,-1.19,100,0,3744.6,60,-1.03E-02,0
2/1/20 16:24,241.833333333333,241.791666666667,0,0,4730.9,20.35,0,0,0.9,0,1877,0,0,561.669111111111,59.505,8.16E-02,0,6.97133555555556,-1.19,100,0,3744.6,60,-6.46E-03,0
2/1/20 16:29,241.916666666667,241.875,0,0,4730.9,20.35,0,0,0.9,0,1877,0,0,562.093777777778,59.505,8.19E-02,0,6.96428888888889,-1.19,100,0,3744.6,60,-8.80E-03,0
2/1/20 16:34,242,241.958333333333,0,0,4730.9,20.35,0,0,0.9,0,1877,0,0,561.837111111111,59.505,8.31E-02,0,6.94644666666667,-1.19,100,0,3744.6,60,-1.27E-02,0
2/1/20 16:39,242.083333333333,242.041666666667,0,0,4730.9,20.35,0,0,0.937555555555555,0,1877,0,0,561.406222222222,59.505,8.18E-02,0,6.93028,-1.19,100,0,3744.6,60,-0.0128,0
2/1/20 16:44,242.166666666667,242.125,0,0,4730.9,20.35,0,0,0.999111111111111,0,1877,0,0,561.4,59.505,8.13E-02,0,6.93117333333333,-1.19,100,0,3744.6,60,-1.04E-02,0
2/1/20 16:49,242.25,242.208333333333,0,0,4730.9,20.35,0,0,1,0,1877,0,0,561.137111111111,59.505,8.19E-02,0,6.93485333333333,-1.19,100,0,3744.6,60,-6.46E-03,0
2/1/20 16:54,242.333333333333,242.291666666667,0,0,4730.9,20.35,0,0,1,0,1877,0,0,560.443333333333,59.505,8.20E-02,0,6.96391333333333,-1.19,100,0,3744.6,60,-0.0064,0
2/1/20 16:59,242.416666666667,242.375,0,0,4730.9,20.35,0,0,1,0,1877,0,0,560.006222222222,59.505,8.29E-02,0,6.98794222222222,-1.19,100,0,3744.6,60,-0.0064,0
2/1/20 17:04,242.5,242.458333333333,0,0,4730.9,20.35,0,0,1,0,1877,0,0,560.262888888889,59.505,8.05E-02,0,7.00509111111111,-1.19,100,0,3744.6,60,-0.0064,0
2/1/20 17:09,242.583333333333,242.541666666667,0,0,4730.9,20.35,0,0,1,0,1877,0,0,560.430888888889,59.505,8.03E-02,0,7.02180666666667,-1.19,100,0,3744.6,60,-0.0064,0
2/1/20 17:14,242.666666666667,242.625,0,0,4730.9,20.35,0,0,1,0,1877,0,0,560.269111111111,59.505,8.32E-02,0,7.00622888888889,-1.19,100,0,3744.6,60,-8.80E-03,0
2/1/20 17:19,242.75,242.708333333333,0,0,4730.9,20.35,0,0,1,0,1877,0,0,560.693777777778,59.505,8.26E-02,0,6.97365777777778,-1.19,100,0,3744.6,60,-1.27E-02,0
2/1/20 17:24,242.833333333333,242.791666666667,0,0,4730.9,20.35,0,0,1,0,1877,0,0,560.437111111111,59.505,8.25E-02,0,6.93470222222222,-1.19,100,0,3744.6,60,-1.04E-02,0
2/1/20 17:29,242.916666666667,242.875,0,0,4730.9,20.35,0,0,1,0,1877,0,0,559.743333333333,59.505,0.08121,0,6.92916888888889,-1.19,100,0,3744.6,60,-6.46E-03,0
2/1/20 17:34,243,242.958333333333,0,0,4730.9,20.35,0,0,1,0,1877,0,0,559.043333333333,59.505,8.26E-02,0,6.94749555555555,-1.19,100,0,3744.6,60,-0.0064,0
2/1/20 17:39,243.083333333333,243.041666666667,0,0,4730.9,20.35,0,0,1,0,1877,0,0,558.606222222222,59.505,8.26E-02,0,6.98019777777778,-1.19,100,0,3744.6,60,-0.0064,0
2/1/20 17:44,243.166666666667,243.125,0,0,4730.9,20.35,0,0,1,0,1877,0,0,558.6,59.505,8.07E-02,0,7.00868666666667,-1.19,100,0,3744.6,60,-0.0064,0
2/1/20 17:49,243.25,243.208333333333,0,0,4730.9,20.35,0,0,1,0,1877,0,0,558.6,59.505,8.27E-02,0,7.00228888888889,-1.19,100,0,3744.6,60,-0.0064,0
2/1/20 17:54,243.333333333333,243.291666666667,0,0,4730.9,20.35,0,0,1,0,1877,0,0,558.862888888889,59.505,8.21E-02,0,6.99458666666667,-1.19,100,0,3744.6,60,-0.0064,0
2/1/20 17:59,243.416666666667,243.375,0,0,4730.9,20.35,0,0,1,0,1877,0,0,559.030888888889,59.505,8.18E-02,0,6.99015777777778,-1.19,100,0,3744.6,60,-0.0064,0
2/1/20 18:04,243.5,243.458333333333,0,0,4730.9,20.35,0,0,1,0,1877,0,0,558.606222222222,59.505,8.32E-02,0,6.97990888888889,-1.19,100,0,3744.6,60,-0.0064,0
2/1/20 18:09,243.583333333333,243.541666666667,0,0,4730.9,20.35,0,0,1,0,1877,0,0,558.6,59.505,8.22E-02,0,6.96554,-1.19,100,0,3744.6,60,-0.0064,0
2/1/20 18:14,243.666666666667,243.625,0,0,4730.9,20.35,0,0,1,0,1877,0,0,558.6,59.505,8.36E-02,0,6.95017111111111,-1.19,100,0,3744.6,60,-0.0064,0
2/1/20 18:19,243.75,243.708333333333,0,0,4730.9,20.35,0,0,1,0,1877,0,0,558.337111111111,59.4655666666667,8.40E-02,0,6.93864222222222,-1.19,100,0,3744.6,60,-0.0064,0
2/1/20 18:24,243.833333333333,243.791666666667,0,0,4730.9,20.35,0,0,1,0,1877,0,0,557.906222222222,59.4403666666667,8.19E-02,0,6.95298,-1.19,100,0,3744.6,60,-0.0064,0
2/1/20 18:29,243.916666666667,243.875,0,0,4730.9,20.35,0,0,1,0,1877,0,0,557.9,59.5040666666667,8.31E-02,0,6.95276666666667,-1.19,100,0,3744.6,60,-0.0064,0
2/1/20 18:34,244,243.958333333333,0,0,4730.9,20.35,0,0,1,0,1877,0,0,557.9,59.505,8.27E-02,0,6.93666222222222,-1.19,100,0,3744.6,60,-0.0064,0
2/1/20 18:39,244.083333333333,244.041666666667,0,0,4730.9,20.35,0,0,1.03755555555556,0,1877,0,0,557.9,59.505,8.17E-02,0,6.94412888888889,-1.19,100,0,3744.6,60,-0.0064,0
2/1/20 18:44,244.166666666667,244.125,0,0,4730.9,20.35,0,0,1.09911111111111,0,1877,0,0,557.637111111111,59.505,8.35E-02,0,6.96413777777778,-1.19,100,0,3744.6,60,-0.0064,0
2/1/20 18:49,244.25,244.208333333333,0,0,4730.9,20.35,0,0,1.1,0,1877,0,0,557.206222222222,59.505,8.37E-02,0,6.95598,-1.19,100,0,3744.6,60,-0.0064,0
2/1/20 18:54,244.333333333333,244.291666666667,0,0,4730.9,20.35,0,0,1.1,0,1877,0,0,557.2,59.4824666666667,8.38E-02,0,6.95365111111111,-1.19,100,0,3744.6,60,-0.0064,0
2/1/20 18:59,244.416666666667,244.375,0,0,4730.9,20.35,0,0,1.1,0,1877,0,0,557.2,59.4680666666667,8.29E-02,0,6.95338444444444,-1.19,100,0,3744.6,60,-0.0064,0
2/1/20 19:04,244.5,244.458333333333,0,0,4730.9,20.35,0,0,1.1,0,1877,0,0,557.462888888889,59.5044666666667,8.26E-02,0,6.94986,-1.19,100,0,3744.6,60,-0.0064,0
2/1/20 19:09,244.583333333333,244.541666666667,0,0,4730.9,20.35,0,0,1.1,0,1877,0,0,557.893777777778,59.505,0.08405,0,6.94122,-1.19,100,0,3744.6,60,-0.0064,0
2/1/20 19:14,244.666666666667,244.625,0,0,4730.9,20.35,0,0,1.1,0,1877,0,0,557.637111111111,59.4655666666667,8.27E-02,0,6.94255111111111,-1.19,100,0,3744.6,60,-0.0064,0
2/1/20 19:19,244.75,244.708333333333,0,0,4730.9,20.35,0,0,1.1,0,1877,0,0,557.206222222222,59.4403666666667,7.87E-02,0,6.95214666666667,-1.19,100,0,3744.6,60,-0.0064,0
2/1/20 19:24,244.833333333333,244.791666666667,0,0,4730.9,20.35,0,0,1.1,0,1877,0,0,557.462888888889,59.5040666666667,7.91E-02,0,6.95632222222222,-1.19,100,0,3744.6,60,-0.0064,0
2/1/20 19:29,244.916666666667,244.875,0,0,4730.9,20.35,0,0,1.1,0,1877,0,0,557.368,59.505,0.08041,0,6.94872888888889,-1.19,100,0,3744.6,60,-0.0064,0
2/1/20 19:34,245,244.958333333333,0,0,4730.9,20.35,0,0,1.1,0,1877,0,0,556.775333333333,59.505,8.10E-02,0,6.94120444444444,-1.19,100,0,3744.6,60,-0.0064,0
2/1/20 19:39,245.083333333333,245.041666666667,0,0,4730.9,20.35,0,0,1.1,0,1877,0,0,557.193777777778,59.505,8.31E-02,0,6.95273555555556,-1.19,100,0,3744.6,60,-0.0064,0
2/1/20 19:44,245.166666666667,245.125,0,0,4730.9,20.35,0,0,1.1,0,1877,0,0,557.2,59.4655666666667,0.08326,0,6.9522,-1.19,100,0,3744.6,60,-0.0064,0
2/1/20 19:49,245.25,245.208333333333,0,0,4730.9,20.35,0,0,1.1,0,1877,0,0,556.937111111111,59.4009333333333,8.37E-02,0,6.95547777777778,-1.19,100,0,3744.6,60,-0.0064,0
2/1/20 19:54,245.333333333333,245.291666666667,0,0,4730.9,20.35,0,0,1.1,0,1877,0,0,556.506222222222,59.4,8.31E-02,0,6.96326666666667,-1.19,100,0,3744.6,60,-0.0064,0
2/1/20 19:59,245.416666666667,245.375,0,0,4730.9,20.35,0,0,1.1,0,1877,0,0,556.5,59.4,8.34E-02,0,6.93991111111111,-1.19,100,0,3744.6,60,-0.0064,0
2/1/20 20:04,245.5,245.458333333333,0,0,4730.9,20.35,0,0,1.1,0,1877,0,0,556.237111111111,59.4281666666667,8.21E-02,0,6.92577333333333,-1.19,100,0,3744.6,60,-0.0064,0
2/1/20 20:09,245.583333333333,245.541666666667,0,0,4730.9,20.35,0,0,1.1,0,1877,0,0,555.543333333333,59.4461666666667,8.19E-02,0,6.93627333333333,-1.19,100,0,3744.6,60,-0.0064,0
2/1/20 20:14,245.666666666667,245.625,0,0,4730.9,20.35,0,0,1.1,0,1877,0,0,555.106222222222,59.4006666666667,8.36E-02,0,6.94267111111111,-1.19,100,0,3744.6,60,-0.0064,0
2/1/20 20:19,245.75,245.708333333333,0,0,4730.9,20.35,0,0,1.1,0,1877,0,0,555.362888888889,59.4,8.38E-02,0,6.95299555555555,-1.19,100,0,3744.6,60,-0.0064,0
2/1/20 20:24,245.833333333333,245.791666666667,0,0,4730.9,20.35,0,0,1.1,0,1877,0,0,555.530888888889,59.4,8.16E-02,0,6.95877333333333,-1.19,100,0,3744.6,60,-0.0064,0
2/1/20 20:29,245.916666666667,245.875,0,0,4730.9,20.35,0,0,1.1,0,1877,0,0,555.106222222222,59.4,8.23E-02,0,6.94308666666667,-1.19,100,0,3744.6,60,-0.0064,0
2/1/20 20:34,246,245.958333333333,0,0,4730.9,20.35,0,0,1.1,0,1877,0,0,555.1,59.4,8.28E-02,0,6.95191777777778,-1.19,100,0,3744.6,60,-0.0064,0
2/1/20 20:39,246.083333333333,246.041666666667,0,0,4730.9,20.35,0,0,1.1,0,1877,0,0,555.1,59.4,8.40E-02,0,6.96673777777778,-1.19,100,0,3744.6,60,-0.0064,0
2/1/20 20:44,246.166666666667,246.125,0,0,4730.9,20.35,0,0,1.1,0,1877,0,0,555.1,59.4,0.084,0,6.95681333333333,-1.19,100,0,3744.6,60,-0.0064,0
2/1/20 20:49,246.25,246.208333333333,0,0,4730.9,20.35,0,0,1.1,0,1877,0,0,555.1,59.4,8.29E-02,0,6.94400705795497,-1.19,100,0,3744.6,60,-0.0064,0
2/1/20 20:54,246.333333333333,246.291666666667,0,0,4730.9,20.35,0,0,1.1,0,1877,0,0,555.1,59.4391305833333,8.14E-02,0,6.95536332537837,-1.19,100,0,3744.6,60,-0.0064,0
2/1/20 20:59,246.416666666667,246.375,0,0,4730.9,20.35,0,0,1.1,0,1877,0,0,555.1,59.4648888333333,0.081804325,0,6.97957963888889,-1.19,100,0,3744.6,60,-0.0064,0
2/1/20 21:04,246.5,246.458333333333,0,0,4730.9,20.35,0,0,1.1,0,1877,0,0,555.1,59.4009805833333,8.19E-02,0,6.96344132222222,-1.19,100,0,3744.6,60,-0.0064,0
2/1/20 21:09,246.583333333333,246.541666666667,0,0,4730.9,20.35,0,0,1.1,0,1877,0,0,555.1,59.4,8.19E-02,0,6.95813085555556,-1.19,100,0,3744.6,60,-0.0064,0
2/1/20 21:14,246.666666666667,246.625,0,0,4730.9,20.35,0,0,1.1,0,1877,0,0,555.1,59.4391305833333,0.082132025,0,6.96859592222222,-1.19,100,0,3744.6,60,-0.0064,0
2/1/20 21:19,246.75,246.708333333333,0,0,4730.9,20.35,0,0,1.1,0,1877,0,0,554.839129444444,59.4648888333333,8.29E-02,0,6.96886330555556,-1.19,100,0,3744.6,60,-0.0064,0
2/1/20 21:24,246.833333333333,246.791666666667,0,0,4730.9,20.35,0,0,1.1,0,1877,0,0,554.406537222222,59.428931,8.14E-02,0,6.96330129444444,-1.19,100,0,3744.6,60,-0.0064,0
2/1/20 21:29,246.916666666667,246.875,0,0,4730.9,20.35,0,0,1.1,0,1877,0,0,554.660870555556,59.4463491666667,0.081804325,0,6.95411201111111,-1.19,100,0,3744.6,60,-0.0064,0
2/1/20 21:34,247,246.958333333333,0,0,4730.9,20.35,0,0,1.1,0,1877,0,0,555.093462777778,59.4007004166667,8.19E-02,0,6.94870203888889,-1.19,100,0,3744.6,60,-0.0064,0
2/1/20 21:39,247.083333333333,247.041666666667,0,0,4730.9,20.35,0,0,1.1,0,1877,0,0,555.1,59.4,0.082304325,0,6.94726399444444,-1.19,100,0,3744.6,60,-8.79E-03,0
2/1/20 21:44,247.166666666667,247.125,0,0,4730.9,20.35,0,0,1.1,0,1877,0,0,554.839129444444,59.4111801666667,8.14E-02,0,6.94713669444444,-1.19,100,0,3744.6,60,-1.27E-02,0
2/1/20 21:49,247.25,247.208333333333,0,0,4730.9,20.35,0,0,1.1,0,1877,0,0,554.406537222222,59.4185396666667,8.13E-02,0,6.94673595,-1.19,100,0,3744.6,60,-1.04E-02,0
2/1/20 21:54,247.333333333333,247.291666666667,0,0,4730.9,20.35,0,0,1.13726722222222,0,1877,0,0,554.4,59.43941075,0.083785675,0,6.94529206666667,-1.19,100,0,3744.6,60,-6.46E-03,0
2/1/20 21:59,247.416666666667,247.375,0,0,4730.9,20.35,0,0,1.19906611111111,0,1877,0,0,554.4,59.5040194166667,8.34E-02,0,6.96310551111111,-1.19,100,0,3744.6,60,-0.0064,0
2/1/20 22:04,247.5,247.458333333333,0,0,4730.9,20.35,0,0,1.2,0,1877,0,0,554.4,59.505,0.080369725,0,6.98850848333333,-1.19,100,0,3744.6,60,-0.0064,0
2/1/20 22:09,247.583333333333,247.541666666667,0,0,4730.9,20.35,0,0,1.2,0,1877,0,0,554.139129444445,59.505,8.30E-02,0,6.98375451666667,-1.19,100,0,3744.6,60,-8.79E-03,0
2/1/20 22:14,247.666666666667,247.625,0,0,4730.9,20.35,0,0,1.2,0,1877,0,0,553.706537222222,59.505,8.32E-02,0,6.96051597777778,-1.19,100,0,3744.6,60,-1.27E-02,0
2/1/20 22:19,247.75,247.708333333333,0,0,4730.9,20.35,0,0,1.2,0,1877,0,0,553.7,59.505,8.26E-02,0,6.94200677777778,-1.19,100,0,3744.6,60,-0.0128,0
2/1/20 22:24,247.833333333333,247.791666666667,0,0,4730.9,20.35,0,0,1.2,0,1877,0,0,553.960870555555,59.3931983333333,8.29E-02,0,6.94215542777778,-1.19,100,0,3744.6,60,-1.04E-02,0
2/1/20 22:29,247.916666666667,247.875,0,0,4730.9,20.35,0,0,1.2,0,1877,0,0,554.132592222222,59.28047275,8.16E-02,0,6.94889727222222,-1.19,100,0,3744.6,60,-6.46E-03,0
2/1/20 22:34,248,247.958333333333,0,0,4730.9,20.35,0,0,1.2,0,1877,0,0,553.706537222222,59.3981789166667,8.10E-02,0,6.94788198333333,-1.19,100,0,3744.6,60,-8.79E-03,0
2/1/20 22:39,248.083333333333,248.041666666667,0,0,4730.9,20.35,0,0,1.2,0,1877,0,0,553.7,59.4,8.16E-02,0,6.94900939444444,-1.19,100,0,3744.6,60,-1.27E-02,0
2/1/20 22:44,248.166666666667,248.125,0,0,4730.9,20.35,0,0,1.2,0,1877,0,0,553.960870555555,59.4,8.29E-02,0,6.95206192777778,-1.19,100,0,3744.6,60,-1.04E-02,0
2/1/20 22:49,248.25,248.208333333333,0,0,4730.9,20.35,0,0,1.2,0,1877,0,0,554.132592222222,59.4,8.37E-02,0,6.94681066111111,-1.19,100,0,3744.6,60,-8.84E-03,0
2/1/20 22:54,248.333333333333,248.291666666667,0,0,4730.9,20.35,0,0,1.2,0,1877,0,0,553.706537222222,59.4,8.40E-02,0,6.94342870555556,-1.19,100,0,3744.6,60,-1.27E-02,0
2/1/20 22:59,248.416666666667,248.375,0,0,4730.9,20.35,0,0,1.2,0,1877,0,0,553.439129444444,59.4,0.082322975,0,6.94548135,-1.19,100,0,3744.6,60,-1.04E-02,0
2/1/20 23:04,248.5,248.458333333333,0,0,4730.9,20.35,0,0,1.2,0,1877,0,0,553.267407777778,59.4,8.08E-02,0,6.94758997222222,-1.19,100,0,3744.6,60,-6.46E-03,0
2/1/20 23:09,248.583333333333,248.541666666667,0,0,4730.9,20.35,0,0,1.2,0,1877,0,0,553.432592222222,59.5118016666667,0.08315365,0,6.94589132222222,-1.19,100,0,3744.6,60,-0.0064,0
2/1/20 23:14,248.666666666667,248.625,0,0,4730.9,20.35,0,0,1.2,0,1877,0,0,553.006537222222,59.62452725,8.29E-02,0,6.94700939444444,-1.19,100,0,3744.6,60,-0.0064,0
2/1/20 23:19,248.75,248.708333333333,0,0,4730.9,20.35,0,0,1.2,0,1877,0,0,553,59.4676905,8.37E-02,0,6.94968925555556,-1.19,100,0,3744.6,60,-8.79E-03,0
2/1/20 23:24,248.833333333333,248.791666666667,0,0,4730.9,20.35,0,0,1.2,0,1877,0,0,553,59.428931,8.53E-02,0,6.94754672222222,-1.19,100,0,3744.6,60,-1.27E-02,0
2/1/20 23:29,248.916666666667,248.875,0,0,4730.9,20.35,0,0,1.2,0,1877,0,0,553,59.48547975,8.15E-02,0,6.94958997222222,-1.19,100,0,3744.6,60,-0.0128,0
2/1/20 23:34,249,248.958333333333,0,0,4730.9,20.35,0,0,1.2,0,1877,0,0,552.739129444444,59.46558925,8.01E-02,0,6.94900933888889,-1.19,100,0,3744.6,60,-0.0128,0
2/1/20 23:39,249.083333333333,249.041666666667,0,0,4730.9,20.35,0,0,1.2,0,1877,0,0,552.306537222222,59.4399811647287,8.36E-02,0,6.949,-1.19,100,0,3744.6,60,-0.0128,0
2/1/20 23:44,249.166666666667,249.125,0,0,4730.9,20.35,0,0,1.2,0,1877,0,0,552.55886,59.4651454186047,8.36E-02,0,6.9626826,-1.19,100,0,3744.6,60,-0.0128,0
2/1/20 23:49,249.25,249.208333333333,0,0,4730.9,20.35,0,0,1.2,0,1877,0,0,552.73428,59.401029,0.0830098,0,6.9837884,-1.19,100,0,3744.6,60,-0.0128,0
2/1/20 23:54,249.333333333333,249.291666666667,0,0,4730.9,20.35,0,0,1.2,0,1877,0,0,552.30686,59.438829,0.0831849,0,6.9843772,-1.19,100,0,3744.6,60,-0.0128,0
2/1/20 23:59,249.416666666667,249.375,0,0,4730.9,20.35,0,0,1.2,0,1877,0,0,552.3,59.465142,0.0833102,0,6.9873232,-1.19,100,0,3744.6,60,-0.0128,0
2/2/20 0:04,249.5,249.458333333333,0,0,4730.9,20.35,0,0,1.2,0,1877,0,0,552.3,59.439858,0.0837445,0,6.9801102,-1.19,100,0,3744.6,60,-0.0128,0
2/2/20 0:09,249.583333333333,249.541666666667,0,0,4730.9,20.35,0,0,1.2,0,1877,0,0,552.3,59.503971,0.0842408,0,6.9743388,-1.19,100,0,3744.6,60,-0.0128,0
2/2/20 0:14,249.666666666667,249.625,0,0,4730.9,20.35,0,0,1.2,0,1877,0,0,552.3,59.505,0.0826498,0,6.9689518,-1.19,100,0,3744.6,60,-0.0128,0
2/2/20 0:19,249.75,249.708333333333,0,0,4730.9,20.35,0,0,1.2,0,1877,0,0,552.3,59.482812,0.0814551,0,6.959889,-1.19,100,0,3744.6,60,-0.0128,0
2/2/20 0:24,249.833333333333,249.791666666667,0,0,4730.9,20.35,0,0,1.2,0,1877,0,0,552.55886,59.467776,0.081809,0,6.9534702,-1.19,100,0,3744.6,60,-0.0128,0
2/2/20 0:29,249.916666666667,249.875,0,0,4730.9,20.35,0,0,1.2,0,1877,0,0,552.99314,59.504412,0.083411,0,6.9468498,-1.19,100,0,3744.6,60,-0.0128,0
2/2/20 0:34,250,249.958333333333,0,0,4730.9,20.35,0,0,1.2,0,1877,0,0,552.74114,59.505,0.0825147,0,6.9460172,-1.19,100,0,3744.6,60,-0.0128,0
2/2/20 0:39,250.083333333333,250.041666666667,0,0,4730.9,20.35,0,0,1.2,0,1877,0,0,552.30686,59.466171,0.0819453,0,6.950182,-1.19,100,0,3744.6,60,-0.0128,0
2/2/20 0:44,250.166666666667,250.125,0,0,4730.9,20.35,0,0,1.2,0,1877,0,0,552.04114,59.401029,0.0810147,0,6.9479102,-1.19,100,0,3744.6,60,-0.0128,0
2/2/20 0:49,250.25,250.208333333333,0,0,4730.9,20.35,0,0,1.2,0,1877,0,0,551.86572,59.427735,0.081,0,6.9519462,-1.19,100,0,3744.6,60,-0.0128,0
2/2/20 0:54,250.333333333333,250.291666666667,0,0,4730.9,20.35,0,0,1.2,0,1877,0,0,552.29314,59.485359,0.0808151,0,6.952968,-1.19,100,0,3744.6,60,-0.0128,0
2/2/20 0:59,250.416666666667,250.375,0,0,4730.9,20.35,0,0,1.2,0,1877,0,0,552.3,59.465877,0.0817992,0,6.9378654,-1.19,100,0,3744.6,60,-0.0128,0
2/2/20 1:04,250.5,250.458333333333,0,0,4730.9,20.35,0,0,1.2,0,1877,0,0,552.3,59.428764,0.0843355,0,6.953281,-1.19,100,0,3744.6,60,-0.0128,0
2/2/20 1:09,250.583333333333,250.541666666667,0,0,4730.9,20.35,0,0,1.2,0,1877,0,0,552.3,59.44653,0.0829563,0,6.9813084,-1.19,100,0,3744.6,60,-0.0128,0
2/2/20 1:14,250.666666666667,250.625,0,0,4730.9,20.35,0,0,1.2,0,1877,0,0,552.04114,59.400735,0.0804784,0,6.9866784,-1.19,100,0,3744.6,60,-0.0128,0
2/2/20 1:19,250.75,250.708333333333,0,0,4730.9,20.35,0,0,1.2,0,1877,0,0,551.86572,59.438829,0.0819755,0,6.9843966,-1.19,100,0,3744.6,60,-0.0128,0
2/2/20 1:24,250.833333333333,250.791666666667,0,0,4730.9,20.35,0,0,1.2,0,1877,0,0,552.03428,59.481783,0.0821849,0,6.9798402,-1.19,100,0,3744.6,60,-0.0128,0
2/2/20 1:29,250.916666666667,250.875,0,0,4730.9,20.35,0,0,1.2,0,1877,0,0,551.60686,59.440041,0.0819404,0,6.9750364,-1.19,100,0,3744.6,60,-0.0128,0
2/2/20 1:34,251,250.958333333333,0,0,4730.9,20.35,0,0,1.2,0,1877,0,0,551.85886,59.419053,0.08046,0,6.9435072,-1.19,100,0,3744.6,60,-0.0128,0
2/2/20 1:39,251.083333333333,251.041666666667,0,0,4730.9,20.35,0,0,1.2,0,1877,0,0,552.03428,59.400294,0.0795147,0,6.9479216,-1.19,100,0,3744.6,60,-0.0128,0
2/2/20 1:44,251.166666666667,251.125,0,0,4730.9,20.35,0,0,1.2,0,1877,0,0,551.60686,59.438829,0.0802396,0,6.946151,-1.19,100,0,3744.6,60,-0.0128,0
2/2/20 1:49,251.25,251.208333333333,0,0,4730.9,20.35,0,0,1.2,0,1877,0,0,551.6,59.465142,0.08222,0,6.944898,-1.19,100,0,3744.6,60,-0.0128,0
2/2/20 1:54,251.333333333333,251.291666666667,0,0,4730.9,20.35,0,0,1.2,0,1877,0,0,551.34114,59.401029,0.0831106,0,6.947951,-1.19,100,0,3744.6,60,-0.0128,0
2/2/20 1:59,251.416666666667,251.375,0,0,4730.9,20.35,0,0,1.2,0,1877,0,0,550.90686,59.438829,0.0819551,0,6.9465208,-1.19,100,0,3744.6,60,-0.0128,0
2/2/20 2:04,251.5,251.458333333333,0,0,4730.9,20.35,0,0,1.2,0,1877,0,0,550.9,59.465142,0.0821241,0,6.9455184,-1.19,100,0,3744.6,60,-0.0128,0
2/2/20 2:09,251.583333333333,251.541666666667,0,0,4730.9,20.35,0,0,1.2,0,1877,0,0,550.9,59.401029,0.0834159,0,6.9479608,-1.19,100,0,3744.6,60,-0.0128,0
2/2/20 2:14,251.666666666667,251.625,0,0,4730.9,20.35,0,0,1.2,0,1877,0,0,550.9,59.361171,0.0828845,0,6.9491094,-1.19,100,0,3744.6,60,-0.0128,0
2/2/20 2:19,251.75,251.708333333333,0,0,4730.9,20.35,0,0,1.2,0,1877,0,0,550.64114,59.373687,0.0836751,0,6.9491216,-1.19,100,0,3744.6,60,-0.0128,0
2/2/20 2:24,251.833333333333,251.791666666667,0,0,4730.9,20.35,0,0,1.2,0,1877,0,0,550.20686,59.464113,0.0838102,0,6.947898,-1.19,100,0,3744.6,60,-0.0128,0
2/2/20 2:29,251.916666666667,251.875,0,0,4730.9,20.35,0,0,1.2,0,1877,0,0,550.45886,59.401029,0.0829502,0,6.949102,-1.19,100,0,3744.6,60,-0.0128,0
2/2/20 2:34,252,251.958333333333,0,0,4730.9,20.35,0,0,1.23698,0,1877,0,0,550.89314,59.4,0.0823845,0,6.947898,-1.19,100,0,3744.6,60,-0.0128,0
2/2/20 2:39,252.083333333333,252.041666666667,0,0,4730.9,20.35,0,0,1.29902,0,1877,0,0,550.64114,59.4,0.0822506,0,6.9483624,-1.19,100,0,3744.6,60,-0.0128,0
2/2/20 2:44,252.166666666667,252.125,0,0,4730.9,20.35,0,0,1.3,0,1877,0,0,550.46572,59.4,0.0808347,0,6.9466572,-1.19,100,0,3744.6,60,-0.0128,0
2/2/20 2:49,252.25,252.208333333333,0,0,4730.9,20.35,0,0,1.3,0,1877,0,0,550.89314,59.438829,0.0808747,0,6.9483428,-1.19,100,0,3744.6,60,-0.0128,0
2/2/20 2:54,252.333333333333,252.291666666667,0,0,4730.9,20.35,0,0,1.3,0,1877,0,0,550.64114,59.465142,0.0820449,0,6.9466572,-1.19,100,0,3744.6,60,-0.0128,0
2/2/20 2:59,252.416666666667,252.375,0,0,4730.9,20.35,0,0,1.3,0,1877,0,0,550.20686,59.401029,0.0831702,0,6.9483428,-1.19,100,0,3744.6,60,-0.0128,0
2/2/20 3:04,252.5,252.458333333333,0,0,4730.9,20.35,0,0,1.3,0,1877,0,0,550.2,59.4,0.0831253,0,6.9496156,-1.19,100,0,3744.6,60,-0.0128,0
2/2/20 3:09,252.583333333333,252.541666666667,0,0,4730.9,20.35,0,0,1.3,0,1877,0,0,549.94114,59.4,0.0834343,0,6.957004,-1.19,100,0,3744.6,60,-0.0128,0
2/2/20 3:14,252.666666666667,252.625,0,0,4730.9,20.35,0,0,1.3,0,1877,0,0,549.50686,59.4,0.0847906,0,6.9518302,-1.19,100,0,3744.6,60,-0.0128,0
2/2/20 3:19,252.75,252.708333333333,0,0,4730.9,20.35,0,0,1.3,0,1877,0,0,549.5,59.4,0.0837653,0,6.9480588,-1.19,100,0,3744.6,60,-0.0128,0
2/2/20 3:24,252.833333333333,252.791666666667,0,0,4730.9,20.35,0,0,1.3,0,1877,0,0,549.5,59.4,0.0827045,0,6.9472604,-1.19,100,0,3744.6,60,-0.0128,0
2/2/20 3:29,252.916666666667,252.875,0,0,4730.9,20.35,0,0,1.3,0,1877,0,0,549.5,59.4,0.0828102,0,6.9460196,-1.19,100,0,3744.6,60,-0.0128,0
2/2/20 3:34,253,252.958333333333,0,0,4730.9,20.35,0,0,1.3,0,1877,0,0,549.75886,59.4,0.0828747,0,6.9471094,-1.19,100,0,3744.6,60,-0.0128,0
2/2/20 3:39,253.083333333333,253.041666666667,0,0,4730.9,20.35,0,0,1.3,0,1877,0,0,549.93428,59.4,0.08386,0,6.9467518,-1.19,100,0,3744.6,60,-0.0128,0
2/2/20 3:44,253.166666666667,253.125,0,0,4730.9,20.35,0,0,1.3,0,1877,0,0,549.50686,59.438829,0.0835657,0,6.9452776,-1.19,100,0,3744.6,60,-0.0128,0
2/2/20 3:49,253.25,253.208333333333,0,0,4730.9,20.35,0,0,1.3,0,1877,0,0,549.5,59.465142,0.0822094,0,6.9485714,-1.19,100,0,3744.6,60,-0.0128,0
2/2/20 3:54,253.333333333333,253.291666666667,0,0,4730.9,20.35,0,0,1.3,0,1877,0,0,549.5,59.401029,0.0828649,0,6.9491192,-1.19,100,0,3744.6,60,-0.0128,0
2/2/20 3:59,253.416666666667,253.375,0,0,4730.9,20.35,0,0,1.3,0,1877,0,0,549.5,59.4,0.0831204,0,6.9509706,-1.19,100,0,3744.6,60,-0.0128,0
2/2/20 4:04,253.5,253.458333333333,0,0,4730.9,20.35,0,0,1.3,0,1877,0,0,549.5,59.4,0.0825098,0,6.949151,-1.19,100,0,3744.6,60,-0.0128,0
2/2/20 4:09,253.583333333333,253.541666666667,0,0,4730.9,20.35,0,0,1.3,0,1877,0,0,549.5,59.4,0.0823151,0,6.9467886,-1.19,100,0,3744.6,60,-0.0128,0
2/2/20 4:14,253.666666666667,253.625,0,0,4730.9,20.35,0,0,1.3,0,1877,0,0,549.5,59.4,0.0816351,0,6.9465012,-1.19,100,0,3744.6,60,-0.0128,0
2/2/20 4:19,253.75,253.708333333333,0,0,4730.9,20.35,0,0,1.3,0,1877,0,0,549.5,59.361171,0.0826739,0,6.9447788,-1.19,100,0,3744.6,60,-0.0128,0
2/2/20 4:24,253.833333333333,253.791666666667,0,0,4730.9,20.35,0,0,1.3,0,1877,0,0,549.5,59.334729,8.45E-02,0,6.9459804,-1.19,100,0,3744.6,60,-0.0128,0
2/2/20 4:29,253.916666666667,253.875,0,0,4730.9,20.35,0,0,1.3,0,1877,0,0,549.243142777778,59.398925,8.28E-02,0,6.94710081666667,-1.19,100,0,3744.6,60,-0.0128,0
2/2/20 4:34,254,253.958333333333,0,0,4730.9,20.35,0,0,1.3,0,1877,0,0,548.807190555556,59.4,8.21E-02,0,6.94786836666667,-1.19,100,0,3744.6,60,-0.0128,0
2/2/20 4:39,254.083333333333,254.041666666667,0,0,4730.9,20.35,0,0,1.3,0,1877,0,0,548.8,59.4,8.13E-02,0,6.94786551111111,-1.19,100,0,3744.6,60,-0.0128,0
2/2/20 4:44,254.166666666667,254.125,0,0,4730.9,20.35,0,0,1.3,0,1877,0,0,548.8,59.4,0.081372075,0,6.94838006666667,-1.19,100,0,3744.6,60,-0.0128,0
2/2/20 4:49,254.25,254.208333333333,0,0,4730.9,20.35,0,0,1.3,0,1877,0,0,548.8,59.4,8.22E-02,0,6.94553966111111,-1.19,100,0,3744.6,60,-0.0128,0
2/2/20 4:54,254.333333333333,254.291666666667,0,0,4730.9,20.35,0,0,1.3,0,1877,0,0,548.8,59.4,8.32E-02,0,6.94795891111111,-1.19,100,0,3744.6,60,-0.0128,0
2/2/20 4:59,254.416666666667,254.375,0,0,4730.9,20.35,0,0,1.3,0,1877,0,0,548.543142777778,59.4,8.43E-02,0,6.94910081666667,-1.19,100,0,3744.6,60,-0.0128,0
2/2/20 5:04,254.5,254.458333333333,0,0,4730.9,20.35,0,0,1.3,0,1877,0,0,548.364047777778,59.4,8.22E-02,0,6.94986836666667,-1.19,100,0,3744.6,60,-0.0128,0
2/2/20 5:09,254.583333333333,254.541666666667,0,0,4730.9,20.35,0,0,1.3,0,1877,0,0,548.792809444445,59.4,8.07E-02,0,6.94839775555556,-1.19,100,0,3744.6,60,-0.0128,0
2/2/20 5:14,254.666666666667,254.625,0,0,4730.9,20.35,0,0,1.3,0,1877,0,0,548.543142777778,59.4,0.083453775,0,6.94862278888889,-1.19,100,0,3744.6,60,-0.0128,0
2/2/20 5:19,254.75,254.708333333333,0,0,4730.9,20.35,0,0,1.3,0,1877,0,0,548.364047777778,59.4,0.0835,0,6.94837721111111,-1.19,100,0,3744.6,60,-0.0128,0
2/2/20 5:24,254.833333333333,254.791666666667,0,0,4730.9,20.35,0,0,1.3,0,1877,0,0,548.792809444445,59.4,8.31E-02,0,6.94788891111111,-1.19,100,0,3744.6,60,-0.0128,0
2/2/20 5:29,254.916666666667,254.875,0,0,4730.9,20.35,0,0,1.3,0,1877,0,0,548.543142777778,59.4,8.29E-02,0,6.94713163333333,-1.19,100,0,3744.6,60,-0.0128,0
2/2/20 5:34,255,254.958333333333,0,0,4730.9,20.35,0,0,1.3,0,1877,0,0,548.107190555555,59.4,8.29E-02,0,6.94713448888889,-1.19,100,0,3744.6,60,-0.0128,0
2/2/20 5:39,255.083333333333,255.041666666667,0,0,4730.9,20.35,0,0,1.3,0,1877,0,0,548.1,59.3614714166667,8.20E-02,0,6.94588605555555,-1.19,100,0,3744.6,60,-0.0128,0
2/2/20 5:44,255.166666666667,255.125,0,0,4730.9,20.35,0,0,1.3,0,1877,0,0,548.1,59.3346071666667,8.24E-02,0,6.94894863888889,-1.19,100,0,3744.6,60,-0.0128,0
2/2/20 5:49,255.25,255.208333333333,0,0,4730.9,20.35,0,0,1.3,0,1877,0,0,548.1,59.3989214166667,8.30E-02,0,6.94973387777778,-1.19,100,0,3744.6,60,-0.0128,0
2/2/20 5:54,255.333333333333,255.291666666667,0,0,4730.9,20.35,0,0,1.3,0,1877,0,0,548.1,59.4,8.26E-02,0,6.94877782222222,-1.19,100,0,3744.6,60,-0.0128,0
2/2/20 5:59,255.416666666667,255.375,0,0,4730.9,20.35,0,0,1.3,0,1877,0,0,547.843142777778,59.4,8.33E-02,0,6.94652938888889,-1.19,100,0,3744.6,60,-0.0128,0
2/2/20 6:04,255.5,255.458333333333,0,0,4730.9,20.35,0,0,1.3,0,1877,0,0,547.664047777778,59.3614714166667,8.42E-02,0,6.94785809444445,-1.19,100,0,3744.6,60,-0.0128,0
2/2/20 6:09,255.583333333333,255.541666666667,0,0,4730.9,20.35,0,0,1.3,0,1877,0,0,548.092809444444,59.3346071666667,8.15E-02,0,6.94676469444444,-1.19,100,0,3744.6,60,-0.0128,0
2/2/20 6:14,255.666666666667,255.625,0,0,4730.9,20.35,0,0,1.3,0,1877,0,0,547.843142777778,59.3989214166667,8.11E-02,0,6.94834639444445,-1.19,100,0,3744.6,60,-0.0128,0
2/2/20 6:19,255.75,255.708333333333,0,0,4730.9,20.35,0,0,1.3,0,1877,0,0,547.664047777778,59.4,8.29E-02,0,6.94862278888889,-1.19,100,0,3744.6,60,-0.0128,0
2/2/20 6:24,255.833333333333,255.791666666667,0,0,4730.9,20.35,0,0,1.3,0,1877,0,0,547.835952222222,59.4,0.08429085,0,6.94801027222222,-1.19,100,0,3744.6,60,-0.0128,0
2/2/20 6:29,255.916666666667,255.875,0,0,4730.9,20.35,0,0,1.3,0,1877,0,0,547.407190555556,59.4,8.42E-02,0,6.948,-1.19,100,0,3744.6,60,-0.0128,0
2/2/20 6:34,256,255.958333333333,0,0,4730.9,20.35,0,0,1.3,0,1877,0,0,547.4,59.4,0.084127925,0,6.948,-1.19,100,0,3744.6,60,-0.0128,0
2/2/20 6:39,256.083333333333,256.041666666667,0,0,4730.9,20.35,0,0,1.3,0,1877,0,0,547.4,59.4,0.082592925,0,6.97515347777778,-1.19,100,0,3744.6,60,-0.0128,0
2/2/20 6:44,256.166666666667,256.125,0,0,4730.9,20.35,0,0,1.3,0,1877,0,0,547.4,59.4,8.07E-02,0,6.99702188888889,-1.19,100,0,3744.6,60,-0.0128,0
2/2/20 6:49,256.25,256.208333333333,0,0,4730.9,20.35,0,0,1.3,0,1877,0,0,547.4,59.4,8.02E-02,0,6.97502491111111,-1.19,100,0,3744.6,60,-0.0128,0
2/2/20 6:54,256.333333333333,256.291666666667,0,0,4730.9,20.35,0,0,1.3,0,1877,0,0,547.4,59.4,8.14E-02,0,7.00328475555556,-1.19,100,0,3744.6,60,-0.0128,0
2/2/20 6:59,256.416666666667,256.375,0,0,4730.9,20.35,0,0,1.3,0,1877,0,0,547.4,59.4,8.17E-02,0,6.99786,-1.19,100,0,3744.6,60,-0.0128,0
2/2/20 7:04,256.5,256.458333333333,0,0,4730.9,20.35,0,0,1.3,0,1877,0,0,547.143142777778,59.4,0.0804533,0,6.99222693888889,-1.19,100,0,3744.6,60,-0.0128,0
2/2/20 7:09,256.583333333333,256.541666666667,0,0,4730.9,20.35,0,0,1.3,0,1877,0,0,546.964047777778,59.4,8.05E-02,0,6.99125299444444,-1.19,100,0,3744.6,60,-0.0128,0
2/2/20 7:14,256.666666666667,256.625,0,0,4730.9,20.35,0,0,1.3,0,1877,0,0,547.392809444445,59.4,8.01E-02,0,6.99457264684385,-1.19,100,0,3744.6,60,-0.0128,0
2/2/20 7:19,256.75,256.708333333333,0,0,4730.9,20.35,0,0,1.3,0,1877,0,0,547.4,59.4,0.082894907641196,0,6.98854938648948,-1.19,100,0,3744.6,60,-0.0128,0
2/2/20 7:24,256.833333333333,256.791666666667,0,0,4730.9,20.35,0,0,1.3,0,1877,0,0,547.4,59.4,8.26E-02,0,6.98061768888889,-1.19,100,0,3744.6,60,-0.0128,0
2/2/20 7:29,256.916666666667,256.875,0,0,4730.9,20.35,0,0,1.3,0,1877,0,0,547.4,59.4,8.35E-02,0,6.96111164444445,-1.19,100,0,3744.6,60,-0.0128,0
2/2/20 7:34,257,256.958333333333,0,0,4730.9,20.35,0,0,1.3,0,1877,0,0,547.145137777778,59.4,8.31E-02,0,6.93383982222222,-1.19,100,0,3744.6,60,-0.0128,0
2/2/20 7:39,257.083333333333,257.041666666667,0,0,4730.9,20.35,0,0,1.3,0,1877,0,0,546.962391111111,59.4,8.31E-02,0,6.97072373333333,-1.19,100,0,3744.6,60,-0.0128,0
2/2/20 7:44,257.166666666667,257.125,0,0,4730.9,20.35,0,0,1.3,0,1877,0,0,547.137608888889,59.4,8.40E-02,0,7.00395208888889,-1.19,100,0,3744.6,60,-0.0128,0
2/2/20 7:49,257.25,257.208333333333,0,0,4730.9,20.35,0,0,1.3,0,1877,0,0,546.962391111111,59.4,8.25E-02,0,7.00058666666667,-1.19,100,0,3744.6,60,-0.0128,0
2/2/20 7:54,257.333333333333,257.291666666667,0,0,4730.9,20.35,0,0,1.3,0,1877,0,0,547.392471111111,59.4,0.0807712,0,6.99658666666667,-1.19,100,0,3744.6,60,-0.0128,0
2/2/20 7:59,257.416666666667,257.375,0,0,4730.9,20.35,0,0,1.3,0,1877,0,0,547.145137777778,59.465536,8.20E-02,0,6.99222257777778,-1.19,100,0,3744.6,60,-0.0128,0
2/2/20 8:04,257.5,257.458333333333,0,0,4730.9,20.35,0,0,1.3,0,1877,0,0,546.707528888889,59.512528,8.15E-02,0,6.98686924444445,-1.19,100,0,3744.6,60,-0.0128,0
2/2/20 8:09,257.583333333333,257.541666666667,0,0,4730.9,20.35,0,0,1.3,0,1877,0,0,546.7,59.401936,8.22E-02,0,6.98051591111111,-1.19,100,0,3744.6,60,-0.0128,0
2/2/20 8:14,257.666666666667,257.625,0,0,4730.9,20.35,0,0,1.3,0,1877,0,0,546.7,59.4,8.40E-02,0,6.97425484444445,-1.19,100,0,3744.6,60,-0.0128,0
2/2/20 8:19,257.75,257.708333333333,0,0,4730.9,20.35,0,0,1.3,0,1877,0,0,546.7,59.4,8.25E-02,0,6.96886924444444,-1.19,100,0,3744.6,60,-0.0128,0
2/2/20 8:24,257.833333333333,257.791666666667,0,0,4730.9,20.35,0,0,1.3,0,1877,0,0,546.954862222222,59.383616,8.29E-02,0,6.96397226666667,-1.19,100,0,3744.6,60,-0.0128,0
2/2/20 8:29,257.916666666667,257.875,0,0,4730.9,20.35,0,0,1.3,0,1877,0,0,547.392471111111,59.371868,8.24E-02,0,6.96021182222222,-1.19,100,0,3744.6,60,-0.0128,0
2/2/20 8:34,258,257.958333333333,0,0,4730.9,20.35,0,0,1.3,0,1877,0,0,547.4,59.399516,0.0810784,0,6.95523333333333,-1.19,100,0,3744.6,60,-1.51E-02,0
2/2/20 8:39,258.083333333333,258.041666666667,0,0,4730.9,20.35,0,0,1.3,0,1877,0,0,547.4,59.4,0.08253,0,6.95059742222222,-1.19,100,0,3744.6,60,-1.68E-02,0
2/2/20 8:44,258.166666666667,258.125,0,0,4730.9,20.35,0,0,1.33640888888889,0,1877,0,0,547.4,59.4,0.08403,0,6.94767893333333,-1.19,100,0,3744.6,60,-1.52E-02,0
2/2/20 8:49,258.25,258.208333333333,0,0,4730.9,20.35,0,0,1.39892444444444,0,1877,0,0,547.145137777778,59.4709973333333,8.30E-02,0,6.94737484444445,-1.19,100,0,3744.6,59.9890773333333,-1.91E-02,0
2/2/20 8:54,258.333333333333,258.291666666667,0,0,4730.9,20.35,0,0,1.4,0,1877,0,0,546.707528888889,59.5219053333333,8.12E-02,0,6.94835333333333,-1.19,100,0,3744.6,59.9812453333333,-0.0192,0
2/2/20 8:59,258.416666666667,258.375,0,0,4730.9,20.35,0,0,1.4,0,1877,0,0,546.7,59.4020973333333,8.34E-02,0,6.94789697777778,-1.19,100,0,3744.6,59.9996773333333,-0.0192,0
2/2/20 9:04,258.5,258.458333333333,0,0,4730.9,20.35,0,0,1.4,0,1877,0,0,546.7,59.4,8.29E-02,0,6.94676044444444,-1.19,100,0,3744.6,60,-0.0192,0
2/2/20 9:09,258.583333333333,258.541666666667,0,0,4730.9,20.35,0,0,1.4,0,1877,0,0,546.7,59.4,8.31E-02,0,6.94834257777778,-1.19,100,0,3744.6,60,-0.0192,0
2/2/20 9:14,258.666666666667,258.625,0,0,4730.9,20.35,0,0,1.4,0,1877,0,0,546.7,59.4,8.31E-02,0,6.94862515555556,-1.19,100,0,3744.6,60,-0.0192,0
2/2/20 9:19,258.75,258.708333333333,0,0,4730.9,20.35,0,0,1.4,0,1877,0,0,546.7,59.4,8.38E-02,0,6.94873893333333,-1.19,100,0,3744.6,60,-0.0192,0
2/2/20 9:24,258.833333333333,258.791666666667,0,0,4730.9,20.35,0,0,1.4,0,1877,0,0,546.7,59.4382293333333,8.37E-02,0,6.94925031111111,-1.19,100,0,3744.6,60,-0.0192,0
2/2/20 9:29,258.916666666667,258.875,0,0,4730.9,20.35,0,0,1.4,0,1877,0,0,546.7,59.4656413333333,8.36E-02,0,6.94802151111111,-1.19,100,0,3744.6,60,-0.0192,0
2/2/20 9:34,259,258.958333333333,0,0,4730.9,20.35,0,0,1.4,0,1877,0,0,546.7,59.4393586666667,8.30E-02,0,6.94836408888889,-1.19,100,0,3744.6,60,-0.0192,0
2/2/20 9:39,259.083333333333,259.041666666667,0,0,4730.9,20.35,0,0,1.4,0,1877,0,0,546.445137777778,59.4656413333333,8.26E-02,0,6.95008151111111,-1.19,100,0,3744.6,60,-0.0192,0
2/2/20 9:44,259.166666666667,259.125,0,0,4730.9,20.35,0,0,1.4,0,1877,0,0,546.007528888889,59.4393586666667,8.26E-02,0,6.95560862222222,-1.19,100,0,3744.6,60,-0.0192,0
2/2/20 9:49,259.25,259.208333333333,0,0,4730.9,20.35,0,0,1.4,0,1877,0,0,546,59.4820253333333,8.31E-02,0,6.96407697777778,-1.19,100,0,3744.6,60,-0.0192,0
2/2/20 9:54,259.333333333333,259.291666666667,0,0,4730.9,20.35,0,0,1.4,0,1877,0,0,546,59.456568,8.34E-02,0,6.96174595555556,-1.19,100,0,3744.6,60,-0.0192,0
2/2/20 9:59,259.416666666667,259.375,0,0,4730.9,20.35,0,0,1.4,0,1877,0,0,546,59.4473706666667,8.35E-02,0,6.95118284444444,-1.19,100,0,3744.6,60,-0.0192,0
2/2/20 10:04,259.5,259.458333333333,0,0,4730.9,20.35,0,0,1.4,0,1877,0,0,546,59.4008066666667,0.0817712,0,6.94699502222222,-1.19,100,0,3744.6,60,-0.0192,0
2/2/20 10:09,259.583333333333,259.541666666667,0,0,4730.9,20.35,0,0,1.4,0,1877,0,0,546,59.4,8.28E-02,0,6.94121057777778,-1.19,100,0,3744.6,60,-0.0192,0
2/2/20 10:14,259.666666666667,259.625,0,0,4730.9,20.35,0,0,1.4,0,1877,0,0,545.490275555556,59.4382293333333,8.29E-02,0,6.93131688888889,-1.19,100,0,3744.6,60,-0.0192,0
2/2/20 10:19,259.75,259.708333333333,0,0,4730.9,20.35,0,0,1.4,0,1877,0,0,544.86992,59.476564,8.31E-02,0,6.92481546666667,-1.19,100,0,3744.6,60,-0.0192,0
2/2/20 10:24,259.833333333333,259.791666666667,0,0,4730.9,20.35,0,0,1.4,0,1877,0,0,545.037608888889,59.419884,8.18E-02,0,6.94760204444444,-1.19,100,0,3744.6,60,-0.0192,0
2/2/20 10:29,259.916666666667,259.875,0,0,4730.9,20.35,0,0,1.4,0,1877,0,0,544.607528888889,59.438552,8.18E-02,0,6.94617955555556,-1.19,100,0,3744.6,60,-0.0192,0
2/2/20 10:34,260,259.958333333333,0,0,4730.9,20.35,0,0,1.4,0,1877,0,0,544.345137777778,59.4656413333333,8.38E-02,0,6.94596648888889,-1.19,100,0,3744.6,60,-0.0192,0
2/2/20 10:39,260.083333333333,260.041666666667,0,0,4730.9,20.35,0,0,1.4,0,1877,0,0,543.907528888889,59.4393586666667,8.26E-02,0,6.94909351111111,-1.19,100,0,3744.6,60,-0.0192,0
2/2/20 10:44,260.166666666667,260.125,0,0,4730.9,20.35,0,0,1.4,0,1877,0,0,543.9,59.5038706666667,8.14E-02,0,6.94823831111111,-1.19,100,0,3744.6,60,-0.0192,0
2/2/20 10:49,260.25,260.208333333333,0,0,4730.9,20.35,0,0,1.4,0,1877,0,0,543.9,59.4667706666667,8.16E-02,0,6.95266364444444,-1.19,100,0,3744.6,60,-0.0192,0
2/2/20 10:54,260.333333333333,260.291666666667,0,0,4730.9,20.35,0,0,1.4,0,1877,0,0,544.154862222222,59.4393586666667,8.10E-02,0,6.95179395555556,-1.19,100,0,3744.6,60,-0.0192,0
2/2/20 10:59,260.416666666667,260.375,0,0,4730.9,20.35,0,0,1.4,0,1877,0,0,544.337608888889,59.5038706666667,8.19E-02,0,6.94842862222222,-1.19,100,0,3744.6,60,-0.0192,0
2/2/20 11:04,260.5,260.458333333333,0,0,4730.9,20.35,0,0,1.4,0,1877,0,0,543.907528888889,59.6469946666667,8.29E-02,0,6.94862515555556,-1.19,100,0,3744.6,59.9617706666667,-0.0192,0
2/2/20 11:09,260.583333333333,260.541666666667,0,0,4730.9,20.35,0,0,1.4,0,1877,0,0,543.9,59.819808,8.26E-02,0,6.96075386666667,-1.19,100,0,3744.6,59.9343586666667,-0.0192,0
2/2/20 11:14,260.666666666667,260.625,0,0,4730.9,20.35,0,0,1.4,0,1877,0,0,543.9,59.8495533333333,8.20E-02,0,6.9811672,-1.19,100,0,3744.6,59.9988706666667,-0.0192,0
2/2/20 11:19,260.75,260.708333333333,0,0,4730.9,20.35,0,0,1.4,0,1877,0,0,543.9,59.953188,8.05E-02,0,6.98086346666667,-1.19,100,0,3744.6,60,-0.0192,0
2/2/20 11:24,260.833333333333,260.791666666667,0,0,4730.9,20.35,0,0,1.4,0,1877,0,0,543.9,59.7152786666667,8.20E-02,0,6.98285395555556,-1.19,100,0,3744.6,59.9617706666667,-0.0192,0
2/2/20 11:29,260.916666666667,260.875,0,0,4730.9,20.35,0,0,1.4,0,1877,0,0,543.9,59.756984,8.25E-02,0,6.97884773333333,-1.19,100,0,3744.6,59.9343586666667,-0.0192,0
2/2/20 11:34,261,260.958333333333,0,0,4730.9,20.35,0,0,1.4,0,1877,0,0,543.9,59.8041933333333,8.31E-02,0,6.97251591111111,-1.19,100,0,3744.6,59.9988706666667,-0.0192,0
2/2/20 11:39,261.083333333333,261.041666666667,0,0,4730.9,20.35,0,0,1.4,0,1877,0,0,543.645137777778,59.7667706666667,8.12E-02,0,6.96698302222222,-1.19,100,0,3744.6,60,-0.0192,0
2/2/20 11:44,261.166666666667,261.125,0,0,4730.9,20.35,0,0,1.4,0,1877,0,0,543.462391111111,59.6629,8.03E-02,0,6.96794497777778,-1.19,100,0,3744.6,60,-0.0192,0
2/2/20 11:49,261.25,261.208333333333,0,0,4730.9,20.35,0,0,1.4,0,1877,0,0,543.637608888889,59.6343586666667,8.17E-02,0,6.96963715555556,-1.19,100,0,3744.6,60,-0.0192,0
2/2/20 11:54,261.333333333333,261.291666666667,0,0,4730.9,20.35,0,0,1.4,0,1877,0,0,543.207528888889,59.6278733333333,8.11E-02,0,6.96264044444444,-1.19,100,0,3744.6,60,-2.15E-02,0
2/2/20 11:59,261.416666666667,261.375,0,0,4730.9,20.35,0,0,1.4,0,1877,0,0,543.454862222222,59.5398653333333,8.23E-02,0,6.95858666666667,-1.19,100,0,3744.6,60,-2.32E-02,0
2/2/20 12:04,261.5,261.458333333333,0,0,4730.9,20.35,0,0,1.4,0,1877,0,0,543.892471111111,59.594032,0.0828072,0,6.95531484444444,-1.19,100,0,3744.6,60,-1.93E-02,0
2/2/20 12:09,261.583333333333,261.541666666667,0,0,4730.9,20.35,0,0,1.4,0,1877,0,0,543.9,59.562232,8.20E-02,0,6.95329333333333,-1.19,100,0,3744.6,60,-0.0192,0
2/2/20 12:14,261.666666666667,261.625,0,0,4730.9,20.35,0,0,1.4,0,1877,0,0,543.9,59.538736,8.19E-02,0,6.95092924444444,-1.19,100,0,3744.6,60,-0.0192,0
2/2/20 12:19,261.75,261.708333333333,0,0,4730.9,20.35,0,0,1.4,0,1877,0,0,543.645137777778,59.594032,8.29E-02,0,6.94794,-1.19,100,0,3744.6,60,-2.15E-02,0
2/2/20 12:24,261.833333333333,261.791666666667,0,0,4730.9,20.35,0,0,1.4,0,1877,0,0,543.462391111111,59.595,8.24E-02,0,6.94712453333333,-1.19,100,0,3744.6,60,-2.32E-02,0
2/2/20 12:29,261.916666666667,261.875,0,0,4730.9,20.35,0,0,1.4,0,1877,0,0,543.892471111111,59.595,8.34E-02,0,6.94860364444444,-1.19,100,0,3744.6,60,-1.93E-02,0
2/2/20 12:34,262,261.958333333333,0,0,4730.9,20.35,0,0,1.4,0,1877,0,0,544.154862222222,59.595,8.40E-02,0,6.94837484444444,-1.19,100,0,3744.6,60,-0.0192,0
2/2/20 12:39,262.083333333333,262.041666666667,0,0,4730.9,20.35,0,0,1.4,0,1877,0,0,544.082746666667,59.562232,8.36E-02,0,6.94898924444444,-1.19,100,0,3744.6,60,-0.0192,0
2/2/20 12:44,262.166666666667,262.125,0,0,4730.9,20.35,0,0,1.4,0,1877,0,0,543.46992,59.538736,0.0831928,0,6.94790773333333,-1.19,100,0,3744.6,60,-0.0192,0
2/2/20 12:49,262.25,262.208333333333,0,0,4730.9,20.35,0,0,1.4,0,1877,0,0,543.892471111111,59.594032,8.31E-02,0,6.94603226666667,-1.19,100,0,3744.6,60,-0.0192,0
2/2/20 12:54,262.333333333333,262.291666666667,0,0,4730.9,20.35,0,0,1.4,0,1877,0,0,543.645137777778,59.562232,8.29E-02,0,6.9361696,-1.19,100,0,3744.6,60,-0.0192,0
2/2/20 12:59,262.416666666667,262.375,0,0,4730.9,20.35,0,0,1.4,0,1877,0,0,542.952666666667,59.538736,8.26E-02,0,6.92802853333333,-1.19,100,0,3744.6,60,-0.0192,0
2/2/20 13:04,262.5,262.458333333333,0,0,4730.9,20.35,0,0,1.4,0,1877,0,0,542.507528888889,59.561264,8.01E-02,0,6.94565457777778,-1.19,100,0,3744.6,60,-0.0192,0
2/2/20 13:09,262.583333333333,262.541666666667,0,0,4730.9,20.35,0,0,1.4,0,1877,0,0,542.5,59.4295093333333,0.0798012,0,6.9494576,-1.19,100,0,3744.6,60,-0.0192,0
2/2/20 13:14,262.666666666667,262.625,0,0,4730.9,20.35,0,0,1.4,0,1877,0,0,542.5,59.3737173333333,8.12E-02,0,6.94813528888889,-1.19,100,0,3744.6,60,-0.0192,0
2/2/20 13:19,262.75,262.708333333333,0,0,4730.9,20.35,0,0,1.4,0,1877,0,0,542.245137777778,59.5027413333333,8.13E-02,0,6.94923955555556,-1.19,100,0,3744.6,60,-0.0192,0
2/2/20 13:24,262.833333333333,262.791666666667,0,0,4730.9,20.35,0,0,1.4,0,1877,0,0,542.062391111111,59.4667706666667,0.0836444,0,6.9483856,-1.19,100,0,3744.6,60,-0.0192,0
2/2/20 13:29,262.916666666667,262.875,0,0,4730.9,20.35,0,0,1.43640888888889,0,1877,0,0,542.492471111111,59.4393586666667,8.38E-02,0,6.94898924444444,-1.19,100,0,3744.6,60,-0.0192,0
2/2/20 13:34,263,262.958333333333,0,0,4730.9,20.35,0,0,1.49892444444444,0,1877,0,0,542.245137777778,59.5038706666667,8.37E-02,0,6.94863591111111,-1.19,100,0,3744.6,60,-0.0192,0
2/2/20 13:39,263.083333333333,263.041666666667,0,0,4730.9,20.35,0,0,1.5,0,1877,0,0,541.807528888889,59.505,8.40E-02,0,6.94946711111111,-1.19,100,0,3744.6,60,-0.0192,0
2/2/20 13:44,263.166666666667,263.125,0,0,4730.9,20.35,0,0,1.5,0,1877,0,0,542.054862222222,59.4776933333333,8.33E-02,0,6.95050062222222,-1.19,100,0,3744.6,60,-0.0192,0
2/2/20 13:49,263.25,263.208333333333,0,0,4730.9,20.35,0,0,1.5,0,1877,0,0,542.237608888889,59.4581133333333,8.13E-02,0,6.94658666666667,-1.19,100,0,3744.6,60,-0.0192,0
2/2/20 13:54,263.333333333333,263.291666666667,0,0,4730.9,20.35,0,0,1.5,0,1877,0,0,542.062391111111,59.5041933333333,0.0803856,0,6.94549937777778,-1.19,100,0,3744.6,60,-0.0192,0
2/2/20 13:59,263.416666666667,263.375,0,0,4730.9,20.35,0,0,1.5,0,1877,0,0,542.492471111111,59.505,8.10E-02,0,6.94795697777778,-1.19,100,0,3744.6,60,-0.0192,0
2/2/20 14:04,263.5,263.458333333333,0,0,4730.9,20.35,0,0,1.5,0,1877,0,0,542.245137777778,59.505,8.14E-02,0,6.94836408888889,-1.19,100,0,3744.6,60,-0.0192,0
2/2/20 14:09,263.583333333333,263.541666666667,0,0,4730.9,20.35,0,0,1.5,0,1877,0,0,541.552666666667,59.505,8.27E-02,0,6.94862515555556,-1.19,100,0,3744.6,60,-0.0192,0
2/2/20 14:14,263.666666666667,263.625,0,0,4730.9,20.35,0,0,1.5,0,1877,0,0,541.107528888889,59.4667706666667,8.34E-02,0,6.94837484444444,-1.19,100,0,3744.6,60,-0.0192,0
2/2/20 14:19,263.75,263.708333333333,0,0,4730.9,20.35,0,0,1.5,0,1877,0,0,541.354862222222,59.4393586666667,8.29E-02,0,6.94898924444444,-1.19,100,0,3744.6,60,-0.0192,0
2/2/20 14:24,263.833333333333,263.791666666667,0,0,4730.9,20.35,0,0,1.5,0,1877,0,0,541.792471111111,59.5038706666667,8.35E-02,0,6.94863591111111,-1.19,100,0,3744.6,60,-0.0192,0
2/2/20 14:29,263.916666666667,263.875,0,0,4730.9,20.35,0,0,1.5,0,1877,0,0,541.8,59.4667706666667,8.33E-02,0,6.94764666666667,-1.19,100,0,3744.6,60,-0.0192,0
2/2/20 14:34,264,263.958333333333,0,0,4730.9,20.35,0,0,1.5,0,1877,0,0,541.8,59.4393586666667,8.26E-02,0,6.94737484444445,-1.19,100,0,3744.6,60,-0.0192,0
2/2/20 14:39,264.083333333333,264.041666666667,0,0,4730.9,20.35,0,0,1.5,0,1877,0,0,541.8,59.5038706666667,8.27E-02,0,6.94798924444444,-1.19,100,0,3744.6,60,-0.0192,0
2/2/20 14:44,264.166666666667,264.125,0,0,4730.9,20.35,0,0,1.5,0,1877,0,0,541.8,59.505,8.31E-02,0,6.94836408888889,-1.19,100,0,3744.6,60,-0.0192,0
2/2/20 14:49,264.25,264.208333333333,0,0,4730.9,20.35,0,0,1.5,0,1877,0,0,541.8,59.505,8.17E-02,0,6.94862515555556,-1.19,100,0,3744.6,60,-0.0192,0
2/2/20 14:54,264.333333333333,264.291666666667,0,0,4730.9,20.35,0,0,1.5,0,1877,0,0,541.8,59.4940773333333,8.16E-02,0,6.94910302222222,-1.19,100,0,3744.6,60,-0.0192,0
2/2/20 14:59,264.416666666667,264.375,0,0,4730.9,20.35,0,0,1.5,0,1877,0,0,541.8,59.448016,8.21E-02,0,6.94987546666667,-1.19,100,0,3744.6,60,-0.0192,0
2/2/20 15:04,264.5,264.458333333333,0,0,4730.9,20.35,0,0,1.5,0,1877,0,0,541.8,59.439036,0.0834216,0,6.94839635555556,-1.19,100,0,3744.6,60,-0.0192,0
2/2/20 15:09,264.583333333333,264.541666666667,0,0,4730.9,20.35,0,0,1.5,0,1877,0,0,541.8,59.4656413333333,8.22E-02,0,6.94862515555556,-1.19,100,0,3744.6,60,-0.0192,0
2/2/20 15:14,264.666666666667,264.625,0,0,4730.9,20.35,0,0,1.5,0,1877,0,0,541.545137777778,59.4175133333333,0.0816928,0,6.94837484444444,-1.19,100,0,3744.6,60,-0.0192,0
2/2/20 15:19,264.75,264.708333333333,0,0,4730.9,20.35,0,0,1.5,0,1877,0,0,541.362391111111,59.4663613333333,8.22E-02,0,6.94862515555556,-1.19,100,0,3744.6,60,-0.0192,0
2/2/20 15:24,264.833333333333,264.791666666667,0,0,4730.9,20.35,0,0,1.5,0,1877,0,0,541.537608888889,59.5043546666667,8.23E-02,0,6.94837484444444,-1.19,100,0,3744.6,60,-0.0192,0
2/2/20 15:29,264.916666666667,264.875,0,0,4730.9,20.35,0,0,1.5,0,1877,0,0,541.107528888889,59.505,0.0829156,0,6.94789697777778,-1.19,100,0,3744.6,60,-0.0192,0
2/2/20 15:34,265,264.958333333333,0,0,4730.9,20.35,0,0,1.5,0,1877,0,0,541.354862222222,59.505,8.28E-02,0,6.94676044444444,-1.19,100,0,3744.6,60,-0.0192,0
2/2/20 15:39,265.083333333333,265.041666666667,0,0,4730.9,20.35,0,0,1.5,0,1877,0,0,541.537608888889,59.505,8.04E-02,0,6.94834257777778,-1.19,100,0,3744.6,60,-0.0192,0
2/2/20 15:44,265.166666666667,265.125,0,0,4730.9,20.35,0,0,1.5,0,1877,0,0,541.107528888889,59.505,8.14E-02,0,6.94898924444444,-1.19,100,0,3744.6,60,-0.0192,0
2/2/20 15:49,265.25,265.208333333333,0,0,4730.9,20.35,0,0,1.5,0,1877,0,0,541.1,59.505,0.0818072,0,6.94863591111111,-1.19,100,0,3744.6,60,-0.0192,0
2/2/20 15:54,265.333333333333,265.291666666667,0,0,4730.9,20.35,0,0,1.5,0,1877,0,0,541.1,59.505,0.0824156,0,6.94801075555556,-1.19,100,0,3744.6,60,-0.0192,0
2/2/20 15:59,265.416666666667,265.375,0,0,4730.9,20.35,0,0,1.5,0,1877,0,0,541.1,59.4667706666667,8.29E-02,0,6.94836408888889,-1.19,100,0,3744.6,60,-0.0192,0
2/2/20 16:04,265.5,265.458333333333,0,0,4730.9,20.35,0,0,1.5,0,1877,0,0,541.354862222222,59.4393586666667,8.14E-02,0,6.94862515555556,-1.19,100,0,3744.6,60,-0.0192,0
2/2/20 16:09,265.583333333333,265.541666666667,0,0,4730.9,20.35,0,0,1.5,0,1877,0,0,541.537608888889,59.4656413333333,8.09E-02,0,6.94837484444444,-1.19,100,0,3744.6,60,-0.0192,0
2/2/20 16:14,265.666666666667,265.625,0,0,4730.9,20.35,0,0,1.5,0,1877,0,0,541.362391111111,59.412052,8.03E-02,0,6.94862515555556,-1.19,100,0,3744.6,60,-0.0192,0
2/2/20 16:19,265.75,265.708333333333,0,0,4730.9,20.35,0,0,1.5,0,1877,0,0,541.792471111111,59.456984,8.12E-02,0,6.94873893333333,-1.19,100,0,3744.6,60,-0.0192,0
2/2/20 16:24,265.833333333333,265.791666666667,0,0,4730.9,20.35,0,0,1.5,0,1877,0,0,541.545137777778,59.5041933333333,8.07E-02,0,6.94925031111111,-1.19,100,0,3744.6,60,-0.0192,0
2/2/20 16:29,265.916666666667,265.875,0,0,4730.9,20.35,0,0,1.5,0,1877,0,0,541.107528888889,59.505,8.31E-02,0,6.94802151111111,-1.19,100,0,3744.6,60,-0.0192,0
2/2/20 16:34,266,265.958333333333,0,0,4730.9,20.35,0,0,1.5,0,1877,0,0,541.1,59.4667706666667,8.34E-02,0,6.94836408888889,-1.19,100,0,3744.6,60,-0.0192,0
2/2/20 16:39,266.083333333333,266.041666666667,0,0,4730.9,20.35,0,0,1.5,0,1877,0,0,541.1,59.4011293333333,8.44E-02,0,6.94789697777778,-1.19,100,0,3744.6,60,-0.0192,0
2/2/20 16:44,266.166666666667,266.125,0,0,4730.9,20.35,0,0,1.5,0,1877,0,0,541.1,59.4382293333333,8.35E-02,0,6.94712453333333,-1.19,100,0,3744.6,60,-0.0192,0
2/2/20 16:49,266.25,266.208333333333,0,0,4730.9,20.35,0,0,1.5,0,1877,0,0,541.1,59.4656413333333,8.26E-02,0,6.94860364444444,-1.19,100,0,3744.6,60,-0.0192,0
2/2/20 16:54,266.333333333333,266.291666666667,0,0,4730.9,20.35,0,0,1.5,0,1877,0,0,541.1,59.4393586666667,8.21E-02,0,6.94837484444444,-1.19,100,0,3744.6,60,-0.0192,0
2/2/20 16:59,266.416666666667,266.375,0,0,4730.9,20.35,0,0,1.5,0,1877,0,0,541.1,59.4656413333333,8.32E-02,0,6.94898924444444,-1.19,100,0,3744.6,60,-0.0192,0
2/2/20 17:04,266.5,266.458333333333,0,0,4730.9,20.35,0,0,1.5,0,1877,0,0,541.1,59.4011293333333,8.26E-02,0,6.95664586666667,-1.19,100,0,3744.6,60,-0.0192,0
2/2/20 17:09,266.583333333333,266.541666666667,0,0,4730.9,20.35,0,0,1.5,0,1877,0,0,541.1,59.4,8.35E-02,0,6.97195866666667,-1.19,100,0,3744.6,60,-0.0192,0
2/2/20 17:14,266.666666666667,266.625,0,0,4730.9,20.35,0,0,1.5,0,1877,0,0,541.1,59.4,0.0835,0,6.97557137777778,-1.19,100,0,3744.6,60,-0.0192,0
2/2/20 17:19,266.75,266.708333333333,0,0,4730.9,20.35,0,0,1.5,0,1877,0,0,541.1,59.4382293333333,8.33E-02,0,6.97792346666667,-1.19,100,0,3744.6,60,-2.15E-02,0
2/2/20 17:24,266.833333333333,266.791666666667,0,0,4730.9,20.35,0,0,1.5,0,1877,0,0,541.354862222222,59.5038706666667,8.26E-02,0,6.9814576,-1.19,100,0,3744.6,60,-2.55E-02,0
2/2/20 17:29,266.916666666667,266.875,0,0,4730.9,20.35,0,0,1.5,0,1877,0,0,541.792471111111,59.4667706666667,8.26E-02,0,6.97795075555555,-1.19,100,0,3744.6,60,-2.33E-02,0
2/2/20 17:34,267,266.958333333333,0,0,4730.9,20.35,0,0,1.5,0,1877,0,0,542.054862222222,59.4011293333333,8.35E-02,0,6.97566817777778,-1.19,100,0,3744.6,60,-1.93E-02,0
2/2/20 17:39,267.083333333333,267.041666666667,0,0,4730.9,20.35,0,0,1.5,0,1877,0,0,542.237608888889,59.4,8.37E-02,0,6.97319031111111,-1.19,100,0,3744.6,60,-2.15E-02,0
2/2/20 17:44,267.166666666667,267.125,0,0,4730.9,20.35,0,0,1.5,0,1877,0,0,541.807528888889,59.4382293333333,8.22E-02,0,6.96896151111111,-1.19,100,0,3744.6,60,-2.55E-02,0
2/2/20 17:49,267.25,267.208333333333,0,0,4730.9,20.35,0,0,1.5,0,1877,0,0,541.545137777778,59.4656413333333,8.03E-02,0,6.96594,-1.19,100,0,3744.6,60,-0.0256,0
2/2/20 17:54,267.333333333333,267.291666666667,0,0,4730.9,20.35,0,0,1.5,0,1877,0,0,541.107528888889,59.4393586666667,8.23E-02,0,6.96330408888889,-1.19,100,0,3744.6,60,-0.0256,0
2/2/20 17:59,267.416666666667,267.375,0,0,4730.9,20.35,0,0,1.5,0,1877,0,0,541.1,59.5038706666667,8.20E-02,0,6.96092924444444,-1.19,100,0,3744.6,60,-0.0256,0
2/2/20 18:04,267.5,267.458333333333,0,0,4730.9,20.35,0,0,1.5,0,1877,0,0,541.354862222222,59.505,8.24E-02,0,6.95830408888889,-1.19,100,0,3744.6,60,-0.0256,0
2/2/20 18:09,267.583333333333,267.541666666667,0,0,4730.9,20.35,0,0,1.5,0,1877,0,0,542.047333333333,59.4667706666667,8.37E-02,0,6.95520106666667,-1.19,100,0,3744.6,60,-0.0256,0
2/2/20 18:14,267.666666666667,267.625,0,0,4730.9,20.35,0,0,1.5,0,1877,0,0,541.984440103359,59.4392316589147,8.41E-02,0,6.95096513990402,-1.19,100,0,3744.6,60,-0.0256,0
2/2/20 18:19,267.75,267.708333333333,0,0,4730.9,20.35,0,0,1.5,0,1877,0,0,541.368572674419,59.5038226744186,8.31E-02,0,6.94867238787375,-1.19,100,0,3744.6,60,-0.0256,0
2/2/20 18:24,267.833333333333,267.791666666667,0,0,4730.9,20.35,0,0,1.5,0,1877,0,0,541.792125,59.46706875,0.082899375,0,6.94728875,-1.19,100,0,3744.6,60,-0.0256,0
2/2/20 18:29,267.916666666667,267.875,0,0,4730.9,20.35,0,0,1.5,0,1877,0,0,541.8,59.4391125,0.082298125,0,6.94710625,-1.19,100,0,3744.6,60,-0.0256,0
2/2/20 18:34,268,267.958333333333,0,0,4730.9,20.35,0,0,1.5,0,1877,0,0,542.052875,59.50381875,0.083738125,0,6.948605,-1.19,100,0,3744.6,60,-0.0256,0
2/2/20 18:39,268.083333333333,268.041666666667,0,0,4730.9,20.35,0,0,1.5,0,1877,0,0,542.23925,59.505,0.082341875,0,6.94801125,-1.19,100,0,3744.6,60,-0.0256,0
2/2/20 18:44,268.166666666667,268.125,0,0,4730.9,20.35,0,0,1.5,0,1877,0,0,541.807875,59.505,0.08218625,0,6.948,-1.19,100,0,3744.6,60,-0.0256,0
2/2/20 18:49,268.25,268.208333333333,0,0,4730.9,20.35,0,0,1.5,0,1877,0,0,541.8,59.5375125,0.083216875,0,6.94836125,-1.19,100,0,3744.6,60,-0.0256,0
2/2/20 18:54,268.333333333333,268.291666666667,0,0,4730.9,20.35,0,0,1.5,0,1877,0,0,541.8,59.561475,0.083755,0,6.94898875,-1.19,100,0,3744.6,60,-0.0256,0
2/2/20 18:59,268.416666666667,268.375,0,0,4730.9,20.35,0,0,1.5,0,1877,0,0,541.8,59.4843375,0.0825225,0,6.94863875,-1.19,100,0,3744.6,60,-0.0256,0
2/2/20 19:04,268.5,268.458333333333,0,0,4730.9,20.35,0,0,1.5,0,1877,0,0,541.547125,59.4998625,0.082680625,0,6.949095,-1.19,100,0,3744.6,60,-0.0256,0
2/2/20 19:09,268.583333333333,268.541666666667,0,0,4730.9,20.35,0,0,1.5,0,1877,0,0,541.36075,59.5608,0.082994375,0,6.94916,-1.19,100,0,3744.6,60,-0.0256,0
2/2/20 19:14,268.666666666667,268.625,0,0,4730.9,20.35,0,0,1.5,0,1877,0,0,541.53925,59.538525,0.08263875,0,6.94822375,-1.19,100,0,3744.6,60,-0.0256,0
2/2/20 19:19,268.75,268.708333333333,0,0,4730.9,20.35,0,0,1.5,0,1877,0,0,541.107875,59.5939875,0.082191875,0,6.95084875,-1.19,100,0,3744.6,60,-0.0256,0
2/2/20 19:24,268.833333333333,268.791666666667,0,0,4730.9,20.35,0,0,1.5,0,1877,0,0,541.1,59.5624875,0.082133125,0,6.9486725,-1.19,100,0,3744.6,60,-0.0256,0
2/2/20 19:29,268.916666666667,268.875,0,0,4730.9,20.35,0,0,1.5,0,1877,0,0,541.1,59.5060125,0.0818725,0,6.949095,-1.19,100,0,3744.6,60,-0.0256,0
2/2/20 19:34,269,268.958333333333,0,0,4730.9,20.35,0,0,1.5,0,1877,0,0,541.1,59.505,0.082308125,0,6.9498825,-1.19,100,0,3744.6,60,-0.0256,0
2/2/20 19:39,269.083333333333,269.041666666667,0,0,4730.9,20.35,0,0,1.5,0,1877,0,0,541.352875,59.505,0.082005625,0,6.948395,-1.19,100,0,3744.6,60,-0.0256,0
2/2/20 19:44,269.166666666667,269.125,0,0,4730.9,20.35,0,0,1.5,0,1877,0,0,541.53925,59.505,0.082541875,0,6.947905,-1.19,100,0,3744.6,60,-0.0256,0
2/2/20 19:49,269.25,269.208333333333,0,0,4730.9,20.35,0,0,1.5,0,1877,0,0,541.36075,59.505,0.08294125,0,6.9471175,-1.19,100,0,3744.6,60,-0.0256,0
2/2/20 19:54,269.333333333333,269.291666666667,0,0,4730.9,20.35,0,0,1.5,0,1877,0,0,541.53925,59.505,0.082739375,0,6.948605,-1.19,100,0,3744.6,60,-0.0256,0
2/2/20 19:59,269.416666666667,269.375,0,0,4730.9,20.35,0,0,1.5,0,1877,0,0,541.107875,59.52125625,0.08289375,0,6.9483725,-1.19,100,0,3744.6,60,-0.0256,0
2/2/20 20:04,269.5,269.458333333333,0,0,4730.9,20.35,0,0,1.5,0,1877,0,0,541.1,59.5332375,0.0806725,0,6.9486275,-1.19,100,0,3744.6,60,-0.0256,0
2/2/20 20:09,269.583333333333,269.541666666667,0,0,4730.9,20.35,0,0,1.5,0,1877,0,0,541.1,59.50550625,0.08073375,0,6.94801125,-1.19,100,0,3744.6,60,-0.0256,0
2/2/20 20:14,269.666666666667,269.625,0,0,4730.9,20.35,0,0,1.5,0,1877,0,0,541.1,59.505,0.0827,0,6.94908375,-1.19,100,0,3744.6,60,-0.0256,0
2/2/20 20:19,269.75,269.708333333333,0,0,4730.9,20.35,0,0,1.5,0,1877,0,0,541.1,59.505,0.083435625,0,6.95024375,-1.19,100,0,3744.6,60,-0.0256,0
2/2/20 20:24,269.833333333333,269.791666666667,0,0,4730.9,20.35,0,0,1.5,0,1877,0,0,541.1,59.505,0.08305875,0,6.9490225,-1.19,100,0,3744.6,60,-0.0256,0
2/2/20 20:29,269.916666666667,269.875,0,0,4730.9,20.35,0,0,1.5,0,1877,0,0,541.1,59.505,0.083260625,0,6.949,-1.19,100,0,3744.6,60,-0.0256,0
2/2/20 20:34,270,269.958333333333,0,0,4730.9,20.35,0,0,1.5,0,1877,0,0,541.1,59.505,0.082203125,0,6.9497225,-1.19,100,0,3744.6,60,-0.0256,0
2/2/20 20:39,270.083333333333,270.041666666667,0,0,4730.9,20.35,0,0,1.5,0,1877,0,0,541.1,59.505,0.082494375,0,6.94989375,-1.19,100,0,3744.6,60,-0.0256,0
2/2/20 20:44,270.166666666667,270.125,0,0,4730.9,20.35,0,0,1.5,0,1877,0,0,541.1,59.5375125,0.082319375,0,6.95092375,-1.19,100,0,3744.6,60,-0.0256,0
2/2/20 20:49,270.25,270.208333333333,0,0,4730.9,20.35,0,0,1.5,0,1877,0,0,541.1,59.561475,0.082366875,0,6.9522975,-1.19,100,0,3744.6,60,-0.0256,0
2/2/20 20:54,270.333333333333,270.291666666667,0,0,4730.9,20.35,0,0,1.5,0,1877,0,0,541.1,59.5060125,0.08226625,0,6.94719625,-1.19,100,0,3744.6,60,-0.0256,0
2/2/20 20:59,270.416666666667,270.375,0,0,4730.9,20.35,0,0,1.5,0,1877,0,0,541.1,59.505,0.081745,0,6.95005,-1.19,100,0,3744.6,60,-0.0256,0
2/2/20 21:04,270.5,270.458333333333,0,0,4730.9,20.35,0,0,1.5,0,1877,0,0,541.1,59.505,0.08261625,0,6.9537725,-1.19,100,0,3744.6,60,-0.0256,0
2/2/20 21:09,270.583333333333,270.541666666667,0,0,4730.9,20.35,0,0,1.5,0,1877,0,0,540.847125,59.52125625,0.082191875,0,6.94538375,-1.19,100,0,3744.6,60,-0.0256,0
2/2/20 21:14,270.666666666667,270.625,0,0,4730.9,20.35,0,0,1.5,0,1877,0,0,540.407875,59.5332375,0.08231375,0,6.93366875,-1.19,100,0,3744.6,60,-0.0256,0
2/2/20 21:19,270.75,270.708333333333,0,0,4730.9,20.35,0,0,1.5,0,1877,0,0,540.4,59.50550625,0.082005625,0,6.94701875,-1.19,100,0,3744.6,60,-0.0256,0
2/2/20 21:24,270.833333333333,270.791666666667,0,0,4730.9,20.35,0,0,1.5,0,1877,0,0,540.4,59.505,0.08236125,0,6.9474675,-1.19,100,0,3744.6,60,-0.0256,0
2/2/20 21:29,270.916666666667,270.875,0,0,4730.9,20.35,0,0,1.5,0,1877,0,0,540.4,59.505,0.0840725,0,6.95320625,-1.19,100,0,3744.6,60,-0.0256,0
2/2/20 21:34,271,270.958333333333,0,0,4730.9,20.35,0,0,1.5,0,1877,0,0,540.4,59.37495,0.0848825,0,6.96467875,-1.19,100,0,3744.6,60,-0.0256,0
2/2/20 21:39,271.083333333333,271.041666666667,0,0,4730.9,20.35,0,0,1.5,0,1877,0,0,540.4,59.2791,0.08231125,0,6.9697625,-1.19,100,0,3744.6,60,-0.0256,0
2/2/20 21:44,271.166666666667,271.125,0,0,4730.9,20.35,0,0,1.5,0,1877,0,0,540.147125,59.50095,0.080480625,0,6.96440875,-1.19,100,0,3744.6,60,-0.0256,0
2/2/20 21:49,271.25,271.208333333333,0,0,4730.9,20.35,0,0,1.5,0,1877,0,0,539.96075,59.505,0.08042,0,6.96628625,-1.19,100,0,3744.6,60,-0.0256,0
2/2/20 21:54,271.333333333333,271.291666666667,0,0,4730.9,20.35,0,0,1.5,0,1877,0,0,540.392125,59.4941625,0.081971875,0,6.9601125,-1.19,100,0,3744.6,60,-0.0256,0
2/2/20 21:59,271.416666666667,271.375,0,0,4730.9,20.35,0,0,1.5,0,1877,0,0,540.4,59.486175,0.082541875,0,6.9578325,-1.19,100,0,3744.6,60,-0.0256,0
2/2/20 22:04,271.5,271.458333333333,0,0,4730.9,20.35,0,0,1.5,0,1877,0,0,540.4,59.493825,0.083483125,0,6.95876375,-1.19,100,0,3744.6,60,-0.0256,0
2/2/20 22:09,271.583333333333,271.541666666667,0,0,4730.9,20.35,0,0,1.5,0,1877,0,0,540.4,59.486175,0.0835,0,6.96288,-1.19,100,0,3744.6,60,-0.0256,0
2/2/20 22:14,271.666666666667,271.625,0,0,4730.9,20.35,0,0,1.5,0,1877,0,0,540.4,59.4776587624585,0.0835,0,6.95432350083057,-1.19,100,0,3744.6,60,-0.0256,0
2/2/20 22:19,271.75,271.708333333333,0,0,4730.9,20.35,0,0,1.5,0,1877,0,0,540.4,59.4577604042082,8.37E-02,0,6.95535964916943,-1.19,100,0,3744.6,60,-0.0256,0
2/2/20 22:24,271.833333333333,271.791666666667,0,0,4730.9,20.35,0,0,1.5,0,1877,0,0,540.4,59.466484,8.38E-02,0,6.95855786666667,-1.19,100,0,3744.6,60,-0.0256,0
2/2/20 22:29,271.916666666667,271.875,0,0,4730.9,20.35,0,0,1.5,0,1877,0,0,540.4,59.4012343333333,8.19E-02,0,6.94934895555556,-1.19,100,0,3744.6,60,-0.0256,0
2/2/20 22:34,272,271.958333333333,0,0,4730.9,20.35,0,0,1.5,0,1877,0,0,540.4,59.4376343333333,8.03E-02,0,6.94605877777778,-1.19,100,0,3744.6,60,-0.0256,0
2/2/20 22:39,272.083333333333,272.041666666667,0,0,4730.9,20.35,0,0,1.5,0,1877,0,0,540.149104444444,59.428497,8.23E-02,0,6.94958422222222,-1.19,100,0,3744.6,60,-0.0256,0
2/2/20 22:44,272.166666666667,272.125,0,0,4730.9,20.35,0,0,1.5,0,1877,0,0,539.959124444444,59.3727373333333,8.25E-02,0,6.95409033333333,-1.19,100,0,3744.6,60,-0.0256,0
2/2/20 22:49,272.25,272.208333333333,0,0,4730.9,20.35,0,0,1.5,0,1877,0,0,540.391771111111,59.5025313333333,8.26E-02,0,6.94854982222222,-1.19,100,0,3744.6,60,-0.0256,0
2/2/20 22:54,272.333333333333,272.291666666667,0,0,4730.9,20.35,0,0,1.5,0,1877,0,0,540.149104444444,59.4673656666667,8.21E-02,0,6.94659124444444,-1.19,100,0,3744.6,60,-0.0256,0
2/2/20 22:59,272.416666666667,272.375,0,0,4730.9,20.35,0,0,1.5,0,1877,0,0,539.708228888889,59.4012343333333,8.40E-02,0,6.95270982222222,-1.19,100,0,3744.6,60,-0.0256,0
2/2/20 23:04,272.5,272.458333333333,0,0,4730.9,20.35,0,0,1.5,0,1877,0,0,539.950895555555,59.4376343333333,8.35E-02,0,6.95594122222222,-1.19,100,0,3744.6,60,-0.0256,0
2/2/20 23:09,272.583333333333,272.541666666667,0,0,4730.9,20.35,0,0,1.5,0,1877,0,0,540.140875555556,59.493013,8.23E-02,0,6.95420788888889,-1.19,100,0,3744.6,60,-0.0256,0
2/2/20 23:14,272.666666666667,272.625,0,0,4730.9,20.35,0,0,1.5,0,1877,0,0,539.959124444444,59.4646,8.20E-02,0,6.94998351111111,-1.19,100,0,3744.6,60,-0.0256,0
2/2/20 23:19,272.75,272.708333333333,0,0,4730.9,20.35,0,0,1.5,0,1877,0,0,540.391771111111,59.466858,8.25E-02,0,6.94839368888889,-1.19,100,0,3744.6,60,-0.0256,0
2/2/20 23:24,272.833333333333,272.791666666667,0,0,4730.9,20.35,0,0,1.53584222222222,0,1877,0,0,540.149104444444,59.4666603333333,8.37E-02,0,6.94898824444445,-1.19,100,0,3744.6,60,-0.0256,0
2/2/20 23:29,272.916666666667,272.875,0,0,4730.9,20.35,0,0,1.59882444444444,0,1877,0,0,539.708228888889,59.428116,8.33E-02,0,6.94864157777778,-1.19,100,0,3744.6,60,-0.0256,0
2/2/20 23:34,273,272.958333333333,0,0,4730.9,20.35,0,0,1.6,0,1877,0,0,539.7,59.4472366666667,8.20E-02,0,6.94801175555556,-1.19,100,0,3744.6,60,-2.79E-02,0
2/2/20 23:39,273.083333333333,273.041666666667,0,0,4730.9,20.35,0,0,1.6,0,1877,0,0,539.7,59.438516,0.082,0,6.94656631111111,-1.19,100,0,3744.6,60,-2.96E-02,0
2/2/20 23:44,273.166666666667,273.125,0,0,4730.9,20.35,0,0,1.6,0,1877,0,0,539.7,59.4822603333333,8.06E-02,0,6.94548071111111,-1.19,100,0,3744.6,60,-2.57E-02,0
2/2/20 23:49,273.25,273.208333333333,0,0,4730.9,20.35,0,0,1.6,0,1877,0,0,539.7,59.4295763333333,8.04E-02,0,6.94651928888889,-1.19,100,0,3744.6,60,-0.0256,0
2/2/20 23:54,273.333333333333,273.291666666667,0,0,4730.9,20.35,0,0,1.6,0,1877,0,0,539.7,59.400529,8.37E-02,0,6.95049862222222,-1.19,100,0,3744.6,60,-0.0256,0
2/2/20 23:59,273.416666666667,273.375,0,0,4730.9,20.35,0,0,1.6,0,1877,0,0,539.7,59.4,8.20E-02,0,6.95497837777778,-1.19,100,0,3744.6,60,-0.0256,0
2/3/20 0:04,273.5,273.458333333333,0,0,4730.9,20.35,0,0,1.6,0,1877,0,0,539.7,59.4,8.25E-02,0,6.94644915555556,-1.19,100,0,3744.6,60.016129,-2.79E-02,0
2/3/20 0:09,273.583333333333,273.541666666667,0,0,4730.9,20.35,0,0,1.6,0,1877,0,0,539.449104444444,59.4,8.39E-02,0,6.95046051111111,-1.19,100,0,3744.6,60.028342,-3.19E-02,0
2/3/20 0:14,273.666666666667,273.625,0,0,4730.9,20.35,0,0,1.6,0,1877,0,0,539.259124444444,59.4,8.17E-02,0,6.95521546666667,-1.19,100,0,3744.6,60.000529,-2.97E-02,0
2/3/20 0:19,273.75,273.708333333333,0,0,4730.9,20.35,0,0,1.6,0,1877,0,0,539.440875555556,59.4,8.15E-02,0,6.96561435555556,-1.19,100,0,3744.6,60,-2.80E-02,0
2/3/20 0:24,273.833333333333,273.791666666667,0,0,4730.9,20.35,0,0,1.6,0,1877,0,0,539.259124444444,59.4,0.08302,0,6.96207053333333,-1.19,100,0,3744.6,60,-3.19E-02,0
2/3/20 0:29,273.916666666667,273.875,0,0,4730.9,20.35,0,0,1.6,0,1877,0,0,539.691771111111,59.4,8.33E-02,0,6.96092473333333,-1.19,100,0,3744.6,60,-0.032,0
2/3/20 0:34,274,273.958333333333,0,0,4730.9,20.35,0,0,1.6,0,1877,0,0,539.7,59.3623656666667,8.26E-02,0,6.95831842222222,-1.19,100,0,3744.6,60,-0.032,0
2/3/20 0:39,274.083333333333,274.041666666667,0,0,4730.9,20.35,0,0,1.6,0,1877,0,0,539.7,59.3338686666667,8.38E-02,0,6.95594824444444,-1.19,100,0,3744.6,60,-0.032,0
2/3/20 0:44,274.166666666667,274.125,0,0,4730.9,20.35,0,0,1.6,0,1877,0,0,539.449104444444,59.3987656666667,8.36E-02,0,6.95511053333333,-1.19,100,0,3744.6,60,-0.032,0
2/3/20 0:49,274.25,274.208333333333,0,0,4730.9,20.35,0,0,1.6,0,1877,0,0,539.008228888889,59.4376343333333,8.31E-02,0,6.95660631111111,-1.19,100,0,3744.6,60,-0.032,0
2/3/20 0:54,274.333333333333,274.291666666667,0,0,4730.9,20.35,0,0,1.6,0,1877,0,0,539,59.4661313333333,8.39E-02,0,6.95457806666667,-1.19,100,0,3744.6,60,-0.032,0
2/3/20 0:59,274.416666666667,274.375,0,0,4730.9,20.35,0,0,1.6,0,1877,0,0,539,59.4012343333333,8.20E-02,0,6.95097175555556,-1.19,100,0,3744.6,60,-0.032,0
2/3/20 1:04,274.5,274.458333333333,0,0,4730.9,20.35,0,0,1.6,0,1877,0,0,539,59.4,8.29E-02,0,6.94724315555556,-1.19,100,0,3744.6,60,-0.032,0
2/3/20 1:09,274.583333333333,274.541666666667,0,0,4730.9,20.35,0,0,1.6,0,1877,0,0,539,59.4,8.41E-02,0,6.94692615555556,-1.19,100,0,3744.6,60,-0.032,0
2/3/20 1:14,274.666666666667,274.625,0,0,4730.9,20.35,0,0,1.6,0,1877,0,0,539,59.4,8.44E-02,0,6.95083068888889,-1.19,100,0,3744.6,60,-0.032,0
2/3/20 1:19,274.75,274.708333333333,0,0,4730.9,20.35,0,0,1.6,0,1877,0,0,539,59.4,8.45E-02,0,6.94903526666667,-1.19,100,0,3744.6,60,-0.032,0
2/3/20 1:24,274.833333333333,274.791666666667,0,0,4730.9,20.35,0,0,1.6,0,1877,0,0,539.250895555555,59.4,8.20E-02,0,6.94792473333333,-1.19,100,0,3744.6,60,-0.032,0
2/3/20 1:29,274.916666666667,274.875,0,0,4730.9,20.35,0,0,1.6,0,1877,0,0,539.691771111111,59.4,8.18E-02,0,6.94782737777778,-1.19,100,0,3744.6,60,-0.032,0
2/3/20 1:34,275,274.958333333333,0,0,4730.9,20.35,0,0,1.6,0,1877,0,0,539.7,59.4,8.22E-02,0,6.95022437777778,-1.19,100,0,3744.6,60,-0.032,0
2/3/20 1:39,275.083333333333,275.041666666667,0,0,4730.9,20.35,0,0,1.6,0,1877,0,0,539.7,59.4,8.35E-02,0,6.94902351111111,-1.19,100,0,3744.6,60,-0.032,0
2/3/20 1:44,275.166666666667,275.125,0,0,4730.9,20.35,0,0,1.6,0,1877,0,0,539.7,59.4,8.39E-02,0,6.94864157777778,-1.19,100,0,3744.6,60,-0.032,0
2/3/20 1:49,275.25,275.208333333333,0,0,4730.9,20.35,0,0,1.6,0,1877,0,0,539.7,59.4,8.47E-02,0,6.94658282975268,-1.19,100,0,3744.6,60,-0.032,0
2/3/20 1:54,275.333333333333,275.291666666667,0,0,4730.9,20.35,0,0,1.6,0,1877,0,0,539.451076111111,59.4,8.39E-02,0,6.94582695358066,-1.19,100,0,3744.6,60,-0.032,0
2/3/20 1:59,275.416666666667,275.375,0,0,4730.9,20.35,0,0,1.6,0,1877,0,0,539.257514444445,59.4,8.29E-02,0,6.94858303333333,-1.19,100,0,3744.6,60,-0.032,0
2/3/20 2:04,275.5,275.458333333333,0,0,4730.9,20.35,0,0,1.6,0,1877,0,0,539.442485555556,59.4,8.45E-02,0,6.94801227222222,-1.19,100,0,3744.6,60,-0.032,0
2/3/20 2:09,275.583333333333,275.541666666667,0,0,4730.9,20.35,0,0,1.6,0,1877,0,0,539.008590555556,59.4,8.33E-02,0,6.94764439444444,-1.19,100,0,3744.6,60,-0.032,0
2/3/20 2:14,275.666666666667,275.625,0,0,4730.9,20.35,0,0,1.6,0,1877,0,0,539,59.4,0.08086515,0,6.94807908888889,-1.19,100,0,3744.6,60,-0.032,0
2/3/20 2:19,275.75,275.708333333333,0,0,4730.9,20.35,0,0,1.6,0,1877,0,0,539,59.4,8.03E-02,0,6.95067439444445,-1.19,100,0,3744.6,60,-0.032,0
2/3/20 2:24,275.833333333333,275.791666666667,0,0,4730.9,20.35,0,0,1.6,0,1877,0,0,539,59.4,8.14E-02,0,6.94913061111111,-1.19,100,0,3744.6,60,-0.032,0
2/3/20 2:29,275.916666666667,275.875,0,0,4730.9,20.35,0,0,1.6,0,1877,0,0,539,59.4,0.0832397,0,6.94623181111111,-1.19,100,0,3744.6,60,-0.032,0
2/3/20 2:34,276,275.958333333333,0,0,4730.9,20.35,0,0,1.6,0,1877,0,0,538.751076111111,59.4,8.27E-02,0,6.94957076111111,-1.19,100,0,3744.6,60,-0.032,0
2/3/20 2:39,276.083333333333,276.041666666667,0,0,4730.9,20.35,0,0,1.6,0,1877,0,0,538.557514444444,59.4,8.31E-02,0,6.94972348333333,-1.19,100,0,3744.6,60,-0.032,0
2/3/20 2:44,276.166666666667,276.125,0,0,4730.9,20.35,0,0,1.6,0,1877,0,0,538.991409444444,59.4,0.0827753,0,6.94848621666667,-1.19,100,0,3744.6,60,-0.032,0
2/3/20 2:49,276.25,276.208333333333,0,0,4730.9,20.35,0,0,1.6,0,1877,0,0,539,59.4,8.41E-02,0,6.94550832777778,-1.19,100,0,3744.6,60,-0.032,0
2/3/20 2:54,276.333333333333,276.291666666667,0,0,4730.9,20.35,0,0,1.6,0,1877,0,0,539,59.4266704166667,8.27E-02,0,6.9472397,-1.19,100,0,3744.6,60,-0.032,0
2/3/20 2:59,276.416666666667,276.375,0,0,4730.9,20.35,0,0,1.6,0,1877,0,0,539,59.4474091666667,8.33E-02,0,6.94815817777778,-1.19,100,0,3744.6,60.0373385833333,-0.032,0
2/3/20 3:04,276.5,276.458333333333,0,0,4730.9,20.35,0,0,1.6,0,1877,0,0,539,59.3849181666667,0.083809925,0,6.95085955,-1.19,100,0,3744.6,60.0663728333333,-0.032,0
2/3/20 3:09,276.583333333333,276.541666666667,0,0,4730.9,20.35,0,0,1.6,0,1877,0,0,539,59.3715545,8.32E-02,0,6.94903681666667,-1.19,100,0,3744.6,60.0012885833333,-0.032,0
2/3/20 3:14,276.666666666667,276.625,0,0,4730.9,20.35,0,0,1.6,0,1877,0,0,539,59.3621091666667,8.36E-02,0,6.949,-1.19,100,0,3744.6,60,-0.032,0
2/3/20 3:19,276.75,276.708333333333,0,0,4730.9,20.35,0,0,1.6,0,1877,0,0,538.751076111111,59.3336271666667,8.46E-02,0,6.94971121111111,-1.19,100,0,3744.6,60,-0.032,0
2/3/20 3:24,276.833333333333,276.791666666667,0,0,4730.9,20.35,0,0,1.6,0,1877,0,0,538.557514444444,59.3613728333333,8.20E-02,0,6.95026424444444,-1.19,100,0,3744.6,60,-0.032,0
2/3/20 3:29,276.916666666667,276.875,0,0,4730.9,20.35,0,0,1.6,0,1877,0,0,538.742485555556,59.2962885833333,8.07E-02,0,6.94866893888889,-1.19,100,0,3744.6,60,-0.032,0
2/3/20 3:34,277,276.958333333333,0,0,4730.9,20.35,0,0,1.6,0,1877,0,0,538.557514444444,59.3323385833333,8.30E-02,0,6.94801227222222,-1.19,100,0,3744.6,60,-0.032,0
2/3/20 3:39,277.083333333333,277.041666666667,0,0,4730.9,20.35,0,0,1.6,0,1877,0,0,538.742485555556,59.3613728333333,8.30E-02,0,6.94942242222222,-1.19,100,0,3744.6,60,-0.032,0
2/3/20 3:44,277.166666666667,277.125,0,0,4730.9,20.35,0,0,1.6,0,1877,0,0,538.308590555556,59.3336271666667,8.08E-02,0,6.95266212222222,-1.19,100,0,3744.6,60,-0.032,0
2/3/20 3:49,277.25,277.208333333333,0,0,4730.9,20.35,0,0,1.6,0,1877,0,0,538.548923888889,59.3987114166667,8.26E-02,0,6.95255303333333,-1.19,100,0,3744.6,60,-0.032,0
2/3/20 3:54,277.333333333333,277.291666666667,0,0,4730.9,20.35,0,0,1.6,0,1877,0,0,538.742485555556,59.4,8.33E-02,0,6.95040469444444,-1.19,100,0,3744.6,60,-0.032,0
2/3/20 3:59,277.416666666667,277.375,0,0,4730.9,20.35,0,0,1.6,0,1877,0,0,538.308590555556,59.4,8.42E-02,0,6.95098772777778,-1.19,100,0,3744.6,60,-0.032,0
2/3/20 4:04,277.5,277.458333333333,0,0,4730.9,20.35,0,0,1.6,0,1877,0,0,538.548923888889,59.3626614166667,8.28E-02,0,6.95028878888889,-1.19,100,0,3744.6,60,-0.032,0
2/3/20 4:09,277.583333333333,277.541666666667,0,0,4730.9,20.35,0,0,1.6,0,1877,0,0,538.991409444444,59.3336271666667,8.34E-02,0,6.94866893888889,-1.19,100,0,3744.6,60,-0.032,0
2/3/20 4:14,277.666666666667,277.625,0,0,4730.9,20.35,0,0,1.6,0,1877,0,0,539,59.3987114166667,8.16E-02,0,6.94730106111111,-1.19,100,0,3744.6,60,-0.032,0
2/3/20 4:19,277.75,277.708333333333,0,0,4730.9,20.35,0,0,1.6,0,1877,0,0,538.751076111111,59.54402025,0.0812753,0,6.94709136111111,-1.19,100,0,3744.6,60,-0.032,0
2/3/20 4:24,277.833333333333,277.791666666667,0,0,4730.9,20.35,0,0,1.6,0,1877,0,0,538.308590555556,59.6560095,8.31E-02,0,6.94789636666667,-1.19,100,0,3744.6,60,-0.032,0
2/3/20 4:29,277.916666666667,277.875,0,0,4730.9,20.35,0,0,1.6,0,1877,0,0,538.3,59.40497025,8.29E-02,0,6.94674802777778,-1.19,100,0,3744.6,60,-0.032,0
2/3/20 4:34,278,277.958333333333,0,0,4730.9,20.35,0,0,1.6,0,1877,0,0,538.548923888889,59.4,8.24E-02,0,6.94619742777778,-1.19,100,0,3744.6,60,-0.032,0
2/3/20 4:39,278.083333333333,278.041666666667,0,0,4730.9,20.35,0,0,1.6,0,1877,0,0,538.991409444444,59.4,8.07E-02,0,6.94519499444444,-1.19,100,0,3744.6,60,-0.032,0
2/3/20 4:44,278.166666666667,278.125,0,0,4730.9,20.35,0,0,1.6,0,1877,0,0,539,59.4,8.13E-02,0,6.94857076111111,-1.19,100,0,3744.6,60,-0.032,0
2/3/20 4:49,278.25,278.208333333333,0,0,4730.9,20.35,0,0,1.6,0,1877,0,0,538.751076111111,59.4,8.27E-02,0,6.94232258333333,-1.19,100,0,3744.6,60,-0.032,0
2/3/20 4:54,278.333333333333,278.291666666667,0,0,4730.9,20.35,0,0,1.6,0,1877,0,0,538.059666666667,59.4,8.33E-02,0,6.94215331111111,-1.19,100,0,3744.6,60,-0.032,0
2/3/20 4:59,278.416666666667,278.375,0,0,4730.9,20.35,0,0,1.6,0,1877,0,0,537.857514444445,59.4,8.27E-02,0,6.9610788,-1.19,100,0,3744.6,60,-0.032,0
2/3/20 5:04,278.5,278.458333333333,0,0,4730.9,20.35,0,0,1.6,0,1877,0,0,538.291409444445,59.3626614166667,8.38E-02,0,6.95897243333333,-1.19,100,0,3744.6,60,-0.032,0
2/3/20 5:09,278.583333333333,278.541666666667,0,0,4730.9,20.35,0,0,1.6,0,1877,0,0,538.051076111111,59.3336271666667,8.35E-02,0,6.95123862777778,-1.19,100,0,3744.6,60,-0.032,0
2/3/20 5:14,278.666666666667,278.625,0,0,4730.9,20.35,0,0,1.6,0,1877,0,0,537.857514444445,59.3987114166667,8.23E-02,0,6.95154076111111,-1.19,100,0,3744.6,60,-0.032,0
2/3/20 5:19,278.75,278.708333333333,0,0,4730.9,20.35,0,0,1.6,0,1877,0,0,538.291409444445,59.4,8.22E-02,0,6.95367196111111,-1.19,100,0,3744.6,60,-0.032,0
2/3/20 5:24,278.833333333333,278.791666666667,0,0,4730.9,20.35,0,0,1.6,0,1877,0,0,538.3,59.4,0.08485955,0,6.95828440555556,-1.19,100,0,3744.6,60,-0.032,0
2/3/20 5:29,278.916666666667,278.875,0,0,4730.9,20.35,0,0,1.6,0,1877,0,0,538.3,59.4,8.16E-02,0,6.95176711666667,-1.19,100,0,3744.6,60,-0.032,0
2/3/20 5:34,279,278.958333333333,0,0,4730.9,20.35,0,0,1.6,0,1877,0,0,538.3,59.4,8.05E-02,0,6.95599075,-1.19,100,0,3744.6,60,-0.032,0
2/3/20 5:39,279.083333333333,279.041666666667,0,0,4730.9,20.35,0,0,1.6,0,1877,0,0,538.3,59.41600225,8.30E-02,0,6.96020531666667,-1.19,100,0,3744.6,60,-0.032,0
2/3/20 5:44,279.166666666667,279.125,0,0,4730.9,20.35,0,0,1.6,0,1877,0,0,538.3,59.4284455,0.083,0,6.95073711666667,-1.19,100,0,3744.6,60,-0.032,0
2/3/20 5:49,279.25,279.208333333333,0,0,4730.9,20.35,0,0,1.6,0,1877,0,0,538.3,59.40055225,8.34E-02,0,6.94840469444445,-1.19,100,0,3744.6,60,-0.032,0
2/3/20 5:54,279.333333333333,279.291666666667,0,0,4730.9,20.35,0,0,1.6,0,1877,0,0,538.051076111111,59.4,8.40E-02,0,6.94685409444444,-1.19,100,0,3744.6,60,-0.032,0
2/3/20 5:59,279.416666666667,279.375,0,0,4730.9,20.35,0,0,1.6,0,1877,0,0,537.857514444445,59.4,0.082399775,0,6.94591847777778,-1.19,100,0,3744.6,60,-0.032,0
2/3/20 6:04,279.5,279.458333333333,0,0,4730.9,20.35,0,0,1.6,0,1877,0,0,538.042485555556,59.38399775,8.06E-02,0,6.94983500555556,-1.19,100,0,3744.6,60,-0.032,0
2/3/20 6:09,279.583333333333,279.541666666667,0,0,4730.9,20.35,0,0,1.6,0,1877,0,0,537.608590555556,59.3715545,8.26E-02,0,6.94554757777778,-1.19,100,0,3744.6,60,-0.032,0
2/3/20 6:14,279.666666666667,279.625,0,0,4730.9,20.35,0,0,1.6,0,1877,0,0,537.6,59.39944775,8.32E-02,0,6.94357514444445,-1.19,100,0,3744.6,60,-0.032,0
2/3/20 6:19,279.75,279.708333333333,0,0,4730.9,20.35,0,0,1.6,0,1877,0,0,537.6,59.4,8.24E-02,0,6.94506925,-1.19,100,0,3744.6,60,-0.032,0
2/3/20 6:24,279.833333333333,279.791666666667,0,0,4730.9,20.35,0,0,1.6,0,1877,0,0,537.848923888889,59.38399775,0.081070225,0,6.94009817777778,-1.19,100,0,3744.6,60,-0.032,0
2/3/20 6:29,279.916666666667,279.875,0,0,4730.9,20.35,0,0,1.6,0,1877,0,0,538.042485555556,59.3342159166667,8.13E-02,0,6.93928878888889,-1.19,100,0,3744.6,60,-0.032,0
2/3/20 6:34,280,279.958333333333,0,0,4730.9,20.35,0,0,1.6,0,1877,0,0,537.857514444445,59.2957363333333,8.07E-02,0,6.93802454444444,-1.19,100,0,3744.6,60,-0.032,0
2/3/20 6:39,280.083333333333,280.041666666667,0,0,4730.9,20.35,0,0,1.6,0,1877,0,0,538.291409444445,59.3323385833333,0.08161985,0,6.94368968888889,-1.19,100,0,3744.6,60,-0.032,0
2/3/20 6:44,280.166666666667,280.125,0,0,4730.9,20.35,0,0,1.6,0,1877,0,0,538.051076111111,59.3987114166667,8.21E-02,0,6.95273682777778,-1.19,100,0,3744.6,60,-0.032,0
2/3/20 6:49,280.25,280.208333333333,0,0,4730.9,20.35,0,0,1.6,0,1877,0,0,537.608590555556,59.4,8.33E-02,0,6.95032560555556,-1.19,100,0,3744.6,60,-0.032,0
2/3/20 6:54,280.333333333333,280.291666666667,0,0,4730.9,20.35,0,0,1.6,0,1877,0,0,537.6,59.5066816666667,8.34E-02,0,6.9461797,-1.19,100,0,3744.6,60,-0.032,0
2/3/20 6:59,280.416666666667,280.375,0,0,4730.9,20.35,0,0,1.6,0,1877,0,0,537.6,59.5896366666667,8.40E-02,0,6.94500983888889,-1.19,100,0,3744.6,60,-0.032,0
2/3/20 7:04,280.5,280.458333333333,0,0,4730.9,20.35,0,0,1.6,0,1877,0,0,537.6,59.44102025,8.11E-02,0,6.95115379444444,-1.19,100,0,3744.6,60,-0.032,0
2/3/20 7:09,280.583333333333,280.541666666667,0,0,4730.9,20.35,0,0,1.6,0,1877,0,0,537.6,59.5037114166667,8.18E-02,0,6.95215817777778,-1.19,100,0,3744.6,60,-0.032,0
2/3/20 7:14,280.666666666667,280.625,0,0,4730.9,20.35,0,0,1.6,0,1877,0,0,537.6,59.505,8.20E-02,0,6.95379273333333,-1.19,100,0,3744.6,60,-3.43E-02,0
2/3/20 7:19,280.75,280.708333333333,0,0,4730.9,20.35,0,0,1.6,0,1877,0,0,537.6,59.4676614166667,8.32E-02,0,6.95149605555556,-1.19,100,0,3744.6,60,-3.83E-02,0
2/3/20 7:24,280.833333333333,280.791666666667,0,0,4730.9,20.35,0,0,1.6,0,1877,0,0,537.6,59.4012885833333,8.31E-02,0,6.95075046111111,-1.19,100,0,3744.6,60,-3.61E-02,0
2/3/20 7:29,280.916666666667,280.875,0,0,4730.9,20.35,0,0,1.6,0,1877,0,0,537.6,59.4106681666667,8.23E-02,0,6.95435619444444,-1.19,100,0,3744.6,60,-3.44E-02,0
2/3/20 7:34,281,280.958333333333,0,0,4730.9,20.35,0,0,1.6,0,1877,0,0,537.6,59.4189636666667,8.25E-02,0,6.9692585,-1.19,100,0,3744.6,60,-3.83E-02,0
2/3/20 7:39,281.083333333333,281.041666666667,0,0,4730.9,20.35,0,0,1.6,0,1877,0,0,537.6,59.3630295833333,8.33E-02,0,6.96704908888889,-1.19,100,0,3744.6,60,-3.61E-02,0
2/3/20 7:44,281.166666666667,281.125,0,0,4730.9,20.35,0,0,1.6,0,1877,0,0,537.6,59.3336271666667,8.32E-02,0,6.96273273333333,-1.19,100,0,3744.6,60,-3.44E-02,0
2/3/20 7:49,281.25,281.208333333333,0,0,4730.9,20.35,0,0,1.6,0,1877,0,0,537.6,59.3987114166667,8.33E-02,0,6.95905892777778,-1.19,100,0,3744.6,60,-3.83E-02,0
2/3/20 7:54,281.333333333333,281.291666666667,0,0,4730.9,20.35,0,0,1.6,0,1877,0,0,537.6,59.4,8.34E-02,0,6.96444258333333,-1.19,100,0,3744.6,60,-0.0384,0
2/3/20 7:59,281.416666666667,281.375,0,0,4730.9,20.35,0,0,1.6,0,1877,0,0,537.6,59.4373385833333,8.29E-02,0,6.96133787777778,-1.19,100,0,3744.6,60,-0.0384,0
2/3/20 8:04,281.5,281.458333333333,0,0,4730.9,20.35,0,0,1.6,0,1877,0,0,537.6,59.4663728333333,0.081570225,0,6.95860212222222,-1.19,100,0,3744.6,60,-0.0384,0
2/3/20 8:09,281.583333333333,281.541666666667,0,0,4730.9,20.35,0,0,1.6,0,1877,0,0,537.6,59.4012885833333,8.18E-02,0,6.95533787777778,-1.19,100,0,3744.6,60,-0.0384,0
2/3/20 8:14,281.666666666667,281.625,0,0,4730.9,20.35,0,0,1.6,0,1877,0,0,537.6,59.4373385833333,8.05E-02,0,6.95402454444444,-1.19,100,0,3744.6,60,-0.0384,0
2/3/20 8:19,281.75,281.708333333333,0,0,4730.9,20.35,0,0,1.6,0,1877,0,0,537.6,59.4663728333333,8.12E-02,0,6.954,-1.19,100,0,3744.6,60,-0.0384,0
2/3/20 8:24,281.833333333333,281.791666666667,0,0,4730.9,20.35,0,0,1.6,0,1877,0,0,537.351076111111,59.4012885833333,8.34E-02,0,6.95471121111111,-1.19,100,0,3744.6,60,-0.0384,0
2/3/20 8:29,281.916666666667,281.875,0,0,4730.9,20.35,0,0,1.6,0,1877,0,0,536.908590555556,59.4,8.32E-02,0,6.95490863888889,-1.19,100,0,3744.6,60,-0.0384,0
2/3/20 8:34,282,281.958333333333,0,0,4730.9,20.35,0,0,1.6,0,1877,0,0,536.9,59.4,8.13E-02,0,6.95303681666667,-1.19,100,0,3744.6,60,-0.0384,0
2/3/20 8:39,282.083333333333,282.041666666667,0,0,4730.9,20.35,0,0,1.6,0,1877,0,0,536.9,59.3626614166667,8.19E-02,0,6.95264439444444,-1.19,100,0,3744.6,60,-0.0384,0
2/3/20 8:44,282.166666666667,282.125,0,0,4730.9,20.35,0,0,1.6,0,1877,0,0,536.9,59.3336271666667,7.98E-02,0,6.95201227222222,-1.19,100,0,3744.6,60,-0.0384,0
2/3/20 8:49,282.25,282.208333333333,0,0,4730.9,20.35,0,0,1.6,0,1877,0,0,536.651076111111,59.3987114166667,8.26E-02,0,6.95271121111111,-1.19,100,0,3744.6,60,-0.0384,0
2/3/20 8:54,282.333333333333,282.291666666667,0,0,4730.9,20.35,0,0,1.6,0,1877,0,0,536.457514444444,59.4,8.28E-02,0,6.95397545555556,-1.19,100,0,3744.6,60,-0.0384,0
2/3/20 8:59,282.416666666667,282.375,0,0,4730.9,20.35,0,0,1.6,0,1877,0,0,536.642485555555,59.4,8.06E-02,0,6.95186636666667,-1.19,100,0,3744.6,60,-0.0384,0
2/3/20 9:04,282.5,282.458333333333,0,0,4730.9,20.35,0,0,1.6,0,1877,0,0,536.457514444444,59.38399775,8.46E-02,0,6.94736242222222,-1.19,100,0,3744.6,60,-0.0384,0
2/3/20 9:09,282.583333333333,282.541666666667,0,0,4730.9,20.35,0,0,1.6,0,1877,0,0,536.891409444444,59.3715545,8.38E-02,0,6.94780257222222,-1.19,100,0,3744.6,60,-0.0384,0
2/3/20 9:14,282.666666666667,282.625,0,0,4730.9,20.35,0,0,1.6,0,1877,0,0,536.651076111111,59.3887795833333,0.082794925,0,6.95129424444445,-1.19,100,0,3744.6,60,-0.0384,0
2/3/20 9:19,282.75,282.708333333333,0,0,4730.9,20.35,0,0,1.6,0,1877,0,0,536.208590555555,59.3810363333333,8.28E-02,0,6.95092091111111,-1.19,100,0,3744.6,60,-0.0384,0
2/3/20 9:24,282.833333333333,282.791666666667,0,0,4730.9,20.35,0,0,1.6,0,1877,0,0,536.2,59.3996318333333,8.48E-02,0,6.94725878888889,-1.19,100,0,3744.6,60,-0.0384,0
2/3/20 9:29,282.916666666667,282.875,0,0,4730.9,20.35,0,0,1.6,0,1877,0,0,536.2,59.4,8.42E-02,0,6.94690620555555,-1.19,100,0,3744.6,60,-0.0384,0
2/3/20 9:34,283,282.958333333333,0,0,4730.9,20.35,0,0,1.6,0,1877,0,0,535.951076111111,59.4,8.12E-02,0,6.95083500555556,-1.19,100,0,3744.6,60,-0.0384,0
2/3/20 9:39,283.083333333333,283.041666666667,0,0,4730.9,20.35,0,0,1.6,0,1877,0,0,535.508590555556,59.4,7.80E-02,0,6.94654757777778,-1.19,100,0,3744.6,60,-0.0384,0
2/3/20 9:44,283.166666666667,283.125,0,0,4730.9,20.35,0,0,1.6,0,1877,0,0,535.748923888889,59.3626614166667,8.04E-02,0,6.94208590555556,-1.19,100,0,3744.6,60,-0.0384,0
2/3/20 9:49,283.25,283.208333333333,0,0,4730.9,20.35,0,0,1.6,0,1877,0,0,536.191409444444,59.2962885833333,8.29E-02,0,6.94733408333333,-1.19,100,0,3744.6,60,-0.0384,0
2/3/20 9:54,283.333333333333,283.291666666667,0,0,4730.9,20.35,0,0,1.6,0,1877,0,0,536.2,59.3323385833333,8.30E-02,0,6.95503788888889,-1.19,100,0,3744.6,60,-0.0384,0
2/3/20 9:59,283.416666666667,283.375,0,0,4730.9,20.35,0,0,1.6,0,1877,0,0,535.951076111111,59.3987114166667,0.0812603,0,6.95099454444444,-1.19,100,0,3744.6,60,-0.0384,0
2/3/20 10:04,283.5,283.458333333333,0,0,4730.9,20.35,0,0,1.6,0,1877,0,0,535.757514444445,59.4,8.23E-02,0,6.95010363333333,-1.19,100,0,3744.6,60,-0.0384,0
2/3/20 10:09,283.583333333333,283.541666666667,0,0,4730.9,20.35,0,0,1.6,0,1877,0,0,536.191409444444,59.3626614166667,8.17E-02,0,6.95089636666667,-1.19,100,0,3744.6,60,-0.0384,0
2/3/20 10:14,283.666666666667,283.625,0,0,4730.9,20.35,0,0,1.6,0,1877,0,0,536.2,59.3336271666667,8.15E-02,0,6.94939242222222,-1.19,100,0,3744.6,60,-0.0384,0
2/3/20 10:19,283.75,283.708333333333,0,0,4730.9,20.35,0,0,1.6,0,1877,0,0,536.2,59.3613728333333,8.12E-02,0,6.95212136111111,-1.19,100,0,3744.6,60,-0.0384,0
2/3/20 10:24,283.833333333333,283.791666666667,0,0,4730.9,20.35,0,0,1.6,0,1877,0,0,536.2,59.2962885833333,8.01E-02,0,6.95201470555556,-1.19,100,0,3744.6,60,-0.0384,0
2/3/20 10:29,283.916666666667,283.875,0,0,4730.9,20.35,0,0,1.6,0,1877,0,0,536.2,59.295,8.21E-02,0,6.94620181111111,-1.19,100,0,3744.6,60,-0.0384,0
2/3/20 10:34,284,283.958333333333,0,0,4730.9,20.35,0,0,1.6,0,1877,0,0,535.951076111111,59.3323385833333,8.18E-02,0,6.95365287222222,-1.19,100,0,3744.6,60,-0.0384,0
2/3/20 10:39,284.083333333333,284.041666666667,0,0,4730.9,20.35,0,0,1.6,0,1877,0,0,535.757514444445,59.3613728333333,8.18E-02,0,6.96309243333333,-1.19,100,0,3744.6,60,-0.0384,0
2/3/20 10:44,284.166666666667,284.125,0,0,4730.9,20.35,0,0,1.6,0,1877,0,0,536.191409444444,59.30695675,8.43E-02,0,6.96095772777778,-1.19,100,0,3744.6,60,-0.0384,0
2/3/20 10:49,284.25,284.208333333333,0,0,4730.9,20.35,0,0,1.6,0,1877,0,0,535.951076111111,59.3406340833333,8.30E-02,0,6.95832560555556,-1.19,100,0,3744.6,60,-0.0384,0
2/3/20 10:54,284.333333333333,284.291666666667,0,0,4730.9,20.35,0,0,1.6,0,1877,0,0,535.757514444445,59.3427773333333,8.06E-02,0,6.95666893888889,-1.19,100,0,3744.6,60,-0.0384,0
2/3/20 10:59,284.416666666667,284.375,0,0,4730.9,20.35,0,0,1.6,0,1877,0,0,535.942485555556,59.333259,8.37E-02,0,6.95636787777778,-1.19,100,0,3744.6,60,-0.0384,0
2/3/20 11:04,284.5,284.458333333333,0,0,4730.9,20.35,0,0,1.6,0,1877,0,0,535.757514444445,59.3613728333333,8.51E-02,0,6.95592091111111,-1.19,100,0,3744.6,60,-0.0384,0
2/3/20 11:09,284.583333333333,284.541666666667,0,0,4730.9,20.35,0,0,1.6,0,1877,0,0,536.191409444444,59.3336271666667,8.41E-02,0,6.95403681666667,-1.19,100,0,3744.6,60,-0.0384,0
2/3/20 11:14,284.666666666667,284.625,0,0,4730.9,20.35,0,0,1.6,0,1877,0,0,535.951076111111,59.3613728333333,8.41E-02,0,6.95293318333333,-1.19,100,0,3744.6,60,-0.0384,0
2/3/20 11:19,284.75,284.708333333333,0,0,4730.9,20.35,0,0,1.6,0,1877,0,0,535.757514444445,59.2962885833333,8.29E-02,0,6.95032560555556,-1.19,100,0,3744.6,60,-0.0384,0
2/3/20 11:24,284.833333333333,284.791666666667,0,0,4730.9,20.35,0,0,1.6,0,1877,0,0,536.191409444444,59.3323385833333,0.083309925,0,6.94902454444444,-1.19,100,0,3744.6,60,-0.0384,0
2/3/20 11:29,284.916666666667,284.875,0,0,4730.9,20.35,0,0,1.6,0,1877,0,0,536.2,59.3987114166667,8.35E-02,0,6.949,-1.19,100,0,3744.6,60,-0.0384,0
2/3/20 11:34,285,284.958333333333,0,0,4730.9,20.35,0,0,1.6,0,1877,0,0,536.2,59.3893672757475,8.39E-02,0,6.94864557585825,-1.19,100,0,3744.6,60,-0.0384,0
2/3/20 11:39,285.083333333333,285.041666666667,0,0,4730.9,20.35,0,0,1.6,0,1877,0,0,536.2,59.4180107242525,8.23E-02,0,6.94836555747508,-1.19,100,0,3744.6,60,-0.0384,0
2/3/20 11:44,285.166666666667,285.125,0,0,4730.9,20.35,0,0,1.6,0,1877,0,0,536.2,59.466228,0.0819076,0,6.9486344,-1.19,100,0,3744.6,60,-0.0384,0
2/3/20 11:49,285.25,285.208333333333,0,0,4730.9,20.35,0,0,1.6,0,1877,0,0,536.2,59.401344,0.0836444,0,6.9487184,-1.19,100,0,3744.6,60,-0.0384,0
2/3/20 11:54,285.333333333333,285.291666666667,0,0,4730.9,20.35,0,0,1.6,0,1877,0,0,535.95304,59.4,0.0834644,0,6.9492688,-1.19,100,0,3744.6,60,-0.0384,0
2/3/20 11:59,285.416666666667,285.375,0,0,4730.9,20.35,0,0,1.6,0,1877,0,0,535.75592,59.362956,0.08199,0,6.949084,-1.19,100,0,3744.6,60,-0.0384,0
2/3/20 12:04,285.5,285.458333333333,0,0,4730.9,20.35,0,0,1.6,0,1877,0,0,535.94408,59.322804,0.081372,0,6.9513144,-1.19,100,0,3744.6,60,-0.0384,0
2/3/20 12:09,285.583333333333,285.541666666667,0,0,4730.9,20.35,0,0,1.6,0,1877,0,0,535.50896,59.379624,0.0812816,0,6.9519872,-1.19,100,0,3744.6,60,-0.0384,0
2/3/20 12:14,285.666666666667,285.625,0,0,4730.9,20.35,0,0,1.6,0,1877,0,0,535.5,59.399616,0.0798492,0,6.9516472,-1.19,100,0,3744.6,60,-0.0384,0
2/3/20 12:19,285.75,285.708333333333,0,0,4730.9,20.35,0,0,1.6,0,1877,0,0,535.5,59.4,0.07933,0,6.9481904,-1.19,100,0,3744.6,60,-0.0384,0
2/3/20 12:24,285.833333333333,285.791666666667,0,0,4730.9,20.35,0,0,1.6,0,1877,0,0,535.5,59.754564,0.0804176,0,6.9459248,-1.19,100,0,3744.6,59.962956,-0.04065792,0
2/3/20 12:29,285.916666666667,285.875,0,0,4730.9,20.35,0,0,1.6,0,1877,0,0,535.5,60.106368,0.0822432,0,6.9498392,-1.19,100,0,3744.6,59.933388,-0.04471808,0
2/3/20 12:34,286,285.958333333333,0,0,4730.9,20.35,0,0,1.6,0,1877,0,0,535.74696,59.785296,0.0827896,0,6.9480384,-1.19,100,0,3744.6,59.998656,-0.0448,0
2/3/20 12:39,286.083333333333,286.041666666667,0,0,4730.9,20.35,0,0,1.6,0,1877,0,0,535.94408,59.955588,0.0827608,0,6.948,-1.19,100,0,3744.6,60,-0.0448,0
2/3/20 12:44,286.166666666667,286.125,0,0,4730.9,20.35,0,0,1.6,0,1877,0,0,535.50896,59.689308,0.0790556,0,6.9490584,-1.19,100,0,3744.6,60,-0.0448,0
2/3/20 12:49,286.25,286.208333333333,0,0,4730.9,20.35,0,0,1.6,0,1877,0,0,535.5,59.671452,0.0824296,0,6.9470808,-1.19,100,0,3744.6,60,-0.0448,0
2/3/20 12:54,286.333333333333,286.291666666667,0,0,4730.9,20.35,0,0,1.6,0,1877,0,0,535.5,59.699424,0.0828528,0,6.94508,-1.19,100,0,3744.6,60,-0.0448,0
2/3/20 12:59,286.416666666667,286.375,0,0,4730.9,20.35,0,0,1.6,0,1877,0,0,535.5,59.7,0.0836636,0,6.9559376,-1.19,100,0,3744.6,60,-0.0448,0
2/3/20 13:04,286.5,286.458333333333,0,0,4730.9,20.35,0,0,1.6,0,1877,0,0,535.5,59.7,0.0848756,0,6.9588648,-1.19,100,0,3744.6,60,-0.0448,0
2/3/20 13:09,286.583333333333,286.541666666667,0,0,4730.9,20.35,0,0,1.63528,0,1877,0,0,535.5,59.7,0.0850568,0,6.9517464,-1.19,100,0,3744.6,60,-0.0448,0
2/3/20 13:14,286.666666666667,286.625,0,0,4730.9,20.35,0,0,1.69872,0,1877,0,0,535.5,59.7,0.0827276,0,6.952776,-1.19,100,0,3744.6,60,-0.0448,0
2/3/20 13:19,286.75,286.708333333333,0,0,4730.9,20.35,0,0,1.7,0,1877,0,0,535.5,59.525364,0.08317,0,6.9606792,-1.19,100,0,3744.6,60.037044,-0.0448,0
2/3/20 13:24,286.833333333333,286.791666666667,0,0,4730.9,20.35,0,0,1.7,0,1877,0,0,535.25304,59.348928,0.08367,0,6.9495112,-1.19,100,0,3744.6,60.066612,-0.0448,0
2/3/20 13:29,286.916666666667,286.875,0,0,4730.9,20.35,0,0,1.7,0,1877,0,0,535.05592,59.590008,0.083288,0,6.9608832,-1.19,100,0,3744.6,60.001344,-0.0448,0
2/3/20 13:34,287,286.958333333333,0,0,4730.9,20.35,0,0,1.7,0,1877,0,0,535.49104,59.632044,0.0829076,0,6.9539856,-1.19,100,0,3744.6,60,-0.0448,0
2/3/20 13:39,287.083333333333,287.041666666667,0,0,4730.9,20.35,0,0,1.7,0,1877,0,0,535.5,59.62986,0.0842916,0,6.9521936,-1.19,100,0,3744.6,60,-0.0448,0
2/3/20 13:44,287.166666666667,287.125,0,0,4730.9,20.35,0,0,1.7,0,1877,0,0,535.5,59.539248,0.0825952,0,6.9552176,-1.19,100,0,3744.6,60,-0.0448,0
2/3/20 13:49,287.25,287.208333333333,0,0,4730.9,20.35,0,0,1.7,0,1877,0,0,535.5,59.593848,0.0814624,0,6.9561424,-1.19,100,0,3744.6,60,-0.0448,0
2/3/20 13:54,287.333333333333,287.291666666667,0,0,4730.9,20.35,0,0,1.7,0,1877,0,0,535.5,59.595,0.0832432,0,6.954984,-1.19,100,0,3744.6,60,-0.0448,0
2/3/20 13:59,287.416666666667,287.375,0,0,4730.9,20.35,0,0,1.7,0,1877,0,0,535.5,59.595,0.0816728,0,6.953588,-1.19,100,0,3744.6,60,-0.0448,0
2/3/20 14:04,287.5,287.458333333333,0,0,4730.9,20.35,0,0,1.7,0,1877,0,0,535.5,59.595,0.0817184,0,6.9656728,-1.19,100,0,3744.6,60,-0.0448,0
2/3/20 14:09,287.583333333333,287.541666666667,0,0,4730.9,20.35,0,0,1.7,0,1877,0,0,535.25304,59.595,0.0826216,0,6.9650968,-1.19,100,0,3744.6,60,-0.0448,0
2/3/20 14:14,287.666666666667,287.625,0,0,4730.9,20.35,0,0,1.7,0,1877,0,0,535.05592,59.595,0.08166,0,6.9651976,-1.19,100,0,3744.6,60,-0.0448,0
2/3/20 14:19,287.75,287.708333333333,0,0,4730.9,20.35,0,0,1.7,0,1877,0,0,535.24408,59.595,0.0810128,0,6.9624168,-1.19,100,0,3744.6,60,-0.0448,0
2/3/20 14:24,287.833333333333,287.791666666667,0,0,4730.9,20.35,0,0,1.7,0,1877,0,0,534.80896,59.595,0.0813528,0,6.9626344,-1.19,100,0,3744.6,60,-0.0448,0
2/3/20 14:29,287.916666666667,287.875,0,0,4730.9,20.35,0,0,1.7,0,1877,0,0,535.04696,59.48916,0.0825164,0,6.9627184,-1.19,100,0,3744.6,60,-0.0448,0
2/3/20 14:34,288,287.958333333333,0,0,4730.9,20.35,0,0,1.7,0,1877,0,0,535.24408,59.40468,0.083128,0,6.9636216,-1.19,100,0,3744.6,60,-0.0448,0
2/3/20 14:39,288.083333333333,288.041666666667,0,0,4730.9,20.35,0,0,1.7,0,1877,0,0,535.05592,59.59116,0.0814544,0,6.96266,-1.19,100,0,3744.6,60,-0.0448,0
2/3/20 14:44,288.166666666667,288.125,0,0,4730.9,20.35,0,0,1.7,0,1877,0,0,535.24408,59.595,0.081126,0,6.9486064,-1.19,100,0,3744.6,60,-0.0448,0
2/3/20 14:49,288.25,288.208333333333,0,0,4730.9,20.35,0,0,1.7,0,1877,0,0,534.80896,59.595,0.0832368,0,6.934012,-1.19,100,0,3744.6,60,-0.0448,0
2/3/20 14:54,288.333333333333,288.291666666667,0,0,4730.9,20.35,0,0,1.7,0,1877,0,0,534.8,59.526204,0.0836132,0,6.949596,-1.19,100,0,3744.6,60,-0.0448,0
2/3/20 14:59,288.416666666667,288.375,0,0,4730.9,20.35,0,0,1.7,0,1877,0,0,534.55304,59.365452,0.085384,0,6.9490968,-1.19,100,0,3744.6,60.037044,-0.0448,0
2/3/20 15:04,288.5,288.458333333333,0,0,4730.9,20.35,0,0,1.7,0,1877,0,0,534.35592,59.359848,0.0840676,0,6.950256,-1.19,100,0,3744.6,60.066612,-0.0448,0
2/3/20 15:09,288.583333333333,288.541666666667,0,0,4730.9,20.35,0,0,1.7,0,1877,0,0,534.54408,59.48328,0.0833932,0,6.9490256,-1.19,100,0,3744.6,60.001344,-0.0448,0
2/3/20 15:14,288.666666666667,288.625,0,0,4730.9,20.35,0,0,1.7,0,1877,0,0,534.35592,59.504616,0.0812632,0,6.9486472,-1.19,100,0,3744.6,60,-0.0448,0
2/3/20 15:19,288.75,288.708333333333,0,0,4730.9,20.35,0,0,1.7,0,1877,0,0,534.79104,59.467956,0.0817688,0,6.9480128,-1.19,100,0,3744.6,60,-0.0448,0
2/3/20 15:24,288.833333333333,288.791666666667,0,0,4730.9,20.35,0,0,1.7,0,1877,0,0,534.55304,59.438388,0.0810548,0,6.9494112,-1.19,100,0,3744.6,60,-0.0448,0
2/3/20 15:29,288.916666666667,288.875,0,0,4730.9,20.35,0,0,1.7,0,1877,0,0,534.10896,59.503656,0.08251,0,6.951596,-1.19,100,0,3744.6,60,-0.0448,0
2/3/20 15:34,289,288.958333333333,0,0,4730.9,20.35,0,0,1.7,0,1877,0,0,534.1,59.505,0.0825988,0,6.9503072,-1.19,100,0,3744.6,60,-0.0448,0
2/3/20 15:39,289.083333333333,289.041666666667,0,0,4730.9,20.35,0,0,1.7,0,1877,0,0,534.1,59.467956,0.0820904,0,6.9490256,-1.19,100,0,3744.6,60,-0.0448,0
2/3/20 15:44,289.166666666667,289.125,0,0,4730.9,20.35,0,0,1.7,0,1877,0,0,534.1,59.401344,0.0827268,0,6.9486472,-1.19,100,0,3744.6,60,-0.0448,0
2/3/20 15:49,289.25,289.208333333333,0,0,4730.9,20.35,0,0,1.7,0,1877,0,0,534.592279069767,59.4,8.11E-02,0,6.94836442790698,-1.19,100,0,3744.6,60,-0.0448,0
2/3/20 15:54,289.333333333333,289.291666666667,0,0,4730.9,20.35,0,0,1.7,0,1877,0,0,535.23638370801,59.4,0.082680069250646,0,6.94898670542636,-1.19,100,0,3744.6,60,-0.0448,0
2/3/20 15:59,289.416666666667,289.375,0,0,4730.9,20.35,0,0,1.7,0,1877,0,0,534.809337222222,59.4367505833333,8.24E-02,0,6.94970001111111,-1.19,100,0,3744.6,60,-0.0448,0
2/3/20 16:04,289.5,289.458333333333,0,0,4730.9,20.35,0,0,1.7,0,1877,0,0,535.045003888889,59.49309925,8.03E-02,0,6.95027331111111,-1.19,100,0,3744.6,60,-0.0448,0
2/3/20 16:09,289.583333333333,289.541666666667,0,0,4730.9,20.35,0,0,1.7,0,1877,0,0,535.245658888889,59.44914975,0.081648325,0,6.94902667777778,-1.19,100,0,3744.6,60,-4.70E-02,0
2/3/20 16:14,289.666666666667,289.625,0,0,4730.9,20.35,0,0,1.7,0,1877,0,0,534.564333333333,59.4167506666667,8.25E-02,0,6.949,-1.19,100,0,3744.6,60,-5.11E-02,0
2/3/20 16:19,289.75,289.708333333333,0,0,4730.9,20.35,0,0,1.7,0,1877,0,0,534.354341111111,59.4286495,8.35E-02,0,6.94864999444444,-1.19,100,0,3744.6,60,-4.90E-02,0
2/3/20 16:24,289.833333333333,289.791666666667,0,0,4730.9,20.35,0,0,1.7,0,1877,0,0,534.790662777778,59.4373508333333,0.0835,0,6.94836334444445,-1.19,100,0,3744.6,60,-4.71E-02,0
2/3/20 16:29,289.916666666667,289.875,0,0,4730.9,20.35,0,0,1.7,0,1877,0,0,534.8,59.4668488333333,0.0835,0,6.94968667222222,-1.19,100,0,3744.6,60,-4.89E-02,0
2/3/20 16:34,290,289.958333333333,0,0,4730.9,20.35,0,0,1.7,0,1877,0,0,534.8,59.4014005833333,8.40E-02,0,6.95027331111111,-1.19,100,0,3744.6,60,-4.49E-02,0
2/3/20 16:39,290.083333333333,290.041666666667,0,0,4730.9,20.35,0,0,1.7,0,1877,0,0,534.554996111111,59.4,8.41E-02,0,6.94832666666667,-1.19,100,0,3744.6,60,-4.70E-02,0
2/3/20 16:44,290.166666666667,290.125,0,0,4730.9,20.35,0,0,1.7,0,1877,0,0,534.109337222222,59.4367505833333,8.25E-02,0,6.9484267,-1.19,100,0,3744.6,60,-5.11E-02,0
2/3/20 16:49,290.25,290.208333333333,0,0,4730.9,20.35,0,0,1.7,0,1877,0,0,534.345003888889,59.5035994166667,8.29E-02,0,6.95024663333333,-1.19,100,0,3744.6,60,-0.0512,0
2/3/20 16:54,290.333333333333,290.291666666667,0,0,4730.9,20.35,0,0,1.7,0,1877,0,0,534.790662777778,59.505,8.30E-02,0,6.94902667777778,-1.19,100,0,3744.6,60,-0.0512,0
2/3/20 16:59,290.416666666667,290.375,0,0,4730.9,20.35,0,0,1.7,0,1877,0,0,534.8,59.505,8.22E-02,0,6.94864999444444,-1.19,100,0,3744.6,60,-0.0512,0
2/3/20 17:04,290.5,290.458333333333,0,0,4730.9,20.35,0,0,1.7,0,1877,0,0,534.8,59.505,8.30E-02,0,6.94836334444445,-1.19,100,0,3744.6,60,-0.0512,0
2/3/20 17:09,290.583333333333,290.541666666667,0,0,4730.9,20.35,0,0,1.7,0,1877,0,0,534.8,59.4944998333333,8.26E-02,0,6.94968667222222,-1.19,100,0,3744.6,60,-0.0512,0
2/3/20 17:14,290.666666666667,290.625,0,0,4730.9,20.35,0,0,1.7,0,1877,0,0,534.8,59.4859003333333,8.16E-02,0,6.94992330555556,-1.19,100,0,3744.6,60,-0.0512,0
2/3/20 17:19,290.75,290.708333333333,0,0,4730.9,20.35,0,0,1.7,0,1877,0,0,534.8,59.5361003333333,0.084439975,0,6.94944003888889,-1.19,100,0,3744.6,60,-0.0512,0
2/3/20 17:24,290.833333333333,290.791666666667,0,0,4730.9,20.35,0,0,1.7,0,1877,0,0,534.554996111111,59.562299,8.40E-02,0,6.95159663888889,-1.19,100,0,3744.6,60,-0.0512,0
2/3/20 17:29,290.916666666667,290.875,0,0,4730.9,20.35,0,0,1.7,0,1877,0,0,534.354341111111,59.52195075,8.27E-02,0,6.95031332777778,-1.19,100,0,3744.6,60,-0.0512,0
2/3/20 17:34,291,290.958333333333,0,0,4730.9,20.35,0,0,1.7,0,1877,0,0,534.545658888889,59.5336495,8.18E-02,0,6.94902667777778,-1.19,100,0,3744.6,60,-4.90E-02,0
2/3/20 17:39,291.083333333333,291.041666666667,0,0,4730.9,20.35,0,0,1.7,0,1877,0,0,534.354341111111,59.50560025,8.20E-02,0,6.94935000555556,-1.19,100,0,3744.6,60,-4.71E-02,0
2/3/20 17:44,291.166666666667,291.125,0,0,4730.9,20.35,0,0,1.7,0,1877,0,0,534.545658888889,59.505,8.28E-02,0,6.94928665,-1.19,100,0,3744.6,60,-5.11E-02,0
2/3/20 17:49,291.25,291.208333333333,0,0,4730.9,20.35,0,0,1.7,0,1877,0,0,534.354341111111,59.505,0.082856675,0,6.94837668333333,-1.19,100,0,3744.6,60,-0.0512,0
2/3/20 17:54,291.333333333333,291.291666666667,0,0,4730.9,20.35,0,0,1.7,0,1877,0,0,534.545658888889,59.505,8.38E-02,0,6.94863665555556,-1.19,100,0,3744.6,60,-0.0512,0
2/3/20 17:59,291.416666666667,291.375,0,0,4730.9,20.35,0,0,1.7,0,1877,0,0,534.109337222222,59.5365005,8.34E-02,0,6.94801333888889,-1.19,100,0,3744.6,60,-0.0512,0
2/3/20 18:04,291.5,291.458333333333,0,0,4730.9,20.35,0,0,1.7,0,1877,0,0,534.345003888889,59.562299,8.17E-02,0,6.94835000555555,-1.19,100,0,3744.6,60,-0.0512,0
2/3/20 18:09,291.583333333333,291.541666666667,0,0,4730.9,20.35,0,0,1.7,0,1877,0,0,534.545658888889,59.5114505833333,8.09E-02,0,6.94898666111111,-1.19,100,0,3744.6,60,-0.0512,0
2/3/20 18:14,291.666666666667,291.625,0,0,4730.9,20.35,0,0,1.7,0,1877,0,0,534.354341111111,59.5145498333333,0.08114005,0,6.94864999444444,-1.19,100,0,3744.6,60,-0.0512,0
2/3/20 18:19,291.75,291.708333333333,0,0,4730.9,20.35,0,0,1.7,0,1877,0,0,534.545658888889,59.5052000833333,8.44E-02,0,6.94836334444445,-1.19,100,0,3744.6,60,-0.0512,0
2/3/20 18:24,291.833333333333,291.791666666667,0,0,4730.9,20.35,0,0,1.7,0,1877,0,0,534.109337222222,59.505,0.082995,0,6.94898666111111,-1.19,100,0,3744.6,60,-0.0512,0
2/3/20 18:29,291.916666666667,291.875,0,0,4730.9,20.35,0,0,1.7,0,1877,0,0,534.1,59.505,8.27E-02,0,6.94864999444444,-1.19,100,0,3744.6,60,-0.0512,0
2/3/20 18:34,292,291.958333333333,0,0,4730.9,20.35,0,0,1.7,0,1877,0,0,533.854996111111,59.505,8.34E-02,0,6.94906335555556,-1.19,100,0,3744.6,60,-0.0512,0
2/3/20 18:39,292.083333333333,292.041666666667,0,0,4730.9,20.35,0,0,1.7,0,1877,0,0,533.409337222222,59.505,8.22E-02,0,6.95095998333333,-1.19,100,0,3744.6,60,-0.0512,0
2/3/20 18:44,292.166666666667,292.125,0,0,4730.9,20.35,0,0,1.7,0,1877,0,0,533.4,59.505,8.13E-02,0,6.95029998888889,-1.19,100,0,3744.6,60,-0.0512,0
2/3/20 18:49,292.25,292.208333333333,0,0,4730.9,20.35,0,0,1.7,0,1877,0,0,533.4,59.5365005,8.24E-02,0,6.94902667777778,-1.19,100,0,3744.6,60,-0.0512,0
2/3/20 18:54,292.333333333333,292.291666666667,0,0,4730.9,20.35,0,0,1.7,0,1877,0,0,533.4,59.562299,8.39E-02,0,6.949,-1.19,100,0,3744.6,60,-0.0512,0
2/3/20 18:59,292.416666666667,292.375,0,0,4730.9,20.35,0,0,1.7,0,1877,0,0,533.4,59.5062005,0.082565025,0,6.94864999444444,-1.19,100,0,3744.6,60,-0.0512,0
2/3/20 19:04,292.5,292.458333333333,0,0,4730.9,20.35,0,0,1.7,0,1877,0,0,533.4,59.505,8.31E-02,0,6.94906335555556,-1.19,100,0,3744.6,60,-0.0512,0
2/3/20 19:09,292.583333333333,292.541666666667,0,0,4730.9,20.35,0,0,1.7,0,1877,0,0,533.4,59.4682494166667,8.30E-02,0,6.95025997222222,-1.19,100,0,3744.6,60,-0.0512,0
2/3/20 19:14,292.666666666667,292.625,0,0,4730.9,20.35,0,0,1.7,0,1877,0,0,533.4,59.4381511666667,8.35E-02,0,6.94972668888889,-1.19,100,0,3744.6,60,-0.0512,0
2/3/20 19:19,292.75,292.708333333333,0,0,4730.9,20.35,0,0,1.7,0,1877,0,0,533.4,59.5350999166667,8.25E-02,0,6.94992330555556,-1.19,100,0,3744.6,60,-0.0512,0
2/3/20 19:24,292.833333333333,292.791666666667,0,0,4730.9,20.35,0,0,1.7,0,1877,0,0,533.154996111111,59.562299,8.23E-02,0,6.94909003333333,-1.19,100,0,3744.6,60,-0.0512,0
2/3/20 19:29,292.916666666667,292.875,0,0,4730.9,20.35,0,0,1.7,0,1877,0,0,533.199345,59.5114505833333,8.27E-02,0,6.95025997222222,-1.19,100,0,3744.6,60,-0.0512,0
2/3/20 19:34,293,292.958333333333,0,0,4730.9,20.35,0,0,1.7,0,1877,0,0,533.836321666667,59.5145498333333,8.38E-02,0,6.94867667222222,-1.19,100,0,3744.6,60,-0.0512,0
2/3/20 19:39,293.083333333333,293.041666666667,0,0,4730.9,20.35,0,0,1.7,0,1877,0,0,533.409337222222,59.5052000833333,8.35E-02,0,6.94905986712809,-1.19,100,0,3744.6,60,-0.0512,0
2/3/20 19:44,293.166666666667,293.125,0,0,4730.9,20.35,0,0,1.7,0,1877,0,0,533.4,59.505,0.0835,0,6.95026402731635,-1.19,100,0,3744.6,60,-0.0512,0
2/3/20 19:49,293.25,293.208333333333,0,0,4730.9,20.35,0,0,1.7,0,1877,0,0,533.4,59.53625,8.37E-02,0,6.94902777777778,-1.19,100,0,3744.6,60,-0.0512,0
2/3/20 19:54,293.333333333333,293.291666666667,0,0,4730.9,20.35,0,0,1.7,0,1877,0,0,533.4,59.5625,8.43E-02,0,6.949,-1.19,100,0,3744.6,60,-0.0512,0
2/3/20 19:59,293.416666666667,293.375,0,0,4730.9,20.35,0,0,1.7,0,1877,0,0,533.4,59.50625,8.31E-02,0,6.94969444444444,-1.19,100,0,3744.6,60,-0.0512,0
2/3/20 20:04,293.5,293.458333333333,0,0,4730.9,20.35,0,0,1.7,0,1877,0,0,533.4,59.5102083333333,8.04E-02,0,6.95027777777778,-1.19,100,0,3744.6,60,-0.0512,0
2/3/20 20:09,293.583333333333,293.541666666667,0,0,4730.9,20.35,0,0,1.7,0,1877,0,0,533.643055555556,59.5145833333333,8.18E-02,0,6.94868055555556,-1.19,100,0,3744.6,60,-0.0512,0
2/3/20 20:14,293.666666666667,293.625,0,0,4730.9,20.35,0,0,1.7,0,1877,0,0,533.847222222222,59.5052083333333,8.22E-02,0,6.94870833333333,-1.19,100,0,3744.6,60,-0.0512,0
2/3/20 20:19,293.75,293.708333333333,0,0,4730.9,20.35,0,0,1.7,0,1877,0,0,533.409722222222,59.505,8.26E-02,0,6.94927777777778,-1.19,100,0,3744.6,60,-0.0512,0
2/3/20 20:24,293.833333333333,293.791666666667,0,0,4730.9,20.35,0,0,1.7,0,1877,0,0,533.4,59.505,8.12E-02,0,6.94941666666667,-1.19,100,0,3744.6,60,-0.0512,0
2/3/20 20:29,293.916666666667,293.875,0,0,4730.9,20.35,0,0,1.7,0,1877,0,0,533.4,59.505,8.25E-02,0,6.95090277777778,-1.19,100,0,3744.6,60,-0.0512,0
2/3/20 20:34,294,293.958333333333,0,0,4730.9,20.35,0,0,1.7,0,1877,0,0,533.4,59.505,8.36E-02,0,6.94973611111111,-1.19,100,0,3744.6,60,-0.0512,0
2/3/20 20:39,294.083333333333,294.041666666667,0,0,4730.9,20.35,0,0,1.7,0,1877,0,0,533.4,59.505,8.26E-02,0,6.95097222222222,-1.19,100,0,3744.6,60,-0.0512,0
2/3/20 20:44,294.166666666667,294.125,0,0,4730.9,20.35,0,0,1.7,0,1877,0,0,533.4,59.5310416666667,8.19E-02,0,6.94995833333333,-1.19,100,0,3744.6,60,-0.0512,0
2/3/20 20:49,294.25,294.208333333333,0,0,4730.9,20.35,0,0,1.7,0,1877,0,0,533.4,59.5529166666667,7.98E-02,0,6.94838888888889,-1.19,100,0,3744.6,60,-0.0512,0
2/3/20 20:54,294.333333333333,294.291666666667,0,0,4730.9,20.35,0,0,1.7,0,1877,0,0,533.4,59.5060416666667,8.11E-02,0,6.94863888888889,-1.19,100,0,3744.6,60,-0.0512,0
2/3/20 20:59,294.416666666667,294.375,0,0,4730.9,20.35,0,0,1.7,0,1877,0,0,533.4,59.505,8.17E-02,0,6.94905555555556,-1.19,100,0,3744.6,60,-0.0512,0
2/3/20 21:04,294.5,294.458333333333,0,0,4730.9,20.35,0,0,1.7,0,1877,0,0,533.4,59.505,8.23E-02,0,6.95026388888889,-1.19,100,0,3744.6,60,-0.0512,0
2/3/20 21:09,294.583333333333,294.541666666667,0,0,4730.9,20.35,0,0,1.7,0,1877,0,0,533.4,59.505,8.25E-02,0,6.94902777777778,-1.19,100,0,3744.6,60,-0.0512,0
2/3/20 21:14,294.666666666667,294.625,0,0,4730.9,20.35,0,0,1.7,0,1877,0,0,533.4,59.505,8.17E-02,0,6.949,-1.19,100,0,3744.6,60,-0.0512,0
2/3/20 21:19,294.75,294.708333333333,0,0,4730.9,20.35,0,0,1.7,0,1877,0,0,533.4,59.505,8.18E-02,0,6.949,-1.19,100,0,3744.6,60,-0.0512,0
2/3/20 21:24,294.833333333333,294.791666666667,0,0,4730.9,20.35,0,0,1.7,0,1877,0,0,533.4,59.4789583333333,8.20E-02,0,6.94865277777778,-1.19,100,0,3744.6,60,-0.0512,0
2/3/20 21:29,294.916666666667,294.875,0,0,4730.9,20.35,0,0,1.7,0,1877,0,0,533.156944444444,59.4570833333333,8.25E-02,0,6.94940277777778,-1.19,100,0,3744.6,60,-0.0512,0
2/3/20 21:34,295,294.958333333333,0,0,4730.9,20.35,0,0,1.7,0,1877,0,0,532.952777777778,59.4779166666667,8.12E-02,0,6.95090277777778,-1.19,100,0,3744.6,60,-0.0512,0
2/3/20 21:39,295.083333333333,295.041666666667,0,0,4730.9,20.35,0,0,1.7,0,1877,0,0,533.147222222222,59.4570833333333,8.12E-02,0,6.94904166666667,-1.19,100,0,3744.6,60,-0.0512,0
2/3/20 21:44,295.166666666667,295.125,0,0,4730.9,20.35,0,0,1.7,0,1877,0,0,532.709722222222,59.5039583333333,8.20E-02,0,6.94865277777778,-1.19,100,0,3744.6,60,-0.0512,0
2/3/20 21:49,295.25,295.208333333333,0,0,4730.9,20.35,0,0,1.7,0,1877,0,0,532.943055555555,59.505,0.0820625,0,6.94801388888889,-1.19,100,0,3744.6,60,-0.0512,0
2/3/20 21:54,295.333333333333,295.291666666667,0,0,4730.9,20.35,0,0,1.7,0,1877,0,0,533.147222222222,59.505,8.43E-02,0,6.94834722222222,-1.19,100,0,3744.6,60,-0.0512,0
2/3/20 21:59,295.416666666667,295.375,0,0,4730.9,20.35,0,0,1.7,0,1877,0,0,532.709722222222,59.505,8.45E-02,0,6.94863888888889,-1.19,100,0,3744.6,60,-0.0512,0
2/3/20 22:04,295.5,295.458333333333,0,0,4730.9,20.35,0,0,1.7,0,1877,0,0,532.943055555555,59.505,8.37E-02,0,6.94801388888889,-1.19,100,0,3744.6,60,-0.0512,0
2/3/20 22:09,295.583333333333,295.541666666667,0,0,4730.9,20.35,0,0,1.7,0,1877,0,0,533.147222222222,59.505,8.33E-02,0,6.94869444444445,-1.19,100,0,3744.6,60,-0.0512,0
2/3/20 22:14,295.666666666667,295.625,0,0,4730.9,20.35,0,0,1.7,0,1877,0,0,532.709722222222,59.505,8.19E-02,0,6.94927777777778,-1.19,100,0,3744.6,60,-0.0512,0
2/3/20 22:19,295.75,295.708333333333,0,0,4730.9,20.35,0,0,1.7,0,1877,0,0,532.7,59.5310416666667,8.27E-02,0,6.94906944444445,-1.19,100,0,3744.6,60,-0.0512,0
2/3/20 22:24,295.833333333333,295.791666666667,0,0,4730.9,20.35,0,0,1.7,0,1877,0,0,532.7,59.5841666666667,8.53E-02,0,6.95026388888889,-1.19,100,0,3744.6,60,-0.0512,0
2/3/20 22:29,295.916666666667,295.875,0,0,4730.9,20.35,0,0,1.7,0,1877,0,0,532.943055555555,59.5635416666667,8.56E-02,0,6.94902777777778,-1.19,100,0,3744.6,60,-0.0512,0
2/3/20 22:34,296,295.958333333333,0,0,4730.9,20.35,0,0,1.7,0,1877,0,0,533.390277777778,59.50625,8.40E-02,0,6.949,-1.19,100,0,3744.6,60,-0.0512,0
2/3/20 22:39,296.083333333333,296.041666666667,0,0,4730.9,20.35,0,0,1.7,0,1877,0,0,533.156944444444,59.505,8.20E-02,0,6.94969444444444,-1.19,100,0,3744.6,60,-0.0512,0
2/3/20 22:44,296.166666666667,296.125,0,0,4730.9,20.35,0,0,1.7,0,1877,0,0,532.952777777778,59.505,8.30E-02,0,6.95027777777778,-1.19,100,0,3744.6,60,-0.0512,0
2/3/20 22:49,296.25,296.208333333333,0,0,4730.9,20.35,0,0,1.7,0,1877,0,0,533.147222222222,59.505,8.37E-02,0,6.94902777777778,-1.19,100,0,3744.6,60,-0.0512,0
2/3/20 22:54,296.333333333333,296.291666666667,0,0,4730.9,20.35,0,0,1.7,0,1877,0,0,532.952777777778,59.505,8.21E-02,0,6.94865277777778,-1.19,100,0,3744.6,60,-0.0512,0
2/3/20 22:59,296.416666666667,296.375,0,0,4730.9,20.35,0,0,1.7,0,1877,0,0,533.147222222222,59.505,8.28E-02,0,6.94905555555556,-1.19,100,0,3744.6,60,-0.0512,0
2/3/20 23:04,296.5,296.458333333333,0,0,4730.9,20.35,0,0,1.7,0,1877,0,0,532.709722222222,59.505,8.27E-02,0,6.95026388888889,-1.19,100,0,3744.6,60,-0.0512,0
2/3/20 23:09,296.583333333333,296.541666666667,0,0,4730.9,20.35,0,0,1.7,0,1877,0,0,532.943055555555,59.505,8.33E-02,0,6.94902777777778,-1.19,100,0,3744.6,60,-0.0512,0
2/3/20 23:14,296.666666666667,296.625,0,0,4730.9,20.35,0,0,1.7,0,1877,0,0,533.147222222222,59.6091666666667,8.33E-02,0,6.949,-1.19,100,0,3744.6,59.9739583333333,-0.0512,0
2/3/20 23:19,296.75,296.708333333333,0,0,4730.9,20.35,0,0,1.7,0,1877,0,0,532.952777777778,59.7279166666667,8.25E-02,0,6.95351388888889,-1.19,100,0,3744.6,59.9520833333333,-0.0512,0
2/3/20 23:24,296.833333333333,296.791666666667,0,0,4730.9,20.35,0,0,1.7,0,1877,0,0,533.147222222222,59.5979166666667,8.35E-02,0,6.95695833333333,-1.19,100,0,3744.6,59.9989583333333,-0.0512,0
2/3/20 23:29,296.916666666667,296.875,0,0,4730.9,20.35,0,0,1.7,0,1877,0,0,532.952777777778,59.56375,0.0835,0,6.94854166666667,-1.19,100,0,3744.6,60,-0.0512,0
2/3/20 23:34,297,296.958333333333,0,0,4730.9,20.35,0,0,1.7,0,1877,0,0,533.390277777778,59.50625,8.23E-02,0,6.94898611111111,-1.19,100,0,3744.6,60,-0.0512,0
2/3/20 23:39,297.083333333333,297.041666666667,0,0,4730.9,20.35,0,0,1.7,0,1877,0,0,533.156944444444,59.505,8.13E-02,0,6.949,-1.19,100,0,3744.6,60,-0.0512,0
2/3/20 23:44,297.166666666667,297.125,0,0,4730.9,20.35,0,0,1.7,0,1877,0,0,532.709722222222,59.53625,8.38E-02,0,6.94969444444444,-1.19,100,0,3744.6,60,-0.0512,0
2/3/20 23:49,297.25,297.208333333333,0,0,4730.9,20.35,0,0,1.7,0,1877,0,0,532.7,59.59375,8.41E-02,0,6.96208333333333,-1.19,100,0,3744.6,60,-0.0512,0
2/3/20 23:54,297.333333333333,297.291666666667,0,0,4730.9,20.35,0,0,1.7,0,1877,0,0,532.943055555555,59.56375,8.40E-02,0,6.98741666666667,-1.19,100,0,3744.6,60,-0.0512,0
2/3/20 23:59,297.416666666667,297.375,0,0,4730.9,20.35,0,0,1.7,0,1877,0,0,533.147222222222,59.50625,0.0839375,0,6.99680555555555,-1.19,100,0,3744.6,60,-0.0512,0
2/4/20 0:04,297.5,297.458333333333,0,0,4730.9,20.35,0,0,1.7,0,1877,0,0,532.709722222222,59.505,8.13E-02,0,6.99734722222222,-1.19,100,0,3744.6,60,-0.0512,0
2/4/20 0:09,297.583333333333,297.541666666667,0,0,4730.9,20.35,0,0,1.7,0,1877,0,0,532.943055555555,59.505,8.07E-02,0,6.99659722222222,-1.19,100,0,3744.6,60,-0.0512,0
2/4/20 0:14,297.666666666667,297.625,0,0,4730.9,20.35,0,0,1.7,0,1877,0,0,533.390277777778,59.505,8.27E-02,0,6.99301734957549,-1.19,100,0,3744.6,60,-0.0512,0
2/4/20 0:19,297.75,297.708333333333,0,0,4730.9,20.35,0,0,1.7,0,1877,0,0,533.158885,59.505,0.083798971013289,0,6.99138765598007,-1.19,100,0,3744.6,60,-0.0512,0
2/4/20 0:24,297.833333333333,297.791666666667,0,0,4730.9,20.35,0,0,1.7,0,1877,0,0,532.95123,59.505,0.083162775,0,6.9909522,-1.19,100,0,3744.6,60,-0.0512,0
2/4/20 0:29,297.916666666667,297.875,0,0,4730.9,20.35,0,0,1.7,0,1877,0,0,533.389885,59.5360005,0.08251445,0,6.98835445,-1.19,100,0,3744.6,60,-0.0512,0
2/4/20 0:34,298,297.958333333333,0,0,4730.9,20.35,0,0,1.7,0,1877,0,0,533.158885,59.5936995,0.083016675,0,6.98599555,-1.19,100,0,3744.6,60,-0.0512,0
2/4/20 0:39,298.083333333333,298.041666666667,0,0,4730.9,20.35,0,0,1.7,0,1877,0,0,532.95123,59.595,0.084667225,0,6.9836989,-1.19,100,0,3744.6,60,-0.0512,0
2/4/20 0:44,298.166666666667,298.125,0,0,4730.9,20.35,0,0,1.7,0,1877,0,0,533.14877,59.73450225,0.0852822,0,6.98232555,-1.19,100,0,3744.6,60,-0.05340448,0
2/4/20 0:49,298.25,298.208333333333,0,0,4730.9,20.35,0,0,1.7,0,1877,0,0,532.95123,59.8546455,0.08299555,0,6.98068445,-1.19,100,0,3744.6,60,-0.05530304,0
2/4/20 0:54,298.333333333333,298.291666666667,0,0,4730.9,20.35,0,0,1.7,0,1877,0,0,533.389885,59.62151925,0.081560025,0,6.9803589,-1.19,100,0,3744.6,60,-0.05349696,0
2/4/20 0:59,298.416666666667,298.375,0,0,4730.9,20.35,0,0,1.7,0,1877,0,0,533.4,59.633466,0.08265055,0,6.97822995,-1.19,100,0,3744.6,60,-0.05750752,0
2/4/20 1:04,298.5,298.458333333333,0,0,4730.9,20.35,0,0,1.7,0,1877,0,0,533.158885,59.595867,0.08350945,0,6.9724267,-1.19,100,0,3744.6,60,-0.0576,0
2/4/20 1:09,298.583333333333,298.541666666667,0,0,4730.9,20.35,0,0,1.7,0,1877,0,0,532.95123,59.62083375,0.083789425,0,6.97137335,-1.19,100,0,3744.6,60,-0.0576,0
2/4/20 1:14,298.666666666667,298.625,0,0,4730.9,20.35,0,0,1.7,0,1877,0,0,533.14877,59.6430825,0.083390025,0,6.96647435,-1.19,100,0,3744.6,60,-0.0576,0
2/4/20 1:19,298.75,298.708333333333,0,0,4730.9,20.35,0,0,1.7,0,1877,0,0,532.710115,59.59608375,0.08479165,0,6.95382005,-1.19,100,0,3744.6,60,-0.0576,0
2/4/20 1:24,298.833333333333,298.791666666667,0,0,4730.9,20.35,0,0,1.7,0,1877,0,0,532.941115,59.595,0.084335,0,6.9528901,-1.19,100,0,3744.6,60,-0.0576,0
2/4/20 1:29,298.916666666667,298.875,0,0,4730.9,20.35,0,0,1.7,0,1877,0,0,533.14877,59.63116725,0.083835,0,6.9622522,-1.19,100,0,3744.6,60,-0.0576,0
2/4/20 1:34,299,298.958333333333,0,0,4730.9,20.35,0,0,1.7,0,1877,0,0,532.95123,59.69848275,0.08367945,0,6.96689885,-1.19,100,0,3744.6,60,-0.0576,0
2/4/20 1:39,299.083333333333,299.041666666667,0,0,4730.9,20.35,0,0,1.7,0,1877,0,0,533.389885,59.7,0.0827872,0,6.96665555,-1.19,100,0,3744.6,60,-0.0576,0
2/4/20 1:44,299.166666666667,299.125,0,0,4730.9,20.35,0,0,1.7,0,1877,0,0,533.158885,59.68449975,0.08106725,0,6.9670478,-1.19,100,0,3744.6,60,-0.0576,0
2/4/20 1:49,299.25,299.208333333333,0,0,4730.9,20.35,0,0,1.7,0,1877,0,0,532.710115,59.63498325,0.081978325,0,6.9693011,-1.19,100,0,3744.6,60,-0.0576,0
2/4/20 1:54,299.333333333333,299.291666666667,0,0,4730.9,20.35,0,0,1.7,0,1877,0,0,532.941115,59.63203425,0.082172225,0,6.9696411,-1.19,100,0,3744.6,60,-0.0576,0
2/4/20 1:59,299.416666666667,299.375,0,0,4730.9,20.35,0,0,1.7,0,1877,0,0,533.14877,59.69848275,0.082837225,0,6.96763665,-1.19,100,0,3744.6,60,-0.0576,0
2/4/20 2:04,299.5,299.458333333333,0,0,4730.9,20.35,0,0,1.7,0,1877,0,0,532.710115,59.7,0.082279975,0,6.9650578,-1.19,100,0,3744.6,60,-0.0576,0
2/4/20 2:09,299.583333333333,299.541666666667,0,0,4730.9,20.35,0,0,1.7,0,1877,0,0,532.941115,59.7,0.0802228,0,6.96465555,-1.19,100,0,3744.6,60,-0.0576,0
2/4/20 2:14,299.666666666667,299.625,0,0,4730.9,20.35,0,0,1.7,0,1877,0,0,533.14877,59.7,0.081526125,0,6.96332555,-1.19,100,0,3744.6,60,-0.0576,0
2/4/20 2:19,299.75,299.708333333333,0,0,4730.9,20.35,0,0,1.7,0,1877,0,0,532.710115,59.7,0.0824233,0,6.96134,-1.19,100,0,3744.6,60,-0.0576,0
2/4/20 2:24,299.833333333333,299.791666666667,0,0,4730.9,20.35,0,0,1.7,0,1877,0,0,532.7,59.67416625,0.081404475,0,6.9600289,-1.19,100,0,3744.6,60,-0.0576,0
2/4/20 2:29,299.916666666667,299.875,0,0,4730.9,20.35,0,0,1.7,0,1877,0,0,532.7,59.6519175,0.08210275,0,6.95965555,-1.19,100,0,3744.6,60,-0.0576,0
2/4/20 2:34,300,299.958333333333,0,0,4730.9,20.35,0,0,1.7,0,1877,0,0,532.7,59.662749,0.0817417,0,6.95832555,-1.19,100,0,3744.6,60,-0.0576,0
2/4/20 2:39,300.083333333333,300.041666666667,0,0,4730.9,20.35,0,0,1.7,0,1877,0,0,532.7,59.60685075,0.0837772,0,6.9549622,-1.19,100,0,3744.6,60,-0.0576,0
2/4/20 2:44,300.166666666667,300.125,0,0,4730.9,20.35,0,0,1.7,0,1877,0,0,532.7,59.614233,0.083507225,0,6.95005335,-1.19,100,0,3744.6,60,-0.0576,0
2/4/20 2:49,300.25,300.208333333333,0,0,4730.9,20.35,0,0,1.7,0,1877,0,0,532.941115,59.5954335,0.08246665,0,6.94735445,-1.19,100,0,3744.6,60,-0.0576,0
2/4/20 2:54,300.333333333333,300.291666666667,0,0,4730.9,20.35,0,0,1.7,0,1877,0,0,532.907655,59.6053335,0.08123225,0,6.9487845,-1.19,100,0,3744.6,60,-0.0576,0
2/4/20 2:59,300.416666666667,300.375,0,0,4730.9,20.35,0,0,1.7,0,1877,0,0,532.261345,59.614233,0.0824711,0,6.9538844,-1.19,100,0,3744.6,60,-0.0576,0
2/4/20 3:04,300.5,300.458333333333,0,0,4730.9,20.35,0,0,1.7,0,1877,0,0,532.689885,59.5954335,0.08146665,0,6.95503335,-1.19,100,0,3744.6,60,-0.0576,0
2/4/20 3:09,300.583333333333,300.541666666667,0,0,4730.9,20.35,0,0,1.7,0,1877,0,0,532.7,59.595,0.0812656,0,6.95764555,-1.19,100,0,3744.6,60,-0.0576,0
2/4/20 3:14,300.666666666667,300.625,0,0,4730.9,20.35,0,0,1.7,0,1877,0,0,532.7,59.615667,0.08373885,0,6.9582822,-1.19,100,0,3744.6,60,-0.0576,0
2/4/20 3:19,300.75,300.708333333333,0,0,4730.9,20.35,0,0,1.7,0,1877,0,0,532.7,59.654133,0.082356675,0,6.95737335,-1.19,100,0,3744.6,60,-0.0576,0
2/4/20 3:24,300.833333333333,300.791666666667,0,0,4730.9,20.35,0,0,1.7,0,1877,0,0,532.7,59.634333,0.081662775,0,6.95867445,-1.19,100,0,3744.6,60,-0.0576,0
2/4/20 3:29,300.916666666667,300.875,0,0,4730.9,20.35,0,0,1.7,0,1877,0,0,532.7,59.595867,0.081531125,0,6.9572155,-1.19,100,0,3744.6,60,-0.0576,0
2/4/20 3:34,301,300.958333333333,0,0,4730.9,20.35,0,0,1.7,0,1877,0,0,532.7,59.595,0.08196165,0,6.95177115,-1.19,100,0,3744.6,60,-0.0576,0
2/4/20 3:39,301.083333333333,301.041666666667,0,0,4730.9,20.35,0,0,1.7,0,1877,0,0,532.7,59.62083375,0.082055025,0,6.9444699,-1.19,100,0,3744.6,60,-0.0576,0
2/4/20 3:44,301.166666666667,301.125,0,0,4730.9,20.35,0,0,1.7,0,1877,0,0,532.458885,59.67924975,0.082406625,0,6.9367524,-1.19,100,0,3744.6,60,-0.0576,0
2/4/20 3:49,301.25,301.208333333333,0,0,4730.9,20.35,0,0,1.7,0,1877,0,0,532.010115,59.6995665,0.08180395,0,6.94618995,-1.19,100,0,3744.6,60,-0.0576,0
2/4/20 3:54,301.333333333333,301.291666666667,0,0,4730.9,20.35,0,0,1.7,0,1877,0,0,532.241115,59.7,0.08435605,0,6.9516978,-1.19,100,0,3744.6,60,-0.0576,0
2/4/20 3:59,301.416666666667,301.375,0,0,4730.9,20.35,0,0,1.7,0,1877,0,0,532.689885,59.7,0.081909475,0,6.95516215,-1.19,100,0,3744.6,60,-0.0576,0
2/4/20 4:04,301.5,301.458333333333,0,0,4730.9,20.35,0,0,1.7,0,1877,0,0,532.7,59.66383275,0.083691125,0,6.95207225,-1.19,100,0,3744.6,60,-0.0576,0
2/4/20 4:09,301.583333333333,301.541666666667,0,0,4730.9,20.35,0,0,1.7,0,1877,0,0,532.7,59.6326845,0.08474385,0,6.95165555,-1.19,100,0,3744.6,60,-0.0576,0
2/4/20 4:14,301.666666666667,301.625,0,0,4730.9,20.35,0,0,1.7,0,1877,0,0,532.7,59.69848275,0.083239475,0,6.9492922,-1.19,100,0,3744.6,60,-0.0576,0
2/4/20 4:19,301.75,301.708333333333,0,0,4730.9,20.35,0,0,1.7,0,1877,0,0,532.7,59.7,0.08412665,0,6.94745005,-1.19,100,0,3744.6,60,-0.0576,0
2/4/20 4:24,301.833333333333,301.791666666667,0,0,4730.9,20.35,0,0,1.734445,0,1877,0,0,532.7,59.7,0.084031125,0,6.94959775,-1.19,100,0,3744.6,60,-0.0576,0
2/4/20 4:29,301.916666666667,301.875,0,0,4730.9,20.35,0,0,1.798555,0,1877,0,0,532.7,59.66383275,0.084289425,0,6.9500478,-1.19,100,0,3744.6,60,-0.0576,0
2/4/20 4:34,302,301.958333333333,0,0,4730.9,20.35,0,0,1.8,0,1877,0,0,532.458885,59.59651725,0.084234475,0,6.95195665,-1.19,100,0,3744.6,60,-0.0576,0
2/4/20 4:39,302.083333333333,302.041666666667,0,0,4730.9,20.35,0,0,1.8,0,1877,0,0,532.010115,59.595,0.08455495,0,6.9506222,-1.19,100,0,3744.6,60,-0.0576,0
2/4/20 4:44,302.166666666667,302.125,0,0,4730.9,20.35,0,0,1.8,0,1877,0,0,532,59.63116725,0.082112825,0,6.94909115,-1.19,100,0,3744.6,60,-0.0576,0
2/4/20 4:49,302.25,302.208333333333,0,0,4730.9,20.35,0,0,1.8,0,1877,0,0,532,59.68814925,0.083784425,0,6.9547456,-1.19,100,0,3744.6,60,-0.0576,0
2/4/20 4:54,302.333333333333,302.291666666667,0,0,4730.9,20.35,0,0,1.8,0,1877,0,0,532,59.64459975,0.08436835,0,6.9628744,-1.19,100,0,3744.6,60,-0.0576,0
2/4/20 4:59,302.416666666667,302.375,0,0,4730.9,20.35,0,0,1.8,0,1877,0,0,532,59.59608375,0.085274975,0,6.9715012,-1.19,100,0,3744.6,60,-0.0576,0
2/4/20 5:04,302.5,302.458333333333,0,0,4730.9,20.35,0,0,1.8,0,1877,0,0,532,59.595,0.0840289,0,6.9820032,-1.19,100,0,3744.6,60,-0.0576,0
2/4/20 5:09,302.583333333333,302.541666666667,0,0,4730.9,20.35,0,0,1.8,0,1877,0,0,532,59.63116725,0.083138875,0,6.97769445,-1.19,100,0,3744.6,60,-0.0576,0
2/4/20 5:14,302.666666666667,302.625,0,0,4730.9,20.35,0,0,1.8,0,1877,0,0,532.241115,59.6623155,0.081880575,0,6.9750578,-1.19,100,0,3744.6,60,-0.0576,0
2/4/20 5:19,302.75,302.708333333333,0,0,4730.9,20.35,0,0,1.8,0,1877,0,0,532.44877,59.59651725,0.08248555,0,6.9743111,-1.19,100,0,3744.6,60,-0.0576,0
2/4/20 5:24,302.833333333333,302.791666666667,0,0,4730.9,20.35,0,0,1.8,0,1877,0,0,532.010115,59.595,0.082327775,0,6.9730289,-1.19,100,0,3744.6,60,-0.0576,0
2/4/20 5:29,302.916666666667,302.875,0,0,4730.9,20.35,0,0,1.8,0,1877,0,0,532,59.595,0.082696125,0,6.973,-1.19,100,0,3744.6,60,-0.0576,0
2/4/20 5:34,303,302.958333333333,0,0,4730.9,20.35,0,0,1.8,0,1877,0,0,532,59.595,0.082765525,0,6.973,-1.19,100,0,3744.6,60,-0.05980448,0
2/4/20 5:39,303.083333333333,303.041666666667,0,0,4730.9,20.35,0,0,1.8,0,1877,0,0,532,59.595,0.0814117,0,6.9723111,-1.19,100,0,3744.6,60,-0.06390752,0
2/4/20 5:44,303.166666666667,303.125,0,0,4730.9,20.35,0,0,1.8,0,1877,0,0,532,59.595,0.082619425,0,6.9710289,-1.19,100,0,3744.6,60,-0.064,0
2/4/20 5:49,303.25,303.208333333333,0,0,4730.9,20.35,0,0,1.8,0,1877,0,0,532,59.63116725,0.082186675,0,6.971,-1.19,100,0,3744.6,60,-0.064,0
2/4/20 5:54,303.333333333333,303.291666666667,0,0,4730.9,20.35,0,0,1.8,0,1877,0,0,532,59.6623155,0.082492775,0,6.97065555,-1.19,100,0,3744.6,60,-0.064,0
2/4/20 5:59,303.416666666667,303.375,0,0,4730.9,20.35,0,0,1.8,0,1877,0,0,532,59.6326845,0.081983325,0,6.96932555,-1.19,100,0,3744.6,60,-0.064,0
2/4/20 6:04,303.5,303.458333333333,0,0,4730.9,20.35,0,0,1.8,0,1877,0,0,532,59.6623155,0.08222725,0,6.95666205,-1.19,100,0,3744.6,60,-0.064,0
2/4/20 6:09,303.583333333333,303.541666666667,0,0,4730.9,20.35,0,0,1.8,0,1877,0,0,531.758885,59.59651725,0.083760525,0,6.94029915,-1.19,100,0,3744.6,60,-0.064,0
2/4/20 6:14,303.666666666667,303.625,0,0,4730.9,20.35,0,0,1.8,0,1877,0,0,531.55123,59.63116725,0.083045575,0,6.94845325,-1.19,100,0,3744.6,60,-0.064,0
2/4/20 6:19,303.75,303.708333333333,0,0,4730.9,20.35,0,0,1.8,0,1877,0,0,531.989885,59.6623155,0.083978325,0,6.94870335,-1.19,100,0,3744.6,60,-0.064,0
2/4/20 6:24,303.833333333333,303.791666666667,0,0,4730.9,20.35,0,0,1.8,0,1877,0,0,531.758885,59.59651725,0.084,0,6.9485933,-1.19,100,0,3744.6,60,-0.064,0
2/4/20 6:29,303.916666666667,303.875,0,0,4730.9,20.35,0,0,1.8,0,1877,0,0,531.55123,59.595,0.08365555,0,6.9467467,-1.19,100,0,3744.6,60,-0.064,0
2/4/20 6:34,304,303.958333333333,0,0,4730.9,20.35,0,0,1.8,0,1877,0,0,531.989885,59.63116725,0.083531125,0,6.9493489,-1.19,100,0,3744.6,60,-0.064,0
2/4/20 6:39,304.083333333333,304.041666666667,0,0,4730.9,20.35,0,0,1.8,0,1877,0,0,532,59.6623155,0.084478325,0,6.9519422,-1.19,100,0,3744.6,60,-0.064,0
2/4/20 6:44,304.166666666667,304.125,0,0,4730.9,20.35,0,0,1.8,0,1877,0,0,532,59.59651725,0.0838111,0,6.95096665,-1.19,100,0,3744.6,60,-0.064,0
2/4/20 6:49,304.25,304.208333333333,0,0,4730.9,20.35,0,0,1.8,0,1877,0,0,532,59.615667,0.08287335,0,6.94801,-1.19,100,0,3744.6,60,-0.064,0
2/4/20 6:54,304.333333333333,304.291666666667,0,0,4730.9,20.35,0,0,1.8,0,1877,0,0,531.758885,59.6437995,0.082624425,0,6.9477656,-1.19,100,0,3744.6,60,-0.064,0
2/4/20 6:59,304.416666666667,304.375,0,0,4730.9,20.35,0,0,1.8,0,1877,0,0,531.310115,59.6151,0.081380575,0,6.95023885,-1.19,100,0,3744.6,60,-0.064,0
2/4/20 7:04,304.5,304.458333333333,0,0,4730.9,20.35,0,0,1.8,0,1877,0,0,531.3,59.5954335,0.081124425,0,6.9504067,-1.19,100,0,3744.6,60,-0.064,0
2/4/20 7:09,304.583333333333,304.541666666667,0,0,4730.9,20.35,0,0,1.8,0,1877,0,0,531.541115,59.595,0.079880575,0,6.9515644,-1.19,100,0,3744.6,60,-0.064,0
2/4/20 7:14,304.666666666667,304.625,0,0,4730.9,20.35,0,0,1.8,0,1877,0,0,531.74877,59.595,0.0815189,0,6.95146895,-1.19,100,0,3744.6,60,-0.064,0
2/4/20 7:19,304.75,304.708333333333,0,0,4730.9,20.35,0,0,1.8,0,1877,0,0,531.310115,59.63116725,0.08345665,0,6.97036575,-1.19,100,0,3744.6,60,-0.064,0
2/4/20 7:24,304.833333333333,304.791666666667,0,0,4730.9,20.35,0,0,1.8,0,1877,0,0,531.3,59.6623155,0.0835,0,6.99704865,-1.19,100,0,3744.6,60,-0.064,0
2/4/20 7:29,304.916666666667,304.875,0,0,4730.9,20.35,0,0,1.8,0,1877,0,0,531.3,59.622351,0.08246665,0,6.9959811,-1.19,100,0,3744.6,60,-0.064,0
2/4/20 7:34,305,304.958333333333,0,0,4730.9,20.35,0,0,1.8,0,1877,0,0,531.541115,59.6430825,0.0815767,0,6.9950767,-1.19,100,0,3744.6,60,-0.064,0
2/4/20 7:39,305.083333333333,305.041666666667,0,0,4730.9,20.35,0,0,1.8,0,1877,0,0,531.74877,59.59608375,0.082595525,0,6.9793897,-1.19,100,0,3744.6,60,-0.064,0
2/4/20 7:44,305.166666666667,305.125,0,0,4730.9,20.35,0,0,1.8,0,1877,0,0,531.310115,59.595,0.082413925,0,6.94742585,-1.19,100,0,3744.6,60,-0.064,0
2/4/20 7:49,305.25,305.208333333333,0,0,4730.9,20.35,0,0,1.8,0,1877,0,0,531.3,59.63116725,0.08390885,0,6.9479711,-1.19,100,0,3744.6,60,-0.064,0
2/4/20 7:54,305.333333333333,305.291666666667,0,0,4730.9,20.35,0,0,1.8,0,1877,0,0,531.3,59.6623155,0.0823878,0,6.94834445,-1.19,100,0,3744.6,60,-0.064,0
2/4/20 7:59,305.416666666667,305.375,0,0,4730.9,20.35,0,0,1.8,0,1877,0,0,531.3,59.6326845,0.082813325,0,6.94898555,-1.19,100,0,3744.6,60,-0.064,0
2/4/20 8:04,305.5,305.458333333333,0,0,4730.9,20.35,0,0,1.8,0,1877,0,0,531.3,59.69848275,0.082851675,0,6.9496889,-1.19,100,0,3744.6,60,-0.064,0
2/4/20 8:09,305.583333333333,305.541666666667,0,0,4730.9,20.35,0,0,1.8,0,1877,0,0,531.3,59.68449975,0.083657775,0,6.9502822,-1.19,100,0,3744.6,60,-0.064,0
2/4/20 8:14,305.666666666667,305.625,0,0,4730.9,20.35,0,0,1.8,0,1877,0,0,531.058885,59.63498325,0.0834761,0,6.9490289,-1.19,100,0,3744.6,60,-0.064,0
2/4/20 8:19,305.75,305.708333333333,0,0,4730.9,20.35,0,0,1.8,0,1877,0,0,530.610115,59.595867,0.082866125,0,6.94865555,-1.19,100,0,3744.6,60,-0.064,0
2/4/20 8:24,305.833333333333,305.791666666667,0,0,4730.9,20.35,0,0,1.8,0,1877,0,0,530.6,59.595,0.081591075,0,6.94870335,-1.19,100,0,3744.6,60,-0.064,0
2/4/20 8:29,305.916666666667,305.875,0,0,4730.9,20.35,0,0,1.8,0,1877,0,0,530.6,59.63116725,0.07997395,0,6.94962665,-1.19,100,0,3744.6,60,-0.064,0
2/4/20 8:34,306,305.958333333333,0,0,4730.9,20.35,0,0,1.8,0,1877,0,0,530.841115,59.6623155,0.08290385,0,6.94970335,-1.19,100,0,3744.6,60,-0.064,0
2/4/20 8:39,306.083333333333,306.041666666667,0,0,4730.9,20.35,0,0,1.8,0,1877,0,0,531.049571046512,59.6325643430233,8.25E-02,0,6.94994118305648,-1.19,100,0,3744.6,60,-0.064,0
2/4/20 8:44,306.166666666667,306.125,0,0,4730.9,20.35,0,0,1.8,0,1877,0,0,530.610480620155,59.6625505736434,8.40E-02,0,6.94667816138797,-1.19,100,0,3744.6,60,-0.064,0
2/4/20 8:49,306.25,306.208333333333,0,0,4730.9,20.35,0,0,1.8,0,1877,0,0,530.6,59.622204,8.41E-02,0,6.94576853333333,-1.19,100,0,3744.6,60,-0.064,0
2/4/20 8:54,306.333333333333,306.291666666667,0,0,4730.9,20.35,0,0,1.8,0,1877,0,0,530.360817777778,59.679124,8.19E-02,0,6.94994995555555,-1.19,100,0,3744.6,60,-0.064,0
2/4/20 8:59,306.416666666667,306.375,0,0,4730.9,20.35,0,0,1.8,0,1877,0,0,529.910515555555,59.6995493333333,8.16E-02,0,6.95127155555556,-1.19,100,0,3744.6,60,-0.064,0
2/4/20 9:04,306.5,306.458333333333,0,0,4730.9,20.35,0,0,1.8,0,1877,0,0,529.9,59.6897493333333,8.28E-02,0,6.95037173333333,-1.19,100,0,3744.6,60.0358773333333,-0.064,0
2/4/20 9:09,306.583333333333,306.541666666667,0,0,4730.9,20.35,0,0,1.8,0,1877,0,0,529.9,59.6807013333333,8.36E-02,0,6.9503016,-1.19,100,0,3744.6,60.0675453333333,-0.064,0
2/4/20 9:14,306.666666666667,306.625,0,0,4730.9,20.35,0,0,1.8,0,1877,0,0,529.9,59.6841733333333,8.50E-02,0,6.94903004444444,-1.19,100,0,3744.6,60.0015773333333,-0.064,0
2/4/20 9:19,306.75,306.708333333333,0,0,4730.9,20.35,0,0,1.8,0,1877,0,0,529.9,59.6044226666667,8.15E-02,0,6.95070844444444,-1.19,100,0,3744.6,60,-0.064,0
2/4/20 9:24,306.833333333333,306.791666666667,0,0,4730.9,20.35,0,0,1.8,0,1877,0,0,529.9,59.5380053333333,0.0827916,0,6.95221644444444,-1.19,100,0,3744.6,60,-0.064,0
2/4/20 9:29,306.916666666667,306.875,0,0,4730.9,20.35,0,0,1.8,0,1877,0,0,529.9,59.6295253333333,8.20E-02,0,6.9494168,-1.19,100,0,3744.6,60,-0.064,0
2/4/20 9:34,307,306.958333333333,0,0,4730.9,20.35,0,0,1.8,0,1877,0,0,529.660817777778,59.6625453333333,8.14E-02,0,6.95032666666667,-1.19,100,0,3744.6,60,-0.064,0
2/4/20 9:39,307.083333333333,307.041666666667,0,0,4730.9,20.35,0,0,1.8,0,1877,0,0,529.210515555556,59.5965773333333,8.18E-02,0,6.9503016,-1.19,100,0,3744.6,60,-0.064,0
2/4/20 9:44,307.166666666667,307.125,0,0,4730.9,20.35,0,0,1.8,0,1877,0,0,529.439182222222,59.564248,8.17E-02,0,6.94903004444444,-1.19,100,0,3744.6,60,-0.064,0
2/4/20 9:49,307.25,307.208333333333,0,0,4730.9,20.35,0,0,1.8,0,1877,0,0,529.889484444444,59.537104,8.18E-02,0,6.949,-1.19,100,0,3744.6,60,-0.064,0
2/4/20 9:54,307.333333333333,307.291666666667,0,0,4730.9,20.35,0,0,1.8,0,1877,0,0,529.9,59.593648,8.22E-02,0,6.94797493333333,-1.19,100,0,3744.6,60,-0.064,0
2/4/20 9:59,307.416666666667,307.375,0,0,4730.9,20.35,0,0,1.8,0,1877,0,0,529.9,59.564248,8.30E-02,0,6.94672844444445,-1.19,100,0,3744.6,60,-0.064,0
2/4/20 10:04,307.5,307.458333333333,0,0,4730.9,20.35,0,0,1.8,0,1877,0,0,529.9,59.537104,8.22E-02,0,6.94899502222222,-1.19,100,0,3744.6,60,-0.064,0
2/4/20 10:09,307.583333333333,307.541666666667,0,0,4730.9,20.35,0,0,1.8,0,1877,0,0,529.9,59.5680213333333,8.20E-02,0,6.94992986666667,-1.19,100,0,3744.6,60,-0.064,0
2/4/20 10:14,307.666666666667,307.625,0,0,4730.9,20.35,0,0,1.8,0,1877,0,0,529.9,59.5467533333333,8.15E-02,0,6.94838675555556,-1.19,100,0,3744.6,60,-0.064,0
2/4/20 10:19,307.75,307.708333333333,0,0,4730.9,20.35,0,0,1.8,0,1877,0,0,529.9,59.5631213333333,8.28E-02,0,6.94932666666667,-1.19,100,0,3744.6,60,-0.064,0
2/4/20 10:24,307.833333333333,307.791666666667,0,0,4730.9,20.35,0,0,1.8,0,1877,0,0,529.9,59.537104,8.37E-02,0,6.95032666666667,-1.19,100,0,3744.6,60,-6.62E-02,0
2/4/20 10:29,307.916666666667,307.875,0,0,4730.9,20.35,0,0,1.8,0,1877,0,0,530.139182222222,59.593648,8.38E-02,0,6.95132666666667,-1.19,100,0,3744.6,60,-6.81E-02,0
2/4/20 10:34,308,307.958333333333,0,0,4730.9,20.35,0,0,1.8,0,1877,0,0,530.350302222222,59.595,8.27E-02,0,6.95095991111111,-1.19,100,0,3744.6,60,-6.41E-02,0
2/4/20 10:39,308.083333333333,308.041666666667,0,0,4730.9,20.35,0,0,1.8,0,1877,0,0,529.910515555555,59.564248,8.05E-02,0,6.94870337777778,-1.19,100,0,3744.6,60,-0.064,0
2/4/20 10:44,308.166666666667,308.125,0,0,4730.9,20.35,0,0,1.8,0,1877,0,0,529.9,59.5114773333333,8.09E-02,0,6.94904008888889,-1.19,100,2.47333333333333,3744.6,60,-0.064,0
2/4/20 10:49,308.25,308.208333333333,0,0,4730.9,20.35,0,0,1.8,0,1877,0,0,529.9,59.5454013333333,8.33E-02,0,6.95061324444445,-1.19,100,4,3744.6,60,-6.62E-02,0
2/4/20 10:54,308.333333333333,308.291666666667,0,0,4730.9,20.35,0,0,1.8,0,1877,0,0,529.9,59.5631213333333,0.0833492,0,6.95035671111111,-1.19,100,4,3744.6,60,-6.81E-02,0
2/4/20 10:59,308.416666666667,308.375,0,0,4730.9,20.35,0,0,1.8,0,1877,0,0,529.9,59.537001833887,8.25E-02,0,6.94996331664821,-1.19,100,4,3744.6,60,-6.63E-02,0
2/4/20 11:04,308.5,308.458333333333,0,0,4730.9,20.35,0,0,1.8,0,1877,0,0,529.9,59.593600166113,8.04E-02,0,6.96499360557401,-1.19,100,4,3744.6,60,-6.81E-02,0
2/4/20 11:09,308.583333333333,308.541666666667,0,0,4730.9,20.35,0,0,1.8,0,1877,0,0,529.9,59.5644955,8.16E-02,0,6.99586396666667,-1.19,100,4,3744.6,60,-6.63E-02,0
2/4/20 11:14,308.666666666667,308.625,0,0,4730.9,20.35,0,0,1.8,0,1877,0,0,529.9,59.536909,8.15E-02,0,6.99338454444444,-1.19,100,4,3744.6,60,-7.03E-02,0
2/4/20 11:19,308.75,308.708333333333,0,0,4730.9,20.35,0,0,1.8,0,1877,0,0,529.9,59.5935955,8.20E-02,0,6.99203121111111,-1.19,100,4,3744.6,60,-6.82E-02,0
2/4/20 11:24,308.833333333333,308.791666666667,0,0,4730.9,20.35,0,0,1.8,0,1877,0,0,529.9,59.595,8.09E-02,0,6.99166106111111,-1.19,100,4,3744.6,60,-6.63E-02,0
2/4/20 11:29,308.916666666667,308.875,0,0,4730.9,20.35,0,0,1.8,0,1877,0,0,529.9,59.6305885833333,8.17E-02,0,6.99237136111111,-1.19,100,4,3744.6,60,-7.03E-02,0
2/4/20 11:34,309,308.958333333333,0,0,4730.9,20.35,0,0,1.8,0,1877,0,0,529.9,59.6627728333333,8.29E-02,0,6.99459863888889,-1.19,100,4,3744.6,60,-6.82E-02,0
2/4/20 11:39,309.083333333333,309.041666666667,0,0,4730.9,20.35,0,0,1.8,0,1877,0,0,529.9,59.5966385833333,8.17E-02,0,6.99401560555556,-1.19,100,4,3744.6,60,-6.63E-02,0
2/4/20 11:44,309.166666666667,309.125,0,0,4730.9,20.35,0,0,1.8,0,1877,0,0,529.9,59.5899159166667,8.28E-02,0,6.9756973,-1.19,100,4,3744.6,60,-7.03E-02,0
2/4/20 11:49,309.25,309.208333333333,0,0,4730.9,20.35,0,0,1.8,0,1877,0,0,530.137257222222,59.5548136666667,8.25E-02,0,6.94389315,-1.19,100,4,3744.6,60,-6.82E-02,0
2/4/20 11:54,309.333333333333,309.291666666667,0,0,4730.9,20.35,0,0,1.8,0,1877,0,0,530.351818888889,59.5061704166667,8.30E-02,0,6.94885955,-1.19,100,4,3744.6,60,-6.41E-02,0
2/4/20 11:59,309.416666666667,309.375,0,0,4730.9,20.35,0,0,1.8,0,1877,0,0,529.910923888889,59.5355045,8.28E-02,0,6.94967787777778,-1.19,100,4,3744.6,60,-6.62E-02,0
2/4/20 12:04,309.5,309.458333333333,0,0,4730.9,20.35,0,0,1.8,0,1877,0,0,529.9,59.5935955,8.16E-02,0,6.95029091111111,-1.19,100,4,3744.6,59.9745795833333,-7.03E-02,0
2/4/20 12:09,309.583333333333,309.541666666667,0,0,4730.9,20.35,0,0,1.8,0,1877,0,0,530.137257222222,59.595,0.082944775,0,6.94903121111111,-1.19,100,4,3744.6,59.9515908333333,-6.82E-02,0
2/4/20 12:14,309.666666666667,309.625,0,0,4730.9,20.35,0,0,1.8,0,1877,0,0,530.351818888889,59.595,8.25E-02,0,6.949,-1.19,100,4,3744.6,59.9886614166667,-6.63E-02,0
2/4/20 12:19,309.75,309.708333333333,0,0,4730.9,20.35,0,0,1.8,0,1877,0,0,529.910923888889,59.595,8.28E-02,0,6.94933893888889,-1.19,100,4,3744.6,59.9806363333333,-7.03E-02,0
2/4/20 12:24,309.833333333333,309.791666666667,0,0,4730.9,20.35,0,0,1.8,0,1877,0,0,529.9,59.6305885833333,8.14E-02,0,6.94930651666667,-1.19,100,4,3744.6,59.9995318333333,-0.0704,0
2/4/20 12:29,309.916666666667,309.875,0,0,4730.9,20.35,0,0,1.8,0,1877,0,0,529.9,59.6627728333333,0.08185515,0,6.94837015,-1.19,100,4,3744.6,60,-0.0704,0
2/4/20 12:34,310,309.958333333333,0,0,4730.9,20.35,0,0,1.8,0,1877,0,0,529.9,59.5966385833333,8.31E-02,0,6.94864545555556,-1.19,100,4,3744.6,60,-0.0704,0
2/4/20 12:39,310.083333333333,310.041666666667,0,0,4730.9,20.35,0,0,1.8,0,1877,0,0,529.9,59.595,8.29E-02,0,6.94835454444444,-1.19,100,4,3744.6,60,-0.0704,0
2/4/20 12:44,310.166666666667,310.125,0,0,4730.9,20.35,0,0,1.8,0,1877,0,0,529.662742777778,59.595,8.30E-02,0,6.94966227222222,-1.19,100,4,3744.6,60,-0.0704,0
2/4/20 12:49,310.25,310.208333333333,0,0,4730.9,20.35,0,0,1.8,0,1877,0,0,529.210923888889,59.595,8.25E-02,0,6.94995197222222,-1.19,100,4,3744.6,60,-0.0704,0
2/4/20 12:54,310.333333333333,310.291666666667,0,0,4730.9,20.35,0,0,1.8,0,1877,0,0,529.2,59.595,0.082459775,0,6.94838575555556,-1.19,100,4,3744.6,60,-0.0704,0
2/4/20 12:59,310.416666666667,310.375,0,0,4730.9,20.35,0,0,1.8,0,1877,0,0,529.437257222222,59.595,0.081055225,0,6.94864545555556,-1.19,100,4,3744.6,60,-0.0704,0
2/4/20 13:04,310.5,310.458333333333,0,0,4730.9,20.35,0,0,1.8,0,1877,0,0,529.889076111111,59.595,0.082485,0,6.94903242222222,-1.19,100,4,3744.6,60,-0.0704,0
2/4/20 13:09,310.583333333333,310.541666666667,0,0,4730.9,20.35,0,0,1.8,0,1877,0,0,529.9,59.595,8.30E-02,0,6.95095318333333,-1.19,100,4,3744.6,60,-0.0704,0
2/4/20 13:14,310.666666666667,310.625,0,0,4730.9,20.35,0,0,1.8,0,1877,0,0,529.9,59.630301,0.082528519269103,0,6.9503276,-1.19,100,4,3744.6,60,-0.0704,0
2/4/20 13:19,310.75,310.708333333333,0,0,4730.9,20.35,0,0,1.8,0,1877,0,0,529.9,59.662998,0.0828033,0,6.9493686,-1.19,100,4,3744.6,60,-0.0704,0
2/4/20 13:24,310.833333333333,310.791666666667,0,0,4730.9,20.35,0,0,1.8,0,1877,0,0,529.9,59.596701,0.0818686,0,6.952001,-1.19,100,4,3744.6,60,-0.0704,0
2/4/20 13:29,310.916666666667,310.875,0,0,4730.9,20.35,0,0,1.8,0,1877,0,0,529.9,59.630301,0.0829881,0,6.956239,-1.19,100,4,3744.6,60,-0.0704,0
2/4/20 13:34,311,310.958333333333,0,0,4730.9,20.35,0,0,1.8,0,1877,0,0,529.9,59.698299,0.0839757,0,6.9559752,-1.19,100,4,3744.6,60,-0.0704,0
2/4/20 13:39,311.083333333333,311.041666666667,0,0,4730.9,20.35,0,0,1.8,0,1877,0,0,529.9,59.664699,0.0836638,0,6.9540486,-1.19,100,4,3744.6,60,-0.0704,0
2/4/20 13:44,311.166666666667,311.125,0,0,4730.9,20.35,0,0,1.8,0,1877,0,0,529.66466,59.632002,0.0836886,0,6.9533276,-1.19,100,4,3744.6,60,-0.0704,0
2/4/20 13:49,311.25,311.208333333333,0,0,4730.9,20.35,0,0,1.8,0,1877,0,0,529.21134,59.662998,0.0836228,0,6.9516962,-1.19,100,4,3744.6,60,-0.0704,0
2/4/20 13:54,311.333333333333,311.291666666667,0,0,4730.9,20.35,0,0,1.8,0,1877,0,0,529.43534,59.596701,0.081401,0,6.9493352,-1.19,100,4,3744.6,60,-0.0704,0
2/4/20 13:59,311.416666666667,311.375,0,0,4730.9,20.35,0,0,1.8,0,1877,0,0,529.65332,59.595,0.0828243,0,6.9470896,-1.19,100,4,3744.6,60,-0.0704,0
2/4/20 14:04,311.5,311.458333333333,0,0,4730.9,20.35,0,0,1.8,0,1877,0,0,529.44668,59.630301,0.0842914,0,6.94996,-1.19,100,4,3744.6,60,-0.0704,0
2/4/20 14:09,311.583333333333,311.541666666667,0,0,4730.9,20.35,0,0,1.8,0,1877,0,0,529.65332,59.662998,0.0840081,0,6.951279,-1.19,100,4,3744.6,60,-0.0704,0
2/4/20 14:14,311.666666666667,311.625,0,0,4730.9,20.35,0,0,1.8,0,1877,0,0,529.44668,59.632002,0.0838319,0,6.9503686,-1.19,100,4,3744.6,60,-0.0704,0
2/4/20 14:19,311.75,311.708333333333,0,0,4730.9,20.35,0,0,1.8,0,1877,0,0,529.65332,59.698299,0.0835081,0,6.9503114,-1.19,100,4,3744.6,60,-0.0704,0
2/4/20 14:24,311.833333333333,311.791666666667,0,0,4730.9,20.35,0,0,1.8,0,1877,0,0,529.44668,59.7,0.0833319,0,6.9486962,-1.19,100,4,3744.6,60,-0.0704,0
2/4/20 14:29,311.916666666667,311.875,0,0,4730.9,20.35,0,0,1.8,0,1877,0,0,529.88866,59.7,0.0821676,0,6.9490248,-1.19,100,4,3744.6,60,-0.0704,0
2/4/20 14:34,312,311.958333333333,0,0,4730.9,20.35,0,0,1.8,0,1877,0,0,529.9,59.664699,0.0807086,0,6.9499428,-1.19,100,4,3744.6,60,-0.0704,0
2/4/20 14:39,312.083333333333,312.041666666667,0,0,4730.9,20.35,0,0,1.8,0,1877,0,0,529.9,59.616873,0.0809919,0,6.9483848,-1.19,100,4,3744.6,60,-0.0704,0
2/4/20 14:44,312.166666666667,312.125,0,0,4730.9,20.35,0,0,1.8,0,1877,0,0,530.13534,59.633856,0.0815043,0,6.9489838,-1.19,100,4,3744.6,60,-0.0704,0
2/4/20 14:49,312.25,312.208333333333,0,0,4730.9,20.35,0,0,1.8,0,1877,0,0,530.35332,59.595972,0.0818033,0,6.9486638,-1.19,100,4,3744.6,60,-0.0704,0
2/4/20 14:54,312.333333333333,312.291666666667,0,0,4730.9,20.35,0,0,1.8,0,1877,0,0,529.91134,59.766462,0.0812048,0,6.9456628,-1.19,187,4,3744.6,59.964699,-0.0704,0
2/4/20 14:59,312.416666666667,312.375,0,0,4730.9,20.35,0,0,1.8,0,1877,0,0,529.9,59.995878,0.0828038,0,6.943803,-1.19,300,4,3744.6,59.932002,-0.07255168,0
2/4/20 15:04,312.5,312.458333333333,0,0,4730.9,20.35,0,0,1.8,0,1877,0,0,529.66466,59.436678,3.93E-02,0,6.43841120645161,-1.361462,161.5,4,3744.6,56.141424,-1.48338432,0
2/4/20 15:09,312.583333333333,312.541666666667,0,0,4730.9,20.35,0,0,1.8,0,1877,0,0,529.44668,58.1853513950178,0,0,4.87165419354839,-1.832942,0,4,3744.6,31.1228989130435,-13.8432,0
2/4/20 15:14,312.666666666667,312.625,0,0,4730.9,20.35,0,0,1.8,0,1877,0,0,529.88866,56.6851042511916,0,0,4.81684523809524,-2.146816,0,4,3744.6,24.0932030100334,-13.8432,0
2/4/20 15:19,312.75,312.708333333333,0,0,4730.9,20.35,0,0,1.8,0,1877,0,0,529.66466,55.1980193537906,0,0,5.05317076190476,-2.225104,0,4,3744.6,22.7856620769231,-13.8432,0
2/4/20 15:24,312.833333333333,312.791666666667,0,0,4730.9,20.35,0,0,1.8,0,1877,0,0,529.21134,53.785359,0,0,3.63273875,-2.239676,0,4,3744.6,22.506561,-13.8432,0
2/4/20 15:29,312.916666666667,312.875,0,0,4730.9,20.35,0,0,1.8,0,1877,0,0,529.2,52.487157,0,0,2.33334258333333,-2.24,0,4,3744.6,22.5,-13.8432,0
2/4/20 15:34,313,312.958333333333,0,0,4730.9,20.35,0,0,1.8,0,1877,0,0,529.2,51.217701,0,0,1.55494488888889,-2.24,0,4,3744.6,22.5,-13.8408180664207,0
2/4/20 15:39,313.083333333333,313.041666666667,0,0,4730.9,20.35,0,0,1.8,0,1877,0,0,529.43534,50.005914,0,0,0.552286555555555,-2.24,0,4,3744.6,22.535301,-3.215864600246,0
2/4/20 15:44,313.166666666667,313.125,0,0,4730.9,20.35,0,0,1.8,0,1877,0,0,529.41798,48.811701,0,0,-0.928192111111111,-2.24,0,4,3744.6,22.603299,-2.08614568421053,0
2/4/20 15:49,313.25,313.208333333333,0,0,4730.9,20.35,0,1.85223993333333,1.8,0,1877,0,0,528.52268,47.710215,0,0,-1.83340474358974,-2.24,295.5,4,3744.6,22.605,-0.259982955789474,0
2/4/20 15:54,313.333333333333,313.291666666667,0,0,4730.9,20.35,0,1.8742729,1.8,0,1877,0,0,528.5,46.679172,0,0,-2.18032632307692,-2.236638,300,4,3744.6,22.635258,-0.26260736,0
2/4/20 15:59,313.416666666667,313.375,0,0,4730.9,20.35,0,1.8715319,1.8,0,1877,0,0,528.5,45.683157,0,0,-2.193797,-2.230162,300,4,3744.6,22.728843,-0.26024832,0
2/4/20 16:04,313.5,313.458333333333,0,0,4730.9,20.35,0,1.8695486,1.8,0,1877,0,0,528.5,44.713701,0,0,-2.1900314,-2.223276,300,4,3744.6,22.863858,-0.25610368,0
2/4/20 16:09,313.583333333333,313.541666666667,0,0,4730.9,20.35,0,1.8695,1.8,0,1877,0,0,528.73534,43.847301,0,0,-2.1850886,-2.210324,300,4,3744.6,23.027142,-0.256,0
2/4/20 16:14,313.666666666667,313.625,0,0,4730.9,20.35,0,1.8689957,1.8,0,1877,0,0,528.95332,43.045557,0,0,-2.18204,-2.206638,300,4,3744.6,23.1336,-0.256,0
2/4/20 16:19,313.75,313.708333333333,0,0,4730.9,20.35,0,1.8680243,1.8,0,1877,0,0,528.51134,42.240843,0,0,-2.1800486,-2.200162,300,4,3744.6,23.203299,-0.256,0
2/4/20 16:24,313.833333333333,313.791666666667,0,0,4730.9,20.35,0,1.8686724,1.8,0,1877,0,0,528.5,41.475858,0,0,-2.1786552,-2.2,300,4,3744.6,23.235258,-0.256,0
2/4/20 16:29,313.916666666667,313.875,0,0,4730.9,20.35,0,1.868959,1.8,0,1877,0,0,528.73534,40.774443,0,0,-2.1760648,-2.2,300,4,3744.6,23.293542,-0.256,0
2/4/20 16:34,314,313.958333333333,0,0,4730.9,20.35,0,1.8672167,1.8,0,1877,0,0,529.18866,40.079157,0,0,-2.1773448,-2.2,300,4,3744.6,23.264742,-0.256,0
2/4/20 16:39,314.083333333333,314.041666666667,0,0,4730.9,20.35,0,1.8671557,1.8,0,1877,0,0,528.96466,39.409701,0,0,-2.1775818,-2.196638,300,4,3744.6,23.272017,-0.256,0
2/4/20 16:44,314.166666666667,314.125,0,0,4730.9,20.35,0,1.8663481,1.8,0,1877,0,0,528.74668,38.808,0,0,-2.1754668,-2.193524,300,4,3744.6,23.331282,-0.256,0
2/4/20 16:49,314.25,314.208333333333,0,0,4730.9,20.35,0,1.8661762,1.8,0,1877,0,0,528.95332,38.208,0,0,-2.1785418,-2.199838,300,4,3744.6,23.238417,-0.256,0
2/4/20 16:54,314.333333333333,314.291666666667,0,0,4730.9,20.35,0,1.8663238,1.8,0,1877,0,0,528.51134,37.643301,0,0,-2.1750562,-2.196638,300,4,3744.6,23.328843,-0.25815168,0
2/4/20 16:59,314.416666666667,314.375,0,0,4730.9,20.35,0,1.8663443,1.8,0,1877,0,0,528.73534,37.111299,0,0,-2.175402,-2.193524,300,4,3744.6,23.33274,-0.26229632,0
2/4/20 17:04,314.5,314.458333333333,0,0,4730.9,20.35,0,1.8668157,1.8,0,1877,0,0,529.18866,36.543258,0,0,-2.1785418,-2.199838,300,4,3744.6,23.238417,-0.2624,0
2/4/20 17:09,314.583333333333,314.541666666667,0,0,4730.9,20.35,0,1.8671805,1.8,0,1877,0,0,529.2,36.036843,0,0,-2.1784182,-2.203362,300,4,3744.6,23.227983,-0.2624,0
2/4/20 17:14,314.666666666667,314.625,0,0,4730.9,20.35,0,1.8676271,1.8,0,1877,0,0,529.2,35.5416,0,0,-2.1838952,-2.209838,300,4,3744.6,23.067858,-0.2624,0
2/4/20 17:19,314.75,314.708333333333,0,0,4730.9,20.35,0,1.8663767,1.8,0,1877,0,0,529.2,35.041557,0,0,-2.18696,-2.213362,300,4,3744.6,22.966443,-0.2624,0
2/4/20 17:24,314.833333333333,314.791666666667,0,0,4730.9,20.35,0,1.8669838,1.8,0,1877,0,0,529.2,34.5725796079734,0,0,-2.19196714750831,-2.22653966112957,300,4,3744.6,22.8059330830565,-0.2624,0
2/4/20 17:29,314.916666666667,314.875,0,0,4730.9,20.35,0,1.86683326388889,1.8,0,1877,0,0,529.2,34.1764761420266,0,0,-2.13660868645396,-2.2396650055371,300,4,3744.6,22.5750103336102,-0.2624,0
2/4/20 17:34,315,314.958333333333,0,0,4730.9,20.35,0,1.86667513888889,1.8,0,1877,0,0,529.2,33.77175,0,0,-1.89601478478774,-2.24333472222222,300,4,3744.6,22.4367375,-0.2624,0
2/4/20 17:39,315.083333333333,315.041666666667,0,0,4730.9,20.35,0,1.86782527777778,1.8,0,1877,0,0,529.433430555556,33.3717520833333,0,0,-1.62793285021552,-2.25650138888889,300,4,3744.6,22.2082354166667,-0.2624,0
2/4/20 17:44,315.166666666667,315.125,0,0,4730.9,20.35,0,1.86945798611111,1.8,0,1877,0,0,529.888236111111,33.0115125,0,0,-1.40518195990587,-2.26632916666667,300,4,3744.6,22.0350520833333,-0.2624,0
2/4/20 17:49,315.25,315.208333333333,0,0,4730.9,20.35,0,1.867999375,1.8,0,1877,0,0,529.9,32.6749854166667,0,0,-1.26882443959708,-2.26350277777778,300,4,3744.6,22.0187145833333,-0.2624,0
2/4/20 17:54,315.333333333333,315.291666666667,0,0,4730.9,20.35,0,1.86590930555556,1.8,0,1877,0,0,529.9,32.3067645833333,0,0,-1.12140448024948,-2.27316666666667,300,4,3744.6,21.8379979166667,-0.2624,0
2/4/20 17:59,315.416666666667,315.375,0,0,4730.9,20.35,0,1.86745798611111,1.8,0,1877,0,0,529.433138888889,32.005,0,0,-0.967975975332684,-2.28316666666667,300,4,3744.6,21.6732625,-0.2624,0
2/4/20 18:04,315.5,315.458333333333,0,0,4730.9,20.35,0,1.86816694444444,1.8,0,1877,0,0,528.756958333333,31.6699854166667,0,0,-0.81989515361927,-2.28983194444444,300,4,3744.6,21.56675,-0.2624,0
2/4/20 18:09,315.583333333333,315.541666666667,0,0,4730.9,20.35,0,1.86946638888889,1.8,0,1877,0,0,529.188236111111,31.3017645833333,0,0,-0.672669017568193,-2.29,300,4,3744.6,21.4967645833333,-0.2624,0
2/4/20 18:14,315.666666666667,315.625,0,0,4730.9,20.35,0,1.86849958333333,1.8,0,1877,0,0,529.2,31,0,0,-0.54348231411863,-2.29,300,4,3744.6,21.495,-0.2624,0
2/4/20 18:19,315.75,315.708333333333,0,0,4730.9,20.35,0,1.86755083333333,1.8,0,1877,0,0,529.2,30.7,0,0,-0.421695632309942,-2.29,300,4,3744.6,21.495,-0.2624,0
2/4/20 18:24,315.833333333333,315.791666666667,0,0,4730.9,20.35,0,1.868949375,1.8,0,1877,0,0,529.2,30.4350145833333,0,0,-0.303429961043361,-2.29,300,4,3744.6,21.495,-0.264534222222222,0
2/4/20 18:29,315.916666666667,315.875,0,0,4730.9,20.35,0,1.86852541666667,1.8,0,1877,0,0,529.2,30.2032354166667,0,0,-0.185775221248306,-2.28666527777778,300,4,3744.6,21.5650291666667,-0.268692444444444,0
2/4/20 18:34,316,315.958333333333,0,0,4730.9,20.35,0,1.86947479166667,1.8,0,1877,0,0,529.2,29.9400145833333,0,0,-0.075822523086584,-2.27683333333333,300,4,3744.6,21.8015125,-0.2688,0
2/4/20 18:39,316.083333333333,316.041666666667,0,0,4730.9,20.35,0,1.8695,1.8,0,1877,0,0,529.2,29.7082354166667,0,0,3.62E-02,-2.26683333333333,300,4,3744.6,22.0299708333333,-0.2688,0
2/4/20 18:44,316.166666666667,316.125,0,0,4730.9,20.35,0,1.87000020833333,1.8,0,1877,0,0,529.2,29.4400125,0,0,0.150570492768439,-2.25683333333333,300,4,3744.6,22.1635166666667,-0.2688,0
2/4/20 18:49,316.25,316.208333333333,0,0,4730.9,20.35,0,1.87097479166667,1.8,0,1877,0,0,528.966569444445,29.2335020833333,0,0,0.253591774256651,-2.24683333333333,300,4,3744.6,22.3664979166667,-0.2688,0
2/4/20 18:54,316.333333333333,316.291666666667,0,0,4730.9,20.35,0,1.87016631944444,1.8,0,1877,0,0,528.745194444444,29.03825,0,0,0.338412222222222,-2.24016805555556,300,4,3744.6,22.5317375,-0.2688,0
2/4/20 18:59,316.416666666667,316.375,0,0,4730.9,20.35,0,1.86854201388889,1.8,0,1877,0,0,529.188236111111,28.8382479166667,0,0,0.400616111111111,-2.24,300,4,3744.6,22.6032354166667,-0.2688,0
2/4/20 19:04,316.5,316.458333333333,0,0,4730.9,20.35,0,1.86883347222222,1.8,0,1877,0,0,529.2,28.6335020833333,0,0,0.463018055555555,-2.23666527777778,300,4,3744.6,22.6350125,-0.2688,0
2/4/20 19:09,316.583333333333,316.541666666667,0,0,4730.9,20.35,0,1.86881625,1.8,0,1877,0,0,529.2,28.4432520833333,0,0,0.527181388888889,-2.23016805555556,300,4,3744.6,22.7285020833333,-0.2688,0
2/4/20 19:14,316.666666666667,316.625,0,0,4730.9,20.35,0,1.86870076388889,1.8,0,1877,0,0,529.2,28.2830083333333,0,0,0.578748472222222,-2.23333472222222,300,4,3744.6,22.69819375,-0.2688,0
2/4/20 19:19,316.75,316.708333333333,0,0,4730.9,20.35,0,1.87077444444444,1.8,0,1877,0,0,529.2,28.1369895833333,0,0,0.619265138888889,-2.24650138888889,300,4,3744.6,22.3699854166667,-0.2688,0
2/4/20 19:24,316.833333333333,316.791666666667,0,0,4730.9,20.35,0,1.870841875,1.8,0,1877,0,0,529.2,27.9382479166667,0,0,0.653783888888889,-2.26633333333333,300,4,3744.6,22.0017645833333,-0.2688,0
2/4/20 19:29,316.916666666667,316.875,0,0,4730.9,20.35,0,1.87081625,1.8,0,1877,0,0,529.2,27.7685166666667,0,0,0.695051805555556,-2.28299861111111,300,4,3744.6,21.7350145833333,-0.2688,0
2/4/20 19:34,317,316.958333333333,0,0,4730.9,20.35,0,1.86970034722222,1.8,0,1877,0,0,529.2,27.6364833333333,0,0,0.747167638888889,-2.28983194444444,300,4,3744.6,21.5682625,-0.2688,0
2/4/20 19:39,317.083333333333,317.041666666667,0,0,4730.9,20.35,0,1.86932465277778,1.8,0,1877,0,0,529.2,27.4685166666667,0,0,0.802716111111111,-2.29333472222222,300,4,3744.6,21.4717541666667,-0.2688,0
2/4/20 19:44,317.166666666667,317.125,0,0,4730.9,20.35,0,1.86853381944444,1.8,0,1877,0,0,529.2,27.3364833333333,0,0,0.854115972222222,-2.29983194444444,300,4,3744.6,21.4162583333333,-0.2688,0
2/4/20 19:49,317.25,317.208333333333,0,0,4730.9,20.35,0,1.86980826388889,1.8,0,1877,0,0,529.2,27.1685166666667,0,0,0.899865694444444,-2.30333472222222,300,4,3744.6,21.3702375,-0.2688,0
2/4/20 19:54,317.333333333333,317.291666666667,0,0,4730.9,20.35,0,1.87031645833333,1.8,0,1877,0,0,529.2,27.0714979166667,0,0,0.945651944444445,-2.30649722222222,300,4,3744.6,21.3367791666667,-0.2688,0
2/4/20 19:59,317.416666666667,317.375,0,0,4730.9,20.35,0,1.86950819444444,1.8,0,1877,0,0,529.2,26.96675,0,0,0.999749722222222,-2.29683333333333,300,4,3744.6,21.4682625,-0.270934222222222,0
2/4/20 20:04,317.5,317.458333333333,0,0,4730.9,20.35,0,1.86852520833333,1.8,0,1877,0,0,529.2,26.8667520833333,0,0,1.05144944444444,-2.28683333333333,300,4,3744.6,21.6317375,-0.275092444444444,0
2/4/20 20:09,317.583333333333,317.541666666667,0,0,4730.9,20.35,0,1.86883347222222,1.8,0,1877,0,0,529.2,26.7364833333333,0,0,1.09851583333333,-2.27683333333333,300,4,3744.6,21.8032770833333,-0.2752,0
2/4/20 20:14,317.666666666667,317.625,0,0,4730.9,20.35,0,1.86931645833333,1.8,0,1877,0,0,529.2,26.5685166666667,0,0,1.13528069444444,-2.26683333333333,300,4,3744.6,22.0299708333333,-0.2752,0
2/4/20 20:19,317.75,317.708333333333,0,0,4730.9,20.35,0,1.86917513888889,1.8,0,1877,0,0,529.2,26.4714979166667,0,0,1.15859958333333,-2.26016805555556,300,4,3744.6,22.1285020833333,-0.2752,0
2/4/20 20:24,317.833333333333,317.791666666667,0,0,4730.9,20.35,0,1.86949159722222,1.8,0,1877,0,0,529.2,26.36675,0,0,1.18065041666667,-2.26,300,4,3744.6,22.1982354166667,-0.2752,0
2/4/20 20:29,317.916666666667,317.875,0,0,4730.9,20.35,0,1.86899979166667,1.8,0,1877,0,0,529.2,26.2667520833333,0,0,1.20426652777778,-2.26,300,4,3744.6,22.2,-0.2752,0
2/4/20 20:34,318,317.958333333333,0,0,4730.9,20.35,0,1.86869215277778,1.8,0,1877,0,0,529.2,26.1714979166667,0,0,1.22628291666667,-2.25666527777778,300,4,3744.6,22.2350145833333,-0.2752,0
2/4/20 20:39,318.083333333333,318.041666666667,0,0,4730.9,20.35,0,1.86946618055556,1.8,0,1877,0,0,529.2,26.06675,0,0,1.23732958333333,-2.25016805555556,300,4,3744.6,22.3032354166667,-0.2752,0
2/4/20 20:44,318.166666666667,318.125,0,0,4730.9,20.35,0,1.86852520833333,1.8,0,1877,0,0,529.2,25.9667520833333,0,0,1.23111680555556,-2.25,300,4,3744.6,22.305,-0.2752,0
2/4/20 20:49,318.25,318.208333333333,0,0,4730.9,20.35,0,1.8685,1.8,0,1877,0,0,529.2,25.8714979166667,0,0,1.22643388888889,-2.25,300,4,3744.6,22.305,-0.2752,0
2/4/20 20:54,318.333333333333,318.291666666667,0,0,4730.9,20.35,0,1.8685,1.8,0,1877,0,0,529.2,25.8017645833333,0,0,1.22936875,-2.24666527777778,300,4,3744.6,22.3700270833333,-0.2752,0
2/4/20 20:59,318.416666666667,318.375,0,0,4730.9,20.35,0,1.86916694444444,1.8,0,1877,0,0,529.2,25.7649854166667,0,0,1.24245013888889,-2.24350277777778,300,4,3744.6,22.4617083333333,-0.2752,0
2/4/20 21:04,318.5,318.458333333333,0,0,4730.9,20.35,0,1.87079986111111,1.8,0,1877,0,0,529.2,25.6667520833333,0,0,1.25910111111111,-2.24983194444444,300,4,3744.6,22.3967645833333,-0.2752,0
2/4/20 21:09,318.583333333333,318.541666666667,0,0,4730.9,20.35,0,1.87114972222222,1.8,0,1877,0,0,529.2,25.6065125,0,0,1.28196708333333,-2.25,300,4,3744.6,22.395,-0.2752,0
2/4/20 21:14,318.666666666667,318.625,0,0,4730.9,20.35,0,1.87018333333333,1.8,0,1877,0,0,529.2,25.5699854166667,0,0,1.30858402777778,-2.25333472222222,300,4,3744.6,22.3299729166667,-0.2752,0
2/4/20 21:19,318.75,318.708333333333,0,0,4730.9,20.35,0,1.86918333333333,1.8,0,1877,0,0,529.2,25.46675,0,0,1.34350208333333,-2.25983194444444,300,4,3744.6,22.2032770833333,-0.2752,0
2/4/20 21:24,318.833333333333,318.791666666667,0,0,4730.9,20.35,0,1.86835006944444,1.8,0,1877,0,0,529.2,25.3967645833333,0,0,1.39291861111111,-2.26,300,4,3744.6,22.2,-0.2752,0
2/4/20 21:29,318.916666666667,318.875,0,0,4730.9,20.35,0,1.86850861111111,1.8,0,1877,0,0,529.2,25.3649875,0,0,1.45168333333333,-2.25666527777778,300,4,3744.6,22.2650270833333,-0.2752,0
2/4/20 21:34,319,318.958333333333,0,0,4730.9,20.35,0,1.86947479166667,1.8,0,1877,0,0,529.2,25.3065125,0,0,1.51068333333333,-2.25016805555556,300,4,3744.6,22.3917229166667,-0.2752,0
2/4/20 21:39,319.083333333333,319.041666666667,0,0,4730.9,20.35,0,1.87016694444444,1.8,0,1877,0,0,529.2,25.2699854166667,0,0,1.57101722222222,-2.24666527777778,300,4,3744.6,22.4650291666667,-0.2752,0
2/4/20 21:44,319.166666666667,319.125,0,0,4730.9,20.35,0,1.87029923611111,1.8,0,1877,0,0,529.2,25.16675,0,0,1.63895208333333,-2.24016805555556,300,4,3744.6,22.6014708333333,-0.2752,0
2/4/20 21:49,319.25,319.208333333333,0,0,4730.9,20.35,0,1.86789208333333,1.8,0,1877,0,0,529.2,25.0967645833333,0,0,1.71836736111111,-2.24333472222222,300,4,3744.6,22.5349708333333,-0.2752,0
2/4/20 21:54,319.333333333333,319.291666666667,0,0,4730.9,20.35,0,1.86850881944444,1.8,0,1877,0,0,529.2,25.0649875,0,0,1.80764709490741,-2.24983194444444,300,4,3744.6,22.3985291666667,-0.2752,0
2/4/20 21:59,319.416666666667,319.375,0,0,4730.9,20.35,0,1.87028284722222,1.8,0,1877,0,0,529.2,25.0065125,0,0,1.91137898294862,-2.25333472222222,300,4,3744.6,22.2949583333333,-0.2752,0
2/4/20 22:04,319.5,319.458333333333,0,0,4730.9,20.35,0,1.87000840277778,1.8,0,1877,0,0,529.2,24.9699854166667,0,0,2.0195755925644,-2.25983194444444,300,4,3744.6,22.13505625,-0.2752,0
2/4/20 22:09,319.583333333333,319.541666666667,0,0,4730.9,20.35,0,1.87016673611111,1.8,0,1877,0,0,529.2,24.9017645833333,0,0,2.13329392301392,-2.26,300,4,3744.6,22.1982354166667,-0.2752,0
2/4/20 22:14,319.666666666667,319.625,0,0,4730.9,20.35,0,1.86949118055556,1.8,0,1877,0,0,529.2,24.9,0,0,2.24232554189583,-2.26,300,4,3744.6,22.2,-0.2752,0
2/4/20 22:19,319.75,319.708333333333,0,0,4730.9,20.35,0,1.86871756944444,1.8,0,1877,0,0,529.2,24.8649854166667,0,0,2.34448442022539,-2.25666527777778,300,4,3744.6,22.2650270833333,-0.2752,0
2/4/20 22:24,319.833333333333,319.791666666667,0,0,4730.9,20.35,0,1.87044097222222,1.8,0,1877,0,0,529.2,24.7967645833333,0,0,2.43968180555556,-2.25016805555556,300,4,3744.6,22.3917229166667,-0.2752,0
2/4/20 22:29,319.916666666667,319.875,0,0,4730.9,20.35,0,1.86952520833333,1.8,0,1877,0,0,529.2,24.795,0,0,2.52586583333333,-2.25,300,4,3744.6,22.395,-0.277334222222222,0
2/4/20 22:34,320,319.958333333333,0,0,4730.9,20.35,0,1.86933326388889,1.8,0,1877,0,0,529.2,24.795,0,0,2.60429847222222,-2.25333472222222,300,4,3744.6,22.3299729166667,-0.281492444444444,0
2/4/20 22:39,320.083333333333,320.041666666667,0,0,4730.9,20.35,0,1.86834145833333,1.8,0,1877,0,0,529.2,24.7649875,0,0,2.67781763888889,-2.25649722222222,300,4,3744.6,22.2683041666667,-0.2816,0
2/4/20 22:44,320.166666666667,320.125,0,0,4730.9,20.35,0,1.86753381944444,1.8,0,1877,0,0,529.2,24.7065125,0,0,2.75303222222222,-2.25016805555556,300,4,3744.6,22.3917229166667,-0.2816,0
2/4/20 22:49,320.25,320.208333333333,0,0,4730.9,20.35,0,1.86914173611111,1.8,0,1877,0,0,529.2,24.6699854166667,0,0,2.82083236111111,-2.24666527777778,300,4,3744.6,22.4450208333333,-0.2816,0
2/4/20 22:54,320.333333333333,320.291666666667,0,0,4730.9,20.35,0,1.86979944444444,1.8,0,1877,0,0,529.2,24.6017645833333,0,0,2.88194916666667,-2.24016805555556,300,4,3744.6,22.5274729166667,-0.2816,0
2/4/20 22:59,320.416666666667,320.375,0,0,4730.9,20.35,0,1.868366875,1.8,0,1877,0,0,529.2,24.6,0,0,2.94105083333333,-2.24,300,4,3744.6,22.5357708333333,-0.2816,0
2/4/20 23:04,320.5,320.458333333333,0,0,4730.9,20.35,0,1.86867534722222,1.8,0,1877,0,0,529.2,24.5649854166667,0,0,3.00261611111111,-2.24,300,4,3744.6,22.6032354166667,-0.2816,0
2/4/20 23:09,320.583333333333,320.541666666667,0,0,4730.9,20.35,0,1.870133125,1.8,0,1877,0,0,529.2,24.4967645833333,0,0,3.06134986111111,-2.23666527777778,300,4,3744.6,22.6350125,-0.2816,0
2/4/20 23:14,320.666666666667,320.625,0,0,4730.9,20.35,0,1.87065833333333,1.8,0,1877,0,0,529.2,24.495,0,0,3.11836625,-2.23350277777778,300,4,3744.6,22.663475,-0.2816,0
2/4/20 23:19,320.75,320.708333333333,0,0,4730.9,20.35,0,1.87082486111111,1.8,0,1877,0,0,529.2,24.495,0,0,3.17274972222222,-2.23983194444444,300,4,3744.6,22.6065125,-0.2816,0
2/4/20 23:24,320.833333333333,320.791666666667,0,0,4730.9,20.35,0,1.87017493055556,1.8,0,1877,0,0,529.2,24.495,0,0,3.22611680555556,-2.23666527777778,300,4,3744.6,22.6350125,-0.2816,0
2/4/20 23:29,320.916666666667,320.875,0,0,4730.9,20.35,0,1.86901659722222,1.8,0,1877,0,0,529.2,24.4649875,0,0,3.2801,-2.23350277777778,300,4,3744.6,22.663475,-0.2816,0
2/4/20 23:34,321,320.958333333333,0,0,4730.9,20.35,0,1.86819139050388,1.8,0,1877,0,0,529.2,24.4065125,0,0,3.33503726744186,-2.23983194444444,300,4,3744.6,22.6065125,-0.2816,0
2/4/20 23:39,321.083333333333,321.041666666667,0,0,4730.9,20.35,0,1.86849131782946,1.8,0,1877,0,0,529.2,24.405,0,0,3.38921725478036,-2.24,300,4,3744.6,22.5702706666667,-0.2816,0
2/4/20 23:44,321.166666666667,321.125,0,0,4730.9,20.35,0,1.8685,1.8,0,1877,0,0,529.2,24.405,0,0,3.43802257777778,-2.24,300,4,3744.6,22.5018293333333,-0.2816,0
2/4/20 23:49,321.25,321.208333333333,0,0,4730.9,20.35,0,1.8685,1.8,0,1877,0,0,529.2,24.405,0,0,3.48570924444444,-2.24,300,4,3744.6,22.5347293333333,-0.2816,0
2/4/20 23:54,321.333333333333,321.291666666667,0,0,4730.9,20.35,0,1.86899613333333,1.8,0,1877,0,0,529.2,24.3702706666667,0,0,3.53272666666667,-2.24,300,4,3744.6,22.6031706666667,-0.2816,0
2/4/20 23:59,321.416666666667,321.375,0,0,4730.9,20.35,0,1.86947773333333,1.8,0,1877,0,0,529.2,24.3018293333333,0,0,3.57674986666667,-2.24,300,4,3744.6,22.5702706666667,-0.2816,0
2/5/20 0:04,321.5,321.458333333333,0,0,4730.9,20.35,0,1.86836075555556,1.8,0,1877,0,0,529.2,24.3,0,0,3.61556817777778,-2.23669244444444,300,4,3744.6,22.5663266666667,-0.2816,0
2/5/20 0:09,321.583333333333,321.541666666667,0,0,4730.9,20.35,0,1.86900097777778,1.8,0,1877,0,0,529.2,24.3,0,0,3.65421031111111,-2.23017422222222,300,4,3744.6,22.6916026666667,-0.2816,0
2/5/20 0:14,321.666666666667,321.625,0,0,4730.9,20.35,0,1.86979008888889,1.8,0,1877,0,0,529.2,24.3,0,0,3.68928773333333,-2.22669244444444,300,4,3744.6,22.7644586666667,-0.2816,0
2/5/20 0:19,321.75,321.708333333333,0,0,4730.9,20.35,0,1.86756097777778,1.8,0,1877,0,0,529.2,24.2900773333333,0,0,3.72035546666667,-2.22348177777778,300,4,3744.6,22.866612,-0.2816,0
2/5/20 0:24,321.833333333333,321.791666666667,0,0,4730.9,20.35,0,1.86849226666667,1.8,0,1877,0,0,529.2,24.245716,0,0,3.74779075555556,-2.22982577777778,300,4,3744.6,22.8018293333333,-0.2816,0
2/5/20 0:29,321.916666666667,321.875,0,0,4730.9,20.35,0,1.87011697777778,1.8,0,1877,0,0,529.2,24.1963066666667,0,0,3.77478106666667,-2.23,300,4,3744.6,22.8,-0.2816,0
2/5/20 0:34,322,321.958333333333,0,0,4730.9,20.35,0,1.86951742222222,1.8,0,1877,0,0,528.968471111111,24.195,0,0,3.79917182222222,-2.23,300,4,3744.6,22.8,-0.2816,0
2/5/20 0:39,322.083333333333,322.041666666667,0,0,4730.9,20.35,0,1.86900386666667,1.8,0,1877,0,0,528.743724444444,24.195,0,0,3.8212144,-2.23,300,4,3744.6,22.8,-0.2816,0
2/5/20 0:44,322.166666666667,322.125,0,0,4730.9,20.35,0,1.86819151111111,1.8,0,1877,0,0,528.956275555556,24.195,0,0,3.84225893333333,-2.23,300,4,3744.6,22.7652706666667,-0.283716835555556,0
2/5/20 0:49,322.25,322.208333333333,0,0,4730.9,20.35,0,1.86882204444444,1.8,0,1877,0,0,528.743724444444,24.195,0,0,3.8642144,-2.23330755555556,300,4,3744.6,22.6670613333333,-0.287888497777778,0
2/5/20 0:54,322.333333333333,322.291666666667,0,0,4730.9,20.35,0,1.86849031111111,1.8,0,1877,0,0,528.956275555556,24.195,0,0,3.88492817777778,-2.23651822222222,300,4,3744.6,22.6710653333333,-0.288,0
2/5/20 0:59,322.416666666667,322.375,0,0,4730.9,20.35,0,1.86655226666667,1.8,0,1877,0,0,528.743724444444,24.195,0,0,3.90557031111111,-2.23017422222222,300,4,3744.6,22.7618733333333,-0.288,0
2/5/20 1:04,322.5,322.458333333333,0,0,4730.9,20.35,0,1.86782302222222,1.8,0,1877,0,0,529.187804444445,24.195,0,0,3.92330924444444,-2.23,300,4,3744.6,22.6670613333333,-0.288,0
2/5/20 1:09,322.583333333333,322.541666666667,0,0,4730.9,20.35,0,1.8697688,1.8,0,1877,0,0,529.2,24.165232,0,0,3.94065742222222,-2.23330755555556,300,4,3744.6,22.606568,-0.288,0
2/5/20 1:14,322.666666666667,322.625,0,0,4730.9,20.35,0,1.86853484444444,1.8,0,1877,0,0,529.2,24.106568,0,0,3.95764773333333,-2.23651822222222,300,4,3744.6,22.634768,-0.288,0
2/5/20 1:19,322.75,322.708333333333,0,0,4730.9,20.35,0,1.86916151111111,1.8,0,1877,0,0,528.968471111111,24.105,0,0,3.97336151111111,-2.23348177777778,300,4,3744.6,22.663664,-0.288,0
2/5/20 1:24,322.833333333333,322.791666666667,0,0,4730.9,20.35,0,1.87046515555556,1.8,0,1877,0,0,528.743724444444,24.105,0,0,3.99032666666667,-2.23651822222222,300,4,3744.6,22.636336,-0.288,0
2/5/20 1:29,322.916666666667,322.875,0,0,4730.9,20.35,0,1.86983848888889,1.8,0,1877,0,0,528.956275555556,24.105,0,0,4.00666515555556,-2.23017422222222,300,4,3744.6,22.693432,-0.288,0
2/5/20 1:34,323,322.958333333333,0,0,4730.9,20.35,0,1.86853484444444,1.8,0,1877,0,0,528.743724444444,24.105,0,0,4.01971546666667,-2.23330755555556,300,4,3744.6,22.665232,-0.288,0
2/5/20 1:39,323.083333333333,323.041666666667,0,0,4730.9,20.35,0,1.86883075555556,1.8,0,1877,0,0,529.187804444445,24.105,0,0,4.03047377777778,-2.23651822222222,300,4,3744.6,22.636336,-0.288,0
2/5/20 1:44,323.166666666667,323.125,0,0,4730.9,20.35,0,1.86997871111111,1.8,0,1877,0,0,528.968471111111,24.105,0,0,4.04240213333333,-2.23348177777778,300,4,3744.6,22.663664,-0.288,0
2/5/20 1:49,323.25,323.208333333333,0,0,4730.9,20.35,0,1.87047773333333,1.8,0,1877,0,0,528.743724444444,24.105,0,0,4.05083742222222,-2.23982577777778,300,4,3744.6,22.606568,-0.288,0
2/5/20 1:54,323.333333333333,323.291666666667,0,0,4730.9,20.35,0,1.86985688888889,1.8,0,1877,0,0,528.956275555556,24.105,0,0,4.06015075555556,-2.23669244444444,300,4,3744.6,22.634768,-0.288,0
2/5/20 1:59,323.416666666667,323.375,0,0,4730.9,20.35,0,1.87097871111111,1.8,0,1877,0,0,528.743724444444,24.105,0,0,4.06914106666667,-2.23017422222222,300,4,3744.6,22.693432,-0.288,0
2/5/20 2:04,323.5,323.458333333333,0,0,4730.9,20.35,0,1.86982395555556,1.8,0,1877,0,0,529.187804444445,24.105,0,0,4.07619333333333,-2.23,300,4,3744.6,22.695,-0.288,0
2/5/20 2:09,323.583333333333,323.541666666667,0,0,4730.9,20.35,0,1.86660551111111,1.8,0,1877,0,0,529.2,24.0702706666667,0,0,4.08253182222222,-2.23330755555556,300,4,3744.6,22.6305026666667,-0.288,0
2/5/20 2:14,323.666666666667,323.625,0,0,4730.9,20.35,0,1.86844773333333,1.8,0,1877,0,0,528.968471111111,24.0018293333333,0,0,4.0895512,-2.23321066666667,300,4,3744.6,22.6373533333333,-0.288,0
2/5/20 2:19,323.75,323.708333333333,0,0,4730.9,20.35,0,1.8685,1.8,0,1877,0,0,528.743724444444,24,0,0,4.09780062222222,-2.22696355555556,300,4,3744.6,22.7987173333333,-0.288,0
2/5/20 2:24,323.833333333333,323.791666666667,0,0,4730.9,20.35,0,1.86899613333333,1.8,0,1877,0,0,528.956275555556,24,0,0,4.10292453333333,-2.236344,300,4,3744.6,22.674724,-0.288,0
2/5/20 2:29,323.916666666667,323.875,0,0,4730.9,20.35,0,1.87013924444444,1.8,0,1877,0,0,528.512195555556,24,0,0,4.11049697777778,-2.23017422222222,300,4,3744.6,22.7966026666667,-0.288,0
2/5/20 2:34,324,323.958333333333,0,0,4730.9,20.35,0,1.87032591111111,1.8,0,1877,0,0,528.731528888889,24,0,0,4.11655893333333,-2.22669244444444,300,4,3744.6,22.8347293333333,-0.288,0
2/5/20 2:39,324.083333333333,324.041666666667,0,0,4730.9,20.35,0,1.86951257777778,1.8,0,1877,0,0,528.956275555556,24,0,0,4.12417591111111,-2.22017422222222,300,4,3744.6,22.893248,-0.288,0
2/5/20 2:44,324.166666666667,324.125,0,0,4730.9,20.35,0,1.86885688888889,1.8,0,1877,0,0,528.512195555556,24,0,0,4.13053182222222,-2.22330755555556,300,4,3744.6,22.850716,-0.288,0
2/5/20 2:49,324.25,324.208333333333,0,0,4730.9,20.35,0,1.86915182222222,1.8,0,1877,0,0,528.731528888889,24,0,0,4.13589742222222,-2.22982577777778,300,4,3744.6,22.7665773333333,-0.288,0
2/5/20 2:54,324.333333333333,324.291666666667,0,0,4730.9,20.35,0,1.86901355555556,1.8,0,1877,0,0,529.187804444445,24,0,0,4.14154924444445,-2.23,300,4,3744.6,22.6968293333333,-0.288,0
2/5/20 2:59,324.416666666667,324.375,0,0,4730.9,20.35,0,1.86997386666667,1.8,0,1877,0,0,529.2,24,0,0,4.14656666666667,-2.23330755555556,300,4,3744.6,22.665232,-0.288,0
2/5/20 3:04,324.5,324.458333333333,0,0,4730.9,20.35,0,1.86950386666667,1.8,0,1877,0,0,528.968471111111,24,0,0,4.15222817777778,-2.23651822222222,300,4,3744.6,22.6710653333333,-0.290116835555556,0
2/5/20 3:09,324.583333333333,324.541666666667,0,0,4730.9,20.35,0,1.86819537777778,1.8,0,1877,0,0,528.512195555556,24,0,0,4.15787031111111,-2.22686666666667,300,4,3744.6,22.831332,-0.294288497777778,0
2/5/20 3:14,324.666666666667,324.625,0,0,4730.9,20.35,0,1.86850968888889,1.8,0,1877,0,0,528.731528888889,24,0,0,4.16060924444445,-2.22348177777778,300,4,3744.6,22.8684413333333,-0.2944,0
2/5/20 3:19,324.75,324.708333333333,0,0,4730.9,20.35,0,1.87011697777778,1.8,0,1877,0,0,529.187804444445,24,0,0,4.16295742222222,-2.22651822222222,300,4,3744.6,22.8365586666667,-0.2944,0
2/5/20 3:24,324.833333333333,324.791666666667,0,0,4730.9,20.35,0,1.86902128888889,1.8,0,1877,0,0,529.2,24,0,0,4.16527848888889,-2.22348177777778,300,4,3744.6,22.8684413333333,-0.2944,0
2/5/20 3:29,324.916666666667,324.875,0,0,4730.9,20.35,0,1.86885302222222,1.8,0,1877,0,0,529.2,24,0,0,4.16664408888889,-2.22982577777778,300,4,3744.6,22.8018293333333,-0.2944,0
2/5/20 3:34,325,324.958333333333,0,0,4730.9,20.35,0,1.86946417777778,1.8,0,1877,0,0,529.2,24,0,0,4.16796515555556,-2.23,300,4,3744.6,22.8,-0.2944,0
2/5/20 3:39,325.083333333333,325.041666666667,0,0,4730.9,20.35,0,1.86854453333333,1.8,0,1877,0,0,528.968471111111,24,0,0,4.16733848888889,-2.23,300,4,3744.6,22.8,-0.2944,0
2/5/20 3:44,325.166666666667,325.125,0,0,4730.9,20.35,0,1.87044773333333,1.8,0,1877,0,0,528.743724444444,24,0,0,4.16702711111111,-2.22669244444444,300,4,3744.6,22.8347293333333,-0.2944,0
2/5/20 3:49,325.25,325.208333333333,0,0,4730.9,20.35,0,1.87016924444444,1.8,0,1877,0,0,529.187804444445,23.9652706666667,0,0,4.16894773333333,-2.22017422222222,300,4,3744.6,22.9031706666667,-0.2944,0
2/5/20 3:54,325.333333333333,325.291666666667,0,0,4730.9,20.35,0,1.86885591111111,1.8,0,1877,0,0,528.968471111111,23.8968293333333,0,0,4.17032302222222,-2.21669244444444,300,4,3744.6,22.934768,-0.2944,0
2/5/20 3:59,325.416666666667,325.375,0,0,4730.9,20.35,0,1.86852711111111,1.8,0,1877,0,0,528.743724444444,23.9297293333333,0,0,4.17359182222222,-2.21017422222222,300,4,3744.6,22.993432,-0.2944,0
2/5/20 4:04,325.5,325.458333333333,0,0,4730.9,20.35,0,1.87011697777778,1.8,0,1877,0,0,528.956275555556,23.9634413333333,0,0,4.1746344,-2.21330755555556,300,4,3744.6,22.965232,-0.2944,0
2/5/20 4:09,325.583333333333,325.541666666667,0,0,4730.9,20.35,0,1.86902293717239,1.8,0,1877,0,0,528.742955245478,23.9314432868217,0,0,4.17368776552233,-2.22312234477667,300,4,3744.6,22.8719540465116,-0.2944,0
2/5/20 4:14,325.666666666667,325.625,0,0,4730.9,20.35,0,1.86851906004983,1.8,0,1877,0,0,528.957771976744,23.9981110465116,0,0,4.17170579003322,-2.22982009966777,300,4,3744.6,22.8018889534884,-0.2944,0
2/5/20 4:19,325.75,325.708333333333,0,0,4730.9,20.35,0,1.8693089,1.8,0,1877,0,0,528.74227,24,0,0,4.16940025,-2.2267195,300,4,3744.6,22.83444525,-0.2944,0
2/5/20 4:24,325.833333333333,325.791666666667,0,0,4730.9,20.35,0,1.868352925,1.8,0,1877,0,0,529.187365,24,0,0,4.17031,-2.2201805,300,4,3744.6,22.917867,-0.2944,0
2/5/20 4:29,325.916666666667,325.875,0,0,4730.9,20.35,0,1.868512325,1.8,0,1877,0,0,529.2,23.96555475,0,0,4.17032585,-2.22,300,4,3744.6,22.9344255,-0.2944,0
2/5/20 4:34,326,325.958333333333,0,0,4730.9,20.35,0,1.870106575,1.8,0,1877,0,0,528.970365,23.89689525,0,0,4.16739585,-2.2232805,300,4,3744.6,22.871367,-0.2944,0
2/5/20 4:39,326.083333333333,326.041666666667,0,0,4730.9,20.35,0,1.868064275,1.8,0,1877,0,0,528.512635,23.895,0,0,4.1637622,-2.226539,300,4,3744.6,22.8363405,-0.2944,0
2/5/20 4:44,326.166666666667,326.125,0,0,4730.9,20.35,0,1.86913695,1.8,0,1877,0,0,528.729635,23.895,0,0,4.16170585,-2.223461,300,4,3744.6,22.83421425,-0.2944,0
2/5/20 4:49,326.25,326.208333333333,0,0,4730.9,20.35,0,1.869490975,1.8,0,1877,0,0,529.187365,23.895,0,0,4.15874415,-2.226539,300,4,3744.6,22.767681,-0.2944,0
2/5/20 4:54,326.333333333333,326.291666666667,0,0,4730.9,20.35,0,1.86917195,1.8,0,1877,0,0,529.2,23.895,0,0,4.1563778,-2.2201805,300,4,3744.6,22.9012095,-0.2944,0
2/5/20 4:59,326.416666666667,326.375,0,0,4730.9,20.35,0,1.868354025,1.8,0,1877,0,0,529.2,23.895,0,0,4.15177805,-2.22,300,4,3744.6,22.905,-0.2944,0
2/5/20 5:04,326.5,326.458333333333,0,0,4730.9,20.35,0,1.8685011,1.8,0,1877,0,0,528.970365,23.895,0,0,4.14743195,-2.2232805,300,4,3744.6,22.87055475,-0.2944,0
2/5/20 5:09,326.583333333333,326.541666666667,0,0,4730.9,20.35,0,1.869800975,1.8,0,1877,0,0,528.74227,23.895,0,0,4.14277805,-2.2298195,300,4,3744.6,22.80189525,-0.2944,0
2/5/20 5:14,326.666666666667,326.625,0,0,4730.9,20.35,0,1.8701539,1.8,0,1877,0,0,529.187365,23.895,0,0,4.1394161,-2.2267195,300,4,3744.6,22.83444525,-0.2944,0
2/5/20 5:19,326.75,326.708333333333,0,0,4730.9,20.35,0,1.8698461,1.8,0,1877,0,0,529.2,23.91960375,0,0,4.1367239,-2.223461,300,4,3744.6,22.83421425,-0.29649952,0
2/5/20 5:24,326.833333333333,326.791666666667,0,0,4730.9,20.35,0,1.869661825,1.8,0,1877,0,0,529.2,23.9440425,0,0,4.13374415,-2.226539,300,4,3744.6,22.767681,-0.30068448,0
2/5/20 5:29,326.916666666667,326.875,0,0,4730.9,20.35,0,1.8678811,1.8,0,1877,0,0,529.2,23.89635375,0,0,4.1313778,-2.223461,300,4,3744.6,22.86676425,-0.3008,0
2/5/20 5:34,327,326.958333333333,0,0,4730.9,20.35,0,1.867837075,1.8,0,1877,0,0,528.970365,23.895,0,0,4.1271061,-2.2298195,300,4,3744.6,22.79205375,-0.3008,0
2/5/20 5:39,327.083333333333,327.041666666667,0,0,4730.9,20.35,0,1.86848195,1.8,0,1877,0,0,528.512635,23.895,0,0,4.12439805,-2.23,300,4,3744.6,22.780383,-0.3008,0
2/5/20 5:44,327.166666666667,327.125,0,0,4730.9,20.35,0,1.868335975,1.8,0,1877,0,0,528.729635,23.895,0,0,4.12205195,-2.23,300,4,3744.6,22.76501325,-0.3008,0
2/5/20 5:49,327.25,327.208333333333,0,0,4730.9,20.35,0,1.868665125,1.8,0,1877,0,0,529.187365,23.895,0,0,4.11907,-2.23,300,4,3744.6,22.69689525,-0.3008,0
2/5/20 5:54,327.333333333333,327.291666666667,0,0,4730.9,20.35,0,1.87029195,1.8,0,1877,0,0,529.2,23.895,0,0,4.11607,-2.2332805,300,4,3744.6,22.6654755,-0.3008,0
2/5/20 5:59,327.416666666667,327.375,0,0,4730.9,20.35,0,1.870817925,1.8,0,1877,0,0,529.2,23.895,0,0,4.11307,-2.236539,300,4,3744.6,22.636149,-0.3008,0
2/5/20 6:04,327.5,327.458333333333,0,0,4730.9,20.35,0,1.87018206486711,1.8,0,1877,0,0,529.2,23.895,0,0,4.11072718986711,-2.2301805,300,4,3744.6,22.7277063139535,-0.3008,0
2/5/20 6:09,327.583333333333,327.541666666667,0,0,4730.9,20.35,0,1.87033201568845,1.8,0,1877,0,0,529.2,23.895,0,0,4.10871720457733,-2.23,300,4,3744.6,22.7638818527132,-0.3008,0
2/5/20 6:14,327.666666666667,327.625,0,0,4730.9,20.35,0,1.87113988888889,1.8,0,1877,0,0,529.2,23.895,0,0,4.10477333333333,-2.23,300,4,3744.6,22.7311246666667,-0.3008,0
2/5/20 6:19,327.75,327.708333333333,0,0,4730.9,20.35,0,1.86922136666667,1.8,0,1877,0,0,529.2,23.895,0,0,4.0988212,-2.23325355555556,300,4,3744.6,22.7345933333333,-0.3008,0
2/5/20 6:24,327.833333333333,327.791666666667,0,0,4730.9,20.35,0,1.86851868888889,1.8,0,1877,0,0,528.972251111111,23.895,0,0,4.09023475555556,-2.23655955555556,300,4,3744.6,22.6379263333333,-0.3008,0
2/5/20 6:29,327.916666666667,327.875,0,0,4730.9,20.35,0,1.8685,1.8,0,1877,0,0,528.740831111111,23.895,0,0,4.08481071111111,-2.22367977777778,300,4,3744.6,22.7909246666667,-0.3008,0
2/5/20 6:34,328,327.958333333333,0,0,4730.9,20.35,0,1.86915071111111,1.8,0,1877,0,0,528.959168888889,23.895,0,0,4.08012262222222,-2.21688088888889,300,4,3744.6,22.8917866666667,-0.3008,0
2/5/20 6:39,328.083333333333,328.041666666667,0,0,4730.9,20.35,0,1.8706253,1.8,0,1877,0,0,528.513082222222,23.895,0,0,4.07481071111111,-2.22637266666667,300,4,3744.6,22.7689313333333,-0.3008,0
2/5/20 6:44,328.166666666667,328.125,0,0,4730.9,20.35,0,1.87017726666667,1.8,0,1877,0,0,528.727748888889,23.895,0,0,4.07077333333333,-2.22344044444444,300,4,3744.6,22.866913,-0.3008,0
2/5/20 6:49,328.25,328.208333333333,0,0,4730.9,20.35,0,1.86903475555556,1.8,0,1877,0,0,528.959168888889,23.895,0,0,4.06677333333333,-2.22981311111111,300,4,3744.6,22.8019623333333,-0.3008,0
2/5/20 6:54,328.333333333333,328.291666666667,0,0,4730.9,20.35,0,1.86883322222222,1.8,0,1877,0,0,528.740831111111,23.895,0,0,4.06212262222222,-2.23,300,4,3744.6,22.7658376666667,-0.3008,0
2/5/20 6:59,328.416666666667,328.375,0,0,4730.9,20.35,0,1.86721612222222,1.8,0,1877,0,0,529.186917777778,23.895,0,0,4.05713606666667,-2.23,300,4,3744.6,22.7311246666667,-0.3008,0
2/5/20 7:04,328.5,328.458333333333,0,0,4730.9,20.35,0,1.86813726666667,1.8,0,1877,0,0,529.2,23.895,0,0,4.05440535555556,-2.23,300,4,3744.6,22.7980376666667,-0.3008,0
2/5/20 7:09,328.583333333333,328.541666666667,0,0,4730.9,20.35,0,1.86768136666667,1.8,0,1877,0,0,528.972251111111,23.895,0,0,4.05206131111111,-2.23,300,4,3744.6,22.8,-0.3008,0
2/5/20 7:14,328.666666666667,328.625,0,0,4730.9,20.35,0,1.86815333333333,1.8,0,1877,0,0,528.513082222222,23.895,0,0,4.04875464444445,-2.23,300,4,3744.6,22.8,-0.3008,0
2/5/20 7:19,328.75,328.708333333333,0,0,4730.9,20.35,0,1.86914136666667,1.8,0,1877,0,0,528.727748888889,23.895,0,0,4.04542404444445,-2.23,300,4,3744.6,22.8,-0.3008,0
2/5/20 7:24,328.833333333333,328.791666666667,0,0,4730.9,20.35,0,1.87013726666667,1.8,0,1877,0,0,528.959168888889,23.895,0,0,4.04371202222222,-2.23,300,4,3744.6,22.8,-0.3008,0
2/5/20 7:29,328.916666666667,328.875,0,0,4730.9,20.35,0,1.86919333333333,1.8,0,1877,0,0,528.740831111111,23.895,0,0,4.04269333333333,-2.22674644444444,300,4,3744.6,22.8341623333333,-0.3008,0
2/5/20 7:34,329,328.958333333333,0,0,4730.9,20.35,0,1.86835601111111,1.8,0,1877,0,0,528.959168888889,23.895,0,0,4.04104262222222,-2.22344044444444,300,4,3744.6,22.8688753333333,-0.3008,0
2/5/20 7:39,329.083333333333,329.041666666667,0,0,4730.9,20.35,0,1.86882273333333,1.8,0,1877,0,0,528.740831111111,23.895,0,0,4.03840535555555,-2.23306666666667,300,4,3744.6,22.738518,-0.3008,0
2/5/20 7:44,329.166666666667,329.125,0,0,4730.9,20.35,0,1.87094131111111,1.8,0,1877,0,0,528.959168888889,23.895,0,0,4.03573595555555,-2.23981311111111,300,4,3744.6,22.6086443333333,-0.3008,0
2/5/20 7:49,329.25,329.208333333333,0,0,4730.9,20.35,0,1.87148393333333,1.8,0,1877,0,0,528.740831111111,23.895,0,0,4.03177333333333,-2.24,300,4,3744.6,22.5708376666667,-0.3008,0
2/5/20 7:54,329.333333333333,329.291666666667,0,0,4730.9,20.35,0,1.87020267777778,1.8,0,1877,0,0,528.959168888889,23.895,0,0,4.02907475555556,-2.23674644444444,300,4,3744.6,22.5654066666667,-0.3008,0
2/5/20 7:59,329.416666666667,329.375,0,0,4730.9,20.35,0,1.86886797777778,1.8,0,1877,0,0,528.740831111111,23.895,0,0,4.02769857777778,-2.23344044444444,300,4,3744.6,22.6620736666667,-0.3008,0
2/5/20 8:04,329.5,329.458333333333,0,0,4730.9,20.35,0,1.86851344444444,1.8,0,1877,0,0,528.959168888889,23.895,0,0,4.02344797777778,-2.23981311111111,300,4,3744.6,22.5871606666667,-0.3008,0
2/5/20 8:09,329.583333333333,329.541666666667,0,0,4730.9,20.35,0,1.87011857777778,1.8,0,1877,0,0,528.513082222222,23.895,0,0,4.01879202222222,-2.24,300,4,3744.6,22.5656426666667,-0.302882275555556,0
2/5/20 8:14,329.666666666667,329.625,0,0,4730.9,20.35,0,1.86919333333333,1.8,0,1877,0,0,528.5,23.895,0,0,4.01542404444444,-2.23674644444444,300,4,3744.6,22.667323,-0.307080391111111,0
2/5/20 8:19,329.75,329.708333333333,0,0,4730.9,20.35,0,1.86900672222222,1.8,0,1877,0,0,528.5,23.895,0,0,4.01306131111111,-2.22367977777778,300,4,3744.6,22.8598,-0.3072,0
2/5/20 8:24,329.833333333333,329.791666666667,0,0,4730.9,20.35,0,1.86980928888889,1.8,0,1877,0,0,528.5,23.895,0,0,4.00845322222222,-2.21688088888889,300,4,3744.6,22.9279113333333,-0.3072,0
2/5/20 8:29,329.916666666667,329.875,0,0,4730.9,20.35,0,1.86918398888889,1.8,0,1877,0,0,528.5,23.895,0,0,4.00282415555556,-2.22311911111111,300,4,3744.6,22.8670886666667,-0.3072,0
2/5/20 8:34,330,329.958333333333,0,0,4730.9,20.35,0,1.86819333333333,1.8,0,1877,0,0,528.5,23.895,0,0,4.00332011111111,-2.20386666666667,300,4,3744.6,23.1231246666667,-0.3072,0
2/5/20 8:39,330.083333333333,330.041666666667,0,0,4730.9,20.35,0,1.86865743333333,1.8,0,1877,0,0,528.5,23.895,0,0,4.00657595555556,-2.18712022222222,300,4,3744.6,23.4558753333333,-0.3072,0
2/5/20 8:44,330.166666666667,330.125,0,0,4730.9,20.35,0,1.87044655555556,1.8,0,1877,0,0,528.5,23.9291623333333,0,0,4.0066612,-2.18018688888889,300,4,3744.6,23.5913556666667,-0.3072,0
2/5/20 8:49,330.25,330.208333333333,0,0,4730.9,20.35,0,1.86871464444444,1.8,0,1877,0,0,528.5,23.9980376666667,0,0,3.99984513333333,-2.18650711111111,300,4,3744.6,23.4681113333333,-0.3072,0
2/5/20 8:54,330.333333333333,330.291666666667,0,0,4730.9,20.35,0,1.86737207777778,1.8,0,1877,0,0,528.5,23.9658376666667,0,0,3.98896546666667,-2.19637266666667,300,4,3744.6,23.275733,-0.3072,0
2/5/20 8:59,330.416666666667,330.375,0,0,4730.9,20.35,0,1.86798131111111,1.8,0,1877,0,0,528.5,23.8969623333333,0,0,3.98120262222222,-2.19018688888889,300,4,3744.6,23.430518,-0.3072,0
2/5/20 9:04,330.5,330.458333333333,0,0,4730.9,20.35,0,1.86816267777778,1.8,0,1877,0,0,528.5,23.895,0,0,3.97158928888889,-2.18674644444444,300,4,3744.6,23.566482,-0.3072,0
2/5/20 9:09,330.583333333333,330.541666666667,0,0,4730.9,20.35,0,1.86832797777778,1.8,0,1877,0,0,528.5,23.895,0,0,3.96030131111111,-2.18018688888889,300,4,3744.6,23.6963556666667,-0.3072,0
2/5/20 9:14,330.666666666667,330.625,0,0,4730.9,20.35,0,1.86784666666667,1.8,0,1877,0,0,528.272251111111,23.895,0,0,3.94929606666667,-2.17674644444444,300,4,3744.6,23.7634443333333,-0.3072,0
2/5/20 9:19,330.75,330.708333333333,0,0,4730.9,20.35,0,1.86734666666667,1.8,0,1877,0,0,527.813082222222,23.9291623333333,0,0,3.94154142222222,-2.16367977777778,300,4,3744.6,24.0231246666667,-0.3072,0
2/5/20 9:24,330.833333333333,330.791666666667,0,0,4730.9,20.35,0,1.86798541111111,1.8,0,1877,0,0,528.027748888889,23.9980376666667,0,0,3.9354906,-2.15037377777778,300,4,3744.6,24.292431,-0.3072,0
2/5/20 9:29,330.916666666667,330.875,0,0,4730.9,20.35,0,1.86994393333333,1.8,0,1877,0,0,528.486917777778,24,0,0,3.9265706,-2.15,300,4,3744.6,24.3,-0.3072,0
2/5/20 9:34,331,330.958333333333,0,0,4730.9,20.35,0,1.87016267777778,1.8,0,1877,0,0,528.5,24,0,0,3.91562666666667,-2.15,300,4,3744.6,24.3341623333333,-0.3072,0
2/5/20 9:39,331.083333333333,331.041666666667,0,0,4730.9,20.35,0,1.87065333333333,1.8,0,1877,0,0,528.5,24,0,0,3.90299988888889,-2.15325355555556,300,4,3744.6,24.305431,-0.3072,0
2/5/20 9:44,331.166666666667,331.125,0,0,4730.9,20.35,0,1.87001458888889,1.8,0,1877,0,0,528.5,24.0341623333333,0,0,3.8880694,-2.15655955555556,300,4,3744.6,24.1398886666667,-0.3072,0
2/5/20 9:49,331.25,331.208333333333,0,0,4730.9,20.35,0,1.86821874444444,1.8,0,1877,0,0,528.272251111111,24.1030376666667,0,0,3.87533868888889,-2.15018688888889,300,4,3744.6,24.2274803333333,-0.305117724444444,0
2/5/20 9:54,331.333333333333,331.291666666667,0,0,4730.9,20.35,0,1.86832797777778,1.8,0,1877,0,0,527.813082222222,24.105,0,0,3.86429606666667,-2.14674644444444,300,4,3744.6,24.3956443333333,-0.303001884444444,0
2/5/20 9:59,331.416666666667,331.375,0,0,4730.9,20.35,0,1.86784666666667,1.8,0,1877,0,0,527.8,24.105,0,0,3.85654142222222,-2.13693333333333,300,4,3744.6,24.6578376666667,-0.307080391111111,0
2/5/20 10:04,331.5,331.458333333333,0,0,4730.9,20.35,0,1.86702131111111,1.8,0,1877,0,0,527.8,24.105,0,0,3.8504906,-2.12693333333333,300,4,3744.6,24.825518,-0.3072,0
2/5/20 10:09,331.583333333333,331.541666666667,0,0,4730.9,20.35,0,1.86619071111111,1.8,0,1877,0,0,527.8,24.105,0,0,3.84319737777778,-2.12018688888889,300,4,3744.6,24.9322,-0.3072,0
2/5/20 10:14,331.666666666667,331.625,0,0,4730.9,20.35,0,1.86649065555556,1.8,0,1877,0,0,527.8,24.105,0,0,3.83618393333333,-2.12,300,4,3744.6,25.0030376666667,-0.3072,0
2/5/20 10:19,331.75,331.708333333333,0,0,4730.9,20.35,0,1.85524083333333,1.8,0,1877,0,0,528.026992248062,24.134184717608,0,0,3.82757400287929,-2.12,297.5,4,3744.6,25.005,-0.180776126984127,0
2/5/20 10:24,331.833333333333,331.791666666667,0,0,4730.9,20.35,0,3.89E-03,1.8,0,1877,0,0,528.486507751938,24.193265282392,0,0,3.81957281934293,-2.11677327777778,0,4,3744.6,25.0340405,-1.94618013968254,0
2/5/20 10:29,331.916666666667,331.875,0,0,4730.9,20.35,0,0,1.8,0,1877,0,0,528.5,24.195,0,0,3.81221867777778,-2.11019338888889,0,4,3744.6,25.0932595,-10.6929584,0
2/5/20 10:34,332,331.958333333333,0,0,4730.9,20.35,0,0,1.8,0,1877,0,0,528.5,24.195,0,0,3.80618,-2.11322672222222,0,4,3744.6,24.9981983333333,-4.3648,0
2/5/20 10:39,332.083333333333,332.041666666667,0,0,4730.9,20.35,0,0,1.8,0,1877,0,0,528.5,24.2288805833333,0,0,3.80082534444444,-2.12303333333333,0,4,3744.6,24.8008016666667,-4.3648,0
2/5/20 10:44,332.166666666667,332.125,0,0,4730.9,20.35,0,0,1.8,0,1877,0,0,528.5,24.2979694166667,0,0,3.79743201111111,-2.12980661111111,0,4,3744.6,24.795,-4.36686510222222,0
2/5/20 10:49,332.25,332.208333333333,0,0,4730.9,20.35,0,0,1.8,0,1877,0,0,528.5,24.3,0,0,3.79442531666667,-2.13322672222222,0,4,3744.6,24.7320789166667,-4.37107623111111,0
2/5/20 10:54,332.333333333333,332.291666666667,0,0,4730.9,20.35,0,0,1.8,0,1877,0,0,528.5,24.3,0,0,3.78883798888889,-2.13980661111111,0,4,3744.6,24.5698905,-4.3712,0
2/5/20 10:59,332.416666666667,332.375,0,0,4730.9,20.35,0,0,1.8,0,1877,0,0,528.5,24.3,0,0,3.78155399444444,-2.14322672222222,0,4,3744.6,24.4679900833333,-4.3712,0
2/5/20 11:04,332.5,332.458333333333,0,0,4730.9,20.35,0,0,1.8,0,1877,0,0,528.5,24.3338805833333,0,0,3.77228264444444,-2.14980661111111,0,4,3744.6,24.3728599166667,-4.3712,0
2/5/20 11:09,332.583333333333,332.541666666667,0,0,4730.9,20.35,0,0,1.8,0,1877,0,0,528.5,24.4029694166667,0,0,3.76100534444444,-2.15,0,4,3744.6,24.3359111666667,-4.3712,0
2/5/20 11:14,332.666666666667,332.625,0,0,4730.9,20.35,0,0,1.8,0,1877,0,0,528.5,24.405,0,0,3.74967597777778,-2.15,0,4,3744.6,24.33520825,-4.3712,0
2/5/20 11:19,332.75,332.708333333333,0,0,4730.9,20.35,0,0,1.8,0,1877,0,0,528.5,24.405,0,0,3.73736669444444,-2.15,0,4,3744.6,24.2232615833333,-4.3712,0
2/5/20 11:24,332.833333333333,332.791666666667,0,0,4730.9,20.35,0,0,1.8,0,1877,0,0,528.5,24.405,0,0,3.72891534444444,-2.15,0,4,3744.6,24.2443491666667,-4.37326510222222,0
2/5/20 11:29,332.916666666667,332.875,0,0,4730.9,20.35,0,0,1.8,0,1877,0,0,528.274129444445,24.405,0,0,3.72316735555556,-2.15322672222222,0,4,3744.6,24.1674099166667,-4.37747623111111,0
2/5/20 11:34,333,332.958333333333,0,0,4730.9,20.35,0,0,1.8,0,1877,0,0,528.039407777778,24.405,0,0,3.72202603333333,-2.15657988888889,0,4,3744.6,24.135781,-4.3776,0
2/5/20 11:39,333.083333333333,333.041666666667,0,0,4730.9,20.35,0,0,1.8,0,1877,0,0,528.486462777778,24.405,0,0,3.72394198333333,-2.15342011111111,0,4,3744.6,24.1303384166667,-4.3776,0
2/5/20 11:44,333.166666666667,333.125,0,0,4730.9,20.35,0,0,1.8,0,1877,0,0,528.5,24.405,0,0,3.72464534444444,-2.15657988888889,0,4,3744.6,24.0666921666667,-4.3776,0
2/5/20 11:49,333.25,333.208333333333,0,0,4730.9,20.35,0,0,1.8,0,1877,0,0,528.5,24.405,0,0,3.72563865,-2.15342011111111,0,4,3744.6,24.1283078333333,-4.3776,0
2/5/20 11:54,333.333333333333,333.291666666667,0,0,4730.9,20.35,0,0,1.8,0,1877,0,0,528.5,24.405,0,0,3.72372865,-2.16303333333333,0,4,3744.6,23.94085,-4.3776,0
2/5/20 11:59,333.416666666667,333.375,0,0,4730.9,20.35,0,0,1.8,0,1877,0,0,528.5,24.4340405,0,0,3.72107735555556,-2.16980661111111,0,4,3744.6,23.8087710833333,-4.3776,0
2/5/20 12:04,333.5,333.458333333333,0,0,4730.9,20.35,0,0,1.8,0,1877,0,0,528.5,24.4932595,0,0,3.71938663888889,-2.17322672222222,0,4,3744.6,23.7372388333333,-4.3776,0
2/5/20 12:09,333.583333333333,333.541666666667,0,0,4730.9,20.35,0,0,1.8,0,1877,0,0,528.5,24.495,0,0,3.71512867777778,-2.17980661111111,0,4,3744.6,23.63294175,-4.3776,0
2/5/20 12:14,333.666666666667,333.625,0,0,4730.9,20.35,0,0,1.8,0,1877,0,0,528.5,24.495,0,0,3.71176732777778,-2.18322672222222,0,4,3744.6,23.6350483333333,-4.3776,0
2/5/20 12:19,333.75,333.708333333333,0,0,4730.9,20.35,0,0,1.8,0,1877,0,0,528.5,24.495,0,0,3.70843201111111,-2.19303333333333,0,4,3744.6,23.4264896666667,-4.3776,0
2/5/20 12:24,333.833333333333,333.791666666667,0,0,4730.9,20.35,0,0,1.8,0,1877,0,0,528.725870555556,24.495,0,0,3.7044573,-2.20626005555556,0,4,3744.6,23.1436095,-4.37966510222222,0
2/5/20 12:29,333.916666666667,333.875,0,0,4730.9,20.35,0,0,1.8,0,1877,0,0,529.186462777778,24.495,0,0,3.69625066111111,-2.22283994444444,0,4,3744.6,22.8777913333333,-4.38387623111111,0
2/5/20 12:34,334,333.958333333333,0,0,4730.9,20.35,0,0,1.8,0,1877,0,0,529.2,24.4659595,0,0,3.68759267222222,-2.22980661111111,0,4,3744.6,22.76815,-4.384,0
2/5/20 12:39,334.083333333333,334.041666666667,0,0,4730.9,20.35,0,0,1.8,0,1877,0,0,529.2,24.4067405,0,0,3.68118669444444,-2.23,0,4,3744.6,22.6970305833333,-4.384,0
2/5/20 12:44,334.166666666667,334.125,0,0,4730.9,20.35,0,0,1.8,0,1877,0,0,529.2,24.405,0,0,3.67809,-2.23322672222222,0,4,3744.6,22.6659595,-4.384,0
2/5/20 12:49,334.25,334.208333333333,0,0,4730.9,20.35,0,0,1.8,0,1877,0,0,529.2,24.405,0,0,3.67476732777778,-2.23980661111111,0,4,3744.6,22.6067405,-4.384,0
2/5/20 12:54,334.333333333333,334.291666666667,0,0,4730.9,20.35,0,0,1.8,0,1877,0,0,529.2,24.405,0,0,3.67175468333333,-2.24,0,4,3744.6,22.605,-4.384,0
2/5/20 12:59,334.416666666667,334.375,0,0,4730.9,20.35,0,0,1.8,0,1877,0,0,529.2,24.405,0,0,3.67101933888889,-2.24,0,4,3744.6,22.605,-4.384,0
2/5/20 13:04,334.5,334.458333333333,0,0,4730.9,20.35,0,0,1.8,0,1877,0,0,529.2,24.405,0,0,3.671,-2.24,0,4,3744.6,22.5711194166667,-4.384,0
2/5/20 13:09,334.583333333333,334.541666666667,0,0,4730.9,20.35,0,0,1.8,0,1877,0,0,529.2,24.405,0,0,3.671,-2.24,0,4,3744.6,22.5359111666667,-4.384,0
2/5/20 13:14,334.666666666667,334.625,0,0,4730.9,20.35,0,0,1.8,0,1877,0,0,529.2,24.3711194166667,0,0,3.67132267222222,-2.24,0,4,3744.6,22.6029694166667,-4.384,0
2/5/20 13:19,334.75,334.708333333333,0,0,4730.9,20.35,0,0,1.8,0,1877,0,0,529.2,24.3020305833333,0,0,3.67327135,-2.23677327777778,0,4,3744.6,22.6679210833333,-4.384,0
2/5/20 13:24,334.833333333333,334.791666666667,0,0,4730.9,20.35,0,0,1.8,0,1877,0,0,529.2,24.3,0,0,3.67785867777778,-2.22373994444444,0,4,3744.6,22.85915,-4.384,0
2/5/20 13:29,334.916666666667,334.875,0,0,4730.9,20.35,0,0,1.8,0,1877,0,0,528.974129444445,24.3,0,0,3.68252931111111,-2.21038677777778,0,4,3744.6,22.9912289166667,-4.384,0
2/5/20 13:34,335,334.958333333333,0,0,4730.9,20.35,0,0,1.8,0,1877,0,0,528.739407777778,24.3,0,0,3.68331597777778,-2.21,0,4,3744.6,22.995,-4.384,0
2/5/20 13:39,335.083333333333,335.041666666667,0,0,4730.9,20.35,0,0,1.8,0,1877,0,0,529.186462777778,24.3,0,0,3.68171600555556,-2.21,0,4,3744.6,22.995,-4.384,0
2/5/20 13:44,335.166666666667,335.125,0,0,4730.9,20.35,0,0,1.8,0,1877,0,0,528.974129444445,24.3,0,0,3.68134201111111,-2.21,0,4,3744.6,23.0288805833333,-4.384,0
2/5/20 13:49,335.25,335.208333333333,0,0,4730.9,20.35,0,0,1.8,0,1877,0,0,528.739407777778,24.3,0,0,3.68294867777778,-2.20677327777778,0,4,3744.6,23.13185,-4.384,0
2/5/20 13:54,335.333333333333,335.291666666667,0,0,4730.9,20.35,0,0,1.8,0,1877,0,0,529.186462777778,24.3,0,0,3.68397396666667,-2.20342011111111,0,4,3744.6,23.1690888333333,-4.384,0
2/5/20 13:59,335.416666666667,335.375,0,0,4730.9,20.35,0,0,1.8,0,1877,0,0,529.2,24.3,0,0,3.68173534444444,-2.20657988888889,0,4,3744.6,23.1359111666667,-4.384,0
2/5/20 14:04,335.5,335.458333333333,0,0,4730.9,20.35,0,0,1.8,0,1877,0,0,529.2,24.3,0,0,3.68037399444444,-2.20019338888889,0,4,3744.6,23.2029694166667,-4.384,0
2/5/20 14:09,335.583333333333,335.541666666667,0,0,4730.9,20.35,0,0,1.8,0,1877,0,0,529.2,24.3,0,0,3.67742531666667,-2.20322672222222,0,4,3744.6,23.1711194166667,-4.38606510222222,0
2/5/20 14:14,335.666666666667,335.625,0,0,4730.9,20.35,0,0,1.8,0,1877,0,0,529.2,24.3338805833333,0,0,3.67345135,-2.20657988888889,0,4,3744.6,23.1359111666667,-4.85507623111111,0
2/5/20 14:19,335.75,335.708333333333,0,0,4730.9,20.35,0,0,1.8,0,1877,0,0,529.2,24.4029694166667,0,0,3.67139333333333,-2.20342011111111,0,4,3744.6,23.13520825,-4.3328,0
2/5/20 14:24,335.833333333333,335.791666666667,0,0,4730.9,20.35,0,0,1.8,0,1877,0,0,528.974129444445,24.3711194166667,0,0,3.67036135,-2.20980661111111,0,4,3744.6,23.03294175,-4.3328,0
2/5/20 14:29,335.916666666667,335.875,0,0,4730.9,20.35,0,0,1.8,0,1877,0,0,528.739407777778,24.3020305833333,0,0,3.67162600555556,-2.21,0,4,3744.6,23.0979694166667,-4.3328,0
2/5/20 14:34,336,335.958333333333,0,0,4730.9,20.35,0,0,1.8,0,1877,0,0,529.186462777778,24.3338805833333,0,0,3.67263865,-2.21,0,4,3744.6,23.0661194166667,-4.3328,0
2/5/20 14:39,336.083333333333,336.041666666667,0,0,4730.9,20.35,0,0,1.8,0,1877,0,0,528.974129444445,24.4029694166667,0,0,3.67234201111111,-2.21,0,4,3744.6,22.9970305833333,-4.3328,0
2/5/20 14:44,336.166666666667,336.125,0,0,4730.9,20.35,0,0,1.8,0,1877,0,0,528.513537222222,24.405,0,0,3.67427135,-2.21,0,4,3744.6,22.995,-4.3328,0
2/5/20 14:49,336.25,336.208333333333,0,0,4730.9,20.35,0,0,1.8,0,1877,0,0,528.5,24.405,0,0,3.67982669444444,-2.20677327777778,0,4,3744.6,23.1160020833333,-4.3328,0
2/5/20 14:54,336.333333333333,336.291666666667,0,0,4730.9,20.35,0,0,1.8,0,1877,0,0,528.5,24.405,0,0,3.68937534444444,-2.19373994444444,0,4,3744.6,23.46922975,-4.3328,0
2/5/20 14:59,336.416666666667,336.375,0,0,4730.9,20.35,0,0,1.8,0,1877,0,0,528.5,24.4340405,0,0,3.69936865,-2.18038677777778,0,4,3744.6,23.6597375833333,-4.3328,0
2/5/20 15:04,336.5,336.458333333333,0,0,4730.9,20.35,0,0,1.8,0,1877,0,0,528.5,24.4932595,0,0,3.7093627,-2.17031983333333,0,4,3744.6,23.7906339166667,-4.3328,0
2/5/20 15:09,336.583333333333,336.541666666667,0,0,4730.9,20.35,0,0,1.8,0,1877,0,0,528.5,24.495,0,0,3.7193746,-2.15703361111111,0,4,3744.6,24.086595,-4.3328,0
2/5/20 15:14,336.666666666667,336.625,0,0,4730.9,20.35,0,0,1.8,0,1877,0,0,528.5,24.495,0,0,3.72192933888889,-2.16961322222222,0,4,3744.6,23.9008016666667,-4.3328,0
2/5/20 15:19,336.75,336.708333333333,0,0,4730.9,20.35,0,0,1.8,0,1877,0,0,528.5,24.495,0,0,3.72684603333333,-2.16677327777778,0,4,3744.6,23.9288805833333,-4.3328,0
2/5/20 15:24,336.833333333333,336.791666666667,0,0,4730.9,20.35,0,0,1.8,0,1877,0,0,528.725870555556,24.495,0,0,3.73379396666667,-2.16987355555556,0,4,3744.6,23.8382466666667,-4.3328,0
2/5/20 15:29,336.916666666667,336.875,0,0,4730.9,20.35,0,0,1.8,0,1877,0,0,529.186462777778,24.495,0,0,3.73626465555556,-2.19587327777778,0,4,3744.6,23.3838905,-4.3328,0
2/5/20 15:34,337,336.958333333333,0,0,4730.9,20.35,0,0,1.8,0,1877,0,0,528.974129444445,24.495,0,0,3.73698066111111,-2.21283994444444,0,4,3744.6,23.0449111666667,-4.3328,0
2/5/20 15:39,337.083333333333,337.041666666667,0,0,4730.9,20.35,0,0,1.8,0,1877,0,0,528.739407777778,24.495,0,0,3.73764534444444,-2.21657988888889,0,4,3744.6,22.9378115833333,-4.3328,0
2/5/20 15:44,337.166666666667,337.125,0,0,4730.9,20.35,0,0,1.8,0,1877,0,0,529.186462777778,24.495,0,0,3.73960666666667,-2.21664683333333,0,4,3744.6,22.8964578333333,-4.35138592,0
2/5/20 15:49,337.25,337.208333333333,0,0,4730.9,20.35,0,0,1.8,0,1877,0,0,528.974129444445,24.495,0,0,3.74386537222222,-2.22315977777778,0,4,3744.6,22.7976033333333,-4.38928608,0
2/5/20 15:54,337.333333333333,337.291666666667,0,0,4730.9,20.35,0,0,1.8,0,1877,0,0,528.739407777778,24.5288805833333,0,0,3.75143931111111,-2.21684022222222,0,4,3744.6,22.92627725,-4.3904,0
2/5/20 15:59,337.416666666667,337.375,0,0,4730.9,20.35,0,0,1.8,0,1877,0,0,529.186462777778,24.5979694166667,0,0,3.75974338888889,-2.21993305555556,0,4,3744.6,22.9344533333333,-4.3904,0
2/5/20 16:04,337.5,337.458333333333,0,0,4730.9,20.35,0,0,1.8,0,1877,0,0,529.2,24.6,0,0,3.77519534444444,-2.19735344444444,0,4,3744.6,23.2600888333333,-4.3904,0
2/5/20 16:09,337.583333333333,337.541666666667,0,0,4730.9,20.35,0,0,1.8,0,1877,0,0,528.974129444445,24.6,0,0,3.79022063333333,-2.19019338888889,0,4,3744.6,23.4301095,-4.3904,0
2/5/20 16:14,337.666666666667,337.625,0,0,4730.9,20.35,0,0,1.8,0,1877,0,0,528.739407777778,24.5661194166667,0,0,3.80165933888889,-2.18677327777778,0,4,3744.6,23.5320099166667,-4.3904,0
2/5/20 16:19,337.75,337.708333333333,0,0,4730.9,20.35,0,0,1.8,0,1877,0,0,529.186462777778,24.4970305833333,0,0,3.81105862222222,-2.18664683333333,0,4,3744.6,23.4964578333333,-4.3904,0
2/5/20 16:24,337.833333333333,337.791666666667,0,0,4730.9,20.35,0,0,1.8,0,1877,0,0,529.2,24.495,0,0,3.8132773,-2.20283994444444,0,4,3744.6,23.2378805833333,-4.3904,0
2/5/20 16:29,337.916666666667,337.875,0,0,4730.9,20.35,0,0,1.8,0,1877,0,0,529.2,24.495,0,0,3.81365203888889,-2.20335316666667,0,4,3744.6,23.20057275,-4.3904,0
2/5/20 16:34,338,337.958333333333,0,0,4730.9,20.35,0,0,1.8,0,1877,0,0,529.2,24.5288805833333,0,0,3.8146446,-2.19684022222222,0,4,3744.6,23.2973966666667,-4.3904,0
2/5/20 16:39,338.083333333333,338.041666666667,0,0,4730.9,20.35,0,0,1.8,0,1877,0,0,529.2,24.5979694166667,0,0,3.80916735555556,-2.20961322222222,0,4,3744.6,23.1058016666667,-4.3904,0
2/5/20 16:44,338.166666666667,338.125,0,0,4730.9,20.35,0,0,1.8,0,1877,0,0,529.2,24.6,0,0,3.80705801666667,-2.20677327777778,0,4,3744.6,23.1629210833333,-4.3904,0
2/5/20 16:49,338.25,338.208333333333,0,0,4730.9,20.35,0,0,1.8,0,1877,0,0,528.974129444445,24.6,0,0,3.80635465555556,-2.20019338888889,0,4,3744.6,23.2912289166667,-4.3904,0
2/5/20 16:54,338.333333333333,338.291666666667,0,0,4730.9,20.35,0,0,1.8,0,1877,0,0,528.513537222222,24.6,0,0,3.80471600555556,-2.19677327777778,0,4,3744.6,23.3288805833333,-4.3904,0
2/5/20 16:59,338.416666666667,338.375,0,0,4730.9,20.35,0,0,1.8,0,1877,0,0,528.725870555556,24.6,0,0,3.80240597777778,-2.19342011111111,0,4,3744.6,23.3350483333333,-4.3904,0
2/5/20 17:04,338.5,338.458333333333,0,0,4730.9,20.35,0,0,1.8,0,1877,0,0,529.186462777778,24.6,0,0,3.79812867777778,-2.19980661111111,0,4,3744.6,23.2378115833333,-4.3904,0
2/5/20 17:09,338.583333333333,338.541666666667,0,0,4730.9,20.35,0,0,1.8,0,1877,0,0,529.2,24.6,0,0,3.79605801666667,-2.19354655555556,0,4,3744.6,23.3900611666667,-4.3904,0
2/5/20 17:14,338.666666666667,338.625,0,0,4730.9,20.35,0,0,1.8,0,1877,0,0,529.2,24.6,0,0,3.79470931111111,-2.18038677777778,0,4,3744.6,23.5891983333333,-4.3904,0
2/5/20 17:19,338.75,338.708333333333,0,0,4730.9,20.35,0,0,1.8,0,1877,0,0,529.2,24.6,0,0,3.79078666666667,-2.18322672222222,0,4,3744.6,23.5320789166667,-4.3904,0
2/5/20 17:24,338.833333333333,338.791666666667,0,0,4730.9,20.35,0,0,1.8,0,1877,0,0,529.2,24.6,0,0,3.78485063333333,-2.19626005555556,0,4,3744.6,23.3069694166667,-4.3904,0
2/5/20 17:29,338.916666666667,338.875,0,0,4730.9,20.35,0,0,1.8,0,1877,0,0,529.2,24.6,0,0,3.77464399444444,-2.21283994444444,0,4,3744.6,23.0428805833333,-4.3904,0
2/5/20 17:34,339,338.958333333333,0,0,4730.9,20.35,0,0,1.8,0,1877,0,0,529.2,24.6,0,0,3.76398600555556,-2.22303333333333,0,4,3744.6,22.8748905,-4.3904,0
2/5/20 17:39,339.083333333333,339.041666666667,0,0,4730.9,20.35,0,0,1.8,0,1877,0,0,529.2,24.6,0,0,3.75364399444444,-2.23303333333333,0,4,3744.6,22.7391095,-4.3904,0
2/5/20 17:44,339.166666666667,339.125,0,0,4730.9,20.35,0,0,1.8,0,1877,0,0,529.2,24.6,0,0,3.74395402222222,-2.23980661111111,0,4,3744.6,22.6087710833333,-4.3904,0
2/5/20 17:49,339.25,339.208333333333,0,0,4730.9,20.35,0,0,1.8,0,1877,0,0,529.2,24.6,0,0,3.73655399444445,-2.24,0,4,3744.6,22.605,-4.3904,0
2/5/20 17:54,339.333333333333,339.291666666667,0,0,4730.9,20.35,0,0,1.8,0,1877,0,0,528.974129444445,24.6,0,0,3.73083203888889,-2.24,0,4,3744.6,22.605,-4.3904,0
2/5/20 17:59,339.416666666667,339.375,0,0,4730.9,20.35,0,0,1.8,0,1877,0,0,528.513537222222,24.6,0,0,3.73001933888889,-2.23677327777778,0,4,3744.6,22.6679210833333,-4.3904,0
2/5/20 18:04,339.5,339.458333333333,0,0,4730.9,20.35,0,0,1.8,0,1877,0,0,528.5,24.5661194166667,0,0,3.73064534444444,-2.23019338888889,0,4,3744.6,22.7962289166667,-4.3904,0
2/5/20 18:09,339.583333333333,339.541666666667,0,0,4730.9,20.35,0,0,1.8,0,1877,0,0,528.725870555556,24.4970305833333,0,0,3.73292933888889,-2.23,0,4,3744.6,22.8,-4.3904,0
2/5/20 18:14,339.666666666667,339.625,0,0,4730.9,20.35,0,0,1.8,0,1877,0,0,529.186462777778,24.495,0,0,3.73591,-2.23,0,4,3744.6,22.7661194166667,-4.3904,0
2/5/20 18:19,339.75,339.708333333333,0,0,4730.9,20.35,0,0,1.8,0,1877,0,0,529.2,24.495,0,0,3.73987801666667,-2.23,0,4,3744.6,22.6970305833333,-4.3904,0
2/5/20 18:24,339.833333333333,339.791666666667,0,0,4730.9,20.35,0,0,1.8,0,1877,0,0,529.2,24.495,0,0,3.74678801666667,-2.22677327777778,0,4,3744.6,22.7627611666667,-4.3904,0
2/5/20 18:29,339.916666666667,339.875,0,0,4730.9,20.35,0,0,1.8,0,1877,0,0,529.2,24.495,0,0,3.75573,-2.22342011111111,0,4,3744.6,22.86705825,-4.3904,0
2/5/20 18:34,340,339.958333333333,0,0,4730.9,20.35,0,0,1.8,0,1877,0,0,528.974129444445,24.495,0,0,3.76602068888889,-2.22980661111111,0,4,3744.6,22.8020305833333,-4.3904,0
2/5/20 18:39,340.083333333333,340.041666666667,0,0,4730.9,20.35,0,0,1.8,0,1877,0,0,528.739407777778,24.495,0,0,3.77668462777778,-2.23322672222222,0,4,3744.6,22.7370789166667,-4.3904,0
2/5/20 18:44,340.166666666667,340.125,0,0,4730.9,20.35,0,0,1.8,0,1877,0,0,529.186462777778,24.495,0,0,3.78475603333333,-2.23657988888889,0,4,3744.6,22.6378115833333,-4.3904,0
2/5/20 18:49,340.25,340.208333333333,0,0,4730.9,20.35,0,0,1.8,0,1877,0,0,529.2,24.495,0,0,3.79599465555556,-2.23342011111111,0,4,3744.6,22.664219,-4.3904,0
2/5/20 18:54,340.333333333333,340.291666666667,0,0,4730.9,20.35,0,0,1.8,0,1877,0,0,529.2,24.495,0,0,3.80571066111111,-2.23980661111111,0,4,3744.6,22.6067405,-4.3904,0
2/5/20 18:59,340.416666666667,340.375,0,0,4730.9,20.35,0,0,1.8,0,1877,0,0,529.2,24.495,0,0,3.81505267222222,-2.23677327777778,0,4,3744.6,22.6340405,-4.3904,0
2/5/20 19:04,340.5,340.458333333333,0,0,4730.9,20.35,0,0,1.8,0,1877,0,0,529.2,24.495,0,0,3.82277141177556,-2.23662539331857,0,4,3744.6,22.5678354136213,-4.3904,0
2/5/20 19:09,340.583333333333,340.541666666667,0,0,4730.9,20.35,0,0,1.8,0,1877,0,0,529.2,24.4662,0,0,3.82878019933555,-2.24640132890365,0,4,3744.6,22.4087740863787,-4.3904,0
2/5/20 19:14,340.666666666667,340.625,0,0,4730.9,20.35,0,0,1.8,0,1877,0,0,529.2,24.4068,0,0,3.83964,-2.2402,0,4,3744.6,22.599,-4.3904,0
2/5/20 19:19,340.75,340.708333333333,0,0,4730.9,20.35,0,0,1.8,0,1877,0,0,529.2,24.405,0,0,3.8487,-2.24,0,4,3744.6,22.605,-4.3904,0
2/5/20 19:24,340.833333333333,340.791666666667,0,0,4730.9,20.35,0,0,1.8,0,1877,0,0,529.2,24.405,0,0,3.8545,-2.2464,0,4,3744.6,22.4754,-4.3904,0
2/5/20 19:29,340.916666666667,340.875,0,0,4730.9,20.35,0,0,1.8,0,1877,0,0,529.2,24.405,0,0,3.85658,-2.2564,0,4,3744.6,22.2417,-4.3904,0
2/5/20 19:34,341,340.958333333333,0,0,4730.9,20.35,0,0,1.8,0,1877,0,0,529.424,24.405,0,0,3.86216,-2.2566,0,4,3744.6,22.1733,-4.3904,0
2/5/20 19:39,341.083333333333,341.041666666667,0,0,4730.9,20.35,0,0,1.8,0,1877,0,0,529.662,24.3858,0,0,3.86618,-2.2664,0,4,3744.6,21.9705,-4.392448,0
2/5/20 19:44,341.166666666667,341.125,0,0,4730.9,20.35,0,0,1.8,0,1877,0,0,529.214,24.3318,0,0,3.87504,-2.257,0,4,3744.6,22.1583,-4.396672,0
2/5/20 19:49,341.25,341.208333333333,0,0,4730.9,20.35,0,0,1.8,0,1877,0,0,529.2,24.3009,0,0,3.88274,-2.247,0,4,3744.6,22.3968,-4.3968,0
2/5/20 19:54,341.333333333333,341.291666666667,0,0,4730.9,20.35,0,0,1.8,0,1877,0,0,529.2,24.3336,0,0,3.89042,-2.2402,0,4,3744.6,22.599,-4.3968,0
2/5/20 19:59,341.416666666667,341.375,0,0,4730.9,20.35,0,0,1.8,0,1877,0,0,529.2,24.4029,0,0,3.89646,-2.2368,0,4,3744.6,22.6338,-4.3968,0
2/5/20 20:04,341.5,341.458333333333,0,0,4730.9,20.35,0,0,1.8,0,1877,0,0,529.2,24.405,0,0,3.90408,-2.2302,0,4,3744.6,22.7268,-4.3968,0
2/5/20 20:09,341.583333333333,341.541666666667,0,0,4730.9,20.35,0,0,1.8,0,1877,0,0,529.2,24.405,0,0,3.91206,-2.2204,0,4,3744.6,22.9275,-4.3968,0
2/5/20 20:14,341.666666666667,341.625,0,0,4730.9,20.35,0,0,1.8,0,1877,0,0,529.2,24.405,0,0,3.91976,-2.2038,0,4,3744.6,23.1633,-4.3968,0
2/5/20 20:19,341.75,341.708333333333,0,0,4730.9,20.35,0,0,1.8,0,1877,0,0,529.2,24.3714,0,0,3.9229,-2.2098,0,4,3744.6,23.0685,-4.3968,0
2/5/20 20:24,341.833333333333,341.791666666667,0,0,4730.9,20.35,0,0,1.8,0,1877,0,0,529.2,24.3021,0,0,3.92622,-2.2036,0,4,3744.6,23.1267,-4.3968,0
2/5/20 20:29,341.916666666667,341.875,0,0,4730.9,20.35,0,0,1.8,0,1877,0,0,529.2,24.3,0,0,3.92828,-2.1904,0,4,3744.6,23.3919,-4.3968,0
2/5/20 20:34,342,341.958333333333,0,0,4730.9,20.35,0,0,1.8,0,1877,0,0,529.2,24.3,0,0,3.92576,-2.1932,0,4,3744.6,23.3664,-4.3968,0
2/5/20 20:39,342.083333333333,342.041666666667,0,0,4730.9,20.35,0,0,1.8,0,1877,0,0,529.2,24.3336,0,0,3.92212,-2.1934,0,4,3744.6,23.4267,-4.3968,0
2/5/20 20:44,342.166666666667,342.125,0,0,4730.9,20.35,0,0,1.8,0,1877,0,0,529.2,24.4029,0,0,3.91654,-2.1836,0,4,3744.6,23.6295,-4.3968,0
2/5/20 20:49,342.25,342.208333333333,0,0,4730.9,20.35,0,0,1.8,0,1877,0,0,529.2,24.405,0,0,3.90602,-2.1898,0,4,3744.6,23.4753,-4.3968,0
2/5/20 20:54,342.333333333333,342.291666666667,0,0,4730.9,20.35,0,0,1.8,0,1877,0,0,529.2,24.405,0,0,3.89536,-2.1932,0,4,3744.6,23.3685,-4.3968,0
2/5/20 20:59,342.416666666667,342.375,0,0,4730.9,20.35,0,0,1.8,0,1877,0,0,529.2,24.405,0,0,3.88404,-2.1966,0,4,3744.6,23.3307,-4.3968,0
2/5/20 21:04,342.5,342.458333333333,0,0,4730.9,20.35,0,0,1.8,0,1877,0,0,529.2,24.405,0,0,3.87304,-2.1934,0,4,3744.6,23.3643,-4.3968,0
2/5/20 21:09,342.583333333333,342.541666666667,0,0,4730.9,20.35,0,0,1.8,0,1877,0,0,529.2,24.405,0,0,3.86074,-2.1998,0,4,3744.6,23.2971,-4.3968,0
2/5/20 21:14,342.666666666667,342.625,0,0,4730.9,20.35,0,0,1.8,0,1877,0,0,529.2,24.4338,0,0,3.85002,-2.2,0,4,3744.6,23.295,-4.3968,0
2/5/20 21:19,342.75,342.708333333333,0,0,4730.9,20.35,0,0,1.8,0,1877,0,0,529.2,24.4932,0,0,3.83936,-2.1968,0,4,3744.6,23.3286,-4.3968,0
2/5/20 21:24,342.833333333333,342.791666666667,0,0,4730.9,20.35,0,0,1.8,0,1877,0,0,529.2,24.495,0,0,3.82708,-2.1934,0,4,3744.6,23.3643,-4.3968,0
2/5/20 21:29,342.916666666667,342.875,0,0,4730.9,20.35,0,0,1.8,0,1877,0,0,529.2,24.4806,0,0,3.8141,-2.203,0,4,3744.6,23.2347,-4.3968,0
2/5/20 21:34,343,342.958333333333,0,0,4730.9,20.35,0,0,1.8,0,1877,0,0,529.2,24.4365,0,0,3.80046,-2.2098,0,4,3744.6,23.1039,-4.3968,0
2/5/20 21:39,343.083333333333,343.041666666667,0,0,4730.9,20.35,0,0,1.8,0,1877,0,0,529.2,24.4059,0,0,3.78646,-2.21,0,4,3744.6,23.1,-4.3968,0
2/5/20 21:44,343.166666666667,343.125,0,0,4730.9,20.35,0,0,1.8,0,1877,0,0,529.2,24.4194,0,0,3.77376,-2.21,0,4,3744.6,23.0664,-4.3968,0
2/5/20 21:49,343.25,343.208333333333,0,0,4730.9,20.35,0,0,1.8,0,1877,0,0,529.2,24.4347,0,0,3.7598,-2.21,0,4,3744.6,22.9971,-4.3968,0
2/5/20 21:54,343.333333333333,343.291666666667,0,0,4730.9,20.35,0,0,1.8,0,1877,0,0,529.2,24.4347,0,0,3.74612,-2.2132,0,4,3744.6,22.9662,-4.3968,0
2/5/20 21:59,343.416666666667,343.375,0,0,4730.9,20.35,0,0,1.8,0,1877,0,0,529.2,24.4932,0,0,3.7331,-2.2198,0,4,3744.6,22.9068,-4.3968,0
2/5/20 22:04,343.5,343.458333333333,0,0,4730.9,20.35,0,0,1.8,0,1877,0,0,529.2,24.495,0,0,3.7201,-2.22,0,4,3744.6,22.905,-4.3968,0
2/5/20 22:09,343.583333333333,343.541666666667,0,0,4730.9,20.35,0,0,1.8,0,1877,0,0,529.2,24.495,0,0,3.7071,-2.22,0,4,3744.6,22.905,-4.3968,0
2/5/20 22:14,343.666666666667,343.625,0,0,4730.9,20.35,0,0,1.8,0,1877,0,0,529.2,24.495,0,0,3.69538,-2.2168,0,4,3744.6,22.9674,-4.3968,0
2/5/20 22:19,343.75,343.708333333333,0,0,4730.9,20.35,0,0,1.8,0,1877,0,0,529.2,24.495,0,0,3.68502,-2.2134,0,4,3744.6,23.0337,-4.3968,0
2/5/20 22:24,343.833333333333,343.791666666667,0,0,4730.9,20.35,0,0,1.8,0,1877,0,0,529.2,24.495,0,0,3.67274,-2.2198,0,4,3744.6,22.9089,-4.3968,0
2/5/20 22:29,343.916666666667,343.875,0,0,4730.9,20.35,0,0,1.8,0,1877,0,0,529.2,24.495,0,0,3.6617,-2.2168,0,4,3744.6,22.9338,-4.3968,0
2/5/20 22:34,344,343.958333333333,0,0,4730.9,20.35,0,0,1.8,0,1877,0,0,529.2,24.495,0,0,3.64974,-2.2134,0,4,3744.6,22.9644,-4.3968,0
2/5/20 22:39,344.083333333333,344.041666666667,0,0,4730.9,20.35,0,0,1.8,0,1877,0,0,529.2,24.495,0,0,3.63676,-2.2166,0,4,3744.6,22.9356,-4.3968,0
2/5/20 22:44,344.166666666667,344.125,0,0,4730.9,20.35,0,0,1.8,0,1877,0,0,529.2,24.495,0,0,3.6241,-2.2134,0,4,3744.6,22.9644,-4.3968,0
2/5/20 22:49,344.25,344.208333333333,0,0,4730.9,20.35,0,0,1.8,0,1877,0,0,529.2,24.495,0,0,3.6098,-2.2166,0,4,3744.6,22.9356,-4.3968,0
2/5/20 22:54,344.333333333333,344.291666666667,0,0,4730.9,20.35,0,0,1.8,0,1877,0,0,529.2,24.495,0,0,3.59902,-2.207,0,4,3744.6,23.0604,-4.3968,0
2/5/20 22:59,344.416666666667,344.375,0,0,4730.9,20.35,0,0,1.8,0,1877,0,0,529.2,24.495,0,0,3.58836,-2.2034,0,4,3744.6,23.1672,-4.3968,0
2/5/20 23:04,344.5,344.458333333333,0,0,4730.9,20.35,0,0,1.8,0,1877,0,0,529.2,24.4662,0,0,3.57608,-2.2098,0,4,3744.6,23.1021,-4.3968,0
2/5/20 23:09,344.583333333333,344.541666666667,0,0,4730.9,20.35,0,0,1.8,0,1877,0,0,529.2,24.4068,0,0,3.56182,-2.2164,0,4,3744.6,22.9704,-4.3968,0
2/5/20 23:14,344.666666666667,344.625,0,0,4730.9,20.35,0,0,1.8,0,1877,0,0,529.2,24.405,0,0,3.54682,-2.2296,0,4,3744.6,22.7367,-4.3968,0
2/5/20 23:19,344.75,344.708333333333,0,0,4730.9,20.35,0,0,1.8,0,1877,0,0,529.2,24.405,0,0,3.5357,-2.23,0,4,3744.6,22.7979,-4.3968,0
2/5/20 23:24,344.833333333333,344.791666666667,0,0,4730.9,20.35,0,0,1.8,0,1877,0,0,529.2,24.405,0,0,3.52438,-2.23,0,4,3744.6,22.7664,-4.3968,0
2/5/20 23:29,344.916666666667,344.875,0,0,4730.9,20.35,0,0,1.8,0,1877,0,0,529.2,24.405,0,0,3.514,-2.2236,0,4,3744.6,22.7931,-4.3968,0
2/5/20 23:34,345,344.958333333333,0,0,4730.9,20.35,0,0,1.8,0,1877,0,0,529.2,24.405,0,0,3.50563169435216,-2.21677873754153,0,4,3744.6,22.9268073089701,-4.3968,0
2/5/20 23:39,345.083333333333,345.041666666667,0,0,4730.9,20.35,0,0,1.8,0,1877,0,0,529.2,24.405,0,0,3.49537058898117,-2.22958792912514,0,4,3744.6,22.8040176910299,-4.3968,0
2/5/20 23:44,345.166666666667,345.125,0,0,4730.9,20.35,0,0,1.8,0,1877,0,0,529.2,24.405,0,0,3.48759935555556,-2.22365322222222,0,4,3744.6,22.8618810833333,-4.3968,0
2/5/20 23:49,345.25,345.208333333333,0,0,4730.9,20.35,0,0,1.8,0,1877,0,0,529.2,24.4335605,0,0,3.48124731111111,-2.21041344444444,0,4,3744.6,22.9909689166667,-4.3968,0
2/5/20 23:54,345.333333333333,345.291666666667,0,0,4730.9,20.35,0,0,1.8,0,1877,0,0,529.2,24.4931395,0,0,3.47233,-2.21,0,4,3744.6,22.995,-4.3968,0
2/5/20 23:59,345.416666666667,345.375,0,0,4730.9,20.35,0,0,1.8,0,1877,0,0,529.2,24.495,0,0,3.46333,-2.21,0,4,3744.6,22.995,-4.3968,0
2/6/20 0:04,345.5,345.458333333333,0,0,4730.9,20.35,0,0,1.8,0,1877,0,0,529.2,24.495,0,0,3.45369532222222,-2.21317338888889,0,4,3744.6,22.9664395,-4.3968,0
2/6/20 0:09,345.583333333333,345.541666666667,0,0,4730.9,20.35,0,0,1.8,0,1877,0,0,529.2,24.495,0,0,3.44368868333333,-2.21661988888889,0,4,3744.6,22.935421,-4.3968,0
2/6/20 0:14,345.666666666667,345.625,0,0,4730.9,20.35,0,0,1.8,0,1877,0,0,529.2,24.4664395,0,0,3.43499198888889,-2.21020672222222,0,4,3744.6,23.0264600833333,-4.3968,0
2/6/20 0:19,345.75,345.708333333333,0,0,4730.9,20.35,0,0,1.8,0,1877,0,0,529.2,24.4068605,0,0,3.42471599444444,-2.21634677777778,0,4,3744.6,23.00262775,-4.3968,0
2/6/20 0:24,345.833333333333,345.791666666667,0,0,4730.9,20.35,0,0,1.8,0,1877,0,0,529.2,24.405,0,0,3.41659271666667,-2.22006638888889,0,4,3744.6,22.9632844166667,-4.3968,0
2/6/20 0:29,345.916666666667,345.875,0,0,4730.9,20.35,0,0,1.8,0,1877,0,0,529.2,24.405,0,0,3.41218529444444,-2.20062016666667,0,4,3744.6,23.25620675,-4.3968,0
2/6/20 0:34,346,345.958333333333,0,0,4730.9,20.35,0,0,1.8,0,1877,0,0,529.2,24.405,0,0,3.40396467777778,-2.2,0,4,3744.6,23.235421,-4.3968,0
2/6/20 0:39,346.083333333333,346.041666666667,0,0,4730.9,20.35,0,0,1.8,0,1877,0,0,529.2,24.405,0,0,3.39533663888889,-2.20634677777778,0,4,3744.6,23.1693773333333,-4.3968,0
2/6/20 0:44,346.166666666667,346.125,0,0,4730.9,20.35,0,0,1.8,0,1877,0,0,529.2,24.405,0,0,3.38439201666667,-2.22275994444444,0,4,3744.6,22.8797415833333,-4.3968,0
2/6/20 0:49,346.25,346.208333333333,0,0,4730.9,20.35,0,0,1.8,0,1877,0,0,529.2,24.405,0,0,3.37628201666667,-2.22661988888889,0,4,3744.6,22.8354911666667,-4.3968,0
2/6/20 0:54,346.333333333333,346.291666666667,0,0,4730.9,20.35,0,0,1.8,0,1877,0,0,529.2,24.405,0,0,3.36926798333333,-2.22338011111111,0,4,3744.6,22.83618825,-4.3968,0
2/6/20 0:59,346.416666666667,346.375,0,0,4730.9,20.35,0,0,1.8,0,1877,0,0,529.2,24.405,0,0,3.36159935555556,-2.22661988888889,0,4,3744.6,22.7659823333333,-4.3968,0
2/6/20 1:04,346.5,346.458333333333,0,0,4730.9,20.35,0,0,1.8,0,1877,0,0,529.2,24.405,0,0,3.35683400555556,-2.21703333333333,0,4,3744.6,22.9292193333333,-4.3968,0
2/6/20 1:09,346.583333333333,346.541666666667,0,0,4730.9,20.35,0,0,1.8,0,1877,0,0,529.2,24.405,0,0,3.3509093,-2.2165535,0,4,3744.6,22.9312584166667,-4.3968,0
2/6/20 1:14,346.666666666667,346.625,0,0,4730.9,20.35,0,0,1.8,0,1877,0,0,529.2,24.405,0,0,3.34293736666667,-2.22323977777778,0,4,3744.6,22.8659121666667,-4.3968,0
2/6/20 1:19,346.75,346.708333333333,0,0,4730.9,20.35,0,0,1.8,0,1877,0,0,528.977862777778,24.405,0,0,3.33976535,-2.20406666666667,0,4,3744.6,23.1194911666667,-4.3968,0
2/6/20 1:24,346.833333333333,346.791666666667,0,0,4730.9,20.35,0,0,1.8,0,1877,0,0,528.736607777778,24.405,0,0,3.33616462222222,-2.19676022222222,0,4,3744.6,23.2964260833333,-4.3968,0
2/6/20 1:29,346.916666666667,346.875,0,0,4730.9,20.35,0,0,1.8,0,1877,0,0,529.185529444444,24.405,0,0,3.32733,-2.21275994444444,0,4,3744.6,23.0443205833333,-4.3968,0
2/6/20 1:34,347,346.958333333333,0,0,4730.9,20.35,0,0,1.8,0,1877,0,0,529.2,24.405,0,0,3.32086871111111,-2.2134465,0,4,3744.6,23.03279325,-4.3968,0
2/6/20 1:39,347.083333333333,347.041666666667,0,0,4730.9,20.35,0,0,1.8,0,1877,0,0,529.2,24.405,0,0,3.31494325,-2.20993361111111,0,4,3744.6,23.0965345,-4.3968,0
2/6/20 1:44,347.166666666667,347.125,0,0,4730.9,20.35,0,0,1.8,0,1877,0,0,529.2,24.3716794166667,0,0,3.30274406111111,-2.22937983333333,0,4,3744.6,22.7407239166667,-4.3968,0
2/6/20 1:49,347.25,347.208333333333,0,0,4730.9,20.35,0,0,1.8,0,1877,0,0,529.2,24.3021705833333,0,0,3.29751666666667,-2.22682661111111,0,4,3744.6,22.83115,-4.3968,0
2/6/20 1:54,347.333333333333,347.291666666667,0,0,4730.9,20.35,0,0,1.8,0,1877,0,0,529.2,24.3333205833333,0,0,3.29188198888889,-2.22338011111111,0,4,3744.6,22.8695088333333,-4.3968,0
2/6/20 1:59,347.416666666667,347.375,0,0,4730.9,20.35,0,0,1.8,0,1877,0,0,529.2,24.3695088333333,0,0,3.28524067222222,-2.22979327777778,0,4,3744.6,22.76885,-4.3968,0
2/6/20 2:04,347.5,347.458333333333,0,0,4730.9,20.35,0,0,1.8,0,1877,0,0,529.2,24.3021705833333,0,0,3.28017201666667,-2.22682661111111,0,4,3744.6,22.76381175,-4.3968,0
2/6/20 2:09,347.583333333333,347.541666666667,0,0,4730.9,20.35,0,0,1.8,0,1877,0,0,529.2,24.3,0,0,3.27679266111111,-2.22020672222222,0,4,3744.6,22.9006588333333,-4.3968,0
2/6/20 2:14,347.666666666667,347.625,0,0,4730.9,20.35,0,0,1.8,0,1877,0,0,529.2,24.3,0,0,3.27154397777778,-2.22317338888889,0,4,3744.6,22.8383588333333,-4.3968,0
2/6/20 2:19,347.75,347.708333333333,0,0,4730.9,20.35,0,0,1.8,0,1877,0,0,529.2,24.3,0,0,3.26584803888889,-2.22661988888889,0,4,3744.6,22.7659823333333,-4.3968,0
2/6/20 2:24,347.833333333333,347.791666666667,0,0,4730.9,20.35,0,0,1.8,0,1877,0,0,529.2,24.3,0,0,3.26311663888889,-2.22338011111111,0,4,3744.6,22.86733825,-4.3968,0
2/6/20 2:29,347.916666666667,347.875,0,0,4730.9,20.35,0,0,1.8,0,1877,0,0,529.2,24.3,0,0,3.25753733888889,-2.22661988888889,0,4,3744.6,22.8354911666667,-4.3968,0
2/6/20 2:34,348,347.958333333333,0,0,4730.9,20.35,0,0,1.8,0,1877,0,0,529.2,24.3,0,0,3.25251666666667,-2.22020672222222,0,4,3744.6,22.9028294166667,-4.3968,0
2/6/20 2:39,348.083333333333,348.041666666667,0,0,4730.9,20.35,0,0,1.8,0,1877,0,0,529.2,24.3,0,0,3.24719932777778,-2.22317338888889,0,4,3744.6,22.8716794166667,-4.3968,0
2/6/20 2:44,348.166666666667,348.125,0,0,4730.9,20.35,0,0,1.8,0,1877,0,0,529.2,24.3,0,0,3.24122,-2.22979327777778,0,4,3744.6,22.8021705833333,-4.3968,0
2/6/20 2:49,348.25,348.208333333333,0,0,4730.9,20.35,0,0,1.8,0,1877,0,0,529.2,24.3,0,0,3.23553733888889,-2.23,0,4,3744.6,22.8,-4.3968,0
2/6/20 2:54,348.333333333333,348.291666666667,0,0,4730.9,20.35,0,0,1.8,0,1877,0,0,529.2,24.3,0,0,3.23210336111111,-2.22047983333333,0,4,3744.6,22.92852225,-4.3968,0
2/6/20 2:59,348.416666666667,348.375,0,0,4730.9,20.35,0,0,1.8,0,1877,0,0,529.2,24.3,0,0,3.22977862777778,-2.20379355555556,0,4,3744.6,23.1633071666667,-4.3968,0
2/6/20 3:04,348.5,348.458333333333,0,0,4730.9,20.35,0,0,1.8,0,1877,0,0,529.2,24.3,0,0,3.22292333333333,-2.21296666666667,0,4,3744.6,23.05456975,-4.3968,0
2/6/20 3:09,348.583333333333,348.541666666667,0,0,4730.9,20.35,0,0,1.8,0,1877,0,0,529.2,24.3,0,0,3.21655801111111,-2.21979327777778,0,4,3744.6,22.9388205833333,-4.3968,0
2/6/20 3:14,348.666666666667,348.625,0,0,4730.9,20.35,0,0,1.8,0,1877,0,0,529.2,24.3,0,0,3.21183400555556,-2.22,0,4,3744.6,22.90593025,-4.3968,0
2/6/20 3:19,348.75,348.708333333333,0,0,4730.9,20.35,0,0,1.8,0,1877,0,0,529.2,24.2666794166667,0,0,3.20749599444444,-2.22,0,4,3744.6,22.905,-4.3968,0
2/6/20 3:24,348.833333333333,348.791666666667,0,0,4730.9,20.35,0,0,1.8,0,1877,0,0,529.2,24.1971705833333,0,0,3.20251666666667,-2.22,0,4,3744.6,22.905,-4.3968,0
2/6/20 3:29,348.916666666667,348.875,0,0,4730.9,20.35,0,0,1.8,0,1877,0,0,529.2,24.195,0,0,3.19656465,-2.22317338888889,0,4,3744.6,22.8383588333333,-4.3968,0
2/6/20 3:34,349,348.958333333333,0,0,4730.9,20.35,0,0,1.8,0,1877,0,0,529.2,24.195,0,0,3.18799198888889,-2.23296666666667,0,4,3744.6,22.6374600833333,-4.3968,0
2/6/20 3:39,349.083333333333,349.041666666667,0,0,4730.9,20.35,0,0,1.8,0,1877,0,0,529.2,24.195,0,0,3.18057204444444,-2.23661988888889,0,4,3744.6,22.5659121666667,-4.3968,0
2/6/20 3:44,349.166666666667,349.125,0,0,4730.9,20.35,0,0,1.8,0,1877,0,0,529.2,24.195,0,0,3.17808932777778,-2.23020672222222,0,4,3744.6,22.7242895,-4.3968,0
2/6/20 3:49,349.25,349.208333333333,0,0,4730.9,20.35,0,0,1.8,0,1877,0,0,529.2,24.195,0,0,3.17352330555556,-2.23317338888889,0,4,3744.6,22.7359483333333,-4.3968,0
2/6/20 3:54,349.333333333333,349.291666666667,0,0,4730.9,20.35,0,0,1.8,0,1877,0,0,529.2,24.195,0,0,3.16657868333333,-2.23979327777778,0,4,3744.6,22.6090310833333,-4.3968,0
2/6/20 3:59,349.416666666667,349.375,0,0,4730.9,20.35,0,0,1.8,0,1877,0,0,529.2,24.195,0,0,3.16215134444444,-2.23682661111111,0,4,3744.6,22.6668810833333,-4.3968,0
2/6/20 4:04,349.5,349.458333333333,0,0,4730.9,20.35,0,0,1.8,0,1877,0,0,529.2,24.195,0,0,3.15815798333333,-2.23020672222222,0,4,3744.6,22.7626483333333,-4.3968,0
2/6/20 4:09,349.583333333333,349.541666666667,0,0,4730.9,20.35,0,0,1.8,0,1877,0,0,529.2,24.2282098837209,0,0,3.15285889490587,-2.23,0,4,3744.6,22.7303804670543,-4.3968,0
2/6/20 4:14,349.666666666667,349.625,0,0,4730.9,20.35,0,0,1.8,0,1877,0,0,529.2,24.2977651162791,0,0,3.14725293842746,-2.23,0,4,3744.6,22.7647227829457,-4.3968,0
2/6/20 4:19,349.75,349.708333333333,0,0,4730.9,20.35,0,0,1.8,0,1877,0,0,529.2,24.3,0,0,3.13930406666667,-2.23314688888889,0,4,3744.6,22.6689203333333,-4.3968,0
2/6/20 4:24,349.833333333333,349.791666666667,0,0,4730.9,20.35,0,0,1.8,0,1877,0,0,529.2,24.2669576666667,0,0,3.13355468888889,-2.23978644444444,0,4,3744.6,22.5738796666667,-4.3968,0
2/6/20 4:29,349.916666666667,349.875,0,0,4730.9,20.35,0,0,1.8,0,1877,0,0,529.2,24.1972423333333,0,0,3.12916271111111,-2.24,0,4,3744.6,22.5352846666667,-4.3968,0
2/6/20 4:34,350,349.958333333333,0,0,4730.9,20.35,0,0,1.8,0,1877,0,0,529.2,24.195,0,0,3.12737875555556,-2.23370622222222,0,4,3744.6,22.6971643333333,-4.3968,0
2/6/20 4:39,350.083333333333,350.041666666667,0,0,4730.9,20.35,0,0,1.8,0,1877,0,0,529.2,24.195,0,0,3.1264052,-2.223574,0,4,3744.6,22.865551,-4.3968,0
2/6/20 4:44,350.166666666667,350.125,0,0,4730.9,20.35,0,0,1.8,0,1877,0,0,529.2,24.195,0,0,3.12121864444444,-2.23293333333333,0,4,3744.6,22.740878,-4.3968,0
2/6/20 4:49,350.25,350.208333333333,0,0,4730.9,20.35,0,0,1.8,0,1877,0,0,529.2,24.195,0,0,3.11712813333333,-2.23349266666667,0,4,3744.6,22.703571,-4.3968,0
2/6/20 4:54,350.333333333333,350.291666666667,0,0,4730.9,20.35,0,0,1.8,0,1877,0,0,529.2,24.195,0,0,3.11511186666667,-2.22672088888889,0,4,3744.6,22.8041866666667,-4.3968,0
2/6/20 4:59,350.416666666667,350.375,0,0,4730.9,20.35,0,0,1.8,0,1877,0,0,529.2,24.195,0,0,3.11112813333333,-2.236426,0,4,3744.6,22.6397286666667,-4.3968,0
2/6/20 5:04,350.5,350.458333333333,0,0,4730.9,20.35,0,0,1.8,0,1877,0,0,529.2,24.195,0,0,3.11037062222222,-2.23021355555556,0,4,3744.6,22.693078,-4.3968,0
2/6/20 5:09,350.583333333333,350.541666666667,0,0,4730.9,20.35,0,0,1.8,0,1877,0,0,529.2,24.195,0,0,3.10809864444444,-2.23314688888889,0,4,3744.6,22.6477966666667,-4.3968,0
2/6/20 5:14,350.666666666667,350.625,0,0,4730.9,20.35,0,0,1.8,0,1877,0,0,529.2,24.195,0,0,3.10543468888889,-2.23663955555556,0,4,3744.6,22.5954066666667,-4.3968,0
2/6/20 5:19,350.75,350.708333333333,0,0,4730.9,20.35,0,0,1.8,0,1877,0,0,529.2,24.195,0,0,3.10246926666667,-2.23336044444444,0,4,3744.6,22.6634746666667,-4.3968,0
2/6/20 5:24,350.833333333333,350.791666666667,0,0,4730.9,20.35,0,0,1.8,0,1877,0,0,529.2,24.195,0,0,3.09942146666667,-2.23663955555556,0,4,3744.6,22.6682863333333,-4.3968,0
2/6/20 5:29,350.916666666667,350.875,0,0,4730.9,20.35,0,0,1.8,0,1877,0,0,529.2,24.195,0,0,3.09997864444444,-2.23021355555556,0,4,3744.6,22.7958356666667,-4.3968,0
2/6/20 5:34,351,350.958333333333,0,0,4730.9,20.35,0,0,1.8,0,1877,0,0,529.2,24.195,0,0,3.09748248888889,-2.23314688888889,0,4,3744.6,22.7055933333333,-4.3968,0
2/6/20 5:39,351.083333333333,351.041666666667,0,0,4730.9,20.35,0,0,1.8,0,1877,0,0,529.2,24.195,0,0,3.09248553333333,-2.23663955555556,0,4,3744.6,22.567771,-4.3968,0
2/6/20 5:44,351.166666666667,351.125,0,0,4730.9,20.35,0,0,1.8,0,1877,0,0,529.2,24.195,0,0,3.09203457777778,-2.23336044444444,0,4,3744.6,22.6625136666667,-4.3968,0
2/6/20 5:49,351.25,351.208333333333,0,0,4730.9,20.35,0,0,1.8,0,1877,0,0,529.2,24.195,0,0,3.09006406666667,-2.23978644444444,0,4,3744.6,22.606922,-4.3968,0
2/6/20 5:54,351.333333333333,351.291666666667,0,0,4730.9,20.35,0,0,1.8,0,1877,0,0,529.2,24.195,0,0,3.08874124444444,-2.24,0,4,3744.6,22.605,-4.3968,0
2/6/20 5:59,351.416666666667,351.375,0,0,4730.9,20.35,0,0,1.8,0,1877,0,0,529.2,24.166678,0,0,3.08577073333333,-2.24,0,4,3744.6,22.5719576666667,-4.3968,0
2/6/20 6:04,351.5,351.458333333333,0,0,4730.9,20.35,0,0,1.8,0,1877,0,0,529.2,24.106922,0,0,3.08533604444444,-2.23685311111111,0,4,3744.6,22.5636066666667,-4.3968,0
2/6/20 6:09,351.583333333333,351.541666666667,0,0,4730.9,20.35,0,0,1.8,0,1877,0,0,529.420282222222,24.105,0,0,3.08534926666667,-2.23336044444444,0,4,3744.6,22.6625136666667,-4.3968,0
2/6/20 6:14,351.666666666667,351.625,0,0,4730.9,20.35,0,0,1.8,0,1877,0,0,529.664768888889,24.105,0,0,3.0843574,-2.23663955555556,0,4,3744.6,22.6682863333333,-4.3968,0
2/6/20 6:19,351.75,351.708333333333,0,0,4730.9,20.35,0,0,1.8,0,1877,0,0,529.214948888889,24.105,0,0,3.08371988888889,-2.23336044444444,0,4,3744.6,22.701429,-4.3968,0
2/6/20 6:24,351.833333333333,351.791666666667,0,0,4730.9,20.35,0,0,1.8,0,1877,0,0,529.2,24.105,0,0,3.08108542222222,-2.23978644444444,0,4,3744.6,22.539449,-4.3968,0
2/6/20 6:29,351.916666666667,351.875,0,0,4730.9,20.35,0,0,1.8,0,1877,0,0,529.2,24.105,0,0,3.08068531111111,-2.24,0,4,3744.6,22.5697153333333,-4.39881400888889,0
2/6/20 6:34,352,351.958333333333,0,0,4730.9,20.35,0,0,1.8,0,1877,0,0,529.2,24.105,0,0,3.07939197777778,-2.24,0,4,3744.6,22.5022423333333,-4.40306332444445,0
2/6/20 6:39,352.083333333333,352.041666666667,0,0,4730.9,20.35,0,0,1.8,0,1877,0,0,529.2,24.105,0,0,3.07741333333333,-2.24,0,4,3744.6,22.5,-4.4032,0
2/6/20 6:44,352.166666666667,352.125,0,0,4730.9,20.35,0,0,1.8,0,1877,0,0,529.2,24.105,0,0,3.0763574,-2.24,0,4,3744.6,22.5330423333333,-4.4032,0
2/6/20 6:49,352.25,352.208333333333,0,0,4730.9,20.35,0,0,1.8,0,1877,0,0,529.2,24.133322,0,0,3.07666395555556,-2.24,0,4,3744.6,22.6027576666667,-4.4032,0
2/6/20 6:54,352.333333333333,352.291666666667,0,0,4730.9,20.35,0,0,1.8,0,1877,0,0,529.2,24.193078,0,0,3.07539197777778,-2.24,0,4,3744.6,22.5955593333333,-4.4032,0
2/6/20 6:59,352.416666666667,352.375,0,0,4730.9,20.35,0,0,1.8,0,1877,0,0,529.2,24.195,0,0,3.07404271111111,-2.24,0,4,3744.6,22.5850813333333,-4.4032,0
2/6/20 7:04,352.5,352.458333333333,0,0,4730.9,20.35,0,0,1.8,0,1877,0,0,529.2,24.195,0,0,3.07431468888889,-2.23685311111111,0,4,3744.6,22.6326813333333,-4.4032,0
2/6/20 7:09,352.583333333333,352.541666666667,0,0,4730.9,20.35,0,0,1.8,0,1877,0,0,529.2,24.195,0,0,3.07560802222222,-2.23021355555556,0,4,3744.6,22.693078,-4.4032,0
2/6/20 7:14,352.666666666667,352.625,0,0,4730.9,20.35,0,0,1.8,0,1877,0,0,529.2,24.166678,0,0,3.0766426,-2.23314688888889,0,4,3744.6,22.666678,-4.4032,0
2/6/20 7:19,352.75,352.708333333333,0,0,4730.9,20.35,0,0,1.8,0,1877,0,0,529.2,24.106922,0,0,3.07633604444444,-2.23663955555556,0,4,3744.6,22.635244,-4.4032,0
2/6/20 7:24,352.833333333333,352.791666666667,0,0,4730.9,20.35,0,0,1.8,0,1877,0,0,529.2,24.105,0,0,3.07666395555556,-2.23336044444444,0,4,3744.6,22.664756,-4.4032,0
2/6/20 7:29,352.916666666667,352.875,0,0,4730.9,20.35,0,0,1.8,0,1877,0,0,529.2,24.105,0,0,3.07665073333333,-2.23663955555556,0,4,3744.6,22.6682863333333,-4.4032,0
2/6/20 7:34,353,352.958333333333,0,0,4730.9,20.35,0,0,1.8,0,1877,0,0,529.2,24.105,0,0,3.07827197777778,-2.23021355555556,0,4,3744.6,22.7627933333333,-4.4032,0
2/6/20 7:39,353.083333333333,353.041666666667,0,0,4730.9,20.35,0,0,1.8,0,1877,0,0,529.2,24.105,0,0,3.07834926666667,-2.23314688888889,0,4,3744.6,22.6736406666667,-4.4032,0
2/6/20 7:44,353.166666666667,353.125,0,0,4730.9,20.35,0,0,1.8,0,1877,0,0,529.2,24.105,0,0,3.07830146666667,-2.23349266666667,0,4,3744.6,22.711288,-4.4032,0
2/6/20 7:49,353.25,353.208333333333,0,0,4730.9,20.35,0,0,1.8,0,1877,0,0,529.2,24.105,0,0,3.08154395555556,-2.21728022222222,0,4,3744.6,22.9272356666667,-4.4032,0
2/6/20 7:54,353.333333333333,353.291666666667,0,0,4730.9,20.35,0,0,1.8,0,1877,0,0,529.2,24.105,0,0,3.08327197777778,-2.21021355555556,0,4,3744.6,23.0261203333333,-4.4032,0
2/6/20 7:59,353.416666666667,353.375,0,0,4730.9,20.35,0,0,1.8,0,1877,0,0,529.2,24.105,0,0,3.08397864444444,-2.21,0,4,3744.6,23.0977576666667,-4.4032,0
2/6/20 8:04,353.5,353.458333333333,0,0,4730.9,20.35,0,0,1.8,0,1877,0,0,528.979717777778,24.105,0,0,3.08620282222222,-2.20370622222222,0,4,3744.6,23.227449,-4.4032,0
2/6/20 8:09,353.583333333333,353.541666666667,0,0,4730.9,20.35,0,0,1.8,0,1877,0,0,528.514948888889,24.105,0,0,3.09210926666667,-2.18728022222222,0,4,3744.6,23.5577153333333,-4.4032,0
2/6/20 8:14,353.666666666667,353.625,0,0,4730.9,20.35,0,0,1.8,0,1877,0,0,528.720282222222,24.105,0,0,3.09302644444444,-2.18650733333333,0,4,3744.6,23.5400646666667,-4.4032,0
2/6/20 8:19,353.75,353.708333333333,0,0,4730.9,20.35,0,0,1.8,0,1877,0,0,529.185051111111,24.133322,0,0,3.08629593333333,-2.20901355555556,0,4,3744.6,23.088122,-4.4032,0
2/6/20 8:24,353.833333333333,353.791666666667,0,0,4730.9,20.35,0,0,1.8,0,1877,0,0,529.2,24.193078,0,0,3.07767468888889,-2.23250622222222,0,4,3744.6,22.737844,-4.4032,0
2/6/20 8:29,353.916666666667,353.875,0,0,4730.9,20.35,0,0,1.8,0,1877,0,0,529.2,24.195,0,0,3.07091208888889,-2.23978644444444,0,4,3744.6,22.5892456666667,-4.4032,0
2/6/20 8:34,354,353.958333333333,0,0,4730.9,20.35,0,0,1.8,0,1877,0,0,529.2,24.195,0,0,3.06745604444444,-2.23685311111111,0,4,3744.6,22.6326813333333,-4.4032,0
2/6/20 8:39,354.083333333333,354.041666666667,0,0,4730.9,20.35,0,0,1.8,0,1877,0,0,529.2,24.195,0,0,3.06541333333333,-2.23021355555556,0,4,3744.6,22.693078,-4.4032,0
2/6/20 8:44,354.166666666667,354.125,0,0,4730.9,20.35,0,0,1.8,0,1877,0,0,529.2,24.195,0,0,3.06530146666667,-2.22370622222222,0,4,3744.6,22.7894066666667,-4.4032,0
2/6/20 8:49,354.25,354.208333333333,0,0,4730.9,20.35,0,0,1.8,0,1877,0,0,529.2,24.195,0,0,3.06791457777778,-2.21042711111111,0,4,3744.6,23.0215258914729,-4.4032,0
2/6/20 8:54,354.333333333333,354.291666666667,0,0,4730.9,20.35,0,0,1.8,0,1877,0,0,529.2,24.195,0,0,3.06831205,-2.2068795,0,4,3744.6,23.1304576918605,-4.4032,0
2/6/20 8:59,354.416666666667,354.375,0,0,4730.9,20.35,0,0,1.8,0,1877,0,0,529.2,24.195,0,0,3.0686659,-2.203341,0,4,3744.6,23.1699195,-4.4032,0
2/6/20 9:04,354.5,354.458333333333,0,0,4730.9,20.35,0,0,1.8,0,1877,0,0,528.981565,24.195,0,0,3.0695823,-2.2035385,0,4,3744.6,23.2286955,-4.4032,0
2/6/20 9:09,354.583333333333,354.541666666667,0,0,4730.9,20.35,0,0,1.8,0,1877,0,0,528.515435,24.195,0,0,3.0738259,-2.1873205,0,4,3744.6,23.5569195,-4.4032,0
2/6/20 9:14,354.666666666667,354.625,0,0,4730.9,20.35,0,0,1.8,0,1877,0,0,528.718435,24.22776525,0,0,3.07655795,-2.1802205,0,4,3744.6,23.69570025,-4.4032,0
2/6/20 9:19,354.75,354.708333333333,0,0,4730.9,20.35,0,0,1.8,0,1877,0,0,528.96613,24.29768475,0,0,3.08014025,-2.173759,0,4,3744.6,23.82638025,-4.4032,0
2/6/20 9:24,354.833333333333,354.791666666667,0,0,4730.9,20.35,0,0,1.8,0,1877,0,0,528.515435,24.3,0,0,3.0832854,-2.166682,0,4,3744.6,23.9696895,-4.4032,0
2/6/20 9:29,354.916666666667,354.875,0,0,4730.9,20.35,0,0,1.8,0,1877,0,0,528.5,24.3,0,0,3.0816705,-2.173318,0,4,3744.6,23.80254525,-4.4032,0
2/6/20 9:34,355,354.958333333333,0,0,4730.9,20.35,0,0,1.8,0,1877,0,0,528.5,24.3,0,0,3.08645,-2.160441,0,4,3744.6,24.02615025,-4.4032,0
2/6/20 9:39,355.083333333333,355.041666666667,0,0,4730.9,20.35,0,0,1.8,0,1877,0,0,528.5,24.33276525,0,0,3.0902018,-2.166241,0,4,3744.6,24.00906975,-4.4032,0
2/6/20 9:44,355.166666666667,355.125,0,0,4730.9,20.35,0,0,1.8,0,1877,0,0,528.5,24.40268475,0,0,3.0919141,-2.179559,0,4,3744.6,23.77884975,-4.4032,0
2/6/20 9:49,355.25,355.208333333333,0,0,4730.9,20.35,0,0,1.8,0,1877,0,0,528.718435,24.405,0,0,3.0954941,-2.18,0,4,3744.6,23.70231525,-4.4032,0
2/6/20 9:54,355.333333333333,355.291666666667,0,0,4730.9,20.35,0,0,1.8,0,1877,0,0,528.747695,24.405,0,0,3.1029464,-2.1706385,0,4,3744.6,23.91999525,-4.4032,0
2/6/20 9:59,355.416666666667,355.375,0,0,4730.9,20.35,0,0.01605,1.8,0,1877,0,0,528.049305,24.405,0,0,3.11358565,-2.147541,0,4,3744.6,24.459666,-4.4032,0
2/6/20 10:04,355.5,355.458333333333,0,0,4730.9,20.35,0,0,1.8,0,1877,0,0,528.26613,24.4330845,0,0,3.12005205,-2.1339795,0,4,3744.6,24.7420575,-4.4032,0
2/6/20 10:09,355.583333333333,355.541666666667,0,0,4730.9,20.35,0,0,1.8,0,1877,0,0,527.815435,24.4930155,0,0,3.12234925,-2.1298025,0,4,3744.6,24.80950125,-4.4032,0
2/6/20 10:14,355.666666666667,355.625,0,0,4730.9,20.35,0,0,1.8,0,1877,0,0,528.018435,24.495,0,0,3.1140559,-2.1555795,0,4,3744.6,24.2216385,-4.4032,0
2/6/20 10:19,355.75,355.708333333333,0,0,4730.9,20.35,0,0,1.8,0,1877,0,0,528.484565,24.495,0,0,3.1041,-2.1758,0,4,3744.6,23.67187275,-4.4032,0
2/6/20 10:24,355.833333333333,355.791666666667,0,0,4730.9,20.35,0,0,1.8,0,1877,0,0,528.5,24.495,0,0,3.09378795,-2.1958,0,4,3744.6,23.2818885,-4.4032,0
2/6/20 10:29,355.916666666667,355.875,0,0,4730.9,20.35,0,0,1.8,0,1877,0,0,528.5,24.52776525,0,0,3.08561845,-2.2064385,0,4,3744.6,23.06946075,-4.4032,0
2/6/20 10:34,356,355.958333333333,0,0,4730.9,20.35,0,0,1.8,0,1877,0,0,528.5,24.59768475,0,0,3.0796754,-2.209582,0,4,3744.6,23.041224,-4.4032,0
2/6/20 10:39,356.083333333333,356.041666666667,0,0,4730.9,20.35,0,0,1.8,0,1877,0,0,528.281565,24.6,0,0,3.0703087,-2.2230975,0,4,3744.6,22.7998605,-4.4032,0
2/6/20 10:44,356.166666666667,356.125,0,0,4730.9,20.35,0,0,1.8,0,1877,0,0,528.03387,24.6,0,0,3.06968795,-2.2073205,0,4,3744.6,23.0539155,-4.4032,0
2/6/20 10:49,356.25,356.208333333333,0,0,4730.9,20.35,0,0,1.8,0,1877,0,0,528.484565,24.6,0,0,3.06714975,-2.203341,0,4,3744.6,23.134839,-4.4032,0
2/6/20 10:54,356.333333333333,356.291666666667,0,0,4730.9,20.35,0,0,1.8,0,1877,0,0,528.5,24.6,0,0,3.0618841,-2.2097795,0,4,3744.6,22.9996305,-4.4032,0
2/6/20 10:59,356.416666666667,356.375,0,0,4730.9,20.35,0,0,1.8,0,1877,0,0,528.5,24.6,0,0,3.05877615,-2.21,0,4,3744.6,22.995,-4.4032,0
2/6/20 11:04,356.5,356.458333333333,0,0,4730.9,20.35,0,0,1.8,0,1877,0,0,528.5,24.6,0,0,3.05864615,-2.2068795,0,4,3744.6,23.0605305,-4.4032,0
2/6/20 11:09,356.583333333333,356.541666666667,0,0,4730.9,20.35,0,0,1.8,0,1877,0,0,528.5,24.6,0,0,3.0587077,-2.203341,0,4,3744.6,23.134839,-4.4032,0
2/6/20 11:14,356.666666666667,356.625,0,0,4730.9,20.35,0,0,1.8,0,1877,0,0,528.5,24.6,0,0,3.05577615,-2.2097795,0,4,3744.6,23.03239575,-4.4032,0
2/6/20 11:19,356.75,356.708333333333,0,0,4730.9,20.35,0,0,1.8,0,1877,0,0,528.718435,24.6,0,0,3.05252565,-2.216241,0,4,3744.6,22.9713045,-4.4032,0
2/6/20 11:24,356.833333333333,356.791666666667,0,0,4730.9,20.35,0,0,1.8,0,1877,0,0,528.96613,24.6,0,0,3.0471764,-2.223318,0,4,3744.6,22.79754525,-4.4032,0
2/6/20 11:29,356.916666666667,356.875,0,0,4730.9,20.35,0,0,1.8,0,1877,0,0,528.515435,24.6,0,0,3.047,-2.210441,0,4,3744.6,23.02115025,-4.4032,0
2/6/20 11:34,357,356.958333333333,0,0,4730.9,20.35,0,0,1.8,0,1877,0,0,528.5,24.6,0,0,3.0463759,-2.21,0,4,3744.6,23.09768475,-4.4032,0
2/6/20 11:39,357.083333333333,357.041666666667,0,0,4730.9,20.35,0,0,1.8,0,1877,0,0,528.5,24.6,0,0,3.0437959,-2.21,0,4,3744.6,23.1,-4.4032,0
2/6/20 11:44,357.166666666667,357.125,0,0,4730.9,20.35,0,0,1.8,0,1877,0,0,528.5,24.6,0,0,3.0404641,-2.21,0,4,3744.6,23.1,-4.4032,0
2/6/20 11:49,357.25,357.208333333333,0,0,4730.9,20.35,0,0,1.8,0,1877,0,0,528.5,24.6,0,0,3.03810795,-2.21,0,4,3744.6,23.06723475,-4.4032,0
2/6/20 11:54,357.333333333333,357.291666666667,0,0,4730.9,20.35,0,0,1.8,0,1877,0,0,528.5,24.6,0,0,3.03606615,-2.21,0,4,3744.6,23.00667675,-4.4032,0
2/6/20 11:59,357.416666666667,357.375,0,0,4730.9,20.35,0,0,1.8,0,1877,0,0,528.5,24.6,0,0,3.03756025,-2.21,0,4,3744.6,23.04774225,-4.4032,0
2/6/20 12:04,357.5,357.458333333333,0,0,4730.9,20.35,0,0,1.8,0,1877,0,0,528.5,24.6,0,0,3.04088975,-2.216241,0,4,3744.6,23.00473125,-4.4032,0
2/6/20 12:09,357.583333333333,357.541666666667,0,0,4730.9,20.35,0,0,1.8,0,1877,0,0,528.5,24.6,0,0,3.0434964,-2.2264385,0,4,3744.6,22.83938025,-4.4032,0
2/6/20 12:14,357.666666666667,357.625,0,0,4730.9,20.35,0,0,1.8,0,1877,0,0,528.5,24.6,0,0,3.05132,-2.2171,0,4,3744.6,22.93076925,-4.4032,0
2/6/20 12:19,357.75,357.708333333333,0,0,4730.9,20.35,0,0,1.8,0,1877,0,0,528.5,24.6,0,0,3.05963205,-2.2102205,0,4,3744.6,23.02578075,-4.4032,0
2/6/20 12:24,357.833333333333,357.791666666667,0,0,4730.9,20.35,0,0,1.8,0,1877,0,0,528.5,24.6,0,0,3.0679859,-2.21,0,4,3744.6,23.09768475,-4.4032,0
2/6/20 12:29,357.916666666667,357.875,0,0,4730.9,20.35,0,0,1.8,0,1877,0,0,528.5,24.6,0,0,3.07503,-2.21,0,4,3744.6,23.1,-4.4032,0
2/6/20 12:34,358,357.958333333333,0,0,4730.9,20.35,0,0,1.8,0,1877,0,0,528.5,24.6,0,0,3.0814059,-2.2131205,0,4,3744.6,23.0531925,-4.4032,0
2/6/20 12:39,358.083333333333,358.041666666667,0,0,4730.9,20.35,0,0,1.8,0,1877,0,0,528.5,24.6,0,0,3.0870741,-2.216659,0,4,3744.6,22.96734975,-4.4032,0
2/6/20 12:44,358.166666666667,358.125,0,0,4730.9,20.35,0,0,1.8,0,1877,0,0,528.718435,24.6,0,0,3.0927818,-2.213341,0,4,3744.6,22.96592325,-4.4032,0
2/6/20 12:49,358.25,358.208333333333,0,0,4730.9,20.35,0,0,1.8,0,1877,0,0,528.96613,24.6,0,0,3.0977423,-2.216659,0,4,3744.6,22.96783425,-4.4032,0
2/6/20 12:54,358.333333333333,358.291666666667,0,0,4730.9,20.35,0,0,1.8,0,1877,0,0,528.515435,24.6,0,0,3.10504975,-2.2102205,0,4,3744.6,23.062935,-4.4032,0
2/6/20 12:59,358.416666666667,358.375,0,0,4730.9,20.35,0,0,1.8,0,1877,0,0,528.5,24.6,0,0,3.10884795,-2.21,0,4,3744.6,22.99731525,-4.4032,0
2/6/20 13:04,358.5,358.458333333333,0,0,4730.9,20.35,0,0,1.8,0,1877,0,0,528.5,24.6,0,0,3.11124486328904,-2.21622026578073,0,4,3744.6,22.9343524086379,-4.4032,0
2/6/20 13:09,358.583333333333,358.541666666667,0,0,4730.9,20.35,0,0,1.8,0,1877,0,0,528.5,24.6,0,0,3.11166789782207,-2.23264062310816,0,4,3744.6,22.7440852580288,-4.4032,0
2/6/20 13:14,358.666666666667,358.625,0,0,4730.9,20.35,0,0,1.8,0,1877,0,0,528.5,24.6,0,0,3.1116416,-2.23667822222222,0,4,3744.6,22.6372853333333,-4.4032,0
2/6/20 13:19,358.75,358.708333333333,0,0,4730.9,20.35,0,0,1.8,0,1877,0,0,528.5,24.6,0,0,3.11295448888889,-2.23022755555556,0,4,3744.6,22.692952,-4.4032,0
2/6/20 13:24,358.833333333333,358.791666666667,0,0,4730.9,20.35,0,0,1.8,0,1877,0,0,528.5,24.6,0,0,3.11238115555556,-2.23,0,4,3744.6,22.695,-4.4032,0
2/6/20 13:29,358.916666666667,358.875,0,0,4730.9,20.35,0,0,1.8,0,1877,0,0,528.5,24.6,0,0,3.11011724444444,-2.23309422222222,0,4,3744.6,22.6439453333333,-4.4032,0
2/6/20 13:34,359,358.958333333333,0,0,4730.9,20.35,0,0,1.8,0,1877,0,0,528.5,24.6,0,0,3.10744942222222,-2.23977244444444,0,4,3744.6,22.5569613333333,-4.4032,0
2/6/20 13:39,359.083333333333,359.041666666667,0,0,4730.9,20.35,0,0,1.8,0,1877,0,0,528.5,24.5675106666667,0,0,3.10511724444444,-2.24,0,4,3744.6,22.570804,-4.4032,0
2/6/20 13:44,359.166666666667,359.125,0,0,4730.9,20.35,0,0,1.8,0,1877,0,0,528.5,24.4973893333333,0,0,3.10275884444444,-2.23690577777778,0,4,3744.6,22.5627266666667,-4.4032,0
2/6/20 13:49,359.25,359.208333333333,0,0,4730.9,20.35,0,0,1.8,0,1877,0,0,528.5,24.495,0,0,3.10140391111111,-2.23022755555556,0,4,3744.6,22.723052,-4.4032,0
2/6/20 13:54,359.333333333333,359.291666666667,0,0,4730.9,20.35,0,0,1.8,0,1877,0,0,528.5,24.495,0,0,3.10004551111111,-2.22381155555556,0,4,3744.6,22.857948,-4.4032,0
2/6/20 13:59,359.416666666667,359.375,0,0,4730.9,20.35,0,0,1.8,0,1877,0,0,528.5,24.495,0,0,3.09845288888889,-2.21354933333333,0,4,3744.6,22.9627146666667,-4.4032,0
2/6/20 14:04,359.5,359.458333333333,0,0,4730.9,20.35,0,0,1.8,0,1877,0,0,528.5,24.495,0,0,3.09418551111111,-2.21977244444444,0,4,3744.6,22.907048,-4.4032,0
2/6/20 14:09,359.583333333333,359.541666666667,0,0,4730.9,20.35,0,0,1.8,0,1877,0,0,528.5,24.495,0,0,3.09083057777778,-2.22,0,4,3744.6,22.905,-4.4032,0
2/6/20 14:14,359.666666666667,359.625,0,0,4730.9,20.35,0,0,1.8,0,1877,0,0,528.5,24.495,0,0,3.08561564444444,-2.22309422222222,0,4,3744.6,22.8400213333333,-4.4032,0
2/6/20 14:19,359.75,359.708333333333,0,0,4730.9,20.35,0,0,1.8,0,1877,0,0,528.5,24.495,0,0,3.07770666666667,-2.23286666666667,0,4,3744.6,22.648724,-4.4032,0
2/6/20 14:24,359.833333333333,359.791666666667,0,0,4730.9,20.35,0,0,1.8,0,1877,0,0,528.5,24.495,0,0,3.07125377777778,-2.23977244444444,0,4,3744.6,22.524472,-4.4032,0
2/6/20 14:29,359.916666666667,359.875,0,0,4730.9,20.35,0,0,1.8,0,1877,0,0,528.716595555556,24.495,0,0,3.06566462222222,-2.24618844444444,0,4,3744.6,22.407856,-4.4032,0
2/6/20 14:34,360,359.958333333333,0,0,4730.9,20.35,0,0,1.8,0,1877,0,0,528.967475555556,24.495,0,0,3.05763146666667,-2.25335644444444,0,4,3744.6,22.2903706666667,-4.4032,0
2/6/20 14:39,360.083333333333,360.041666666667,0,0,4730.9,20.35,0,0,1.8,0,1877,0,0,528.515928888889,24.495,0,0,3.0544984,-2.24045511111111,0,4,3744.6,22.4731386666667,-4.4032,0
2/6/20 14:44,360.166666666667,360.125,0,0,4730.9,20.35,0,0,1.8,0,1877,0,0,528.5,24.467152,0,0,3.0486384,-2.24618844444444,0,4,3744.6,22.4064906666667,-4.4032,0
2/6/20 14:49,360.25,360.208333333333,0,0,4730.9,20.35,0,0,1.8,0,1877,0,0,528.283404444445,24.407048,0,0,3.04163493333333,-2.25954488888889,0,4,3744.6,22.1743373333333,-4.4032,0
2/6/20 14:54,360.333333333333,360.291666666667,0,0,4730.9,20.35,0,0,1.8,0,1877,0,0,528.032524444445,24.405,0,0,3.03873262222222,-2.26,0,4,3744.6,22.1298786666667,-4.4032,0
2/6/20 14:59,360.416666666667,360.375,0,0,4730.9,20.35,0,0,1.8,0,1877,0,0,528.484071111111,24.405,0,0,3.04057333333333,-2.25690577777778,0,4,3744.6,22.257948,-4.4032,0
2/6/20 15:04,360.5,360.458333333333,0,0,4730.9,20.35,0,0,1.8,0,1877,0,0,528.283404444445,24.405,0,0,3.04257333333333,-2.24713333333333,0,4,3744.6,22.423052,-4.4032,0
2/6/20 15:09,360.583333333333,360.541666666667,0,0,4730.9,20.35,0,0,1.8,0,1877,0,0,528.032524444445,24.3725106666667,0,0,3.04488275555556,-2.24022755555556,0,4,3744.6,22.5301,-4.4032,0
2/6/20 15:14,360.666666666667,360.625,0,0,4730.9,20.35,0,0,1.8,0,1877,0,0,528.267475555556,24.3023893333333,0,0,3.04878826666667,-2.23690577777778,0,4,3744.6,22.662948,-4.4032,0
2/6/20 15:19,360.75,360.708333333333,0,0,4730.9,20.35,0,0,1.8,0,1877,0,0,528.032524444445,24.3,0,0,3.0519352,-2.236416,0,4,3744.6,22.6423986666667,-4.4032,0
2/6/20 15:24,360.833333333333,360.791666666667,0,0,4730.9,20.35,0,0,1.8,0,1877,0,0,528.484071111111,24.2675106666667,0,0,3.05068711111111,-2.24954488888889,0,4,3744.6,22.316264,-4.4032,0
2/6/20 15:29,360.916666666667,360.875,0,0,4730.9,20.35,0,0,1.8,0,1877,0,0,528.5,24.1973893333333,0,0,3.05164506666667,-2.25309422222222,0,4,3744.6,22.2725106666667,-4.4032,0
2/6/20 15:34,361,360.958333333333,0,0,4730.9,20.35,0,0,1.8,0,1877,0,0,528.5,24.167152,0,0,3.05133217777778,-2.25977244444444,0,4,3744.6,22.2023893333333,-4.4032,0
2/6/20 15:39,361.083333333333,361.041666666667,0,0,4730.9,20.35,0,0,1.8,0,1877,0,0,528.283404444445,24.107048,0,0,3.05228666666667,-2.26309422222222,0,4,3744.6,22.1396626666667,-4.4032,0
2/6/20 15:44,361.166666666667,361.125,0,0,4730.9,20.35,0,0,1.8,0,1877,0,0,527.815928888889,24.105,0,0,3.05421493333333,-2.263584,0,4,3744.6,22.102264,-4.4032,0
2/6/20 15:49,361.25,361.208333333333,0,0,4730.9,20.35,0,0,1.8,0,1877,0,0,527.8,24.105,0,0,3.0572184,-2.25354933333333,0,4,3744.6,22.265684,-4.4032,0
2/6/20 15:54,361.333333333333,361.291666666667,0,0,4730.9,20.35,0,0,1.8,0,1877,0,0,527.8,24.105,0,0,3.0573584,-2.25977244444444,0,4,3744.6,22.1699,-4.4032,0
2/6/20 15:59,361.416666666667,361.375,0,0,4730.9,20.35,0,0,1.8,0,1877,0,0,527.8,24.105,0,0,3.05480782222222,-2.26618844444444,0,4,3744.6,22.0045626666667,-4.4032,0
2/6/20 16:04,361.5,361.458333333333,0,0,4730.9,20.35,0,0,1.8,0,1877,0,0,527.8,24.105,0,0,3.05301928888889,-2.27645066666667,0,4,3744.6,21.8668053333333,-4.4032,0
2/6/20 16:09,361.583333333333,361.541666666667,0,0,4730.9,20.35,0,0,1.8,0,1877,0,0,527.8,24.1096413333333,0,0,3.05616942222222,-2.26403911111111,0,4,3744.6,22.093048,-4.4032,0
2/6/20 16:14,361.666666666667,361.625,0,0,4730.9,20.35,0,0,1.8,0,1877,0,0,527.8,24.1150173333333,0,0,3.05829013333333,-2.25045511111111,0,4,3744.6,22.2981733333333,-4.4032,0
2/6/20 16:19,361.75,361.708333333333,0,0,4730.9,20.35,0,0,1.8,0,1877,0,0,527.8,24.1331893333333,0,0,3.05797377777778,-2.24690577777778,0,4,3744.6,22.3653373333333,-4.4032,0
2/6/20 16:24,361.833333333333,361.791666666667,0,0,4730.9,20.35,0,0,1.8,0,1877,0,0,527.8,24.192952,0,0,3.05900346666667,-2.24332177777778,0,4,3744.6,22.4630733333333,-4.4032,0
2/6/20 16:29,361.916666666667,361.875,0,0,4730.9,20.35,0,0,1.8,0,1877,0,0,527.8,24.195,0,0,3.05768711111111,-2.24977244444444,0,4,3744.6,22.3973893333333,-4.4032,0
2/6/20 16:34,362,361.958333333333,0,0,4730.9,20.35,0,0,1.8,0,1877,0,0,527.8,24.167152,0,0,3.05926391111111,-2.24690577777778,0,4,3744.6,22.4274893333333,-4.4032,0
2/6/20 16:39,362.083333333333,362.041666666667,0,0,4730.9,20.35,0,0,1.8,0,1877,0,0,527.8,24.134896,0,0,3.06090551111111,-2.23713333333333,0,4,3744.6,22.557948,-4.4032,0
2/6/20 16:44,362.166666666667,362.125,0,0,4730.9,20.35,0,0,1.8,0,1877,0,0,527.8,24.192952,0,0,3.06324115555556,-2.23022755555556,0,4,3744.6,22.723052,-4.4032,0
2/6/20 16:49,362.25,362.208333333333,0,0,4730.9,20.35,0,0,1.8,0,1877,0,0,527.8,24.167152,0,0,3.06397724444444,-2.23,0,4,3744.6,22.7976106666667,-4.4032,0
2/6/20 16:54,362.333333333333,362.291666666667,0,0,4730.9,20.35,0,0,1.8,0,1877,0,0,527.8,24.107048,0,0,3.06369057777778,-2.23309422222222,0,4,3744.6,22.7396626666667,-4.4032,0
2/6/20 16:59,362.416666666667,362.375,0,0,4730.9,20.35,0,0,1.8,0,1877,0,0,527.8,24.105,0,0,3.06302275555556,-2.23977244444444,0,4,3744.6,22.6094373333333,-4.4032,0
2/6/20 17:04,362.5,362.458333333333,0,0,4730.9,20.35,0,0,1.8,0,1877,0,0,527.8,24.105,0,0,3.063,-2.24309422222222,0,4,3744.6,22.5400213333333,-4.4032,0
2/6/20 17:09,362.583333333333,362.541666666667,0,0,4730.9,20.35,0,0,1.8,0,1877,0,0,527.8,24.105,0,0,3.06330942222222,-2.24977244444444,0,4,3744.6,22.3719306666667,-4.4032,0
2/6/20 17:14,362.666666666667,362.625,0,0,4730.9,20.35,0,0,1.8,0,1877,0,0,527.583404444444,24.105,0,0,3.0661432,-2.24690577777778,0,4,3744.6,22.3673853333333,-4.4032,0
2/6/20 17:19,362.75,362.708333333333,0,0,4730.9,20.35,0,0,1.8,0,1877,0,0,527.115928888889,24.105,0,0,3.07331608888889,-2.23713333333333,0,4,3744.6,22.5559,-4.4032,0
2/6/20 17:24,362.833333333333,362.791666666667,0,0,4730.9,20.35,0,0,1.8,0,1877,0,0,527.316595555556,24.105,0,0,3.08067448888889,-2.22713333333333,0,4,3744.6,22.7555413333333,-4.4032,0
2/6/20 17:29,362.916666666667,362.875,0,0,4730.9,20.35,0,0,1.8,0,1877,0,0,527.784071111111,24.105,0,0,3.08702942222222,-2.21713333333333,0,4,3744.6,22.9280693333333,-4.4032,0
2/6/20 17:34,363,362.958333333333,0,0,4730.9,20.35,0,0,1.8,0,1877,0,0,527.8,24.105,0,0,3.0930784,-2.21332177777778,0,4,3744.6,22.965104,-4.4032,0
2/6/20 17:39,363.083333333333,363.041666666667,0,0,4730.9,20.35,0,0,1.8,0,1877,0,0,527.8,24.105,0,0,3.09714666666667,-2.22286666666667,0,4,3744.6,22.8745586666667,-4.4032,0
2/6/20 17:44,363.166666666667,363.125,0,0,4730.9,20.35,0,0,1.8,0,1877,0,0,527.8,24.105,0,0,3.10052782222222,-2.23286666666667,0,4,3744.6,22.742052,-4.4032,0
2/6/20 17:49,363.25,363.208333333333,0,0,4730.9,20.35,0,0,1.8,0,1877,0,0,527.8,24.105,0,0,3.10535813333333,-2.23048977777778,0,4,3744.6,22.730112,-4.4032,0
2/6/20 17:54,363.333333333333,363.291666666667,0,0,4730.9,20.35,0,0,1.8,0,1877,0,0,527.8,24.105,0,0,3.11398737777778,-2.21377688888889,0,4,3744.6,22.9582773333333,-4.4032,0
2/6/20 17:59,363.416666666667,363.375,0,0,4730.9,20.35,0,0,1.8,0,1877,0,0,527.8,24.105,0,0,3.11907493333333,-2.21667822222222,0,4,3744.6,22.934896,-4.4032,0
2/6/20 18:04,363.5,363.458333333333,0,0,4730.9,20.35,0,0,1.8,0,1877,0,0,527.8,24.0725106666667,0,0,3.12415013333333,-2.216416,0,4,3744.6,22.9326146666667,-4.4032,0
2/6/20 18:09,363.583333333333,363.541666666667,0,0,4730.9,20.35,0,0,1.8,0,1877,0,0,527.8,24.0023893333333,0,0,3.12652435555556,-2.22645066666667,0,4,3744.6,22.8369266666667,-4.4032,0
2/6/20 18:14,363.666666666667,363.625,0,0,4730.9,20.35,0,0,1.8,0,1877,0,0,527.8,24,0,0,3.13050506666667,-2.22332177777778,0,4,3744.6,22.8701213333333,-4.4032,0
2/6/20 18:19,363.75,363.708333333333,0,0,4730.9,20.35,0,0,1.8,0,1877,0,0,527.8,24,0,0,3.13288275555556,-2.22667822222222,0,4,3744.6,22.83952,-4.4032,0
2/6/20 18:24,363.833333333333,363.791666666667,0,0,4730.9,20.35,0,0,1.8,0,1877,0,0,527.8,24,0,0,3.13678826666667,-2.21403911111111,0,4,3744.6,23.0054546666667,-4.4032,0
2/6/20 18:29,363.916666666667,363.875,0,0,4730.9,20.35,0,0,1.8,0,1877,0,0,527.8,24,0,0,3.14024462222222,-2.20973777777778,0,4,3744.6,23.0731986666667,-4.4032,0
2/6/20 18:34,364,363.958333333333,0,0,4730.9,20.35,0,0,1.8,0,1877,0,0,527.8,24,0,0,3.13904551111111,-2.22931733333333,0,4,3744.6,22.7767266666667,-4.4032,0
2/6/20 18:39,364.083333333333,364.041666666667,0,0,4730.9,20.35,0,0,1.8,0,1877,0,0,528.016595555556,24,0,0,3.13838115555556,-2.23618844444444,0,4,3744.6,22.6045626666667,-4.4032,0
2/6/20 18:44,364.166666666667,364.125,0,0,4730.9,20.35,0,0,1.8,0,1877,0,0,528.267475555556,24,0,0,3.13580782222222,-2.25573333333333,0,4,3744.6,22.2486626666667,-4.4032,0
2/6/20 18:49,364.25,364.208333333333,0,0,4730.9,20.35,0,0,1.8,0,1877,0,0,527.815928888889,24,0,0,3.13309102222222,-2.27263911111111,0,4,3744.6,21.8787746666667,-4.4032,0
2/6/20 18:54,364.333333333333,364.291666666667,0,0,4730.9,20.35,0,0,1.8,0,1877,0,0,527.8,24,0,0,3.13330942222222,-2.27667822222222,0,4,3744.6,21.8298786666667,-4.4032,0
2/6/20 18:59,364.416666666667,364.375,0,0,4730.9,20.35,0,0,1.8,0,1877,0,0,527.8,23.9675106666667,0,0,3.13459608888889,-2.27022755555556,0,4,3744.6,21.9301,-4.4032,0
2/6/20 19:04,364.5,364.458333333333,0,0,4730.9,20.35,0,0,1.8,0,1877,0,0,527.8,23.8973893333333,0,0,3.13688275555556,-2.26690577777778,0,4,3744.6,22.0304586666667,-4.4032,0
2/6/20 19:09,364.583333333333,364.541666666667,0,0,4730.9,20.35,0,0,1.8,0,1877,0,0,528.016595555556,23.895,0,0,3.13831288888889,-2.266416,0,4,3744.6,22.0001253333333,-4.4032,0
2/6/20 19:14,364.666666666667,364.625,0,0,4730.9,20.35,0,0,1.8,0,1877,0,0,528.267475555556,23.895,0,0,3.13704551111111,-2.28263911111111,0,4,3744.6,21.7554133333333,-4.4032,0
2/6/20 19:19,364.75,364.708333333333,0,0,4730.9,20.35,0,0,1.8,0,1877,0,0,527.815928888889,23.895,0,0,3.13761884444444,-2.28667822222222,0,4,3744.6,21.6669786666667,-4.4032,0
2/6/20 19:24,364.833333333333,364.791666666667,0,0,4730.9,20.35,0,0,1.8,0,1877,0,0,528.016595555556,23.895,0,0,3.13864506666667,-2.28332177777778,0,4,3744.6,21.6711453333333,-4.4032,0
2/6/20 19:29,364.916666666667,364.875,0,0,4730.9,20.35,0,0,1.8,0,1877,0,0,528.267475555556,23.895,0,0,3.13802275555556,-2.28977244444444,0,4,3744.6,21.6023893333333,-4.4032,0
2/6/20 19:34,365,364.958333333333,0,0,4730.9,20.35,0,0,1.8,0,1877,0,0,528.032524444445,23.895,0,0,3.13769057777778,-2.29309422222222,0,4,3744.6,21.5396626666667,-4.4032,0
2/6/20 19:39,365.083333333333,365.041666666667,0,0,4730.9,20.35,0,0,1.8,0,1877,0,0,528.484071111111,23.867152,0,0,3.1376416,-2.29667822222222,0,4,3744.6,21.4372853333333,-4.4032,0
2/6/20 19:44,365.166666666667,365.125,0,0,4730.9,20.35,0,0,1.8,0,1877,0,0,528.5,23.807048,0,0,3.13833564444444,-2.296416,0,4,3744.6,21.4326146666667,-4.4032,0
2/6/20 19:49,365.25,365.208333333333,0,0,4730.9,20.35,0,0,1.8,0,1877,0,0,528.5,23.805,0,0,3.13735493333333,-2.30954488888889,0,4,3744.6,21.3044373333333,-4.4032,0
2/6/20 19:54,365.333333333333,365.291666666667,0,0,4730.9,20.35,0,0,1.8,0,1877,0,0,528.5,23.805,0,0,3.13859608888889,-2.30690577777778,0,4,3744.6,21.3324893333333,-4.40518030222222,0
2/6/20 19:59,365.416666666667,365.375,0,0,4730.9,20.35,0,0,1.8,0,1877,0,0,528.283404444445,23.805,0,0,3.14088275555556,-2.29713333333333,0,4,3744.6,21.462948,-4.40945436444444,0
2/6/20 20:04,365.5,365.458333333333,0,0,4730.9,20.35,0,0,1.8,0,1877,0,0,527.815928888889,23.7725106666667,0,0,3.14416942222222,-2.28713333333333,0,4,3744.6,21.6559,-4.4096,0
2/6/20 20:09,365.583333333333,365.541666666667,0,0,4730.9,20.35,0,0,1.8,0,1877,0,0,527.8,23.7023893333333,0,0,3.14845608888889,-2.27713333333333,0,4,3744.6,21.8555413333333,-4.4096,0
2/6/20 20:14,365.666666666667,365.625,0,0,4730.9,20.35,0,0,1.8,0,1877,0,0,528.015875968992,23.7,0,0,3.15126943373939,-2.27331149796973,0,4,3744.6,21.9354585426357,-4.40762627685493,0
2/6/20 20:19,365.75,365.708333333333,0,0,4730.9,20.35,0,0,1.8,0,1877,0,0,528.268860142119,23.7,0,0,3.15035359403839,-2.27976605758583,0,4,3744.6,21.7999127906977,-4.40531327870063,0
2/6/20 20:24,365.833333333333,365.791666666667,0,0,4730.9,20.35,0,0,1.8,0,1877,0,0,527.816430555556,23.7,0,0,3.15281736111111,-2.27693194444444,0,4,3744.6,21.8594291666667,-4.40944977777778,0
2/6/20 20:29,365.916666666667,365.875,0,0,4730.9,20.35,0,0,1.8,0,1877,0,0,528.014763888889,23.7,0,0,3.15747277777778,-2.27023472222222,0,4,3744.6,22.0000708333333,-4.4096,0
2/6/20 20:34,366,365.958333333333,0,0,4730.9,20.35,0,0,1.8,0,1877,0,0,528.268805555556,23.7,0,0,3.15956666666667,-2.27,0,4,3744.6,22.005,-4.40763644444444,0
2/6/20 20:39,366.083333333333,366.041666666667,0,0,4730.9,20.35,0,0,1.8,0,1877,0,0,528.031194444445,23.7,0,0,3.16125986111111,-2.27,0,4,3744.6,22.005,-4.40335022222222,0
2/6/20 20:44,366.166666666667,366.125,0,0,4730.9,20.35,0,0,1.8,0,1877,0,0,528.268805555556,23.7,0,0,3.16351055555556,-2.26693194444444,0,4,3744.6,22.0326125,-4.4032,0
2/6/20 20:49,366.25,366.208333333333,0,0,4730.9,20.35,0,0,1.8,0,1877,0,0,528.031194444445,23.7,0,0,3.16903027777778,-2.25716666666667,0,4,3744.6,22.1573166666667,-4.40516355555556,0
2/6/20 20:54,366.333333333333,366.291666666667,0,0,4730.9,20.35,0,0,1.8,0,1877,0,0,528.483569444444,23.7,0,0,3.17475611111111,-2.25023472222222,0,4,3744.6,22.3000708333333,-4.40748622222222,0
2/6/20 20:59,366.416666666667,366.375,0,0,4730.9,20.35,0,0,1.8,0,1877,0,0,528.285236111111,23.7322145833333,0,0,3.17846361111111,-2.25,0,4,3744.6,22.3326125,-4.40335022222222,0
2/6/20 21:04,366.5,366.458333333333,0,0,4730.9,20.35,0,0,1.8,0,1877,0,0,527.816430555556,23.8025354166667,0,0,3.18310986111111,-2.25,0,4,3744.6,22.3928875,-4.40516355555556,0
2/6/20 21:09,366.583333333333,366.541666666667,0,0,4730.9,20.35,0,0,1.8,0,1877,0,0,528.014763888889,23.805,0,0,3.18651972222222,-2.25,0,4,3744.6,22.3673875,-4.40748622222222,0
2/6/20 21:14,366.666666666667,366.625,0,0,4730.9,20.35,0,0,1.8,0,1877,0,0,528.483569444444,23.805,0,0,3.18887347222222,-2.25,0,4,3744.6,22.3071125,-4.40335022222222,0
2/6/20 21:19,366.75,366.708333333333,0,0,4730.9,20.35,0,0,1.8,0,1877,0,0,528.285236111111,23.805,0,0,3.19246361111111,-2.25,0,4,3744.6,22.3326125,-4.4032,0
2/6/20 21:24,366.833333333333,366.791666666667,0,0,4730.9,20.35,0,0,1.8,0,1877,0,0,527.816430555556,23.805,0,0,3.19710986111111,-2.25,0,4,3744.6,22.3928875,-4.40516355555556,0
2/6/20 21:29,366.916666666667,366.875,0,0,4730.9,20.35,0,0,1.8,0,1877,0,0,528.014763888889,23.805,0,0,3.19898569444444,-2.25613611111111,0,4,3744.6,22.2753458333333,-4.40944977777778,0
2/6/20 21:34,367,366.958333333333,0,0,4730.9,20.35,0,0,1.8,0,1877,0,0,528.268805555556,23.805,0,0,3.19891125,-2.2664625,0,4,3744.6,22.0417666666667,-4.4096,0
2/6/20 21:39,367.083333333333,367.041666666667,0,0,4730.9,20.35,0,0,1.8,0,1877,0,0,527.816430555556,23.805,0,0,3.20408638888889,-2.26023472222222,0,4,3744.6,22.0928875,-4.4096,0
2/6/20 21:44,367.166666666667,367.125,0,0,4730.9,20.35,0,0,1.8,0,1877,0,0,528.014763888889,23.805,0,0,3.20782652777778,-2.26,0,4,3744.6,22.095,-4.4096,0
2/6/20 21:49,367.25,367.208333333333,0,0,4730.9,20.35,0,0,1.8,0,1877,0,0,528.483569444444,23.805,0,0,3.20992958333333,-2.26306805555556,0,4,3744.6,22.0351729166667,-4.4096,0
2/6/20 21:54,367.333333333333,367.291666666667,0,0,4730.9,20.35,0,0,1.8,0,1877,0,0,528.5,23.805,0,0,3.21092041666667,-2.26976527777778,0,4,3744.6,21.9045770833333,-4.4096,0
2/6/20 21:59,367.416666666667,367.375,0,0,4730.9,20.35,0,0,1.8,0,1877,0,0,528.5,23.805,0,0,3.21415680555556,-2.27,0,4,3744.6,21.9,-4.4096,0
2/6/20 22:04,367.5,367.458333333333,0,0,4730.9,20.35,0,0,1.8,0,1877,0,0,528.285236111111,23.805,0,0,3.21721291666667,-2.27306805555556,0,4,3744.6,21.8677854166667,-4.4096,0
2/6/20 22:09,367.583333333333,367.541666666667,0,0,4730.9,20.35,0,0,1.8,0,1877,0,0,528.031194444445,23.805,0,0,3.21859013888889,-2.27976527777778,0,4,3744.6,21.7698520833333,-4.4096,0
2/6/20 22:14,367.666666666667,367.625,0,0,4730.9,20.35,0,0,1.8,0,1877,0,0,528.483569444444,23.7727854166667,0,0,3.21964625,-2.28306805555556,0,4,3744.6,21.6426833333333,-4.4096,0
2/6/20 22:19,367.75,367.708333333333,0,0,4730.9,20.35,0,0,1.8,0,1877,0,0,528.5,23.7024645833333,0,0,3.2205575,-2.28976527777778,0,4,3744.6,21.53214375,-4.4096,0
2/6/20 22:24,367.833333333333,367.791666666667,0,0,4730.9,20.35,0,0,1.8,0,1877,0,0,528.5,23.7,0,0,3.22418944444444,-2.29,0,4,3744.6,21.5975354166667,-4.4096,0
2/6/20 22:29,367.916666666667,367.875,0,0,4730.9,20.35,0,0,1.8,0,1877,0,0,528.5,23.7,0,0,3.22528333333333,-2.29306805555556,0,4,3744.6,21.5401729166667,-4.4096,0
2/6/20 22:34,368,367.958333333333,0,0,4730.9,20.35,0,0,1.8,0,1877,0,0,528.5,23.7,0,0,3.22628333333333,-2.30283333333333,0,4,3744.6,21.3773625,-4.4096,0
2/6/20 22:39,368.083333333333,368.041666666667,0,0,4730.9,20.35,0,0,1.8,0,1877,0,0,528.5,23.7,0,0,3.22912416666667,-2.30669722222222,0,4,3744.6,21.3346791666667,-4.4096,0
2/6/20 22:44,368.166666666667,368.125,0,0,4730.9,20.35,0,0,1.8,0,1877,0,0,528.285236111111,23.6677854166667,0,0,3.23506291666667,-2.29716666666667,0,4,3744.6,21.4301479166667,-4.4096,0
2/6/20 22:49,368.25,368.208333333333,0,0,4730.9,20.35,0,0,1.8,0,1877,0,0,528.031194444445,23.5974645833333,0,0,3.23913333333333,-2.29023472222222,0,4,3744.6,21.4928875,-4.4096,0
2/6/20 22:54,368.333333333333,368.291666666667,0,0,4730.9,20.35,0,0,1.8,0,1877,0,0,528.483569444444,23.595,0,0,3.24221291666667,-2.29613611111111,0,4,3744.6,21.4351729166667,-4.4096,0
2/6/20 22:59,368.416666666667,368.375,0,0,4730.9,20.35,0,0,1.8,0,1877,0,0,528.5,23.595,0,0,3.24481736111111,-2.30339444444444,0,4,3744.6,21.3644041666667,-4.4096,0
2/6/20 23:04,368.5,368.458333333333,0,0,4730.9,20.35,0,0,1.8,0,1877,0,0,528.5,23.595,0,0,3.25131361111111,-2.28740138888889,0,4,3744.6,21.5824645833333,-4.4096,0
2/6/20 23:09,368.583333333333,368.541666666667,0,0,4730.9,20.35,0,0,1.8,0,1877,0,0,528.5,23.595,0,0,3.25681222222222,-2.28023472222222,0,4,3744.6,21.7603458333333,-4.4096,0
2/6/20 23:14,368.666666666667,368.625,0,0,4730.9,20.35,0,0,1.8,0,1877,0,0,528.5,23.595,0,0,3.25761361111111,-2.28306805555556,0,4,3744.6,21.6748979166667,-4.4096,0
2/6/20 23:19,368.75,368.708333333333,0,0,4730.9,20.35,0,0,1.8,0,1877,0,0,528.5,23.595,0,0,3.26048708333333,-2.28669722222222,0,4,3744.6,21.6346791666667,-4.4096,0
2/6/20 23:24,368.833333333333,368.791666666667,0,0,4730.9,20.35,0,0,1.8,0,1877,0,0,528.5,23.595,0,0,3.26510986111111,-2.28023472222222,0,4,3744.6,21.7025354166667,-4.4096,0
2/6/20 23:29,368.916666666667,368.875,0,0,4730.9,20.35,0,0,1.8,0,1877,0,0,528.285236111111,23.595,0,0,3.27005375,-2.27693194444444,0,4,3744.6,21.7970416666667,-4.4096,0
2/6/20 23:34,369,368.958333333333,0,0,4730.9,20.35,0,0,1.8,0,1877,0,0,528.031194444445,23.595,0,0,3.27667652777778,-2.26716666666667,0,4,3744.6,22.0577854166667,-4.4096,0
2/6/20 23:39,369.083333333333,369.041666666667,0,0,4730.9,20.35,0,0,1.8,0,1877,0,0,528.483569444444,23.595,0,0,3.28177958333333,-2.26023472222222,0,4,3744.6,22.1632083333333,-4.4096,0
2/6/20 23:44,369.166666666667,369.125,0,0,4730.9,20.35,0,0,1.8,0,1877,0,0,528.5,23.595,0,0,3.28515680555556,-2.26,0,4,3744.6,22.1296791666667,-4.4096,0
2/6/20 23:49,369.25,369.208333333333,0,0,4730.9,20.35,0,0,1.8,0,1877,0,0,528.5,23.595,0,0,3.28851972222222,-2.26,0,4,3744.6,22.1975354166667,-4.4096,0
2/6/20 23:54,369.333333333333,369.291666666667,0,0,4730.9,20.35,0,0,1.8,0,1877,0,0,528.5,23.595,0,0,3.29056666666667,-2.26,0,4,3744.6,22.2,-4.4096,0
2/6/20 23:59,369.416666666667,369.375,0,0,4730.9,20.35,0,0,1.8,0,1877,0,0,528.5,23.595,0,0,3.29225986111111,-2.25693194444444,0,4,3744.6,22.2322145833333,-4.4096,0
2/7/20 0:04,369.5,369.458333333333,0,0,4730.9,20.35,0,0,1.8,0,1877,0,0,528.5,23.595,0,0,3.29297652777778,-2.25023472222222,0,4,3744.6,22.3025354166667,-4.4096,0
2/7/20 0:09,369.583333333333,369.541666666667,0,0,4730.9,20.35,0,0,1.8,0,1877,0,0,528.5,23.595,0,0,3.293,-2.25,0,4,3744.6,22.305,-4.4096,0
2/7/20 0:14,369.666666666667,369.625,0,0,4730.9,20.35,0,0,1.8,0,1877,0,0,528.5,23.595,0,0,3.29361361111111,-2.25,0,4,3744.6,22.3326125,-4.4096,0
2/7/20 0:19,369.75,369.708333333333,0,0,4730.9,20.35,0,0,1.8,0,1877,0,0,528.5,23.595,0,0,3.29495305555556,-2.25,0,4,3744.6,22.3928875,-4.4096,0
2/7/20 0:24,369.833333333333,369.791666666667,0,0,4730.9,20.35,0,0,1.8,0,1877,0,0,528.5,23.6272145833333,0,0,3.29438638888889,-2.25,0,4,3744.6,22.3673875,-4.4096,0
2/7/20 0:29,369.916666666667,369.875,0,0,4730.9,20.35,0,0,1.8,0,1877,0,0,528.5,23.6975354166667,0,0,3.29274115817645,-2.25,0,4,3744.6,22.3071125,-4.4096,0
2/7/20 0:34,370,369.958333333333,0,0,4730.9,20.35,0,0,1.8,0,1877,0,0,528.5,23.7,0,0,3.29111151960133,-2.253042,0,4,3744.6,22.273059,-4.4096,0
2/7/20 0:39,370.083333333333,370.041666666667,0,0,4730.9,20.35,0,0,1.8,0,1877,0,0,528.5,23.7,0,0,3.2884642,-2.259758,0,4,3744.6,22.202541,-4.4096,0
2/7/20 0:44,370.166666666667,370.125,0,0,4730.9,20.35,0,0,1.8,0,1877,0,0,528.28706,23.7,0,0,3.2867442,-2.256958,0,4,3744.6,22.231941,-4.4096,0
2/7/20 0:49,370.25,370.208333333333,0,0,4730.9,20.35,0,0,1.8,0,1877,0,0,527.81694,23.7,0,0,3.28572,-2.253284,0,4,3744.6,22.270518,-4.4096,0
2/7/20 0:54,370.333333333333,370.291666666667,0,0,4730.9,20.35,0,0,1.8,0,1877,0,0,527.8,23.7,0,0,3.2835032,-2.259758,0,4,3744.6,22.166037,-4.4096,0
2/7/20 0:59,370.416666666667,370.375,0,0,4730.9,20.35,0,0,1.8,0,1877,0,0,527.8,23.7,0,0,3.2792084,-2.263042,0,4,3744.6,22.060089,-4.4096,0
2/7/20 1:04,370.5,370.458333333333,0,0,4730.9,20.35,0,0,1.8,0,1877,0,0,527.8,23.7,0,0,3.2764642,-2.269758,0,4,3744.6,22.006815,-4.4096,0
2/7/20 1:09,370.583333333333,370.541666666667,0,0,4730.9,20.35,0,0,1.8,0,1877,0,0,528.01294,23.7,0,0,3.2735274,-2.27,0,4,3744.6,21.973059,-4.4096,0
2/7/20 1:14,370.666666666667,370.625,0,0,4730.9,20.35,0,0,1.8,0,1877,0,0,528.48306,23.7,0,0,3.2679916,-2.276084,0,4,3744.6,21.811281,-4.4096,0
2/7/20 1:19,370.75,370.708333333333,0,0,4730.9,20.35,0,0,1.8,0,1877,0,0,528.5,23.7,0,0,3.26104,-2.289516,0,4,3744.6,21.575319,-4.4096,0
2/7/20 1:24,370.833333333333,370.791666666667,0,0,4730.9,20.35,0,0,1.8,0,1877,0,0,528.5,23.7,0,0,3.2549526,-2.293042,0,4,3744.6,21.470163,-4.4096,0
2/7/20 1:29,370.916666666667,370.875,0,0,4730.9,20.35,0,0,1.8,0,1877,0,0,528.5,23.686311,0,0,3.2505758,-2.3028,0,4,3744.6,21.375237,-4.4096,0
2/7/20 1:34,371,370.958333333333,0,0,4730.9,20.35,0,0,1.8,0,1877,0,0,528.5,23.637837,0,0,3.2459042,-2.309758,0,4,3744.6,21.302541,-4.4096,0
2/7/20 1:39,371.083333333333,371.041666666667,0,0,4730.9,20.35,0,0,1.8,0,1877,0,0,528.5,23.596452,0,0,3.2424884,-2.306958,0,4,3744.6,21.331941,-4.4096,0
2/7/20 1:44,371.166666666667,371.125,0,0,4730.9,20.35,0,0,1.8,0,1877,0,0,528.5,23.595,0,0,3.2398316,-2.300242,0,4,3744.6,21.402459,-4.4096,0
2/7/20 1:49,371.25,371.208333333333,0,0,4730.9,20.35,0,0,1.8,0,1877,0,0,528.5,23.595,0,0,3.2377052,-2.293916,0,4,3744.6,21.49626,-4.4096,0
2/7/20 1:54,371.333333333333,371.291666666667,0,0,4730.9,20.35,0,0,1.8,0,1877,0,0,528.5,23.595,0,0,3.23956,-2.280484,0,4,3744.6,21.725118,-4.4096,0
2/7/20 1:59,371.416666666667,371.375,0,0,4730.9,20.35,0,0,1.8,0,1877,0,0,528.5,23.595,0,0,3.2412558,-2.276958,0,4,3744.6,21.824763,-4.4096,0
2/7/20 2:04,371.5,371.458333333333,0,0,4730.9,20.35,0,0,1.8,0,1877,0,0,528.5,23.595,0,0,3.2425842,-2.2672,0,4,3744.6,21.956778,-4.4096,0
2/7/20 2:09,371.583333333333,371.541666666667,0,0,4730.9,20.35,0,0,1.8,0,1877,0,0,528.5,23.595,0,0,3.24456,-2.260242,0,4,3744.6,22.122222,-4.4096,0
2/7/20 2:14,371.666666666667,371.625,0,0,4730.9,20.35,0,0,1.8,0,1877,0,0,528.5,23.595,0,0,3.2453432,-2.26,0,4,3744.6,22.165518,-4.4096,0
2/7/20 2:19,371.75,371.708333333333,0,0,4730.9,20.35,0,0,1.8,0,1877,0,0,528.5,23.595,0,0,3.2440484,-2.26,0,4,3744.6,22.097541,-4.4096,0
2/7/20 2:24,371.833333333333,371.791666666667,0,0,4730.9,20.35,0,0,1.8,0,1877,0,0,528.5,23.595,0,0,3.244,-2.26,0,4,3744.6,22.126941,-4.4096,0
2/7/20 2:29,371.916666666667,371.875,0,0,4730.9,20.35,0,0,1.8,0,1877,0,0,528.5,23.626941,0,0,3.2446084,-2.256958,0,4,3744.6,22.256778,-4.4096,0
2/7/20 2:34,372,371.958333333333,0,0,4730.9,20.35,0,0,1.8,0,1877,0,0,528.5,23.697459,0,0,3.2459516,-2.250242,0,4,3744.6,22.390281,-4.4096,0
2/7/20 2:39,372.083333333333,372.041666666667,0,0,4730.9,20.35,0,0,1.8,0,1877,0,0,528.5,23.7,0,0,3.246,-2.25,0,4,3744.6,22.395,-4.4096,0
2/7/20 2:44,372.166666666667,372.125,0,0,4730.9,20.35,0,0,1.8,0,1877,0,0,528.5,23.7,0,0,3.2456958,-2.25,0,4,3744.6,22.395,-4.4096,0
2/7/20 2:49,372.25,372.208333333333,0,0,4730.9,20.35,0,0,1.8,0,1877,0,0,528.5,23.7,0,0,3.2450242,-2.25,0,4,3744.6,22.395,-4.4096,0
2/7/20 2:54,372.333333333333,372.291666666667,0,0,4730.9,20.35,0,0,1.8,0,1877,0,0,528.5,23.7,0,0,3.2446958,-2.246958,0,4,3744.6,22.426941,-4.4096,0
2/7/20 2:59,372.416666666667,372.375,0,0,4730.9,20.35,0,0,1.8,0,1877,0,0,528.5,23.7,0,0,3.2431116,-2.243284,0,4,3744.6,22.465518,-4.4096,0
2/7/20 3:04,372.5,372.458333333333,0,0,4730.9,20.35,0,0,1.8,0,1877,0,0,528.5,23.7,0,0,3.2413768,-2.246716,0,4,3744.6,22.461423,-4.4096,0
2/7/20 3:09,372.583333333333,372.541666666667,0,0,4730.9,20.35,0,0,1.8,0,1877,0,0,528.5,23.7,0,0,3.2413674,-2.240242,0,4,3744.6,22.567977,-4.4096,0
2/7/20 3:14,372.666666666667,372.625,0,0,4730.9,20.35,0,0,1.8,0,1877,0,0,528.5,23.7,0,0,3.2391358,-2.24,0,4,3744.6,22.502541,-4.4096,0
2/7/20 3:19,372.75,372.708333333333,0,0,4730.9,20.35,0,0,1.8,0,1877,0,0,528.5,23.7,0,0,3.23616,-2.243042,0,4,3744.6,22.468059,-4.4096,0
2/7/20 3:24,372.833333333333,372.791666666667,0,0,4730.9,20.35,0,0,1.8,0,1877,0,0,528.5,23.731941,0,0,3.2334642,-2.249758,0,4,3744.6,22.397541,-4.4096,0
2/7/20 3:29,372.916666666667,372.875,0,0,4730.9,20.35,0,0,1.8,0,1877,0,0,528.5,23.802459,0,0,3.23083564252492,-2.25,0,4,3744.6,22.395,-4.4096,0
2/7/20 3:34,373,372.958333333333,0,0,4730.9,20.35,0,0,1.8,0,1877,0,0,528.5,23.805,0,0,3.22689300191953,-2.25301605555556,0,4,3744.6,22.3361869166667,-4.4096,0
2/7/20 3:39,373.083333333333,373.041666666667,0,0,4730.9,20.35,0,0,1.8,0,1877,0,0,528.5,23.805,0,0,3.22379815,-2.25673455555556,0,4,3744.6,22.2636761666667,-4.4096,0
2/7/20 3:44,373.166666666667,373.125,0,0,4730.9,20.35,0,0,1.8,0,1877,0,0,528.5,23.805,0,0,3.22302493888889,-2.24723333333333,0,4,3744.6,22.4218055,-4.4096,0
2/7/20 3:49,373.25,373.208333333333,0,0,4730.9,20.35,0,0,1.8,0,1877,0,0,528.5,23.805,0,0,3.22179357777778,-2.24024938888889,0,4,3744.6,22.4973814166667,-4.4096,0
2/7/20 3:54,373.333333333333,373.291666666667,0,0,4730.9,20.35,0,0,1.8,0,1877,0,0,528.5,23.805,0,0,3.21849654444444,-2.24,0,4,3744.6,22.5316685833333,-4.4096,0
2/7/20 3:59,373.416666666667,373.375,0,0,4730.9,20.35,0,0,1.8,0,1877,0,0,528.5,23.805,0,0,3.21524024444444,-2.24301605555556,0,4,3744.6,22.53904425,-4.4096,0
2/7/20 4:04,373.5,373.458333333333,0,0,4730.9,20.35,0,0,1.8,0,1877,0,0,528.5,23.805,0,0,3.20994321111111,-2.24673455555556,0,4,3744.6,22.43190575,-4.4096,0
2/7/20 4:09,373.583333333333,373.541666666667,0,0,4730.9,20.35,0,0,1.8,0,1877,0,0,528.5,23.805,0,0,3.20559172777778,-2.24326544444444,0,4,3744.6,22.4657128333333,-4.4096,0
2/7/20 4:14,373.666666666667,373.625,0,0,4730.9,20.35,0,0,1.8,0,1877,0,0,528.5,23.805,0,0,3.20121987777778,-2.24673455555556,0,4,3744.6,22.4292871666667,-4.4096,0
2/7/20 4:19,373.75,373.708333333333,0,0,4730.9,20.35,0,0,1.8,0,1877,0,0,528.288876111111,23.805,0,0,3.19877321111111,-2.23723333333333,0,4,3744.6,22.5561945,-4.4096,0
2/7/20 4:24,373.833333333333,373.791666666667,0,0,4730.9,20.35,0,0,1.8,0,1877,0,0,528.028581111111,23.805,0,0,3.19772333333333,-2.22723333333333,0,4,3744.6,22.7534740833333,-4.4096,0
2/7/20 4:29,373.916666666667,373.875,0,0,4730.9,20.35,0,0,1.8,0,1877,0,0,528.482542777778,23.805,0,0,3.19521530555556,-2.22326544444444,0,4,3744.6,22.8364256666667,-4.4096,0
2/7/20 4:34,374,373.958333333333,0,0,4730.9,20.35,0,0,1.8,0,1877,0,0,528.5,23.805,0,0,3.19024481666667,-2.23276666666667,0,4,3744.6,22.6730926666667,-4.4096,0
2/7/20 4:39,374.083333333333,374.041666666667,0,0,4730.9,20.35,0,0,1.8,0,1877,0,0,528.288876111111,23.805,0,0,3.18656678888889,-2.23975061111111,0,4,3744.6,22.6072445,-4.4096,0
2/7/20 4:44,374.166666666667,374.125,0,0,4730.9,20.35,0,0,1.8,0,1877,0,0,527.817457222222,23.805,0,0,3.18402951111111,-2.23095183333333,0,4,3744.6,22.7226261666667,-4.4096,0
2/7/20 4:49,374.25,374.208333333333,0,0,4730.9,20.35,0,0,1.8,0,1877,0,0,528.011123888889,23.805,0,0,3.18441715555556,-2.21376422222222,0,4,3744.6,22.9581293333333,-4.4096,0
2/7/20 4:54,374.333333333333,374.291666666667,0,0,4730.9,20.35,0,0,1.8,0,1877,0,0,528.271418888889,23.805,0,0,3.18082308888889,-2.21673455555556,0,4,3744.6,22.9660575833333,-4.4096,0
2/7/20 4:59,374.416666666667,374.375,0,0,4730.9,20.35,0,0,1.8,0,1877,0,0,528.028581111111,23.805,0,0,3.17851691111111,-2.2162815,0,4,3744.6,23.00465525,-4.4096,0
2/7/20 5:04,374.5,374.458333333333,0,0,4730.9,20.35,0,0,1.8,0,1877,0,0,528.271418888889,23.805,0,0,3.17602951111111,-2.22045305555556,0,4,3744.6,22.9296319166667,-4.4096,0
2/7/20 5:09,374.583333333333,374.541666666667,0,0,4730.9,20.35,0,0,1.8,0,1877,0,0,528.028581111111,23.805,0,0,3.17521073333333,-2.20979633333333,0,4,3744.6,23.0727495,-4.4096,0
2/7/20 5:14,374.666666666667,374.625,0,0,4730.9,20.35,0,0,1.8,0,1877,0,0,528.271418888889,23.805,0,0,3.16741481666667,-2.22925183333333,0,4,3744.6,22.7784316666667,-4.4096,0
2/7/20 5:19,374.75,374.708333333333,0,0,4730.9,20.35,0,0,1.8,0,1877,0,0,528.028581111111,23.805,0,0,3.16073678888889,-2.23603211111111,0,4,3744.6,22.6071369166667,-4.4096,0
2/7/20 5:24,374.833333333333,374.791666666667,0,0,4730.9,20.35,0,0,1.8,0,1877,0,0,528.482542777778,23.805,0,0,3.15248506111111,-2.25251727777778,0,4,3744.6,22.312,-4.4096,0
2/7/20 5:29,374.916666666667,374.875,0,0,4730.9,20.35,0,0,1.8,0,1877,0,0,528.5,23.805,0,0,3.14441481666667,-2.26276666666667,0,4,3744.6,22.0436685833333,-4.4096,0
2/7/20 5:34,375,374.958333333333,0,0,4730.9,20.35,0,0,1.8,0,1877,0,0,528.5,23.7733314166667,0,0,3.13894321111111,-2.26975061111111,0,4,3744.6,21.9048630833333,-4.4096,0
2/7/20 5:39,375.083333333333,375.041666666667,0,0,4730.9,20.35,0,0,1.8,0,1877,0,0,528.5,23.7026185833333,0,0,3.13338530555556,-2.27603211111111,0,4,3744.6,21.8095183333333,-4.4096,0
2/7/20 5:44,375.166666666667,375.125,0,0,4730.9,20.35,0,0,1.8,0,1877,0,0,528.5,23.7,0,0,3.12571642222222,-2.28950122222222,0,4,3744.6,21.5758130833333,-4.4096,0
2/7/20 5:49,375.25,375.208333333333,0,0,4730.9,20.35,0,0,1.8,0,1877,0,0,528.5,23.7,0,0,3.12152148333333,-2.29,0,4,3744.6,21.5292871666667,-4.4096,0
2/7/20 5:54,375.333333333333,375.291666666667,0,0,4730.9,20.35,0,0,1.8,0,1877,0,0,528.5,23.7,0,0,3.11914506111111,-2.28698394444444,0,4,3744.6,21.62905,-4.4096,0
2/7/20 5:59,375.416666666667,375.375,0,0,4730.9,20.35,0,0,1.8,0,1877,0,0,528.5,23.7,0,0,3.11526518333333,-2.28326544444444,0,4,3744.6,21.63904425,-4.4096,0
2/7/20 6:04,375.5,375.458333333333,0,0,4730.9,20.35,0,0,1.8,0,1877,0,0,528.5,23.7,0,0,3.10964160555556,-2.29276666666667,0,4,3744.6,21.4730926666667,-4.4096,0
2/7/20 6:09,375.583333333333,375.541666666667,0,0,4730.9,20.35,0,0,1.8,0,1877,0,0,528.5,23.7,0,0,3.10521987777778,-2.29975061111111,0,4,3744.6,21.4072445,-4.4096,0
2/7/20 6:14,375.666666666667,375.625,0,0,4730.9,20.35,0,0,1.8,0,1877,0,0,528.5,23.7,0,0,3.10277321111111,-2.29698394444444,0,4,3744.6,21.4321445,-4.4096,0
2/7/20 6:19,375.75,375.708333333333,0,0,4730.9,20.35,0,0,1.8,0,1877,0,0,528.5,23.6683314166667,0,0,3.10112012222222,-2.29326544444444,0,4,3744.6,21.465611,-4.4096,0
2/7/20 6:24,375.833333333333,375.791666666667,0,0,4730.9,20.35,0,0,1.8,0,1877,0,0,528.5,23.5976185833333,0,0,3.09877321111111,-2.29673455555556,0,4,3744.6,21.4660575833333,-4.4096,0
2/7/20 6:29,375.916666666667,375.875,0,0,4730.9,20.35,0,0,1.8,0,1877,0,0,528.5,23.595,0,0,3.09712012222222,-2.29024938888889,0,4,3744.6,21.5634683333333,-4.4096,0
2/7/20 6:34,376,375.958333333333,0,0,4730.9,20.35,0,0,1.8,0,1877,0,0,528.5,23.595,0,0,3.09386839444444,-2.29,0,4,3744.6,21.4976185833333,-4.4096,0
2/7/20 6:39,376.083333333333,376.041666666667,0,0,4730.9,20.35,0,0,1.8,0,1877,0,0,528.5,23.595,0,0,3.09019493888889,-2.29,0,4,3744.6,21.495,-4.4096,0
2/7/20 6:44,376.166666666667,376.125,0,0,4730.9,20.35,0,0,1.8,0,1877,0,0,528.5,23.595,0,0,3.08686839444444,-2.29,0,4,3744.6,21.495,-4.4096,0
2/7/20 6:49,376.25,376.208333333333,0,0,4730.9,20.35,0,0,1.8,0,1877,0,0,528.5,23.595,0,0,3.08409975555556,-2.29,0,4,3744.6,21.5266685833333,-4.4096,0
2/7/20 6:54,376.333333333333,376.291666666667,0,0,4730.9,20.35,0,0,1.8,0,1877,0,0,528.5,23.595,0,0,3.08188876111111,-2.29301605555556,0,4,3744.6,21.5385683333333,-4.4096,0
2/7/20 6:59,376.416666666667,376.375,0,0,4730.9,20.35,0,0,1.8,0,1877,0,0,528.5,23.595,0,0,3.07747617777778,-2.29673455555556,0,4,3744.6,21.4686761666667,-4.4096,0
2/7/20 7:04,376.5,376.458333333333,0,0,4730.9,20.35,0,0,1.8,0,1877,0,0,528.5,23.5678555,0,0,3.07767345555556,-2.29024938888889,0,4,3744.6,21.5951369166667,-4.4096,0
2/7/20 7:09,376.583333333333,376.541666666667,0,0,4730.9,20.35,0,0,1.8,0,1877,0,0,528.5,23.5072445,0,0,3.07551691111111,-2.29,0,4,3744.6,21.5683314166667,-4.4096,0
2/7/20 7:14,376.666666666667,376.625,0,0,4730.9,20.35,0,0,1.8,0,1877,0,0,528.5,23.505,0,0,3.07121987777778,-2.29301605555556,0,4,3744.6,21.4704740833333,-4.4096,0
2/7/20 7:19,376.75,376.708333333333,0,0,4730.9,20.35,0,0,1.8,0,1877,0,0,528.5,23.505,0,0,3.06877321111111,-2.29673455555556,0,4,3744.6,21.434389,-4.4096,0
2/7/20 7:24,376.833333333333,376.791666666667,0,0,4730.9,20.35,0,0,1.8,0,1877,0,0,528.5,23.505,0,0,3.06742172777778,-2.29024938888889,0,4,3744.6,21.4927555,-4.4096,0
2/7/20 7:29,376.916666666667,376.875,0,0,4730.9,20.35,0,0,1.8,0,1877,0,0,528.5,23.505,0,0,3.06514506111111,-2.29,0,4,3744.6,21.495,-4.4096,0
2/7/20 7:34,377,376.958333333333,0,0,4730.9,20.35,0,0,1.8,0,1877,0,0,528.5,23.505,0,0,3.06247160555556,-2.29,0,4,3744.6,21.495,-4.4096,0
2/7/20 7:39,377.083333333333,377.041666666667,0,0,4730.9,20.35,0,0,1.8,0,1877,0,0,528.5,23.505,0,0,3.06074827222222,-2.29,0,4,3744.6,21.5266685833333,-4.4096,0
2/7/20 7:44,377.166666666667,377.125,0,0,4730.9,20.35,0,0,1.8,0,1877,0,0,528.5,23.505,0,0,3.06002493888889,-2.29,0,4,3744.6,21.5973814166667,-4.4096,0
2/7/20 7:49,377.25,377.208333333333,0,0,4730.9,20.35,0,0,1.8,0,1877,0,0,528.5,23.505,0,0,3.05969839444444,-2.29,0,4,3744.6,21.6,-4.4096,0
2/7/20 7:54,377.333333333333,377.291666666667,0,0,4730.9,20.35,0,0,1.8,0,1877,0,0,528.5,23.505,0,0,3.05872333333333,-2.28698394444444,0,4,3744.6,21.6316685833333,-4.4096,0
2/7/20 7:59,377.416666666667,377.375,0,0,4730.9,20.35,0,0,1.8,0,1877,0,0,528.288876111111,23.4733314166667,0,0,3.06013617777778,-2.27421727777778,0,4,3744.6,21.8516761666667,-4.4096,0
2/7/20 8:04,377.5,377.458333333333,0,0,4730.9,20.35,0,0,1.8,0,1877,0,0,528.027879702842,23.4026185833333,0,0,3.06482542777778,-2.26049877777778,0,4,3744.6,22.18765525,-4.4096,0
2/7/20 8:09,377.583333333333,377.541666666667,0,0,4730.9,20.35,0,0,1.8,0,1877,0,0,528.48207751938,23.4,0,0,3.06410293333333,-2.26,0,4,3744.6,22.1686026666667,-4.4096,0
2/7/20 8:14,377.666666666667,377.625,0,0,4730.9,20.35,0,0,1.8,0,1877,0,0,528.5,23.4,0,0,3.06177804444444,-2.26,0,4,3744.6,22.1290946666667,-4.4096,0
2/7/20 8:19,377.75,377.708333333333,0,0,4730.9,20.35,0,0,1.8,0,1877,0,0,528.290684444445,23.4,0,0,3.06281982222222,-2.25401955555556,0,4,3744.6,22.3184066666667,-4.4096,0
2/7/20 8:24,377.833333333333,377.791666666667,0,0,4730.9,20.35,0,0,1.8,0,1877,0,0,527.817982222222,23.4,0,0,3.06804195555556,-2.23453333333333,0,4,3744.6,22.6843026666667,-4.4096,0
2/7/20 8:29,377.916666666667,377.875,0,0,4730.9,20.35,0,0,1.8,0,1877,0,0,527.8,23.4,0,0,3.07149528888889,-2.21752355555556,0,4,3744.6,22.9556026666667,-4.4096,0
2/7/20 8:34,378,377.958333333333,0,0,4730.9,20.35,0,0,1.8,0,1877,0,0,527.8,23.4,0,0,3.07235057777778,-2.21025688888889,0,4,3744.6,23.0949906666667,-4.4096,0
2/7/20 8:39,378.083333333333,378.041666666667,0,0,4730.9,20.35,0,0,1.8,0,1877,0,0,528.009315555556,23.4,0,0,3.07015431111111,-2.21,0,4,3744.6,23.0686026666667,-4.4096,0
2/7/20 8:44,378.166666666667,378.125,0,0,4730.9,20.35,0,0,1.8,0,1877,0,0,528.482017777778,23.4313973333333,0,0,3.06718,-2.21299022222222,0,4,3744.6,22.9707853333333,-4.4096,0
2/7/20 8:49,378.25,378.208333333333,0,0,4730.9,20.35,0,0,1.8,0,1877,0,0,528.290684444445,23.5023026666667,0,0,3.06537608888889,-2.21675288888889,0,4,3744.6,22.9656213333333,-4.4096,0
2/7/20 8:54,378.333333333333,378.291666666667,0,0,4730.9,20.35,0,0,1.8,0,1877,0,0,528.027297777778,23.505,0,0,3.06687137777778,-2.20726666666667,0,4,3744.6,23.1533,-4.4096,0
2/7/20 8:59,378.416666666667,378.375,0,0,4730.9,20.35,0,0,1.8,0,1877,0,0,528.272702222222,23.505,0,0,3.06952097777778,-2.19427644444444,0,4,3744.6,23.3796973333333,-4.4096,0
2/7/20 9:04,378.5,378.458333333333,0,0,4730.9,20.35,0,0,1.8,0,1877,0,0,527.817982222222,23.505,0,0,3.07184568888889,-2.17453333333333,0,4,3744.6,23.7083973333333,-4.4096,0
2/7/20 9:09,378.583333333333,378.541666666667,0,0,4730.9,20.35,0,0,1.8,0,1877,0,0,527.8,23.505,0,0,3.07302586666667,-2.16051377777778,0,4,3744.6,23.989596,-4.4096,0
2/7/20 9:14,378.666666666667,378.625,0,0,4730.9,20.35,0,0,1.8,0,1877,0,0,527.8,23.531912,0,0,3.07137608888889,-2.15700977777778,0,4,3744.6,24.0583093333333,-4.4096,0
2/7/20 9:19,378.75,378.708333333333,0,0,4730.9,20.35,0,0,1.8,0,1877,0,0,527.8,23.592688,0,0,3.06988115555556,-2.15324711111111,0,4,3744.6,24.1765346666667,-4.4096,0
2/7/20 9:24,378.833333333333,378.791666666667,0,0,4730.9,20.35,0,0,1.8,0,1877,0,0,527.8,23.595,0,0,3.06368471111111,-2.15974311111111,0,4,3744.6,24.1377,-4.4096,0
2/7/20 9:29,378.916666666667,378.875,0,0,4730.9,20.35,0,0,1.8,0,1877,0,0,527.590684444444,23.6263973333333,0,0,3.05982942222222,-2.15700977777778,0,4,3744.6,24.1644653333333,-4.4096,0
2/7/20 9:34,379,378.958333333333,0,0,4730.9,20.35,0,0,1.8,0,1877,0,0,527.117982222222,23.6973026666667,0,0,3.05842764444444,-2.15025688888889,0,4,3744.6,24.326388,-4.4096,0
2/7/20 9:39,379.083333333333,379.041666666667,0,0,4730.9,20.35,0,0,1.8,0,1877,0,0,527.309315555555,23.7,0,0,3.05495822222222,-2.15,0,4,3744.6,24.3709053333333,-4.4096,0
2/7/20 9:44,379.166666666667,379.125,0,0,4730.9,20.35,0,0,1.8,0,1877,0,0,527.572702222222,23.7,0,0,3.05017982222222,-2.14700977777778,0,4,3744.6,24.392404,-4.4096,0
2/7/20 9:49,379.25,379.208333333333,0,0,4730.9,20.35,0,0,1.8,0,1877,0,0,527.117982222222,23.7313973333333,0,0,3.04671075555556,-2.14324711111111,0,4,3744.6,24.5025866666667,-4.4096,0
2/7/20 9:54,379.333333333333,379.291666666667,0,0,4730.9,20.35,0,0,1.8,0,1877,0,0,527.1,23.8023026666667,0,0,3.03838551111111,-2.14675288888889,0,4,3744.6,24.3974133333333,-4.4096,0
2/7/20 9:59,379.416666666667,379.375,0,0,4730.9,20.35,0,0,1.8,0,1877,0,0,527.309315555555,23.805,0,0,3.0324888,-2.14324711111111,0,4,3744.6,24.4711893333333,-4.4096,0
2/7/20 10:04,379.5,379.458333333333,0,0,4730.9,20.35,0,0,1.8,0,1877,0,0,527.782017777778,23.831912,0,0,3.02191608888889,-2.14974311111111,0,4,3744.6,24.2368013333333,-4.4096,0
2/7/20 10:09,379.583333333333,379.541666666667,0,0,4730.9,20.35,0,0,1.8,0,1877,0,0,527.8,23.892688,0,0,3.01351431111111,-2.15,0,4,3744.6,24.2973026666667,-4.4096,0
2/7/20 10:14,379.666666666667,379.625,0,0,4730.9,20.35,0,0,1.8,0,1877,0,0,527.8,23.895,0,0,3.00454,-2.15,0,4,3744.6,24.3,-4.4096,0
2/7/20 10:19,379.75,379.708333333333,0,0,4730.9,20.35,0,0,1.8,0,1877,0,0,527.8,23.9263973333333,0,0,2.99464293333333,-2.15,0,4,3744.6,24.2686026666667,-4.4096,0
2/7/20 10:24,379.833333333333,379.791666666667,0,0,4730.9,20.35,0,0,1.8,0,1877,0,0,527.590684444444,23.9973026666667,0,0,2.98451413333333,-2.15,0,4,3744.6,24.260492,-4.4096,0
2/7/20 10:29,379.916666666667,379.875,0,0,4730.9,20.35,0,0,1.8,0,1877,0,0,527.117982222222,24,0,0,2.97626684444444,-2.15,0,4,3744.6,24.3368106666667,-4.4096,0
2/7/20 10:34,380,379.958333333333,0,0,4730.9,20.35,0,0,1.8,0,1877,0,0,527.1,24.0313973333333,0,0,2.96553982222222,-2.15,0,4,3744.6,24.2631893333333,-4.4096,0
2/7/20 10:39,380.083333333333,380.041666666667,0,0,4730.9,20.35,0,0,1.8,0,1877,0,0,527.1,24.1023026666667,0,0,2.95846293333333,-2.15,0,4,3744.6,24.3996053333333,-4.4096,0
2/7/20 10:44,380.166666666667,380.125,0,0,4730.9,20.35,0,0,1.8,0,1877,0,0,527.1,24.105,0,0,2.94954,-2.15,0,4,3744.6,24.405,-4.4096,0
2/7/20 10:49,380.25,380.208333333333,0,0,4730.9,20.35,0,0,1.8,0,1877,0,0,527.1,24.105,0,0,2.94173608888889,-2.14401955555556,0,4,3744.6,24.4947066666667,-4.4096,0
2/7/20 10:54,380.333333333333,380.291666666667,0,0,4730.9,20.35,0,0,1.8,0,1877,0,0,527.1,24.131912,0,0,2.93663333333333,-2.12752355555556,0,4,3744.6,24.787,-4.4096,0
2/7/20 10:59,380.416666666667,380.375,0,0,4730.9,20.35,0,0,1.8,0,1877,0,0,527.1,24.192688,0,0,2.93073626666667,-2.12025688888889,0,4,3744.6,24.965896,-4.4096,0
2/7/20 11:04,380.5,380.458333333333,0,0,4730.9,20.35,0,0,1.8,0,1877,0,0,527.1,24.195,0,0,2.92221528888889,-2.12299022222222,0,4,3744.6,24.8713,-4.4096,0
2/7/20 11:09,380.583333333333,380.541666666667,0,0,4730.9,20.35,0,0,1.8,0,1877,0,0,527.1,24.195,0,0,2.91166862222222,-2.13273333333333,0,4,3744.6,24.7304173333333,-4.4096,0
2/7/20 11:14,380.666666666667,380.625,0,0,4730.9,20.35,0,0,1.8,0,1877,0,0,527.1,24.195,0,0,2.90061706666667,-2.13974311111111,0,4,3744.6,24.5847506666667,-4.4096,0
2/7/20 11:19,380.75,380.708333333333,0,0,4730.9,20.35,0,0,1.8,0,1877,0,0,527.1,24.2263973333333,0,0,2.89213804444444,-2.13700977777778,0,4,3744.6,24.6306266666667,-4.4096,0
2/7/20 11:24,380.833333333333,380.791666666667,0,0,4730.9,20.35,0,0,1.8,0,1877,0,0,527.1,24.2973026666667,0,0,2.88478764444444,-2.13025688888889,0,4,3744.6,24.7292146666667,-4.4096,0
2/7/20 11:29,380.916666666667,380.875,0,0,4730.9,20.35,0,0,1.8,0,1877,0,0,527.1,24.3,0,0,2.87621528888889,-2.13299022222222,0,4,3744.6,24.7343786666667,-4.4096,0
2/7/20 11:34,381,380.958333333333,0,0,4730.9,20.35,0,0,1.8,0,1877,0,0,527.1,24.3,0,0,2.8680608,-2.13974311111111,0,4,3744.6,24.5915533333333,-4.4096,0
2/7/20 11:39,381.083333333333,381.041666666667,0,0,4730.9,20.35,0,0,1.8,0,1877,0,0,527.1,24.3,0,0,2.8630096,-2.14299022222222,0,4,3744.6,24.4799053333333,-4.4096,0
2/7/20 11:44,381.166666666667,381.125,0,0,4730.9,20.35,0,0,1.8,0,1877,0,0,527.1,24.3313973333333,0,0,2.85459155555556,-2.15572355555556,0,4,3744.6,24.1585346666667,-4.4096,0
2/7/20 11:49,381.25,381.208333333333,0,0,4730.9,20.35,0,0,1.8,0,1877,0,0,527.309315555555,24.4023026666667,0,0,2.84242097777778,-2.17845688888889,0,4,3744.6,23.6652146666667,-4.4096,0
2/7/20 11:54,381.333333333333,381.291666666667,0,0,4730.9,20.35,0,0,1.8,0,1877,0,0,527.572702222222,24.405,0,0,2.83213786666667,-2.19623911111111,0,4,3744.6,23.3394986666667,-4.4096,0
2/7/20 11:59,381.416666666667,381.375,0,0,4730.9,20.35,0,0,1.8,0,1877,0,0,527.327297777778,24.405,0,0,2.82910275555556,-2.18726666666667,0,4,3744.6,23.4870093333333,-4.4096,0
2/7/20 12:04,381.5,381.458333333333,0,0,4730.9,20.35,0,0,1.8,0,1877,0,0,527.782017777778,24.405,0,0,2.82571075555556,-2.18623733333333,0,4,3744.6,23.5711893333333,-4.4096,0
2/7/20 12:09,381.583333333333,381.541666666667,0,0,4730.9,20.35,0,0,1.8,0,1877,0,0,527.8,24.405,0,0,2.81439528888889,-2.20845688888889,0,4,3744.6,23.157388,-4.4096,0
2/7/20 12:14,381.666666666667,381.625,0,0,4730.9,20.35,0,0,1.8,0,1877,0,0,527.590684444444,24.405,0,0,2.80204471111111,-2.23221955555556,0,4,3744.6,22.7230093333333,-4.4096,0
2/7/20 12:19,381.75,381.708333333333,0,0,4730.9,20.35,0,0,1.8,0,1877,0,0,527.327297777778,24.405,0,0,2.79159137777778,-2.24273333333333,0,4,3744.6,22.4493973333333,-4.4096,0
2/7/20 12:24,381.833333333333,381.791666666667,0,0,4730.9,20.35,0,0,1.8,0,1877,0,0,527.782017777778,24.405,0,0,2.78463315555556,-2.24675288888889,0,4,3744.6,22.3683186666667,-4.4096,0
2/7/20 12:29,381.916666666667,381.875,0,0,4730.9,20.35,0,0,1.8,0,1877,0,0,527.8,24.405,0,0,2.7806592,-2.24623733333333,0,4,3744.6,22.405284,-4.4096,0
2/7/20 12:34,382,381.958333333333,0,0,4730.9,20.35,0,0,1.8,0,1877,0,0,527.8,24.405,0,0,2.77580355555556,-2.25350577777778,0,4,3744.6,22.3288106666667,-4.4096,0
2/7/20 12:39,382.083333333333,382.041666666667,0,0,4730.9,20.35,0,0,1.8,0,1877,0,0,527.8,24.3736026666667,0,0,2.77694862222222,-2.24051377777778,0,4,3744.6,22.594596,-4.4096,0
2/7/20 12:44,382.166666666667,382.125,0,0,4730.9,20.35,0,0,1.8,0,1877,0,0,527.8,24.3026973333333,0,0,2.77580391111111,-2.24,0,4,3744.6,22.5736026666667,-4.4096,0
2/7/20 12:49,382.25,382.208333333333,0,0,4730.9,20.35,0,0,1.8,0,1877,0,0,527.8,24.3,0,0,2.77190666666667,-2.24299022222222,0,4,3744.6,22.4713,-4.4096,0
2/7/20 12:54,382.333333333333,382.291666666667,0,0,4730.9,20.35,0,0,1.8,0,1877,0,0,527.8,24.3,0,0,2.76820568888889,-2.24974311111111,0,4,3744.6,22.3707853333333,-4.4096,0
2/7/20 12:59,382.416666666667,382.375,0,0,4730.9,20.35,0,0,1.8,0,1877,0,0,527.8,24.3,0,0,2.76607706666667,-2.25,0,4,3744.6,22.334224,-4.4096,0
2/7/20 13:04,382.5,382.458333333333,0,0,4730.9,20.35,0,0,1.8,0,1877,0,0,527.8,24.3,0,0,2.76570097777778,-2.25,0,4,3744.6,22.392688,-4.4096,0
2/7/20 13:09,382.583333333333,382.541666666667,0,0,4730.9,20.35,0,0,1.8,0,1877,0,0,527.8,24.3,0,0,2.76562373333333,-2.25,0,4,3744.6,22.395,-4.4096,0
2/7/20 13:14,382.666666666667,382.625,0,0,4730.9,20.35,0,0,1.8,0,1877,0,0,528.009315555556,24.3,0,0,2.7666496,-2.25299022222222,0,4,3744.6,22.3366906666667,-4.4096,0
2/7/20 13:19,382.75,382.708333333333,0,0,4730.9,20.35,0,0,1.8,0,1877,0,0,528.272702222222,24.2686026666667,0,0,2.76542764444444,-2.26273333333333,0,4,3744.6,22.1153026666667,-4.4096,0
2/7/20 13:24,382.833333333333,382.791666666667,0,0,4730.9,20.35,0,0,1.8,0,1877,0,0,527.817982222222,24.1976973333333,0,0,2.76405137777778,-2.26974311111111,0,4,3744.6,21.9077066666667,-4.4096,0
2/7/20 13:29,382.916666666667,382.875,0,0,4730.9,20.35,0,0,1.8,0,1877,0,0,528.009315555556,24.195,0,0,2.764,-2.27,0,4,3744.6,21.9,-4.4096,0
2/7/20 13:34,383,382.958333333333,0,0,4730.9,20.35,0,0,1.8,0,1877,0,0,528.272702222222,24.195,0,0,2.76549511111111,-2.26401955555555,0,4,3744.6,22.021104,-4.4096,0
2/7/20 13:39,383.083333333333,383.041666666667,0,0,4730.9,20.35,0,0,1.8,0,1877,0,0,527.817982222222,24.195,0,0,2.76887155555556,-2.25051377777778,0,4,3744.6,22.294596,-4.4096,0
2/7/20 13:44,383.166666666667,383.125,0,0,4730.9,20.35,0,0,1.8,0,1877,0,0,527.8,24.195,0,0,2.77049511111111,-2.24700977777778,0,4,3744.6,22.3633093333333,-4.4096,0
2/7/20 13:49,383.25,383.208333333333,0,0,4730.9,20.35,0,0,1.8,0,1877,0,0,527.8,24.195,0,0,2.77357253333333,-2.24025688888889,0,4,3744.6,22.4949906666667,-4.4096,0
2/7/20 13:54,383.333333333333,383.291666666667,0,0,4730.9,20.35,0,0,1.8,0,1877,0,0,527.8,24.195,0,0,2.77362373333333,-2.24,0,4,3744.6,22.5313973333333,-4.4096,0
2/7/20 13:59,383.416666666667,383.375,0,0,4730.9,20.35,0,0,1.8,0,1877,0,0,528.009315555556,24.195,0,0,2.77614471111111,-2.23700977777778,0,4,3744.6,22.6292146666667,-4.4096,0
2/7/20 14:04,383.5,383.458333333333,0,0,4730.9,20.35,0,0,1.8,0,1877,0,0,528.482017777778,24.195,0,0,2.7782992,-2.23324711111111,0,4,3744.6,22.665776,-4.4096,0
2/7/20 14:09,383.583333333333,383.541666666667,0,0,4730.9,20.35,0,0,1.8,0,1877,0,0,528.290684444445,24.195,0,0,2.77764942222222,-2.23974311111111,0,4,3744.6,22.607312,-4.4096,0
2/7/20 14:14,383.666666666667,383.625,0,0,4730.9,20.35,0,0,1.8,0,1877,0,0,527.817982222222,24.195,0,0,2.77924764444444,-2.23700977777778,0,4,3744.6,22.631912,-4.4096,0
2/7/20 14:19,383.75,383.708333333333,0,0,4730.9,20.35,0,0,1.8,0,1877,0,0,527.8,24.195,0,0,2.78057235555556,-2.23025688888889,0,4,3744.6,22.7240853333333,-4.4096,0
2/7/20 14:24,383.833333333333,383.791666666667,0,0,4730.9,20.35,0,0,1.8,0,1877,0,0,527.8,24.195,0,0,2.78194862222222,-2.23,0,4,3744.6,22.7973026666667,-4.4096,0
2/7/20 14:29,383.916666666667,383.875,0,0,4730.9,20.35,0,0,1.8,0,1877,0,0,527.8,24.195,0,0,2.78289706666667,-2.22401955555556,0,4,3744.6,22.8583093333333,-4.4096,0
2/7/20 14:34,384,383.958333333333,0,0,4730.9,20.35,0,0,1.8,0,1877,0,0,527.8,24.195,0,0,2.78402586666667,-2.21649422222222,0,4,3744.6,22.9316813333333,-4.4096,0
2/7/20 14:39,384.083333333333,384.041666666667,0,0,4730.9,20.35,0,0,1.8,0,1877,0,0,527.8,24.195,0,0,2.78207706666667,-2.226496,0,4,3744.6,22.8364066666667,-4.4096,0
2/7/20 14:44,384.166666666667,384.125,0,0,4730.9,20.35,0,0,1.8,0,1877,0,0,527.8,24.195,0,0,2.78349511111111,-2.21427644444444,0,4,3744.6,22.9920093333333,-4.4096,0
2/7/20 14:49,384.25,384.208333333333,0,0,4730.9,20.35,0,0,1.8,0,1877,0,0,527.8,24.195,0,0,2.78567546666667,-2.20649422222222,0,4,3744.6,23.1075866666667,-4.4096,0
2/7/20 14:54,384.333333333333,384.291666666667,0,0,4730.9,20.35,0,0,1.8,0,1877,0,0,527.8,24.195,0,0,2.78280373333333,-2.21948622222222,0,4,3744.6,22.89028,-4.4096,0
2/7/20 14:59,384.416666666667,384.375,0,0,4730.9,20.35,0,0,1.8,0,1877,0,0,528.009315555556,24.195,0,0,2.78023155555556,-2.22598044444444,0,4,3744.6,22.7332493333333,-4.4096,0
2/7/20 15:04,384.5,384.458333333333,0,0,4730.9,20.35,0,0,1.8,0,1877,0,0,528.272702222222,24.195,0,0,2.77465902222222,-2.24247644444444,0,4,3744.6,22.450168,-4.4096,0
2/7/20 15:09,384.583333333333,384.541666666667,0,0,4730.9,20.35,0,0,1.8,0,1877,0,0,528.027297777778,24.195,0,0,2.77082942222222,-2.25273333333333,0,4,3744.6,22.278612,-4.41151374222222,0
2/7/20 15:14,384.666666666667,384.625,0,0,4730.9,20.35,0,0,1.8,0,1877,0,0,528.272702222222,24.195,0,0,2.77032471111111,-2.25675288888889,0,4,3744.6,22.2340946666667,-4.41583559111111,0
2/7/20 15:19,384.75,384.708333333333,0,0,4730.9,20.35,0,0,1.8,0,1877,0,0,527.817982222222,24.195,0,0,2.77127333333333,-2.24726666666667,0,4,3744.6,22.360612,-4.416,0
2/7/20 15:24,384.833333333333,384.791666666667,0,0,4730.9,20.35,0,0,1.8,0,1877,0,0,527.8,24.195,0,0,2.77197431111111,-2.24025688888889,0,4,3744.6,22.4949906666667,-4.416,0
2/7/20 15:29,384.916666666667,384.875,0,0,4730.9,20.35,0,0,1.8,0,1877,0,0,527.8,24.168088,0,0,2.77229902222222,-2.23700977777778,0,4,3744.6,22.5583093333333,-4.416,0
2/7/20 15:34,385,384.958333333333,0,0,4730.9,20.35,0,0,1.8,0,1877,0,0,527.8,24.107312,0,0,2.77267528888889,-2.23324711111111,0,4,3744.6,22.6630786666667,-4.416,0
2/7/20 15:39,385.083333333333,385.041666666667,0,0,4730.9,20.35,0,0,1.8,0,1877,0,0,527.8,24.105,0,0,2.77232471111111,-2.23675288888889,0,4,3744.6,22.6656213333333,-4.416,0
2/7/20 15:44,385.166666666667,385.125,0,0,4730.9,20.35,0,0,1.8,0,1877,0,0,527.8,24.105,0,0,2.77207724444444,-2.23025688888889,0,4,3744.6,22.7635933333333,-4.416,0
2/7/20 15:49,385.25,385.208333333333,0,0,4730.9,20.35,0,0,1.8,0,1877,0,0,527.8,24.105,0,0,2.76888495149502,-2.23298028792913,0,4,3744.6,22.6708747419712,-4.416,0
2/7/20 15:54,385.333333333333,385.291666666667,0,0,4730.9,20.35,0,0,1.8,0,1877,0,0,528.007515,24.105,0,0,2.76432674850498,-2.24270087873754,0,4,3744.6,22.5184375913621,-4.416,0
2/7/20 15:59,385.416666666667,385.375,0,0,4730.9,20.35,0,0,1.8,0,1877,0,0,528.27397,24.105,0,0,2.7589729,-2.2527,0,4,3744.6,22.2506805,-4.416,0
2/7/20 16:04,385.5,385.458333333333,0,0,4730.9,20.35,0,0,1.8,0,1877,0,0,527.818515,24.105,0,0,2.75462355,-2.2627,0,4,3744.6,22.04274675,-4.416,0
2/7/20 16:09,385.583333333333,385.541666666667,0,0,4730.9,20.35,0,0,1.8,0,1877,0,0,527.8,24.07387275,0,0,2.75053935,-2.2697355,0,4,3744.6,21.90515775,-4.416,0
2/7/20 16:14,385.666666666667,385.625,0,0,4730.9,20.35,0,0,1.8,0,1877,0,0,527.8,24.00277725,0,0,2.7490529,-2.27,0,4,3744.6,21.93112725,-4.416,0
2/7/20 16:19,385.75,385.708333333333,0,0,4730.9,20.35,0,0,1.8,0,1877,0,0,527.8,24,0,0,2.7501858,-2.264071,0,4,3744.6,22.09115775,-4.416,0
2/7/20 16:24,385.833333333333,385.791666666667,0,0,4730.9,20.35,0,0,1.8,0,1877,0,0,527.8,24,0,0,2.7534871,-2.250529,0,4,3744.6,22.3237455,-4.416,0
2/7/20 16:29,385.916666666667,385.875,0,0,4730.9,20.35,0,0,1.8,0,1877,0,0,527.8,24,0,0,2.7543542,-2.25,0,4,3744.6,22.3926195,-4.416,0
2/7/20 16:34,386,385.958333333333,0,0,4730.9,20.35,0,0,1.8,0,1877,0,0,528.007515,24,0,0,2.75394225,-2.2470355,0,4,3744.6,22.4572545,-4.416,0
2/7/20 16:39,386.083333333333,386.041666666667,0,0,4730.9,20.35,0,0,1.8,0,1877,0,0,528.27397,24.03112725,0,0,2.75592065,-2.2402645,0,4,3744.6,22.5994455,-4.416,0
2/7/20 16:44,386.166666666667,386.125,0,0,4730.9,20.35,0,0,1.8,0,1877,0,0,527.818515,24.10222275,0,0,2.75688935,-2.2370355,0,4,3744.6,22.66280775,-4.416,0
2/7/20 16:49,386.25,386.208333333333,0,0,4730.9,20.35,0,0,1.8,0,1877,0,0,527.8,24.105,0,0,2.75892065,-2.2302645,0,4,3744.6,22.79484225,-4.416,0
2/7/20 16:54,386.333333333333,386.291666666667,0,0,4730.9,20.35,0,0,1.8,0,1877,0,0,527.8,24.105,0,0,2.7601858,-2.224071,0,4,3744.6,22.85780775,-4.416,0
2/7/20 16:59,386.416666666667,386.375,0,0,4730.9,20.35,0,0,1.8,0,1877,0,0,527.8,24.105,0,0,2.7634871,-2.210529,0,4,3744.6,23.0209695,-4.416,0
2/7/20 17:04,386.5,386.458333333333,0,0,4730.9,20.35,0,0,1.8,0,1877,0,0,527.8,24.105,0,0,2.76583645,-2.2070355,0,4,3744.6,23.12835,-4.416,0
2/7/20 17:09,386.583333333333,386.541666666667,0,0,4730.9,20.35,0,0,1.8,0,1877,0,0,527.8,24.105,0,0,2.76673485,-2.2061935,0,4,3744.6,23.11328775,-4.416,0
2/7/20 17:14,386.666666666667,386.625,0,0,4730.9,20.35,0,0,1.8,0,1877,0,0,527.8,24.105,0,0,2.7635129,-2.2224355,0,4,3744.6,22.88180775,-4.416,0
2/7/20 17:19,386.75,386.708333333333,0,0,4730.9,20.35,0,0,1.8,0,1877,0,0,528.007515,24.105,0,0,2.7608671,-2.2327,0,4,3744.6,22.71384225,-4.416,0
2/7/20 17:24,386.833333333333,386.791666666667,0,0,4730.9,20.35,0,0,1.8,0,1877,0,0,528.481485,24.105,0,0,2.75662355,-2.2427,0,4,3744.6,22.45012725,-4.416,0
2/7/20 17:29,386.916666666667,386.875,0,0,4730.9,20.35,0,0,1.8,0,1877,0,0,528.292485,24.105,0,0,2.75165,-2.2527,0,4,3744.6,22.24790325,-4.416,0
2/7/20 17:34,387,386.958333333333,0,0,4730.9,20.35,0,0,1.8,0,1877,0,0,528.02603,24.105,0,0,2.7472429,-2.2627,0,4,3744.6,22.073874,-4.416,0
2/7/20 17:39,387.083333333333,387.041666666667,0,0,4730.9,20.35,0,0,1.8,0,1877,0,0,528.27397,24.105,0,0,2.7465616,-2.2638065,0,4,3744.6,22.0963155,-4.416,0
2/7/20 17:44,387.166666666667,387.125,0,0,4730.9,20.35,0,0,1.8,0,1877,0,0,527.818515,24.105,0,0,2.75164645,-2.2475645,0,4,3744.6,22.35487275,-4.416,0
2/7/20 17:49,387.25,387.208333333333,0,0,4730.9,20.35,0,0,1.8,0,1877,0,0,527.8,24.07387275,0,0,2.7582129,-2.2343355,0,4,3744.6,22.6149045,-4.416,0
2/7/20 17:54,387.333333333333,387.291666666667,0,0,4730.9,20.35,0,0,1.8,0,1877,0,0,527.8,24.00277725,0,0,2.76408485,-2.220529,0,4,3744.6,22.89428775,-4.416,0
2/7/20 17:59,387.416666666667,387.375,0,0,4730.9,20.35,0,0,1.8,0,1877,0,0,527.8,24,0,0,2.7640842,-2.2229645,0,4,3744.6,22.8427455,-4.416,0
2/7/20 18:04,387.5,387.458333333333,0,0,4730.9,20.35,0,0,1.8,0,1877,0,0,527.8,24,0,0,2.76207935,-2.2297355,0,4,3744.6,22.7005545,-4.416,0
2/7/20 18:09,387.583333333333,387.541666666667,0,0,4730.9,20.35,0,0,1.8,0,1877,0,0,527.8,23.96887275,0,0,2.762,-2.23,0,4,3744.6,22.695,-4.416,0
2/7/20 18:14,387.666666666667,387.625,0,0,4730.9,20.35,0,0,1.8,0,1877,0,0,527.8,23.89777725,0,0,2.76170355,-2.2329645,0,4,3744.6,22.6683195,-4.416,0
2/7/20 18:19,387.75,387.708333333333,0,0,4730.9,20.35,0,0,1.8,0,1877,0,0,527.8,23.895,0,0,2.76161935,-2.2397355,0,4,3744.6,22.6073805,-4.416,0
2/7/20 18:24,387.833333333333,387.791666666667,0,0,4730.9,20.35,0,0,1.8,0,1877,0,0,527.8,23.895,0,0,2.7629471,-2.24,0,4,3744.6,22.57387275,-4.416,0
2/7/20 18:29,387.916666666667,387.875,0,0,4730.9,20.35,0,0,1.8,0,1877,0,0,527.8,23.895,0,0,2.763,-2.24,0,4,3744.6,22.50277725,-4.416,0
2/7/20 18:34,388,387.958333333333,0,0,4730.9,20.35,0,0,1.8,0,1877,0,0,528.007515,23.895,0,0,2.7612213,-2.245929,0,4,3744.6,22.37993775,-4.416,0
2/7/20 18:39,388.083333333333,388.041666666667,0,0,4730.9,20.35,0,0,1.8,0,1877,0,0,528.481485,23.895,0,0,2.75686225,-2.2624355,0,4,3744.6,22.07903175,-4.416,0
2/7/20 18:44,388.166666666667,388.125,0,0,4730.9,20.35,0,0,1.8,0,1877,0,0,528.292485,23.88165975,0,0,2.75543355,-2.2697355,0,4,3744.6,22.0073805,-4.416,0
2/7/20 18:49,388.25,388.208333333333,0,0,4730.9,20.35,0,0,1.8,0,1877,0,0,527.818515,23.8645305,0,0,2.75672095,-2.2611065,0,4,3744.6,22.15174275,-4.416,0
2/7/20 18:54,388.333333333333,388.291666666667,0,0,4730.9,20.35,0,0,1.8,0,1877,0,0,527.8,23.89380975,0,0,2.76454065,-2.237829,0,4,3744.6,22.57584225,-4.416,0
2/7/20 18:59,388.416666666667,388.375,0,0,4730.9,20.35,0,0,1.8,0,1877,0,0,527.8,23.895,0,0,2.76854485,-2.2302645,0,4,3744.6,22.76093775,-4.416,0
2/7/20 19:04,388.5,388.458333333333,0,0,4730.9,20.35,0,0,1.8,0,1877,0,0,527.8,23.895,0,0,2.7689158,-2.23,0,4,3744.6,22.7289045,-4.416,0
2/7/20 19:09,388.583333333333,388.541666666667,0,0,4730.9,20.35,0,0,1.8,0,1877,0,0,527.8,23.895,0,0,2.7706242,-2.23,0,4,3744.6,22.7660955,-4.416,0
2/7/20 19:14,388.666666666667,388.625,0,0,4730.9,20.35,0,0,1.8,0,1877,0,0,527.8,23.895,0,0,2.77061935,-2.2270355,0,4,3744.6,22.76003175,-4.416,0
2/7/20 19:19,388.75,388.708333333333,0,0,4730.9,20.35,0,0,1.8,0,1877,0,0,528.007515,23.895,0,0,2.77165065,-2.223229,0,4,3744.6,22.86831825,-4.416,0
2/7/20 19:24,388.833333333333,388.791666666667,0,0,4730.9,20.35,0,0,1.8,0,1877,0,0,528.27397,23.895,0,0,2.7701371,-2.2327,0,4,3744.6,22.7449695,-4.416,0
2/7/20 19:29,388.916666666667,388.875,0,0,4730.9,20.35,0,0,1.8,0,1877,0,0,527.818515,23.895,0,0,2.76748645,-2.2397355,0,4,3744.6,22.61015775,-4.416,0
2/7/20 19:34,389,388.958333333333,0,0,4730.9,20.35,0,0,1.8,0,1877,0,0,528.007515,23.895,0,0,2.76634935,-2.2370355,0,4,3744.6,22.61834025,-4.416,0
2/7/20 19:39,389.083333333333,389.041666666667,0,0,4730.9,20.35,0,0,1.8,0,1877,0,0,528.27397,23.895,0,0,2.76578775,-2.233229,0,4,3744.6,22.60434225,-4.416,0
2/7/20 19:44,389.166666666667,389.125,0,0,4730.9,20.35,0,0,1.8,0,1877,0,0,527.818515,23.895,0,0,2.7636987,-2.2397355,0,4,3744.6,22.53509475,-4.416,0
2/7/20 19:49,389.25,389.208333333333,0,0,4730.9,20.35,0,0,1.8,0,1877,0,0,527.8,23.895,0,0,2.7649471,-2.24,0,4,3744.6,22.60222275,-4.416,0
2/7/20 19:54,389.333333333333,389.291666666667,0,0,4730.9,20.35,0,0,1.8,0,1877,0,0,527.8,23.895,0,0,2.76411065,-2.2429645,0,4,3744.6,22.5427455,-4.416,0
2/7/20 19:59,389.416666666667,389.375,0,0,4730.9,20.35,0,0,1.8,0,1877,0,0,527.8,23.895,0,0,2.76119,-2.2497355,0,4,3744.6,22.373874,-4.416,0
2/7/20 20:04,389.5,389.458333333333,0,0,4730.9,20.35,0,0,1.8,0,1877,0,0,527.8,23.895,0,0,2.75848841976744,-2.25295465116279,0,4,3744.6,22.2763566627907,-4.416,0
2/7/20 20:09,389.583333333333,389.541666666667,0,0,4730.9,20.35,0,0,1.8,0,1877,0,0,527.8,23.895,0,0,2.75646648578811,-2.25972868217054,0,4,3744.6,22.2028488372093,-4.416,0
2/7/20 20:14,389.666666666667,389.625,0,0,4730.9,20.35,0,0,1.8,0,1877,0,0,527.8,23.86855,0,0,2.75446666666667,-2.26,0,4,3744.6,22.2,-4.416,0
2/7/20 20:19,389.75,389.708333333333,0,0,4730.9,20.35,0,0,1.8,0,1877,0,0,527.8,23.80745,0,0,2.75305444444444,-2.26,0,4,3744.6,22.2,-4.416,0
2/7/20 20:24,389.833333333333,389.791666666667,0,0,4730.9,20.35,0,0,1.8,0,1877,0,0,527.8,23.805,0,0,2.75358777777778,-2.25706111111111,0,4,3744.6,22.2308583333333,-4.416,0
2/7/20 20:29,389.916666666667,389.875,0,0,4730.9,20.35,0,0,1.8,0,1877,0,0,527.8,23.805,0,0,2.75318222222222,-2.25615,0,4,3744.6,22.213975,-4.416,0
2/7/20 20:34,390,389.958333333333,0,0,4730.9,20.35,0,0,1.8,0,1877,0,0,527.8,23.7741416666667,0,0,2.74916333333333,-2.26945555555556,0,4,3744.6,22.0131666666667,-4.416,0
2/7/20 20:39,390.083333333333,390.041666666667,0,0,4730.9,20.35,0,0,1.8,0,1877,0,0,527.8,23.7028583333333,0,0,2.74929388888889,-2.26706111111111,0,4,3744.6,22.03145,-4.416,0
2/7/20 20:44,390.166666666667,390.125,0,0,4730.9,20.35,0,0,1.8,0,1877,0,0,527.8,23.7,0,0,2.75026666666667,-2.26321111111111,0,4,3744.6,22.0661,-4.416,0
2/7/20 20:49,390.25,390.208333333333,0,0,4730.9,20.35,0,0,1.8,0,1877,0,0,527.8,23.7,0,0,2.750385,-2.26972777777778,0,4,3744.6,22.00745,-4.416,0
2/7/20 20:54,390.333333333333,390.291666666667,0,0,4730.9,20.35,0,0,1.8,0,1877,0,0,527.8,23.7,0,0,2.74817277777778,-2.27,0,4,3744.6,21.9741416666667,-4.416,0
2/7/20 20:59,390.416666666667,390.375,0,0,4730.9,20.35,0,0,1.8,0,1877,0,0,527.8,23.7,0,0,2.74608166666667,-2.27,0,4,3744.6,21.9028583333333,-4.416,0
2/7/20 21:04,390.5,390.458333333333,0,0,4730.9,20.35,0,0,1.8,0,1877,0,0,527.8,23.7,0,0,2.74541222222222,-2.27,0,4,3744.6,21.9,-4.416,0
2/7/20 21:09,390.583333333333,390.541666666667,0,0,4730.9,20.35,0,0,1.8,0,1877,0,0,527.8,23.7,0,0,2.74523,-2.26706111111111,0,4,3744.6,21.9881666666667,-4.416,0
2/7/20 21:14,390.666666666667,390.625,0,0,4730.9,20.35,0,0,1.8,0,1877,0,0,527.8,23.7,0,0,2.74847888888889,-2.25733333333333,0,4,3744.6,22.213875,-4.416,0
2/7/20 21:19,390.75,390.708333333333,0,0,4730.9,20.35,0,0,1.8,0,1877,0,0,527.8,23.7,0,0,2.74935777777778,-2.25321111111111,0,4,3744.6,22.2509166666667,-4.416,0
2/7/20 21:24,390.833333333333,390.791666666667,0,0,4730.9,20.35,0,0,1.8,0,1877,0,0,527.8,23.7,0,0,2.74864222222222,-2.25678888888889,0,4,3744.6,22.2329,-4.416,0
2/7/20 21:29,390.916666666667,390.875,0,0,4730.9,20.35,0,0,1.8,0,1877,0,0,527.8,23.7,0,0,2.74935777777778,-2.25321111111111,0,4,3744.6,22.2801,-4.416,0
2/7/20 21:34,391,390.958333333333,0,0,4730.9,20.35,0,0,1.8,0,1877,0,0,527.8,23.7,0,0,2.74893611111111,-2.25678888888889,0,4,3744.6,22.2805333333333,-4.416,0
2/7/20 21:39,391.083333333333,391.041666666667,0,0,4730.9,20.35,0,0,1.8,0,1877,0,0,527.8,23.7,0,0,2.75062444444444,-2.25027222222222,0,4,3744.6,22.3640583333333,-4.416,0
2/7/20 21:44,391.166666666667,391.125,0,0,4730.9,20.35,0,0,1.8,0,1877,0,0,527.8,23.7,0,0,2.750615,-2.24706111111111,0,4,3744.6,22.3647583333333,-4.416,0
2/7/20 21:49,391.25,391.208333333333,0,0,4730.9,20.35,0,0,1.8,0,1877,0,0,527.8,23.7,0,0,2.75106388888889,-2.24321111111111,0,4,3744.6,22.4638333333333,-4.416,0
2/7/20 21:54,391.333333333333,391.291666666667,0,0,4730.9,20.35,0,0,1.8,0,1877,0,0,527.8,23.7,0,0,2.74908166666667,-2.24679865263935,0,4,3744.6,22.4286141472868,-4.416,0
2/7/20 21:59,391.416666666667,391.375,0,0,4730.9,20.35,0,0,1.8,0,1877,0,0,527.8,23.7,0,0,2.749,-2.24027912513843,0,4,3744.6,22.5276597693798,-4.416,0
2/7/20 22:04,391.5,391.458333333333,0,0,4730.9,20.35,0,0,1.8,0,1877,0,0,527.8,23.7,0,0,2.74870866111111,-2.23708661111111,0,4,3744.6,22.6282799166667,-4.416,0
2/7/20 22:09,391.583333333333,391.541666666667,0,0,4730.9,20.35,0,0,1.8,0,1877,0,0,527.8,23.7,0,0,2.74773666666667,-2.23319344444444,0,4,3744.6,22.666259,-4.416,0
2/7/20 22:14,391.666666666667,391.625,0,0,4730.9,20.35,0,0,1.8,0,1877,0,0,527.8,23.7,0,0,2.74615398888889,-2.23971994444444,0,4,3744.6,22.6075205,-4.416,0
2/7/20 22:19,391.75,391.708333333333,0,0,4730.9,20.35,0,0,1.8,0,1877,0,0,527.8,23.7,0,0,2.74233598333333,-2.24,0,4,3744.6,22.5744094166667,-4.416,0
2/7/20 22:24,391.833333333333,391.791666666667,0,0,4730.9,20.35,0,0,1.8,0,1877,0,0,527.8,23.7305905833333,0,0,2.73787669444444,-2.24,0,4,3744.6,22.5335311666667,-4.416,0
2/7/20 22:29,391.916666666667,391.875,0,0,4730.9,20.35,0,0,1.8,0,1877,0,0,527.8,23.8020594166667,0,0,2.73586265,-2.24,0,4,3744.6,22.5714688333333,-4.416,0
2/7/20 22:34,392,391.958333333333,0,0,4730.9,20.35,0,0,1.8,0,1877,0,0,527.8,23.805,0,0,2.73282068333333,-2.24,0,4,3744.6,22.5335311666667,-4.416,0
2/7/20 22:39,392.083333333333,392.041666666667,0,0,4730.9,20.35,0,0,1.8,0,1877,0,0,527.8,23.805,0,0,2.73202800555556,-2.23708661111111,0,4,3744.6,22.6588705,-4.416,0
2/7/20 22:44,392.166666666667,392.125,0,0,4730.9,20.35,0,0,1.8,0,1877,0,0,527.8,23.805,0,0,2.73112598333333,-2.23028005555556,0,4,3744.6,22.7639483333333,-4.416,0
2/7/20 22:49,392.25,392.208333333333,0,0,4730.9,20.35,0,0,1.8,0,1877,0,0,528.003937222222,23.805,0,0,2.72733598333333,-2.23291338888889,0,4,3744.6,22.6717200833333,-4.416,0
2/7/20 22:54,392.333333333333,392.291666666667,0,0,4730.9,20.35,0,0,1.8,0,1877,0,0,528.276458888889,23.805,0,0,2.72171133888889,-2.23971994444444,0,4,3744.6,22.5769299166667,-4.416,0
2/7/20 22:59,392.416666666667,392.375,0,0,4730.9,20.35,0,0,1.8,0,1877,0,0,527.819603888889,23.805,0,0,2.71639199444444,-2.24291338888889,0,4,3744.6,22.4461295,-4.416,0
2/7/20 23:04,392.5,392.458333333333,0,0,4730.9,20.35,0,0,1.8,0,1877,0,0,527.8,23.805,0,0,2.71071133888889,-2.25263333333333,0,4,3744.6,22.2798705,-4.416,0
2/7/20 23:09,392.583333333333,392.541666666667,0,0,4730.9,20.35,0,0,1.8,0,1877,0,0,527.8,23.805,0,0,2.70568333333333,-2.25971994444444,0,4,3744.6,22.2029405833333,-4.416,0
2/7/20 23:14,392.666666666667,392.625,0,0,4730.9,20.35,0,0,1.8,0,1877,0,0,527.8,23.805,0,0,2.70126601111111,-2.25708661111111,0,4,3744.6,22.2305905833333,-4.416,0
2/7/20 23:19,392.75,392.708333333333,0,0,4730.9,20.35,0,0,1.8,0,1877,0,0,527.8,23.805,0,0,2.69908401666667,-2.24736666666667,0,4,3744.6,22.3588705,-4.416,0
2/7/20 23:24,392.833333333333,392.791666666667,0,0,4730.9,20.35,0,0,1.8,0,1877,0,0,527.8,23.805,0,0,2.69754330555556,-2.24319344444444,0,4,3744.6,22.4639483333333,-4.416,0
2/7/20 23:29,392.916666666667,392.875,0,0,4730.9,20.35,0,0,1.8,0,1877,0,0,527.8,23.805,0,0,2.69297854383536,-2.24971994444444,0,4,3744.6,22.3979405833333,-4.416,0
2/7/20 23:34,393,392.958333333333,0,0,4730.9,20.35,0,0,1.8,0,1877,0,0,528.00216,23.805,0,0,2.68867081727575,-2.25,0,4,3744.6,22.369008,-4.416,0
2/7/20 23:39,393.083333333333,393.041666666667,0,0,4730.9,20.35,0,0,1.8,0,1877,0,0,528.27768,23.805,0,0,2.6842776,-2.25,0,4,3744.6,22.307592,-4.416,0
2/7/20 23:44,393.166666666667,393.125,0,0,4730.9,20.35,0,0,1.8,0,1877,0,0,527.82016,23.805,0,0,2.6817976,-2.25,0,4,3744.6,22.330992,-4.416,0
2/7/20 23:49,393.25,393.208333333333,0,0,4730.9,20.35,0,0,1.8,0,1877,0,0,527.8,23.805,0,0,2.679296,-2.252888,0,4,3744.6,22.336092,-4.416,0
2/7/20 23:54,393.333333333333,393.291666666667,0,0,4730.9,20.35,0,0,1.8,0,1877,0,0,527.8,23.805,0,0,2.6740176,-2.259712,0,4,3744.6,22.205616,-4.416,0
2/7/20 23:59,393.416666666667,393.375,0,0,4730.9,20.35,0,0,1.8,0,1877,0,0,527.8,23.805,0,0,2.6705376,-2.26,0,4,3744.6,22.2,-4.416,0
2/8/20 0:04,393.5,393.458333333333,0,0,4730.9,20.35,0,0,1.8,0,1877,0,0,527.8,23.805,0,0,2.6687688,-2.26,0,4,3744.6,22.2,-4.416,0
2/8/20 0:09,393.583333333333,393.541666666667,0,0,4730.9,20.35,0,0,1.8,0,1877,0,0,528.00216,23.805,0,0,2.6665848,-2.26,0,4,3744.6,22.169676,-4.416,0
2/8/20 0:14,393.666666666667,393.625,0,0,4730.9,20.35,0,0,1.8,0,1877,0,0,528.27768,23.805,0,0,2.6625664,-2.26,0,4,3744.6,22.098024,-4.416,0
2/8/20 0:19,393.75,393.708333333333,0,0,4730.9,20.35,0,0,1.8,0,1877,0,0,527.82016,23.805,0,0,2.66048,-2.26,0,4,3744.6,22.125324,-4.416,0
2/8/20 0:24,393.833333333333,393.791666666667,0,0,4730.9,20.35,0,0,1.8,0,1877,0,0,527.8,23.805,0,0,2.65848,-2.26,0,4,3744.6,22.196976,-4.416,0
2/8/20 0:29,393.916666666667,393.875,0,0,4730.9,20.35,0,0,1.8,0,1877,0,0,527.8,23.805,0,0,2.6573464,-2.257112,0,4,3744.6,22.256316,-4.416,0
2/8/20 0:34,394,393.958333333333,0,0,4730.9,20.35,0,0,1.8,0,1877,0,0,527.8,23.805,0,0,2.6579712,-2.2474,0,4,3744.6,22.419708,-4.416,0
2/8/20 0:39,394.083333333333,394.041666666667,0,0,4730.9,20.35,0,0,1.8,0,1877,0,0,527.8,23.805,0,0,2.6582888,-2.240288,0,4,3744.6,22.5273,-4.416,0
2/8/20 0:44,394.166666666667,394.125,0,0,4730.9,20.35,0,0,1.8,0,1877,0,0,527.8,23.805,0,0,2.6581048,-2.24,0,4,3744.6,22.571652,-4.416,0
2/8/20 0:49,394.25,394.208333333333,0,0,4730.9,20.35,0,0,1.8,0,1877,0,0,527.8,23.805,0,0,2.6563752,-2.24,0,4,3744.6,22.533348,-4.416,0
2/8/20 0:54,394.333333333333,394.291666666667,0,0,4730.9,20.35,0,0,1.8,0,1877,0,0,527.8,23.805,0,0,2.6569712,-2.24,0,4,3744.6,22.601976,-4.416,0
2/8/20 0:59,394.416666666667,394.375,0,0,4730.9,20.35,0,0,1.8,0,1877,0,0,527.8,23.805,0,0,2.6567112,-2.24,0,4,3744.6,22.605,-4.416,0
2/8/20 1:04,394.5,394.458333333333,0,0,4730.9,20.35,0,0,1.8,0,1877,0,0,527.8,23.805,0,0,2.6563176,-2.237112,0,4,3744.6,22.630992,-4.416,0
2/8/20 1:09,394.583333333333,394.541666666667,0,0,4730.9,20.35,0,0,1.8,0,1877,0,0,527.8,23.805,0,0,2.6578376,-2.2274,0,4,3744.6,22.753056,-4.416,0
2/8/20 1:14,394.666666666667,394.625,0,0,4730.9,20.35,0,0,1.8,0,1877,0,0,527.8,23.805,0,0,2.6584696,-2.223176,0,4,3744.6,22.838304,-4.416,0
2/8/20 1:19,394.75,394.708333333333,0,0,4730.9,20.35,0,0,1.8,0,1877,0,0,527.8,23.805,0,0,2.655144,-2.229712,0,4,3744.6,22.731372,-4.416,0
2/8/20 1:24,394.833333333333,394.791666666667,0,0,4730.9,20.35,0,0,1.8,0,1877,0,0,527.8,23.805,0,0,2.6544224,-2.23,0,4,3744.6,22.766652,-4.416,0
2/8/20 1:29,394.916666666667,394.875,0,0,4730.9,20.35,0,0,1.8,0,1877,0,0,527.8,23.805,0,0,2.6527688,-2.23,0,4,3744.6,22.698024,-4.416,0
2/8/20 1:34,395,394.958333333333,0,0,4730.9,20.35,0,0,1.8,0,1877,0,0,527.8,23.809332,0,0,2.6523176,-2.227112,0,4,3744.6,22.755648,-4.416,0
2/8/20 1:39,395.083333333333,395.041666666667,0,0,4730.9,20.35,0,0,1.8,0,1877,0,0,527.8,23.815236,0,0,2.6523936,-2.220288,0,4,3744.6,22.898952,-4.416,0
2/8/20 1:44,395.166666666667,395.125,0,0,4730.9,20.35,0,0,1.8,0,1877,0,0,527.8,23.831424,0,0,2.6501912,-2.222888,0,4,3744.6,22.874676,-4.416,0
2/8/20 1:49,395.25,395.208333333333,0,0,4730.9,20.35,0,0,1.8,0,1877,0,0,527.8,23.892408,0,0,2.64722,-2.229712,0,4,3744.6,22.7727,-4.416,0
2/8/20 1:54,395.333333333333,395.291666666667,0,0,4730.9,20.35,0,0,1.8,0,1877,0,0,527.8,23.869008,0,0,2.6439312,-2.232888,0,4,3744.6,22.672032,-4.416,0
2/8/20 1:59,395.416666666667,395.375,0,0,4730.9,20.35,0,0,1.8,0,1877,0,0,527.8,23.807592,0,0,2.6411152,-2.236824,0,4,3744.6,22.633584,-4.416,0
2/8/20 2:04,395.5,395.458333333333,0,0,4730.9,20.35,0,0,1.8,0,1877,0,0,527.8,23.805,0,0,2.6389784,-2.233176,0,4,3744.6,22.636092,-4.416,0
2/8/20 2:09,395.583333333333,395.541666666667,0,0,4730.9,20.35,0,0,1.8,0,1877,0,0,527.8,23.805,0,0,2.6327576,-2.2426,0,4,3744.6,22.475292,-4.416,0
2/8/20 2:14,395.666666666667,395.625,0,0,4730.9,20.35,0,0,1.8,0,1877,0,0,527.8,23.805,0,0,2.6282776,-2.249712,0,4,3744.6,22.372032,-4.416,0
2/8/20 2:19,395.75,395.708333333333,0,0,4730.9,20.35,0,0,1.8,0,1877,0,0,527.8,23.805,0,0,2.6246424,-2.252888,0,4,3744.6,22.277268,-4.416,0
2/8/20 2:24,395.833333333333,395.791666666667,0,0,4730.9,20.35,0,0,1.8,0,1877,0,0,527.8,23.817996,0,0,2.6202776,-2.259712,0,4,3744.6,22.203024,-4.416,0
2/8/20 2:29,395.916666666667,395.875,0,0,4730.9,20.35,0,0,1.8,0,1877,0,0,527.8,23.8617,0,0,2.6166424,-2.262888,0,4,3744.6,22.143684,-4.416,0
2/8/20 2:34,396,395.958333333333,0,0,4730.9,20.35,0,0,1.8,0,1877,0,0,527.8,23.867712,0,0,2.6128552,-2.266824,0,4,3744.6,22.036608,-4.416,0
2/8/20 2:39,396.083333333333,396.041666666667,0,0,4730.9,20.35,0,0,1.8,0,1877,0,0,527.8,23.807592,0,0,2.6108736,-2.263176,0,4,3744.6,22.066416,-4.416,0
2/8/20 2:44,396.166666666667,396.125,0,0,4730.9,20.35,0,0,1.8,0,1877,0,0,527.8,23.805,0,0,2.6078264,-2.269712,0,4,3744.6,22.007592,-4.416,0
2/8/20 2:49,396.25,396.208333333333,0,0,4730.9,20.35,0,0,1.8,0,1877,0,0,527.8,23.805,0,0,2.6055848,-2.27,0,4,3744.6,21.974676,-4.416,0
2/8/20 2:54,396.333333333333,396.291666666667,0,0,4730.9,20.35,0,0,1.8,0,1877,0,0,527.8,23.805,0,0,2.6015664,-2.27,0,4,3744.6,21.903024,-4.416,0
2/8/20 2:59,396.416666666667,396.375,0,0,4730.9,20.35,0,0,1.8,0,1877,0,0,527.8,23.805,0,0,2.6000576,-2.27,0,4,3744.6,21.930324,-4.416,0
2/8/20 3:04,396.5,396.458333333333,0,0,4730.9,20.35,0,0,1.8,0,1877,0,0,527.8,23.805,0,0,2.5994224,-2.267112,0,4,3744.6,22.027968,-4.416,0
2/8/20 3:09,396.583333333333,396.541666666667,0,0,4730.9,20.35,0,0,1.8,0,1877,0,0,527.8,23.805,0,0,2.5983464,-2.260288,0,4,3744.6,22.122732,-4.416,0
2/8/20 3:14,396.666666666667,396.625,0,0,4730.9,20.35,0,0,1.8,0,1877,0,0,527.8,23.805,0,0,2.5989712,-2.257112,0,4,3744.6,22.2273,-4.416,0
2/8/20 3:19,396.75,396.708333333333,0,0,4730.9,20.35,0,0,1.8,0,1877,0,0,527.8,23.805,0,0,2.599,-2.2474,0,4,3744.6,22.358292,-4.416,0
2/8/20 3:24,396.833333333333,396.791666666667,0,0,4730.9,20.35,0,0,1.8,0,1877,0,0,527.8,23.805,0,0,2.599,-2.240288,0,4,3744.6,22.494384,-4.416,0
2/8/20 3:29,396.916666666667,396.875,0,0,4730.9,20.35,0,0,1.8,0,1877,0,0,527.8,23.805,0,0,2.5987112,-2.24,0,4,3744.6,22.530324,-4.416,0
2/8/20 3:34,397,396.958333333333,0,0,4730.9,20.35,0,0,1.8,0,1877,0,0,527.8,23.805,0,0,2.5988952,-2.234224,0,4,3744.6,22.688616,-4.416,0
2/8/20 3:39,397.083333333333,397.041666666667,0,0,4730.9,20.35,0,0,1.8,0,1877,0,0,527.8,23.805,0,0,2.6006248,-2.223464,0,4,3744.6,22.866036,-4.416,0
2/8/20 3:44,397.166666666667,397.125,0,0,4730.9,20.35,0,0,1.8,0,1877,0,0,527.8,23.805,0,0,2.59858959734219,-2.23259040531561,0,4,3744.6,22.7468950963455,-4.416,0
2/8/20 3:49,397.25,397.208333333333,0,0,4730.9,20.35,0,0,1.8,0,1877,0,0,527.8,23.805,0,0,2.59543380821336,-2.2368422057955,0,4,3744.6,22.6365184036545,-4.416,0
2/8/20 3:54,397.333333333333,397.291666666667,0,0,4730.9,20.35,0,0,1.8,0,1877,0,0,527.8,23.805,0,0,2.59597039444444,-2.23029605555556,0,4,3744.6,22.7223940833333,-4.416,0
2/8/20 3:59,397.416666666667,397.375,0,0,4730.9,20.35,0,0,1.8,0,1877,0,0,528.000390555556,23.805,0,0,2.59428236666667,-2.23286272222222,0,4,3744.6,22.71100975,-4.416,0
2/8/20 4:04,397.5,397.458333333333,0,0,4730.9,20.35,0,0,1.8,0,1877,0,0,528.278885555556,23.805,0,0,2.58960508888889,-2.23970394444444,0,4,3744.6,22.53894025,-4.416,0
2/8/20 4:09,397.583333333333,397.541666666667,0,0,4730.9,20.35,0,0,1.8,0,1877,0,0,527.820723888889,23.805,0,0,2.58748666666667,-2.24,0,4,3744.6,22.6018914166667,-4.416,0
2/8/20 4:14,397.666666666667,397.625,0,0,4730.9,20.35,0,0,1.8,0,1877,0,0,527.8,23.805,0,0,2.58520039444444,-2.24,0,4,3744.6,22.5749414166667,-4.416,0
2/8/20 4:19,397.75,397.708333333333,0,0,4730.9,20.35,0,0,1.8,0,1877,0,0,527.8,23.805,0,0,2.58251627222222,-2.24,0,4,3744.6,22.5331671666667,-4.416,0
2/8/20 4:24,397.833333333333,397.791666666667,0,0,4730.9,20.35,0,0,1.8,0,1877,0,0,528.000390555556,23.805,0,0,2.57962785,-2.24286272222222,0,4,3744.6,22.54177425,-4.416,0
2/8/20 4:29,397.916666666667,397.875,0,0,4730.9,20.35,0,0,1.8,0,1877,0,0,528.278885555556,23.805,0,0,2.57528921111111,-2.24684122222222,0,4,3744.6,22.4183935,-4.416,0
2/8/20 4:34,398,397.958333333333,0,0,4730.9,20.35,0,0,1.8,0,1877,0,0,527.820723888889,23.805,0,0,2.57251627222222,-2.24029605555556,0,4,3744.6,22.4661059166667,-4.416,0
2/8/20 4:39,398.083333333333,398.041666666667,0,0,4730.9,20.35,0,0,1.8,0,1877,0,0,527.8,23.805,0,0,2.57077293888889,-2.24,0,4,3744.6,22.5287263333333,-4.416,0
2/8/20 4:44,398.166666666667,398.125,0,0,4730.9,20.35,0,0,1.8,0,1877,0,0,527.8,23.805,0,0,2.56945706111111,-2.23713727777778,0,4,3744.6,22.6276559166667,-4.416,0
2/8/20 4:49,398.25,398.208333333333,0,0,4730.9,20.35,0,0,1.8,0,1877,0,0,527.8,23.805,0,0,2.56777293888889,-2.23029605555556,0,4,3744.6,22.7223940833333,-4.416,0
2/8/20 4:54,398.333333333333,398.291666666667,0,0,4730.9,20.35,0,0,1.8,0,1877,0,0,527.8,23.805,0,0,2.56359433888889,-2.23572544444444,0,4,3744.6,22.6551866666667,-4.416,0
2/8/20 4:59,398.416666666667,398.375,0,0,4730.9,20.35,0,0,1.8,0,1877,0,0,527.8,23.805,0,0,2.55421017777778,-2.24940788888889,0,4,3744.6,22.31965475,-4.416,0
2/8/20 5:04,398.5,398.458333333333,0,0,4730.9,20.35,0,0,1.8,0,1877,0,0,527.8,23.805,0,0,2.54997333333333,-2.25,0,4,3744.6,22.3307645,-4.416,0
2/8/20 5:09,398.583333333333,398.541666666667,0,0,4730.9,20.35,0,0,1.8,0,1877,0,0,527.8,23.805,0,0,2.54482824444445,-2.25286272222222,0,4,3744.6,22.3064538333333,-4.416,0
2/8/20 5:14,398.666666666667,398.625,0,0,4730.9,20.35,0,0,1.8,0,1877,0,0,527.8,23.805,0,0,2.53895057222222,-2.25684122222222,0,4,3744.6,22.1639988333333,-4.416,0
2/8/20 5:19,398.75,398.708333333333,0,0,4730.9,20.35,0,0,1.8,0,1877,0,0,527.8,23.805,0,0,2.53717078888889,-2.25029605555556,0,4,3744.6,22.3245473333333,-4.416,0
2/8/20 5:24,398.833333333333,398.791666666667,0,0,4730.9,20.35,0,0,1.8,0,1877,0,0,527.8,23.805,0,0,2.53365745555556,-2.25286272222222,0,4,3744.6,22.3365124166667,-4.416,0
2/8/20 5:29,398.916666666667,398.875,0,0,4730.9,20.35,0,0,1.8,0,1877,0,0,527.8,23.805,0,0,2.52986175555556,-2.25684122222222,0,4,3744.6,22.2615961666667,-4.416,0
2/8/20 5:34,399,398.958333333333,0,0,4730.9,20.35,0,0,1.8,0,1877,0,0,528.000390555556,23.805,0,0,2.52845706111111,-2.24743333333333,0,4,3744.6,22.4192855,-4.416,0
2/8/20 5:39,399.083333333333,399.041666666667,0,0,4730.9,20.35,0,0,1.8,0,1877,0,0,528.278885555556,23.805,0,0,2.52648666666667,-2.24029605555556,0,4,3744.6,22.52695,-4.416,0
2/8/20 5:44,399.166666666667,399.125,0,0,4730.9,20.35,0,0,1.8,0,1877,0,0,528.021114444444,23.805,0,0,2.52334157777778,-2.24286272222222,0,4,3744.6,22.54177425,-4.416,0
2/8/20 5:49,399.25,399.208333333333,0,0,4730.9,20.35,0,0,1.8,0,1877,0,0,528.278885555556,23.805,0,0,2.51717372777778,-2.25256666666667,0,4,3744.6,22.3453940833333,-4.416,0
2/8/20 5:54,399.333333333333,399.291666666667,0,0,4730.9,20.35,0,0,1.8,0,1877,0,0,527.820723888889,23.805,0,0,2.51106215,-2.25970394444444,0,4,3744.6,22.2057730833333,-4.416,0
2/8/20 5:59,399.416666666667,399.375,0,0,4730.9,20.35,0,0,1.8,0,1877,0,0,527.8,23.805,0,0,2.50754587777778,-2.25713727777778,0,4,3744.6,22.2300585833333,-4.416,0
2/8/20 6:04,399.5,399.458333333333,0,0,4730.9,20.35,0,0,1.8,0,1877,0,0,527.999724806202,23.805,0,0,2.50662985341454,-2.24744284403839,0,4,3744.6,22.3575290412514,-4.416,0
2/8/20 6:09,399.583333333333,399.541666666667,0,0,4730.9,20.35,0,0,1.8,0,1877,0,0,528.28014630491,23.805,0,0,2.50652057991879,-2.24314076707272,0,4,3744.6,22.4387550420819,-4.416,0
2/8/20 6:14,399.666666666667,399.625,0,0,4730.9,20.35,0,0,1.8,0,1877,0,0,527.821295555556,23.805,0,0,2.50116582222222,-2.25253333333333,0,4,3744.6,22.281138,-4.416,0
2/8/20 6:19,399.75,399.708333333333,0,0,4730.9,20.35,0,0,1.8,0,1877,0,0,527.8,23.805,0,0,2.49621295555556,-2.25685822222222,0,4,3744.6,22.2329886666667,-4.416,0
2/8/20 6:24,399.833333333333,399.791666666667,0,0,4730.9,20.35,0,0,1.8,0,1877,0,0,527.8,23.830538,0,0,2.49543248888889,-2.25030422222222,0,4,3744.6,22.3018056666667,-4.416,0
2/8/20 6:29,399.916666666667,399.875,0,0,4730.9,20.35,0,0,1.8,0,1877,0,0,527.8,23.892262,0,0,2.49349333333333,-2.25,0,4,3744.6,22.330538,-4.416,0
2/8/20 6:34,400,399.958333333333,0,0,4730.9,20.35,0,0,1.8,0,1877,0,0,527.998628888889,23.895,0,0,2.49177708888889,-2.24716244444444,0,4,3744.6,22.4220563333333,-4.416,0
2/8/20 6:39,400.083333333333,400.041666666667,0,0,4730.9,20.35,0,0,1.8,0,1877,0,0,528.280075555556,23.895,0,0,2.49046291111111,-2.24030422222222,0,4,3744.6,22.5266,-4.416,0
2/8/20 6:44,400.166666666667,400.125,0,0,4730.9,20.35,0,0,1.8,0,1877,0,0,527.821295555556,23.895,0,0,2.48820957777778,-2.24,0,4,3744.6,22.5720113333333,-4.416,0
2/8/20 6:49,400.25,400.208333333333,0,0,4730.9,20.35,0,0,1.8,0,1877,0,0,527.8,23.895,0,0,2.48609126666667,-2.24,0,4,3744.6,22.5329886666667,-4.416,0
2/8/20 6:54,400.333333333333,400.291666666667,0,0,4730.9,20.35,0,0,1.8,0,1877,0,0,527.8,23.895,0,0,2.48628375555556,-2.23716244444444,0,4,3744.6,22.6486253333333,-4.416,0
2/8/20 6:59,400.416666666667,400.375,0,0,4730.9,20.35,0,0,1.8,0,1877,0,0,527.8,23.895,0,0,2.48498328888889,-2.23314177777778,0,4,3744.6,22.7181606666667,-4.416,0
2/8/20 7:04,400.5,400.458333333333,0,0,4730.9,20.35,0,0,1.8,0,1877,0,0,527.8,23.895,0,0,2.4799292,-2.23969577777778,0,4,3744.6,22.6100196666667,-4.416,0
2/8/20 7:09,400.583333333333,400.541666666667,0,0,4730.9,20.35,0,0,1.8,0,1877,0,0,527.998628888889,23.895,0,0,2.47846291111111,-2.24,0,4,3744.6,22.605,-4.416,0
2/8/20 7:14,400.666666666667,400.625,0,0,4730.9,20.35,0,0,1.8,0,1877,0,0,528.280075555556,23.895,0,0,2.47649333333333,-2.23716244444444,0,4,3744.6,22.617769,-4.416,0
2/8/20 7:19,400.75,400.708333333333,0,0,4730.9,20.35,0,0,1.8,0,1877,0,0,527.821295555556,23.895,0,0,2.4753446,-2.23030422222222,0,4,3744.6,22.6911943333333,-4.416,0
2/8/20 7:24,400.833333333333,400.791666666667,0,0,4730.9,20.35,0,0,1.8,0,1877,0,0,527.8,23.895,0,0,2.47511831111111,-2.23,0,4,3744.6,22.7954366666667,-4.416,0
2/8/20 7:29,400.916666666667,400.875,0,0,4730.9,20.35,0,0,1.8,0,1877,0,0,527.998628888889,23.895,0,0,2.47195624444444,-2.23,0,4,3744.6,22.7702056666667,-4.416,0
2/8/20 7:34,401,400.958333333333,0,0,4730.9,20.35,0,0,1.8,0,1877,0,0,528.280075555556,23.895,0,0,2.46770291111111,-2.23283755555556,0,4,3744.6,22.6726563333333,-4.416,0
2/8/20 7:39,401.083333333333,401.041666666667,0,0,4730.9,20.35,0,0,1.8,0,1877,0,0,527.821295555556,23.895,0,0,2.46386835555556,-2.23969577777778,0,4,3744.6,22.607738,-4.416,0
2/8/20 7:44,401.166666666667,401.125,0,0,4730.9,20.35,0,0,1.8,0,1877,0,0,527.8,23.895,0,0,2.46303042222222,-2.23716244444444,0,4,3744.6,22.6603323333333,-4.416,0
2/8/20 7:49,401.25,401.208333333333,0,0,4730.9,20.35,0,0,1.8,0,1877,0,0,527.8,23.9247943333333,0,0,2.46186497777778,-2.23030422222222,0,4,3744.6,22.7642733333333,-4.416,0
2/8/20 7:54,401.333333333333,401.291666666667,0,0,4730.9,20.35,0,0,1.8,0,1877,0,0,527.8,23.9968056666667,0,0,2.45883793333333,-2.22716244444444,0,4,3744.6,22.757783,-4.416,0
2/8/20 7:59,401.416666666667,401.375,0,0,4730.9,20.35,0,0,1.8,0,1877,0,0,527.998628888889,24,0,0,2.45746291111111,-2.22030422222222,0,4,3744.6,22.8986113333333,-4.416,0
2/8/20 8:04,401.5,401.458333333333,0,0,4730.9,20.35,0,0,1.8,0,1877,0,0,528.280075555556,24,0,0,2.45520957777778,-2.22283755555556,0,4,3744.6,22.8752056666667,-4.416,0
2/8/20 8:09,401.583333333333,401.541666666667,0,0,4730.9,20.35,0,0,1.8,0,1877,0,0,527.821295555556,24,0,0,2.45224,-2.22969577777778,0,4,3744.6,22.8031943333333,-4.416,0
2/8/20 8:14,401.666666666667,401.625,0,0,4730.9,20.35,0,0,1.8,0,1877,0,0,527.8,24,0,0,2.44952375555556,-2.23,0,4,3744.6,22.8,-4.416,0
2/8/20 8:19,401.75,401.708333333333,0,0,4730.9,20.35,0,0,1.8,0,1877,0,0,527.8,24,0,0,2.44692582222222,-2.23,0,4,3744.6,22.8,-4.416,0
2/8/20 8:24,401.833333333333,401.791666666667,0,0,4730.9,20.35,0,0,1.8,0,1877,0,0,527.998628888889,24,0,0,2.44355417777778,-2.23,0,4,3744.6,22.8,-4.416,0
2/8/20 8:29,401.916666666667,401.875,0,0,4730.9,20.35,0,0,1.8,0,1877,0,0,528.280075555556,24,0,0,2.44206084444444,-2.22432488888889,0,4,3744.6,22.8553323333333,-4.416,0
2/8/20 8:34,402,401.958333333333,0,0,4730.9,20.35,0,0,1.8,0,1877,0,0,528.019924444444,24,0,0,2.44143248888889,-2.21060844444444,0,4,3744.6,22.9890676666667,-4.416,0
2/8/20 8:39,402.083333333333,402.041666666667,0,0,4730.9,20.35,0,0,1.8,0,1877,0,0,528.478704444444,24,0,0,2.4377908,-2.21567511111111,0,4,3744.6,22.9098733333333,-4.416,0
2/8/20 8:44,402.166666666667,402.125,0,0,4730.9,20.35,0,0,1.8,0,1877,0,0,528.301371111111,24,0,0,2.43224337777778,-2.22939155555556,0,4,3744.6,22.733921,-4.416,0
2/8/20 8:49,402.25,402.208333333333,0,0,4730.9,20.35,0,0,1.8,0,1877,0,0,527.821295555556,24,0,0,2.43058122222222,-2.23,0,4,3744.6,22.7670113333333,-4.416,0
2/8/20 8:54,402.333333333333,402.291666666667,0,0,4730.9,20.35,0,0,1.8,0,1877,0,0,527.8,24,0,0,2.4265846,-2.23,0,4,3744.6,22.6981943333333,-4.416,0
2/8/20 8:59,402.416666666667,402.375,0,0,4730.9,20.35,0,0,1.8,0,1877,0,0,527.8,24,0,0,2.42704713333333,-2.22148733333333,0,4,3744.6,22.8652533333333,-4.416,0
2/8/20 9:04,402.5,402.458333333333,0,0,4730.9,20.35,0,0,1.8,0,1877,0,0,527.8,24,0,0,2.43150328888889,-2.20091266666667,0,4,3744.6,23.2512086666667,-4.416,0
2/8/20 9:09,402.583333333333,402.541666666667,0,0,4730.9,20.35,0,0,1.8,0,1877,0,0,527.8,24,0,0,2.42961164444444,-2.20283755555556,0,4,3744.6,23.1481493333333,-4.416,0
2/8/20 9:14,402.666666666667,402.625,0,0,4730.9,20.35,0,0,1.8,0,1877,0,0,527.8,24,0,0,2.42700337777778,-2.20685822222222,0,4,3744.6,23.0865153333333,-4.416,0
2/8/20 9:19,402.75,402.708333333333,0,0,4730.9,20.35,0,0,1.8,0,1877,0,0,527.8,24,0,0,2.42862497777778,-2.19746666666667,0,4,3744.6,23.3156676666667,-4.416,0
2/8/20 9:24,402.833333333333,402.791666666667,0,0,4730.9,20.35,0,0,1.8,0,1877,0,0,527.8,24,0,0,2.42717915555556,-2.19314177777778,0,4,3744.6,23.3670113333333,-4.416,0
2/8/20 9:29,402.916666666667,402.875,0,0,4730.9,20.35,0,0,1.8,0,1877,0,0,527.8,24,0,0,2.42338873333333,-2.20253333333333,0,4,3744.6,23.2130676666667,-4.416,0
2/8/20 9:34,403,402.958333333333,0,0,4730.9,20.35,0,0,1.8,0,1877,0,0,527.8,24.0297943333333,0,0,2.41662873333333,-2.21537088888889,0,4,3744.6,22.9487943333333,-4.416,0
2/8/20 9:39,403.083333333333,403.041666666667,0,0,4730.9,20.35,0,0,1.8,0,1877,0,0,527.8,24.1018056666667,0,0,2.40857126666667,-2.23222911111111,0,4,3744.6,22.7506,-4.41781603555556,0
2/8/20 9:44,403.166666666667,403.125,0,0,4730.9,20.35,0,0,1.8,0,1877,0,0,527.8,24.105,0,0,2.40219624444444,-2.24253333333333,0,4,3744.6,22.5513436666667,-4.42038926222222,0
2/8/20 9:49,403.25,403.208333333333,0,0,4730.9,20.35,0,0,1.8,0,1877,0,0,527.8,24.105,0,0,2.39664544444445,-2.24969577777778,0,4,3744.6,22.4013886666667,-4.41801073777778,0
2/8/20 9:54,403.333333333333,403.291666666667,0,0,4730.9,20.35,0,0,1.8,0,1877,0,0,527.8,24.105,0,0,2.39364206666667,-2.25,0,4,3744.6,22.369462,-4.42220529777778,0
2/8/20 9:59,403.416666666667,403.375,0,0,4730.9,20.35,0,0,1.8,0,1877,0,0,527.8,24.105,0,0,2.38901708888889,-2.25,0,4,3744.6,22.307738,-4.4224,0
2/8/20 10:04,403.5,403.458333333333,0,0,4730.9,20.35,0,0,1.8,0,1877,0,0,527.8,24.105,0,0,2.38527042222222,-2.25,0,4,3744.6,22.305,-4.4224,0
2/8/20 10:09,403.583333333333,403.541666666667,0,0,4730.9,20.35,0,0,1.8,0,1877,0,0,527.8,24.105,0,0,2.38195624444444,-2.25283755555556,0,4,3744.6,22.2752056666667,-4.4224,0
2/8/20 10:14,403.666666666667,403.625,0,0,4730.9,20.35,0,0,1.8,0,1877,0,0,527.8,24.105,0,0,2.37855417777778,-2.25969577777778,0,4,3744.6,22.2031943333333,-4.4224,0
2/8/20 10:19,403.75,403.708333333333,0,0,4730.9,20.35,0,0,1.8,0,1877,0,0,527.8,24.105,0,0,2.37620957777778,-2.26,0,4,3744.6,22.2,-4.4224,0
2/8/20 10:24,403.833333333333,403.791666666667,0,0,4730.9,20.35,0,0,1.8,0,1877,0,0,527.8,24.105,0,0,2.37324,-2.26,0,4,3744.6,22.2,-4.4224,0
2/8/20 10:29,403.916666666667,403.875,0,0,4730.9,20.35,0,0,1.8,0,1877,0,0,527.8,24.105,0,0,2.37052375555556,-2.26,0,4,3744.6,22.2,-4.4224,0
2/8/20 10:34,404,403.958333333333,0,0,4730.9,20.35,0,0,1.8,0,1877,0,0,527.8,24.0879746666667,0,0,2.36792582222222,-2.26,0,4,3744.6,22.1702056666667,-4.4224,0
2/8/20 10:39,404.083333333333,404.041666666667,0,0,4730.9,20.35,0,0,1.8,0,1877,0,0,527.8,24.0340987552602,0,0,2.36512168888889,-2.26,0,4,3744.6,22.1278896821705,-4.4224,0
2/8/20 10:44,404.166666666667,404.125,0,0,4730.9,20.35,0,0,1.8,0,1877,0,0,527.8,24.0014015780731,0,0,2.3644375,-2.26,0,4,3744.6,22.1967296511628,-4.4224,0
2/8/20 10:49,404.25,404.208333333333,0,0,4730.9,20.35,0,0,1.8,0,1877,0,0,527.8,24,0,0,2.36278125,-2.26,0,4,3744.6,22.2,-4.4224,0
2/8/20 10:54,404.333333333333,404.291666666667,0,0,4730.9,20.35,0,0,1.8,0,1877,0,0,527.996875,24,0,0,2.36146875,-2.26,0,4,3744.6,22.2,-4.4224,0
2/8/20 10:59,404.416666666667,404.375,0,0,4730.9,20.35,0,0,1.8,0,1877,0,0,528.28125,24,0,0,2.3595,-2.26,0,4,3744.6,22.2,-4.4224,0
2/8/20 11:04,404.5,404.458333333333,0,0,4730.9,20.35,0,0,1.8,0,1877,0,0,527.821875,24,0,0,2.35721875,-2.26,0,4,3744.6,22.17046875,-4.4224,0
2/8/20 11:09,404.583333333333,404.541666666667,0,0,4730.9,20.35,0,0,1.8,0,1877,0,0,527.996875,24,0,0,2.35396875,-2.2628125,0,4,3744.6,22.07296875,-4.4224,0
2/8/20 11:14,404.666666666667,404.625,0,0,4730.9,20.35,0,0,1.8,0,1877,0,0,528.478125,24,0,0,2.3505625,-2.2696875,0,4,3744.6,22.0078125,-4.4224,0
2/8/20 11:19,404.75,404.708333333333,0,0,4730.9,20.35,0,0,1.8,0,1877,0,0,528.5,24,0,0,2.34878125,-2.27,0,4,3744.6,22.005,-4.4224,0
2/8/20 11:24,404.833333333333,404.791666666667,0,0,4730.9,20.35,0,0,1.8,0,1877,0,0,528.5,24,0,0,2.34775,-2.2671875,0,4,3744.6,22.0303125,-4.4224,0
2/8/20 11:29,404.916666666667,404.875,0,0,4730.9,20.35,0,0,1.8,0,1877,0,0,528.303125,24,0,0,2.34703125,-2.2603125,0,4,3744.6,22.0921875,-4.4224,0
2/8/20 11:34,405,404.958333333333,0,0,4730.9,20.35,0,0,1.8,0,1877,0,0,528.01875,24,0,0,2.34671875,-2.26,0,4,3744.6,22.095,-4.4224,0
2/8/20 11:39,405.083333333333,405.041666666667,0,0,4730.9,20.35,0,0,1.8,0,1877,0,0,528.28125,24,0,0,2.34490625,-2.2628125,0,4,3744.6,22.0696875,-4.4224,0
2/8/20 11:44,405.166666666667,405.125,0,0,4730.9,20.35,0,0,1.8,0,1877,0,0,527.821875,24,0,0,2.34184375,-2.2696875,0,4,3744.6,22.0078125,-4.4224,0
2/8/20 11:49,405.25,405.208333333333,0,0,4730.9,20.35,0,0,1.8,0,1877,0,0,527.8,24,0,0,2.33990625,-2.27,0,4,3744.6,21.97546875,-4.4224,0
2/8/20 11:54,405.333333333333,405.291666666667,0,0,4730.9,20.35,0,0,1.8,0,1877,0,0,527.8,24,0,0,2.3376875,-2.27,0,4,3744.6,21.9328125,-4.4224,0
2/8/20 11:59,405.416666666667,405.375,0,0,4730.9,20.35,0,0,1.8,0,1877,0,0,527.8,24,0,0,2.33921875,-2.2671875,0,4,3744.6,22.0565625,-4.4224,0
2/8/20 12:04,405.5,405.458333333333,0,0,4730.9,20.35,0,0,1.8,0,1877,0,0,527.8,24,0,0,2.339125,-2.2603125,0,4,3744.6,22.164375,-4.4224,0
2/8/20 12:09,405.583333333333,405.541666666667,0,0,4730.9,20.35,0,0,1.8,0,1877,0,0,527.8,23.97046875,0,0,2.33596875,-2.2628125,0,4,3744.6,22.07296875,-4.4224,0
2/8/20 12:14,405.666666666667,405.625,0,0,4730.9,20.35,0,0,1.8,0,1877,0,0,527.8,23.89828125,0,0,2.3325625,-2.266875,0,4,3744.6,22.033125,-4.4224,0
2/8/20 12:19,405.75,405.708333333333,0,0,4730.9,20.35,0,0,1.8,0,1877,0,0,527.8,23.895,0,0,2.33078125,-2.2603125,0,4,3744.6,22.0921875,-4.4224,0
2/8/20 12:24,405.833333333333,405.791666666667,0,0,4730.9,20.35,0,0,1.8,0,1877,0,0,527.8,23.895,0,0,2.328625,-2.2628125,0,4,3744.6,22.0696875,-4.4224,0
2/8/20 12:29,405.916666666667,405.875,0,0,4730.9,20.35,0,0,1.8,0,1877,0,0,527.8,23.895,0,0,2.32459375,-2.2696875,0,4,3744.6,22.0078125,-4.4224,0
2/8/20 12:34,406,405.958333333333,0,0,4730.9,20.35,0,0,1.8,0,1877,0,0,527.8,23.895,0,0,2.32165625,-2.27,0,4,3744.6,22.005,-4.4224,0
2/8/20 12:39,406.083333333333,406.041666666667,0,0,4730.9,20.35,0,0,1.8,0,1877,0,0,527.8,23.895,0,0,2.3173125,-2.27,0,4,3744.6,22.005,-4.4224,0
2/8/20 12:44,406.166666666667,406.125,0,0,4730.9,20.35,0,0,1.8,0,1877,0,0,527.8,23.895,0,0,2.31425,-2.2671875,0,4,3744.6,22.0303125,-4.4224,0
2/8/20 12:49,406.25,406.208333333333,0,0,4730.9,20.35,0,0,1.8,0,1877,0,0,527.8,23.895,0,0,2.31321875,-2.2546875,0,4,3744.6,22.20609375,-4.4224,0
2/8/20 12:54,406.333333333333,406.291666666667,0,0,4730.9,20.35,0,0,1.8,0,1877,0,0,527.8,23.895,0,0,2.3153125,-2.240625,0,4,3744.6,22.516875,-4.4224,0
2/8/20 12:59,406.416666666667,406.375,0,0,4730.9,20.35,0,0,1.8,0,1877,0,0,527.8,23.895,0,0,2.31546875,-2.2315625,0,4,3744.6,22.7409375,-4.4224,0
2/8/20 13:04,406.5,406.458333333333,0,0,4730.9,20.35,0,0,1.8,0,1877,0,0,527.8,23.895,0,0,2.316875,-2.21375,0,4,3744.6,23.0296875,-4.4224,0
2/8/20 13:09,406.583333333333,406.541666666667,0,0,4730.9,20.35,0,0,1.8,0,1877,0,0,527.8,23.895,0,0,2.31109375,-2.2196875,0,4,3744.6,22.91109375,-4.4224,0
2/8/20 13:14,406.666666666667,406.625,0,0,4730.9,20.35,0,0,1.8,0,1877,0,0,527.8,23.895,0,0,2.30615625,-2.2228125,0,4,3744.6,22.87546875,-4.4224,0
2/8/20 13:19,406.75,406.708333333333,0,0,4730.9,20.35,0,0,1.8,0,1877,0,0,527.8,23.895,0,0,2.300375,-2.2296875,0,4,3744.6,22.80328125,-4.4224,0
2/8/20 13:24,406.833333333333,406.791666666667,0,0,4730.9,20.35,0,0,1.8,0,1877,0,0,527.8,23.895,0,0,2.29696875,-2.2271875,0,4,3744.6,22.82953125,-4.4224,0
2/8/20 13:29,406.916666666667,406.875,0,0,4730.9,20.35,0,0,1.8,0,1877,0,0,527.996875,23.895,0,0,2.29271875,-2.223125,0,4,3744.6,22.8721875,-4.4224,0
2/8/20 13:34,407,406.958333333333,0,0,4730.9,20.35,0,0,1.8,0,1877,0,0,528.28125,23.895,0,0,2.28746875,-2.2296875,0,4,3744.6,22.80328125,-4.4224,0
2/8/20 13:39,407.083333333333,407.041666666667,0,0,4730.9,20.35,0,0,1.8,0,1877,0,0,527.821875,23.895,0,0,2.2809375,-2.2328125,0,4,3744.6,22.74515625,-4.4224,0
2/8/20 13:44,407.166666666667,407.125,0,0,4730.9,20.35,0,0,1.8,0,1877,0,0,527.8,23.895,0,0,2.27271875,-2.2396875,0,4,3744.6,22.5815625,-4.4224,0
2/8/20 13:49,407.25,407.208333333333,0,0,4730.9,20.35,0,0,1.8,0,1877,0,0,527.8,23.895,0,0,2.2643125,-2.2428125,0,4,3744.6,22.47375,-4.4224,0
2/8/20 13:54,407.333333333333,407.291666666667,0,0,4730.9,20.35,0,0,1.8,0,1877,0,0,527.8,23.895,0,0,2.25640625,-2.2525,0,4,3744.6,22.3434375,-4.4224,0
2/8/20 13:59,407.416666666667,407.375,0,0,4730.9,20.35,0,0,1.8,0,1877,0,0,527.8,23.895,0,0,2.247625,-2.2596875,0,4,3744.6,22.20609375,-4.4224,0
2/8/20 14:04,407.5,407.458333333333,0,0,4730.9,20.35,0,0,1.8,0,1877,0,0,527.8,23.895,0,0,2.24121875,-2.26,0,4,3744.6,22.2,-4.4224,0
2/8/20 14:09,407.583333333333,407.541666666667,0,0,4730.9,20.35,0,0,1.8,0,1877,0,0,527.8,23.895,0,0,2.235375,-2.26,0,4,3744.6,22.2,-4.4224,0
2/8/20 14:14,407.666666666667,407.625,0,0,4730.9,20.35,0,0,1.8,0,1877,0,0,527.8,23.895,0,0,2.231125,-2.26,0,4,3744.6,22.17046875,-4.4224,0
2/8/20 14:19,407.75,407.708333333333,0,0,4730.9,20.35,0,0,1.8,0,1877,0,0,527.8,23.895,0,0,2.22565625,-2.26,0,4,3744.6,22.1278125,-4.4224,0
2/8/20 14:24,407.833333333333,407.791666666667,0,0,4730.9,20.35,0,0,1.8,0,1877,0,0,527.8,23.895,0,0,2.22265625,-2.26,0,4,3744.6,22.1671875,-4.4224,0
2/8/20 14:29,407.916666666667,407.875,0,0,4730.9,20.35,0,0,1.8,0,1877,0,0,527.8,23.895,0,0,2.2171875,-2.2628125,0,4,3744.6,22.07296875,-4.4224,0
2/8/20 14:34,408,407.958333333333,0,0,4730.9,20.35,0,0,1.8,0,1877,0,0,527.8,23.895,0,0,2.21165625,-2.2696875,0,4,3744.6,22.0078125,-4.4224,0
2/8/20 14:39,408.083333333333,408.041666666667,0,0,4730.9,20.35,0,0,1.8,0,1877,0,0,527.8,23.895,0,0,2.2095,-2.2671875,0,4,3744.6,22.0303125,-4.4224,0
2/8/20 14:44,408.166666666667,408.125,0,0,4730.9,20.35,0,0,1.8,0,1877,0,0,527.8,23.8696875,0,0,2.2080625,-2.2603125,0,4,3744.6,22.12171875,-4.4224,0
2/8/20 14:49,408.25,408.208333333333,0,0,4730.9,20.35,0,0,1.8,0,1877,0,0,527.8,23.8078125,0,0,2.20603125,-2.2628125,0,4,3744.6,22.141875,-4.4224,0
2/8/20 14:54,408.333333333333,408.291666666667,0,0,4730.9,20.35,0,0,1.8,0,1877,0,0,527.8,23.805,0,0,2.19925,-2.2696875,0,4,3744.6,21.9815625,-4.4224,0
2/8/20 14:59,408.416666666667,408.375,0,0,4730.9,20.35,0,0,1.8,0,1877,0,0,527.8,23.805,0,0,2.1945,-2.2671875,0,4,3744.6,21.958125,-4.4224,0
2/8/20 15:04,408.5,408.458333333333,0,0,4730.9,20.35,0,0,1.8,0,1877,0,0,527.8,23.805,0,0,2.194125,-2.2603125,0,4,3744.6,22.08890625,-4.4224,0
2/8/20 15:09,408.583333333333,408.541666666667,0,0,4730.9,20.35,0,0,1.8,0,1877,0,0,527.8,23.805,0,0,2.19153125,-2.26,0,4,3744.6,22.095,-4.4224,0
2/8/20 15:14,408.666666666667,408.625,0,0,4730.9,20.35,0,0,1.8,0,1877,0,0,527.8,23.805,0,0,2.1900625,-2.26,0,4,3744.6,22.12453125,-4.4224,0
2/8/20 15:19,408.75,408.708333333333,0,0,4730.9,20.35,0,0,1.8,0,1877,0,0,527.996875,23.805,0,0,2.1894375,-2.2571875,0,4,3744.6,22.22625,-4.4224,0
2/8/20 15:24,408.833333333333,408.791666666667,0,0,4730.9,20.35,0,0,1.8,0,1877,0,0,528.28125,23.805,0,0,2.1875,-2.2503125,0,4,3744.6,22.30171875,-4.4224,0
2/8/20 15:29,408.916666666667,408.875,0,0,4730.9,20.35,0,0,1.8,0,1877,0,0,527.821875,23.805,0,0,2.1860625,-2.25,0,4,3744.6,22.305,-4.4224,0
2/8/20 15:34,409,408.958333333333,0,0,4730.9,20.35,0,0,1.8,0,1877,0,0,527.8,23.805,0,0,2.18684375,-2.2471875,0,4,3744.6,22.35984375,-4.4224,0
2/8/20 15:39,409.083333333333,409.041666666667,0,0,4730.9,20.35,0,0,1.8,0,1877,0,0,527.8,23.805,0,0,2.18890625,-2.2403125,0,4,3744.6,22.49390625,-4.4224,0
2/8/20 15:44,409.166666666667,409.125,0,0,4730.9,20.35,0,0,1.8,0,1877,0,0,527.8,23.805,0,0,2.189,-2.24,0,4,3744.6,22.5,-4.4224,0
2/8/20 15:49,409.25,409.208333333333,0,0,4730.9,20.35,0,0,1.8,0,1877,0,0,527.8,23.805,0,0,2.189,-2.24,0,4,3744.6,22.5,-4.4224,0
2/8/20 15:54,409.333333333333,409.291666666667,0,0,4730.9,20.35,0,0,1.8,0,1877,0,0,527.8,23.805,0,0,2.18871875,-2.2428125,0,4,3744.6,22.47046875,-4.4224,0
2/8/20 15:59,409.416666666667,409.375,0,0,4730.9,20.35,0,0,1.8,0,1877,0,0,527.8,23.805,0,0,2.1894375,-2.246875,0,4,3744.6,22.45734375,-4.4224,0
2/8/20 16:04,409.5,409.458333333333,0,0,4730.9,20.35,0,0,1.8,0,1877,0,0,527.996875,23.805,0,0,2.1914375,-2.243125,0,4,3744.6,22.5140625,-4.4224,0
2/8/20 16:09,409.583333333333,409.541666666667,0,0,4730.9,20.35,0,0,1.8,0,1877,0,0,528.478125,23.805,0,0,2.18759375,-2.2525,0,4,3744.6,22.28484375,-4.4224,0
2/8/20 16:14,409.666666666667,409.625,0,0,4730.9,20.35,0,0,1.8,0,1877,0,0,528.5,23.805,0,0,2.1855,-2.2596875,0,4,3744.6,22.20328125,-4.4224,0
2/8/20 16:19,409.75,409.708333333333,0,0,4730.9,20.35,0,0,1.8,0,1877,0,0,528.303125,23.805,0,0,2.184625,-2.2571875,0,4,3744.6,22.22953125,-4.4224,0
2/8/20 16:24,409.833333333333,409.791666666667,0,0,4730.9,20.35,0,0,1.8,0,1877,0,0,527.821875,23.805,0,0,2.1865,-2.2503125,0,4,3744.6,22.32703125,-4.4224,0
2/8/20 16:29,409.916666666667,409.875,0,0,4730.9,20.35,0,0,1.8,0,1877,0,0,527.8,23.805,0,0,2.1879375,-2.25,0,4,3744.6,22.366875,-4.4224,0
2/8/20 16:34,410,409.958333333333,0,0,4730.9,20.35,0,0,1.8,0,1877,0,0,527.8,23.805,0,0,2.1874375,-2.2528125,0,4,3744.6,22.27828125,-4.4224,0
2/8/20 16:39,410.083333333333,410.041666666667,0,0,4730.9,20.35,0,0,1.8,0,1877,0,0,527.8,23.805,0,0,2.186625,-2.256875,0,4,3744.6,22.2328125,-4.4224,0
2/8/20 16:44,410.166666666667,410.125,0,0,4730.9,20.35,0,0,1.8,0,1877,0,0,527.8,23.805,0,0,2.18653125,-2.253125,0,4,3744.6,22.24265625,-4.4224,0
2/8/20 16:49,410.25,410.208333333333,0,0,4730.9,20.35,0,0,1.8,0,1877,0,0,527.8,23.805,0,0,2.1834375,-2.2596875,0,4,3744.6,22.13109375,-4.4224,0
2/8/20 16:54,410.333333333333,410.291666666667,0,0,4730.9,20.35,0,0,1.8,0,1877,0,0,527.8,23.77546875,0,0,2.1836875,-2.26,0,4,3744.6,22.19671875,-4.4224,0
2/8/20 16:59,410.416666666667,410.375,0,0,4730.9,20.35,0,0,1.8,0,1877,0,0,527.8,23.70328125,0,0,2.1833125,-2.26,0,4,3744.6,22.2,-4.4224,0
2/8/20 17:04,410.5,410.458333333333,0,0,4730.9,20.35,0,0,1.8,0,1877,0,0,527.8,23.7,0,0,2.18396875,-2.26,0,4,3744.6,22.2,-4.4224,0
2/8/20 17:09,410.583333333333,410.541666666667,0,0,4730.9,20.35,0,0,1.8,0,1877,0,0,527.996875,23.7,0,0,2.18371875,-2.26,0,4,3744.6,22.17046875,-4.4224,0
2/8/20 17:14,410.666666666667,410.625,0,0,4730.9,20.35,0,0,1.8,0,1877,0,0,528.28125,23.7,0,0,2.18246875,-2.2628125,0,4,3744.6,22.07296875,-4.4224,0
2/8/20 17:19,410.75,410.708333333333,0,0,4730.9,20.35,0,0,1.8,0,1877,0,0,527.821875,23.67046875,0,0,2.18190625,-2.266875,0,4,3744.6,22.06265625,-4.4224,0
2/8/20 17:24,410.833333333333,410.791666666667,0,0,4730.9,20.35,0,0,1.8,0,1877,0,0,527.8,23.59828125,0,0,2.1830625,-2.263125,0,4,3744.6,22.10953125,-4.4224,0
2/8/20 17:29,410.916666666667,410.875,0,0,4730.9,20.35,0,0,1.8,0,1877,0,0,527.8,23.595,0,0,2.18109375,-2.2696875,0,4,3744.6,21.909375,-4.4224,0
2/8/20 17:34,411,410.958333333333,0,0,4730.9,20.35,0,0,1.8,0,1877,0,0,527.8,23.595,0,0,2.18071875,-2.27,0,4,3744.6,21.9,-4.4224,0
2/8/20 17:39,411.083333333333,411.041666666667,0,0,4730.9,20.35,0,0,1.8,0,1877,0,0,527.8,23.595,0,0,2.17890625,-2.2728125,0,4,3744.6,21.87046875,-4.4224,0
2/8/20 17:44,411.166666666667,411.125,0,0,4730.9,20.35,0,0,1.8,0,1877,0,0,527.8,23.595,0,0,2.1766875,-2.276875,0,4,3744.6,21.8278125,-4.4224,0
2/8/20 17:49,411.25,411.208333333333,0,0,4730.9,20.35,0,0,1.8,0,1877,0,0,527.8,23.595,0,0,2.17821875,-2.2675,0,4,3744.6,21.9515625,-4.4224,0
2/8/20 17:54,411.333333333333,411.291666666667,0,0,4730.9,20.35,0,0,1.8,0,1877,0,0,527.8,23.595,0,0,2.17896875,-2.2603125,0,4,3744.6,22.08890625,-4.4224,0
2/8/20 17:59,411.416666666667,411.375,0,0,4730.9,20.35,0,0,1.8,0,1877,0,0,527.8,23.595,0,0,2.1795625,-2.26,0,4,3744.6,22.12453125,-4.4224,0
2/8/20 18:04,411.5,411.458333333333,0,0,4730.9,20.35,0,0,1.8,0,1877,0,0,527.8,23.595,0,0,2.1809375,-2.26,0,4,3744.6,22.19671875,-4.4224,0
2/8/20 18:09,411.583333333333,411.541666666667,0,0,4730.9,20.35,0,0,1.8,0,1877,0,0,527.996875,23.595,0,0,2.17959375,-2.2628125,0,4,3744.6,22.14515625,-4.4224,0
2/8/20 18:14,411.666666666667,411.625,0,0,4730.9,20.35,0,0,1.8,0,1877,0,0,528.28125,23.595,0,0,2.17615625,-2.2696875,0,4,3744.6,22.01109375,-4.4224,0
2/8/20 18:19,411.75,411.708333333333,0,0,4730.9,20.35,0,0,1.8,0,1877,0,0,527.821875,23.595,0,0,2.176,-2.27,0,4,3744.6,22.005,-4.4224,0
2/8/20 18:24,411.833333333333,411.791666666667,0,0,4730.9,20.35,0,0,1.8,0,1877,0,0,527.8,23.595,0,0,2.17740625,-2.264375,0,4,3744.6,22.089375,-4.4224,0
2/8/20 18:29,411.916666666667,411.875,0,0,4730.9,20.35,0,0,1.8,0,1877,0,0,527.8,23.595,0,0,2.18084375,-2.2534375,0,4,3744.6,22.26609375,-4.4224,0
2/8/20 18:34,412,411.958333333333,0,0,4730.9,20.35,0,0,1.8,0,1877,0,0,527.8,23.595,0,0,2.18240625,-2.256875,0,4,3744.6,22.258125,-4.4224,0
2/8/20 18:39,412.083333333333,412.041666666667,0,0,4730.9,20.35,0,0,1.8,0,1877,0,0,527.8,23.595,0,0,2.18640625,-2.2503125,0,4,3744.6,22.38890625,-4.4224,0
2/8/20 18:44,412.166666666667,412.125,0,0,4730.9,20.35,0,0,1.8,0,1877,0,0,527.8,23.595,0,0,2.1879375,-2.25,0,4,3744.6,22.395,-4.4224,0
2/8/20 18:49,412.25,412.208333333333,0,0,4730.9,20.35,0,0,1.8,0,1877,0,0,527.8,23.595,0,0,2.1896875,-2.244375,0,4,3744.6,22.479375,-4.4224,0
2/8/20 18:54,412.333333333333,412.291666666667,0,0,4730.9,20.35,0,0,1.8,0,1877,0,0,527.8,23.595,0,0,2.19521875,-2.2278125,0,4,3744.6,22.7446875,-4.4224,0
2/8/20 18:59,412.416666666667,412.375,0,0,4730.9,20.35,0,0,1.8,0,1877,0,0,527.8,23.62453125,0,0,2.19771875,-2.2259375,0,4,3744.6,22.78453125,-4.4224,0
2/8/20 19:04,412.5,412.458333333333,0,0,4730.9,20.35,0,0,1.8,0,1877,0,0,527.996220930233,23.69671875,0,0,2.19400373754153,-2.24217815614618,0,4,3744.6,22.4579947051495,-4.4224,0
2/8/20 19:09,412.583333333333,412.541666666667,0,0,4730.9,20.35,0,0,1.8,0,1877,0,0,528.282483514212,23.7,0,0,2.19252170690292,-2.2468926216316,0,4,3744.6,22.3655938781838,-4.4224,0
2/8/20 19:14,412.666666666667,412.625,0,0,4730.9,20.35,0,0,1.8,0,1877,0,0,527.822462222222,23.7,0,0,2.19500328888889,-2.24310844444444,0,4,3744.6,22.4393853333333,-4.4224,0
2/8/20 19:19,412.75,412.708333333333,0,0,4730.9,20.35,0,0,1.8,0,1877,0,0,527.8,23.7,0,0,2.19309626666667,-2.25246666666667,0,4,3744.6,22.281988,-4.4224,0
2/8/20 19:24,412.833333333333,412.791666666667,0,0,4730.9,20.35,0,0,1.8,0,1877,0,0,527.8,23.7,0,0,2.19216373333333,-2.26246666666667,0,4,3744.6,22.149012,-4.4224,0
2/8/20 19:29,412.916666666667,412.875,0,0,4730.9,20.35,0,0,1.8,0,1877,0,0,527.8,23.6707306666667,0,0,2.19009626666667,-2.26967911111111,0,4,3744.6,22.0112573333333,-4.4224,0
2/8/20 19:34,413,412.958333333333,0,0,4730.9,20.35,0,0,1.8,0,1877,0,0,527.8,23.5983693333333,0,0,2.18860622222222,-2.27278755555556,0,4,3744.6,21.9464613333333,-4.4224,0
2/8/20 19:39,413.083333333333,413.041666666667,0,0,4730.9,20.35,0,0,1.8,0,1877,0,0,527.8,23.595,0,0,2.18571795555556,-2.27689155555556,0,4,3744.6,21.8226453333333,-4.4224,0
2/8/20 19:44,413.166666666667,413.125,0,0,4730.9,20.35,0,0,1.8,0,1877,0,0,527.8,23.595,0,0,2.18637831111111,-2.27310844444444,0,4,3744.6,21.8466866666667,-4.4224,0
2/8/20 19:49,413.25,413.208333333333,0,0,4730.9,20.35,0,0,1.8,0,1877,0,0,527.8,23.595,0,0,2.18506417777778,-2.27967911111111,0,4,3744.6,21.7974066666667,-4.4224,0
2/8/20 19:54,413.333333333333,413.291666666667,0,0,4730.9,20.35,0,0,1.8,0,1877,0,0,527.995128888889,23.595,0,0,2.18444248888889,-2.28,0,4,3744.6,21.795,-4.4224,0
2/8/20 19:59,413.416666666667,413.375,0,0,4730.9,20.35,0,0,1.8,0,1877,0,0,528.282408888889,23.595,0,0,2.1816704,-2.28,0,4,3744.6,21.769912,-4.4224,0
2/8/20 20:04,413.5,413.458333333333,0,0,4730.9,20.35,0,0,1.8,0,1877,0,0,527.822462222222,23.595,0,0,2.17760293333333,-2.28,0,4,3744.6,21.707888,-4.4224,0
2/8/20 20:09,413.583333333333,413.541666666667,0,0,4730.9,20.35,0,0,1.8,0,1877,0,0,527.8,23.595,0,0,2.17662168888889,-2.27721244444444,0,4,3744.6,21.7886266666667,-4.4224,0
2/8/20 20:14,413.666666666667,413.625,0,0,4730.9,20.35,0,0,1.8,0,1877,0,0,527.8,23.595,0,0,2.17765706666667,-2.26753333333333,0,4,3744.6,22.0204613333333,-4.4224,0
2/8/20 20:19,413.75,413.708333333333,0,0,4730.9,20.35,0,0,1.8,0,1877,0,0,527.8,23.595,0,0,2.17619582222222,-2.26310844444444,0,4,3744.6,22.067024,-4.4224,0
2/8/20 20:24,413.833333333333,413.791666666667,0,0,4730.9,20.35,0,0,1.8,0,1877,0,0,527.8,23.595,0,0,2.17409626666667,-2.26689155555556,0,4,3744.6,22.032976,-4.4224,0
2/8/20 20:29,413.916666666667,413.875,0,0,4730.9,20.35,0,0,1.8,0,1877,0,0,527.8,23.595,0,0,2.17344248888889,-2.26032088888889,0,4,3744.6,22.092112,-4.4224,0
2/8/20 20:34,414,413.958333333333,0,0,4730.9,20.35,0,0,1.8,0,1877,0,0,527.8,23.595,0,0,2.17262168888889,-2.25721244444444,0,4,3744.6,22.1535386666667,-4.4224,0
2/8/20 20:39,414.083333333333,414.041666666667,0,0,4730.9,20.35,0,0,1.8,0,1877,0,0,527.8,23.595,0,0,2.17337831111111,-2.25032088888889,0,4,3744.6,22.2982613333333,-4.4224,0
2/8/20 20:44,414.166666666667,414.125,0,0,4730.9,20.35,0,0,1.8,0,1877,0,0,527.8,23.595,0,0,2.17150666666667,-2.25,0,4,3744.6,22.305,-4.4224,0
2/8/20 20:49,414.25,414.208333333333,0,0,4730.9,20.35,0,0,1.8,0,1877,0,0,527.8,23.595,0,0,2.17006417777778,-2.25,0,4,3744.6,22.330088,-4.4224,0
2/8/20 20:54,414.333333333333,414.291666666667,0,0,4730.9,20.35,0,0,1.8,0,1877,0,0,527.8,23.595,0,0,2.17,-2.24721244444444,0,4,3744.6,22.4506506666667,-4.4224,0
2/8/20 20:59,414.416666666667,414.375,0,0,4730.9,20.35,0,0,1.8,0,1877,0,0,527.8,23.595,0,0,2.16944248888889,-2.24032088888889,0,4,3744.6,22.5982613333333,-4.4224,0
2/8/20 21:04,414.5,414.458333333333,0,0,4730.9,20.35,0,0,1.8,0,1877,0,0,527.995128888889,23.595,0,0,2.16639164444444,-2.24,0,4,3744.6,22.5757306666667,-4.4224,0
2/8/20 21:09,414.583333333333,414.541666666667,0,0,4730.9,20.35,0,0,1.8,0,1877,0,0,528.282408888889,23.595,0,0,2.16135626666667,-2.24,0,4,3744.6,22.5033693333333,-4.4224,0
2/8/20 21:14,414.666666666667,414.625,0,0,4730.9,20.35,0,0,1.8,0,1877,0,0,528.017591111111,23.595,0,0,2.15798124444444,-2.24,0,4,3744.6,22.5292693333333,-4.4224,0
2/8/20 21:19,414.75,414.708333333333,0,0,4730.9,20.35,0,0,1.8,0,1877,0,0,528.477537777778,23.6242693333333,0,0,2.15317706666667,-2.24,0,4,3744.6,22.5723613333333,-4.4224,0
2/8/20 21:24,414.833333333333,414.791666666667,0,0,4730.9,20.35,0,0,1.8,0,1877,0,0,528.304871111111,23.6966306666667,0,0,2.14683084444444,-2.24,0,4,3744.6,22.5033693333333,-4.4224,0
2/8/20 21:29,414.916666666667,414.875,0,0,4730.9,20.35,0,0,1.8,0,1877,0,0,527.822462222222,23.7,0,0,2.14204542222222,-2.24,0,4,3744.6,22.5292693333333,-4.4224,0
2/8/20 21:34,415,414.958333333333,0,0,4730.9,20.35,0,0,1.8,0,1877,0,0,527.8,23.7,0,0,2.13689831111111,-2.24,0,4,3744.6,22.593268,-4.4224,0
2/8/20 21:39,415.083333333333,415.041666666667,0,0,4730.9,20.35,0,0,1.8,0,1877,0,0,527.8,23.7,0,0,2.12986293333333,-2.23721244444444,0,4,3744.6,22.6094133333333,-4.4224,0
2/8/20 21:44,415.166666666667,415.125,0,0,4730.9,20.35,0,0,1.8,0,1877,0,0,527.8,23.7,0,0,2.12197911111111,-2.235896,0,4,3744.6,22.5824346666667,-4.4224,0
2/8/20 21:49,415.25,415.208333333333,0,0,4730.9,20.35,0,0,1.8,0,1877,0,0,527.995128888889,23.7,0,0,2.1098088,-2.24935822222222,0,4,3744.6,22.3426026666667,-4.4224,0
2/8/20 21:54,415.333333333333,415.291666666667,0,0,4730.9,20.35,0,0,1.8,0,1877,0,0,528.282408888889,23.7,0,0,2.10128995555556,-2.25278755555556,0,4,3744.6,22.3084853333333,-4.4224,0
2/8/20 21:59,415.416666666667,415.375,0,0,4730.9,20.35,0,0,1.8,0,1877,0,0,527.822462222222,23.7,0,0,2.0892192,-2.25967911111111,0,4,3744.6,22.1046266666667,-4.4224,0
2/8/20 22:04,415.5,415.458333333333,0,0,4730.9,20.35,0,0,1.8,0,1877,0,0,527.8,23.7,0,0,2.08158417777778,-2.25721244444444,0,4,3744.6,22.1535386666667,-4.4224,0
2/8/20 22:09,415.583333333333,415.541666666667,0,0,4730.9,20.35,0,0,1.8,0,1877,0,0,527.995128888889,23.7,0,0,2.07468373333333,-2.25032088888889,0,4,3744.6,22.2982613333333,-4.4224,0
2/8/20 22:14,415.666666666667,415.625,0,0,4730.9,20.35,0,0,1.8,0,1877,0,0,528.282408888889,23.7,0,0,2.06661626666667,-2.24721244444444,0,4,3744.6,22.3593573333333,-4.4224,0
2/8/20 22:19,415.75,415.708333333333,0,0,4730.9,20.35,0,0,1.8,0,1877,0,0,527.822462222222,23.7,0,0,2.06024124444444,-2.23753333333333,0,4,3744.6,22.5481,-4.4224,0
2/8/20 22:24,415.833333333333,415.791666666667,0,0,4730.9,20.35,0,0,1.8,0,1877,0,0,527.8,23.7,0,0,2.05271582222222,-2.23032088888889,0,4,3744.6,22.6887426666667,-4.4224,0
2/8/20 22:29,415.916666666667,415.875,0,0,4730.9,20.35,0,0,1.8,0,1877,0,0,527.8,23.7292693333333,0,0,2.04461626666667,-2.22721244444444,0,4,3744.6,22.7535386666667,-4.4224,0
2/8/20 22:34,416,415.958333333333,0,0,4730.9,20.35,0,0,1.8,0,1877,0,0,527.8,23.8016306666667,0,0,2.03712622222222,-2.22310844444444,0,4,3744.6,22.868992,-4.4224,0
2/8/20 22:39,416.083333333333,416.041666666667,0,0,4730.9,20.35,0,0,1.8,0,1877,0,0,527.8,23.805,0,0,2.02600791111111,-2.22967911111111,0,4,3744.6,22.7741,-4.4224,0
2/8/20 22:44,416.166666666667,416.125,0,0,4730.9,20.35,0,0,1.8,0,1877,0,0,527.8,23.805,0,0,2.01320373333333,-2.23557511111111,0,4,3744.6,22.6147426666667,-4.4224,0
2/8/20 22:49,416.25,416.208333333333,0,0,4730.9,20.35,0,0,1.8,0,1877,0,0,527.8,23.805,0,0,1.99941502222222,-2.24935822222222,0,4,3744.6,22.4046266666667,-4.4224,0
2/8/20 22:54,416.333333333333,416.291666666667,0,0,4730.9,20.35,0,0,1.8,0,1877,0,0,527.995128888889,23.805,0,0,1.98828666666667,-2.25,0,4,3744.6,22.395,-4.4224,0
2/8/20 22:59,416.416666666667,416.375,0,0,4730.9,20.35,0,0,1.8,0,1877,0,0,528.282408888889,23.805,0,0,1.97784417777778,-2.25,0,4,3744.6,22.395,-4.4224,0
2/8/20 23:04,416.5,416.458333333333,0,0,4730.9,20.35,0,0,1.8,0,1877,0,0,527.822462222222,23.805,0,0,1.96933751111111,-2.24721244444444,0,4,3744.6,22.4535386666667,-4.4224,0
2/8/20 23:09,416.583333333333,416.541666666667,0,0,4730.9,20.35,0,0,1.8,0,1877,0,0,527.8,23.805,0,0,1.96115831111111,-2.24032088888889,0,4,3744.6,22.5606293333333,-4.4224,0
2/8/20 23:14,416.666666666667,416.625,0,0,4730.9,20.35,0,0,1.8,0,1877,0,0,527.8,23.805,0,0,1.95140168888889,-2.24,0,4,3744.6,22.511964,-4.4224,0
2/8/20 23:19,416.75,416.708333333333,0,0,4730.9,20.35,0,0,1.8,0,1877,0,0,527.8,23.805,0,0,1.94372415710594,-2.24,0,4,3744.6,22.600668,-4.4224,0
2/8/20 23:24,416.833333333333,416.791666666667,0,0,4730.9,20.35,0,0,1.8,0,1877,0,0,527.993390555556,23.805,0,0,1.93287510956072,-2.24276272222222,0,4,3744.6,22.5221183333333,-4.4224,0
2/8/20 23:29,416.916666666667,416.875,0,0,4730.9,20.35,0,0,1.8,0,1877,0,0,528.283552222222,23.805,0,0,1.92097447777778,-2.24414516666667,0,4,3744.6,22.4226278333333,-4.4224,0
2/8/20 23:34,417,416.958333333333,0,0,4730.9,20.35,0,0,1.8,0,1877,0,0,527.823057222222,23.805,0,0,1.91630315555556,-2.2334215,0,4,3744.6,22.6572893333333,-4.4224,0
2/8/20 23:39,417.083333333333,417.041666666667,0,0,4730.9,20.35,0,0,1.8,0,1877,0,0,527.8,23.805,0,0,1.90629039444444,-2.23967061111111,0,4,3744.6,22.5789559166667,-4.4224,0
2/8/20 23:44,417.166666666667,417.125,0,0,4730.9,20.35,0,0,1.8,0,1877,0,0,527.8,23.8298645,0,0,1.89780978333333,-2.23723727777778,0,4,3744.6,22.58634025,-4.4224,0
2/8/20 23:49,417.25,417.208333333333,0,0,4730.9,20.35,0,0,1.8,0,1877,0,0,527.993390555556,23.8920355,0,0,1.89357942777778,-2.23032938888889,0,4,3744.6,22.76110975,-4.4224,0
2/8/20 23:54,417.333333333333,417.291666666667,0,0,4730.9,20.35,0,0,1.8,0,1877,0,0,528.476942777778,23.895,0,0,1.88370491111111,-2.23276272222222,0,4,3744.6,22.6445855,-4.4224,0
2/8/20 23:59,417.416666666667,417.375,0,0,4730.9,20.35,0,0,1.8,0,1877,0,0,528.306609444444,23.895,0,0,1.87166548333333,-2.24243333333333,0,4,3744.6,22.4774145,-4.4224,0
2/9/20 0:04,417.5,417.458333333333,0,0,4730.9,20.35,0,0,1.8,0,1877,0,0,527.823057222222,23.895,0,0,1.86294802777778,-2.24690788888889,0,4,3744.6,22.45647575,-4.4224,0
2/9/20 0:09,417.583333333333,417.541666666667,0,0,4730.9,20.35,0,0,1.8,0,1877,0,0,527.993390555556,23.895,0,0,1.85695451666667,-2.24032938888889,0,4,3744.6,22.5980828333333,-4.4224,0
2/9/20 0:14,417.666666666667,417.625,0,0,4730.9,20.35,0,0,1.8,0,1877,0,0,528.476942777778,23.895,0,0,1.84905333333333,-2.24,0,4,3744.6,22.5759914166667,-4.4224,0
2/9/20 0:19,417.75,417.708333333333,0,0,4730.9,20.35,0,0,1.8,0,1877,0,0,528.306609444444,23.895,0,0,1.84132960555556,-2.24,0,4,3744.6,22.5324671666667,-4.4224,0
2/9/20 0:24,417.833333333333,417.791666666667,0,0,4730.9,20.35,0,0,1.8,0,1877,0,0,527.823057222222,23.895,0,0,1.83429666666667,-2.24,0,4,3744.6,22.6015414166667,-4.4224,0
2/9/20 0:29,417.916666666667,417.875,0,0,4730.9,20.35,0,0,1.8,0,1877,0,0,527.8,23.895,0,0,1.82702039444444,-2.24,0,4,3744.6,22.605,-4.4224,0
2/9/20 0:34,418,417.958333333333,0,0,4730.9,20.35,0,0,1.8,0,1877,0,0,527.993390555556,23.895,0,0,1.81905333333333,-2.23723727777778,0,4,3744.6,22.6257204166667,-4.4224,0
2/9/20 0:39,418.083333333333,418.041666666667,0,0,4730.9,20.35,0,0,1.8,0,1877,0,0,528.284194715762,23.895,0,0,1.81188673923957,-2.23032938888889,0,4,3744.6,22.6899205301772,-4.4224,0
2/9/20 0:44,418.166666666667,418.125,0,0,4730.9,20.35,0,0,1.8,0,1877,0,0,527.823581395349,23.895,0,0,1.80734703853821,-2.224524,0,4,3744.6,22.7974100531561,-4.4224,0
2/9/20 0:49,418.25,418.208333333333,0,0,4730.9,20.35,0,0,1.8,0,1877,0,0,527.8,23.923749,0,0,1.8020896,-2.216152,0,4,3744.6,22.932483,-4.4224,0
2/9/20 0:54,418.333333333333,418.291666666667,0,0,4730.9,20.35,0,0,1.8,0,1877,0,0,527.8,23.996451,0,0,1.7924552,-2.226586,0,4,3744.6,22.83534,-4.4224,0
2/9/20 0:59,418.416666666667,418.375,0,0,4730.9,20.35,0,0,1.8,0,1877,0,0,527.8,24,0,0,1.7847724,-2.220338,0,4,3744.6,22.901451,-4.4224,0
2/9/20 1:04,418.5,418.458333333333,0,0,4730.9,20.35,0,0,1.8,0,1877,0,0,527.99166,24,0,0,1.77584,-2.22,0,4,3744.6,22.905,-4.4224,0
2/9/20 1:09,418.583333333333,418.541666666667,0,0,4730.9,20.35,0,0,1.8,0,1877,0,0,528.28468,24,0,0,1.7673876,-2.217262,0,4,3744.6,22.929642,-4.4224,0
2/9/20 1:14,418.666666666667,418.625,0,0,4730.9,20.35,0,0,1.8,0,1877,0,0,528.01532,24,0,0,1.7578558,-2.215814,0,4,3744.6,22.909818,-4.4224,0
2/9/20 1:19,418.75,418.708333333333,0,0,4730.9,20.35,0,0,1.8,0,1877,0,0,528.28468,24,0,0,1.7446242,-2.226586,0,4,3744.6,22.762638,-4.4224,0
2/9/20 1:24,418.833333333333,418.791666666667,0,0,4730.9,20.35,0,0,1.8,0,1877,0,0,527.82366,24,0,0,1.7362248,-2.220338,0,4,3744.6,22.897902,-4.4224,0
2/9/20 1:29,418.916666666667,418.875,0,0,4730.9,20.35,0,0,1.8,0,1877,0,0,527.8,24,0,0,1.7264552,-2.217262,0,4,3744.6,22.958391,-4.4224,0
2/9/20 1:34,419,418.958333333333,0,0,4730.9,20.35,0,0,1.8,0,1877,0,0,527.99166,24,0,0,1.7176772,-2.210338,0,4,3744.6,23.06466,-4.4224,0
2/9/20 1:39,419.083333333333,419.041666666667,0,0,4730.9,20.35,0,0,1.8,0,1877,0,0,528.47634,24.028749,0,0,1.7051538,-2.21,0,4,3744.6,22.998549,-4.4224,0
2/9/20 1:44,419.166666666667,419.125,0,0,4730.9,20.35,0,0,1.8,0,1877,0,0,528.5,24.101451,0,0,1.6928462,-2.21,0,4,3744.6,22.995,-4.4224,0
2/9/20 1:49,419.25,419.208333333333,0,0,4730.9,20.35,0,0,1.8,0,1877,0,0,528.30834,24.105,0,0,1.6801538,-2.21,0,4,3744.6,22.995,-4.4224,0
2/9/20 1:54,419.333333333333,419.291666666667,0,0,4730.9,20.35,0,0,1.8,0,1877,0,0,527.82366,24.105,0,0,1.6692152,-2.207262,0,4,3744.6,23.07714,-4.4224,0
2/9/20 1:59,419.416666666667,419.375,0,0,4730.9,20.35,0,0,1.8,0,1877,0,0,527.99166,24.105,0,0,1.6580682,-2.203076,0,4,3744.6,23.20272,-4.4224,0
2/9/20 2:04,419.5,419.458333333333,0,0,4730.9,20.35,0,0,1.8,0,1877,0,0,528.28468,24.105,0,0,1.6402614,-2.2124,0,4,3744.6,22.980498,-4.4224,0
2/9/20 2:09,419.583333333333,419.541666666667,0,0,4730.9,20.35,0,0,1.8,0,1877,0,0,527.82366,24.105,0,0,1.6247076,-2.219662,0,4,3744.6,22.908042,-4.4224,0
2/9/20 2:14,419.666666666667,419.625,0,0,4730.9,20.35,0,0,1.8,0,1877,0,0,527.8,24.105,0,0,1.61065273488372,-2.22,0,4,3744.6,22.905,-4.4224,0
2/9/20 2:19,419.75,419.708333333333,0,0,4730.9,20.35,0,0,1.8,0,1877,0,0,527.989937222222,24.105,0,0,1.59559969844961,-2.22271338888889,0,4,3744.6,22.8765094166667,-4.4224,0
2/9/20 2:24,419.833333333333,419.791666666667,0,0,4730.9,20.35,0,0,1.8,0,1877,0,0,528.475729444444,24.105,0,0,1.57909669444444,-2.22693988888889,0,4,3744.6,22.8158508333333,-4.4224,0
2/9/20 2:29,419.916666666667,419.875,0,0,4730.9,20.35,0,0,1.8,0,1877,0,0,528.310062777778,24.105,0,0,1.56483797777778,-2.22306011111111,0,4,3744.6,22.8312295,-4.4224,0
2/9/20 2:34,420,419.958333333333,0,0,4730.9,20.35,0,0,1.8,0,1877,0,0,527.824270555556,24.105,0,0,1.54851934444444,-2.22965327777778,0,4,3744.6,22.80156025,-4.4224,0
2/9/20 2:39,420.083333333333,420.041666666667,0,0,4730.9,20.35,0,0,1.8,0,1877,0,0,527.8,24.105,0,0,1.53317866111111,-2.23,0,4,3744.6,22.8,-4.4224,0
2/9/20 2:44,420.166666666667,420.125,0,0,4730.9,20.35,0,0,1.8,0,1877,0,0,527.8,24.105,0,0,1.51802735,-2.22728661111111,0,4,3744.6,22.8284905833333,-4.4224,0
2/9/20 2:49,420.25,420.208333333333,0,0,4730.9,20.35,0,0,1.8,0,1877,0,0,527.8,24.105,0,0,1.50410931666667,-2.22306011111111,0,4,3744.6,22.8728688333333,-4.4224,0
2/9/20 2:54,420.333333333333,420.291666666667,0,0,4730.9,20.35,0,0,1.8,0,1877,0,0,527.989937222222,24.105,0,0,1.48821333333333,-2.22965327777778,0,4,3744.6,22.8036405833333,-4.4224,0
2/9/20 2:59,420.416666666667,420.375,0,0,4730.9,20.35,0,0,1.8,0,1877,0,0,528.285792222222,24.105,0,0,1.47329868888889,-2.22728661111111,0,4,3744.6,22.8284905833333,-4.4224,0
2/9/20 3:04,420.5,420.458333333333,0,0,4730.9,20.35,0,0,1.8,0,1877,0,0,527.824270555556,24.1294205,0,0,1.45898928888889,-2.22306011111111,0,4,3744.6,22.84437825,-4.4224,0
2/9/20 3:09,420.583333333333,420.541666666667,0,0,4730.9,20.35,0,0,1.8,0,1877,0,0,527.8,24.1918795,0,0,1.44198005555556,-2.22693988888889,0,4,3744.6,22.7592623333333,-4.4224,0
2/9/20 3:14,420.666666666667,420.625,0,0,4730.9,20.35,0,0,1.8,0,1877,0,0,527.989937222222,24.195,0,0,1.42973396111111,-2.22306011111111,0,4,3744.6,22.86922825,-4.4224,0
2/9/20 3:19,420.75,420.708333333333,0,0,4730.9,20.35,0,0,1.8,0,1877,0,0,528.285792222222,24.195,0,0,1.41433336111111,-2.22693988888889,0,4,3744.6,22.8321311666667,-4.4224,0
2/9/20 3:24,420.833333333333,420.791666666667,0,0,4730.9,20.35,0,0,1.8,0,1877,0,0,527.824270555556,24.195,0,0,1.40161732222222,-2.22034672222222,0,4,3744.6,22.9013594166667,-4.4224,0
2/9/20 3:29,420.916666666667,420.875,0,0,4730.9,20.35,0,0,1.8,0,1877,0,0,527.8,24.195,0,0,1.38687265,-2.22271338888889,0,4,3744.6,22.8765094166667,-4.4224,0
2/9/20 3:34,421,420.958333333333,0,0,4730.9,20.35,0,0,1.8,0,1877,0,0,527.989937222222,24.195,0,0,1.37187603888889,-2.22693988888889,0,4,3744.6,22.8321311666667,-4.4224,0
2/9/20 3:39,421.083333333333,421.041666666667,0,0,4730.9,20.35,0,0,1.8,0,1877,0,0,528.285792222222,24.195,0,0,1.36054797777778,-2.22034672222222,0,4,3744.6,22.9013594166667,-4.4224,0
2/9/20 3:44,421.166666666667,421.125,0,0,4730.9,20.35,0,0,1.8,0,1877,0,0,527.824270555556,24.195,0,0,1.34587265,-2.22271338888889,0,4,3744.6,22.8765094166667,-4.4224,0
2/9/20 3:49,421.25,421.208333333333,0,0,4730.9,20.35,0,0,1.8,0,1877,0,0,527.8,24.195,0,0,1.33033336111111,-2.22965327777778,0,4,3744.6,22.8036405833333,-4.4224,0
2/9/20 3:54,421.333333333333,421.291666666667,0,0,4730.9,20.35,0,0,1.8,0,1877,0,0,527.8,24.195,0,0,1.31951669444444,-2.22457322222222,0,4,3744.6,22.8814016666667,-4.4224,0
2/9/20 3:59,421.416666666667,421.375,0,0,4730.9,20.35,0,0,1.8,0,1877,0,0,527.8,24.195,0,0,1.31125797777778,-2.21069344444444,0,4,3744.6,23.0895983333333,-4.4224,0
2/9/20 4:04,421.5,421.458333333333,0,0,4730.9,20.35,0,0,1.8,0,1877,0,0,527.8,24.195,0,0,1.29958265,-2.21,0,4,3744.6,23.0715094166667,-4.4224,0
2/9/20 4:09,421.583333333333,421.541666666667,0,0,4730.9,20.35,0,0,1.8,0,1877,0,0,527.8,24.195,0,0,1.28758603888889,-2.20728661111111,0,4,3744.6,23.05562175,-4.4224,0
2/9/20 4:14,421.666666666667,421.625,0,0,4730.9,20.35,0,0,1.8,0,1877,0,0,527.989937222222,24.195,0,0,1.27898663888889,-2.20034672222222,0,4,3744.6,23.1977188333333,-4.4224,0
2/9/20 4:19,421.75,421.708333333333,0,0,4730.9,20.35,0,0,1.8,0,1877,0,0,528.285792222222,24.195,0,0,1.26634598333333,-2.20271338888889,0,4,3744.6,23.1480188333333,-4.4224,0
2/9/20 4:24,421.833333333333,421.791666666667,0,0,4730.9,20.35,0,0,1.8,0,1877,0,0,528.014207777778,24.195,0,0,1.25307803333333,-2.20965327777778,0,4,3744.6,23.03077175,-4.4224,0
2/9/20 4:29,421.916666666667,421.875,0,0,4730.9,20.35,0,0,1.8,0,1877,0,0,528.285792222222,24.195,0,0,1.24251330555556,-2.21,0,4,3744.6,23.0678688333333,-4.4224,0
2/9/20 4:34,422,421.958333333333,0,0,4730.9,20.35,0,0,1.8,0,1877,0,0,528.014207777778,24.195,0,0,1.22950068333333,-2.21,0,4,3744.6,22.9986405833333,-4.4224,0
2/9/20 4:39,422.083333333333,422.041666666667,0,0,4730.9,20.35,0,0,1.8,0,1877,0,0,528.285792222222,24.195,0,0,1.21866800555556,-2.21,0,4,3744.6,22.995,-4.4224,0
2/9/20 4:44,422.166666666667,422.125,0,0,4730.9,20.35,0,0,1.8,0,1877,0,0,527.824270555556,24.195,0,0,1.20890467222222,-2.21,0,4,3744.6,23.0234905833333,-4.4224,0
2/9/20 4:49,422.25,422.208333333333,0,0,4730.9,20.35,0,0,1.8,0,1877,0,0,527.989937222222,24.195,0,0,1.19878464444444,-2.21,0,4,3744.6,23.0678688333333,-4.4224,0
2/9/20 4:54,422.333333333333,422.291666666667,0,0,4730.9,20.35,0,0,1.8,0,1877,0,0,528.475729444444,24.195,0,0,1.18538065555556,-2.21542677777778,0,4,3744.6,22.9457295,-4.4224,0
2/9/20 4:59,422.416666666667,422.375,0,0,4730.9,20.35,0,0,1.8,0,1877,0,0,528.5,24.195,0,0,1.17234937222222,-2.22659316666667,0,4,3744.6,22.8352516666667,-4.4224,0
2/9/20 5:04,422.5,422.458333333333,0,0,4730.9,20.35,0,0,1.8,0,1877,0,0,528.310062777778,24.195,0,0,1.16383532777778,-2.21763333333333,0,4,3744.6,22.9257799166667,-4.4224,0
2/9/20 5:09,422.583333333333,422.541666666667,0,0,4730.9,20.35,0,0,1.8,0,1877,0,0,527.824270555556,24.195,0,0,1.15432732222222,-2.21034672222222,0,4,3744.6,22.9918795,-4.4224,0
2/9/20 5:14,422.666666666667,422.625,0,0,4730.9,20.35,0,0,1.8,0,1877,0,0,527.989937222222,24.195,0,0,1.14339666666667,-2.21271338888889,0,4,3744.6,22.9705795,-4.4224,0
2/9/20 5:19,422.75,422.708333333333,0,0,4730.9,20.35,0,0,1.8,0,1877,0,0,528.285792222222,24.195,0,0,1.13321068333333,-2.21693988888889,0,4,3744.6,22.932541,-4.4224,0
2/9/20 5:24,422.833333333333,422.791666666667,0,0,4730.9,20.35,0,0,1.8,0,1877,0,0,528.014207777778,24.195,0,0,1.12537800555556,-2.21034672222222,0,4,3744.6,23.0203700833333,-4.4224,0
2/9/20 5:29,422.916666666667,422.875,0,0,4730.9,20.35,0,0,1.8,0,1877,0,0,528.285792222222,24.195,0,0,1.11617262222222,-2.21271338888889,0,4,3744.6,23.0434483333333,-4.4224,0
2/9/20 5:34,423,422.958333333333,0,0,4730.9,20.35,0,0,1.8,0,1877,0,0,527.824270555556,24.195,0,0,1.10362071111111,-2.21693988888889,0,4,3744.6,22.9361815833333,-4.4224,0
2/9/20 5:39,423.083333333333,423.041666666667,0,0,4730.9,20.35,0,0,1.8,0,1877,0,0,527.989937222222,24.195,0,0,1.09525797777778,-2.21306011111111,0,4,3744.6,22.967459,-4.42066343111111,0
2/9/20 5:44,423.166666666667,423.125,0,0,4730.9,20.35,0,0,1.8,0,1877,0,0,528.285792222222,24.195,0,0,1.08548202222222,-2.21693988888889,0,4,3744.6,22.932541,-4.41795847111111,0
2/9/20 5:49,423.25,423.208333333333,0,0,4730.9,20.35,0,0,1.8,0,1877,0,0,527.824270555556,24.2112803333333,0,0,1.07888601111111,-2.20763333333333,0,4,3744.6,23.0488606666667,-4.42217809777778,0
2/9/20 5:54,423.333333333333,423.291666666667,0,0,4730.9,20.35,0,0,1.8,0,1877,0,0,527.989937222222,24.2651299166667,0,0,1.07164595555556,-2.20306011111111,0,4,3744.6,23.1407376666667,-4.42066343111111,0
2/9/20 5:59,423.416666666667,423.375,0,0,4730.9,20.35,0,0,1.8,0,1877,0,0,528.285792222222,24.2699491666667,0,0,1.06109404444444,-2.20693988888889,0,4,3744.6,23.0633324166667,-4.41795847111111,0
2/9/20 6:04,423.5,423.458333333333,0,0,4730.9,20.35,0,0,1.8,0,1877,0,0,527.824270555556,24.2271311666667,0,0,1.05581666666667,-2.20034672222222,0,4,3744.6,23.2325491666667,-4.42044152888889,0
2/9/20 6:09,423.583333333333,423.541666666667,0,0,4730.9,20.35,0,0,1.8,0,1877,0,0,527.8,24.2678688333333,0,0,1.04918863333333,-2.2,0,4,3744.6,23.2679790833333,-4.41622190222222,0
2/9/20 6:14,423.666666666667,423.625,0,0,4730.9,20.35,0,0,1.8,0,1877,0,0,527.8,24.2271311666667,0,0,1.03893934444444,-2.20271338888889,0,4,3744.6,23.1796299166667,-4.416,0
2/9/20 6:19,423.75,423.708333333333,0,0,4730.9,20.35,0,0,1.8,0,1877,0,0,527.989937222222,24.2963594166667,0,0,1.02878464444444,-2.21236666666667,0,4,3744.6,23.0507295,-4.416,0
2/9/20 6:24,423.833333333333,423.791666666667,0,0,4730.9,20.35,0,0,1.8,0,1877,0,0,528.475729444444,24.2715094166667,0,0,1.01809404444444,-2.21693988888889,0,4,3744.6,22.9646721666667,-4.416,0
2/9/20 6:29,423.916666666667,423.875,0,0,4730.9,20.35,0,0,1.8,0,1877,0,0,528.31069379845,24.2270365135659,0,0,1.01282117395718,-2.20764234791436,0,4,3744.6,23.1216348468992,-4.416,0
2/9/20 6:34,424,423.958333333333,0,0,4730.9,20.35,0,0,1.8,0,1877,0,0,527.82480620155,24.2962790697674,0,0,1.00675718715393,-2.20304326319675,0,4,3744.6,23.1730457364341,-4.416,0
2/9/20 6:39,424.083333333333,424.041666666667,0,0,4730.9,20.35,0,0,1.8,0,1877,0,0,527.8,24.3,0,0,0.997362222222222,-2.21233333333333,0,4,3744.6,23.0513,-4.416,0
2/9/20 6:44,424.166666666667,424.125,0,0,4730.9,20.35,0,0,1.8,0,1877,0,0,527.8,24.3,0,0,0.988584444444444,-2.21695555555556,0,4,3744.6,22.9643666666667,-4.416,0
2/9/20 6:49,424.25,424.208333333333,0,0,4730.9,20.35,0,0,1.8,0,1877,0,0,527.8,24.3,0,0,0.983686666666667,-2.21035555555556,0,4,3744.6,23.0648333333333,-4.416,0
2/9/20 6:54,424.333333333333,424.291666666667,0,0,4730.9,20.35,0,0,1.8,0,1877,0,0,527.8,24.3,0,0,0.9749,-2.21268888888889,0,4,3744.6,22.9745333333333,-4.416,0
2/9/20 6:59,424.416666666667,424.375,0,0,4730.9,20.35,0,0,1.8,0,1877,0,0,527.8,24.3,0,0,0.966168888888889,-2.21964444444445,0,4,3744.6,22.9082,-4.416,0
2/9/20 7:04,424.5,424.458333333333,0,0,4730.9,20.35,0,0,1.8,0,1877,0,0,527.988222222222,24.3,0,0,0.958402222222222,-2.22,0,4,3744.6,22.905,-4.416,0
2/9/20 7:09,424.583333333333,424.541666666667,0,0,4730.9,20.35,0,0,1.8,0,1877,0,0,528.286888888889,24.3,0,0,0.952442222222222,-2.21731111111111,0,4,3744.6,22.9292,-4.416,0
2/9/20 7:14,424.666666666667,424.625,0,0,4730.9,20.35,0,0,1.8,0,1877,0,0,527.824888888889,24.3,0,0,0.950644444444444,-2.20497777777778,0,4,3744.6,23.1007,-4.416,0
2/9/20 7:19,424.75,424.708333333333,0,0,4730.9,20.35,0,0,1.8,0,1877,0,0,527.8,24.3,0,0,0.94924,-2.1934,0,4,3744.6,23.3331666666667,-4.416,0
2/9/20 7:24,424.833333333333,424.791666666667,0,0,4730.9,20.35,0,0,1.8,0,1877,0,0,527.8,24.3,0,0,0.940204444444445,-2.20233333333333,0,4,3744.6,23.1837,-4.416,0
2/9/20 7:29,424.916666666667,424.875,0,0,4730.9,20.35,0,0,1.8,0,1877,0,0,527.8,24.3,0,0,0.933477777777778,-2.20695555555556,0,4,3744.6,23.1319666666667,-4.416,0
2/9/20 7:34,425,424.958333333333,0,0,4730.9,20.35,0,0,1.8,0,1877,0,0,527.988222222222,24.3,0,0,0.928955555555555,-2.20304444444444,0,4,3744.6,23.1730333333333,-4.416,0
2/9/20 7:39,425.083333333333,425.041666666667,0,0,4730.9,20.35,0,0,1.8,0,1877,0,0,528.286888888889,24.3,0,0,0.92194,-2.20695555555556,0,4,3744.6,23.1319666666667,-4.416,0
2/9/20 7:44,425.166666666667,425.125,0,0,4730.9,20.35,0,0,1.8,0,1877,0,0,527.824888888889,24.3,0,0,0.916295555555555,-2.20304444444444,0,4,3744.6,23.1730333333333,-4.416,0
2/9/20 7:49,425.25,425.208333333333,0,0,4730.9,20.35,0,0,1.8,0,1877,0,0,527.8,24.3,0,0,0.910442222222222,-2.20695555555556,0,4,3744.6,23.1319666666667,-4.416,0
2/9/20 7:54,425.333333333333,425.291666666667,0,0,4730.9,20.35,0,0,1.8,0,1877,0,0,527.988222222222,24.3,0,0,0.907031111111111,-2.20035555555556,0,4,3744.6,23.2012666666667,-4.416,0
2/9/20 7:59,425.416666666667,425.375,0,0,4730.9,20.35,0,0,1.8,0,1877,0,0,528.286888888889,24.3,0,0,0.903335555555556,-2.2,0,4,3744.6,23.205,-4.416,0
2/9/20 8:04,425.5,425.458333333333,0,0,4730.9,20.35,0,0,1.8,0,1877,0,0,527.824888888889,24.3,0,0,0.901106666666667,-2.19731111111111,0,4,3744.6,23.2574333333333,-4.416,0
2/9/20 8:09,425.583333333333,425.541666666667,0,0,4730.9,20.35,0,0,1.8,0,1877,0,0,527.8,24.3,0,0,0.89858,-2.19304444444444,0,4,3744.6,23.3406333333333,-4.416,0
2/9/20 8:14,425.666666666667,425.625,0,0,4730.9,20.35,0,0,1.8,0,1877,0,0,527.8,24.3,0,0,0.891782222222222,-2.19964444444444,0,4,3744.6,23.2361333333333,-4.416,0
2/9/20 8:19,425.75,425.708333333333,0,0,4730.9,20.35,0,0,1.8,0,1877,0,0,527.8,24.3,0,0,0.889264444444444,-2.2,0,4,3744.6,23.2918,-4.416,0
2/9/20 8:24,425.833333333333,425.791666666667,0,0,4730.9,20.35,0,0,1.8,0,1877,0,0,527.8,24.3,0,0,0.887644444444444,-2.19731111111111,0,4,3744.6,23.3514666666667,-4.416,0
2/9/20 8:29,425.916666666667,425.875,0,0,4730.9,20.35,0,0,1.8,0,1877,0,0,527.8,24.3,0,0,0.889735555555556,-2.18497777777778,0,4,3744.6,23.5782,-4.416,0
2/9/20 8:34,426,425.958333333333,0,0,4730.9,20.35,0,0,1.8,0,1877,0,0,527.8,24.3,0,0,0.891355555555556,-2.17071111111111,0,4,3744.6,23.7943333333333,-4.416,0
2/9/20 8:39,426.083333333333,426.041666666667,0,0,4730.9,20.35,0,0,1.8,0,1877,0,0,527.8,24.3,0,0,0.888457777777778,-2.17268888888889,0,4,3744.6,23.7767666666667,-4.416,0
2/9/20 8:44,426.166666666667,426.125,0,0,4730.9,20.35,0,0,1.8,0,1877,0,0,527.988222222222,24.3,0,0,0.880448888888889,-2.18502222222222,0,4,3744.6,23.5706333333333,-4.416,0
2/9/20 8:49,426.25,426.208333333333,0,0,4730.9,20.35,0,0,1.8,0,1877,0,0,528.286888888889,24.3,0,0,0.867271111111111,-2.20735555555556,0,4,3744.6,23.1137,-4.416,0
2/9/20 8:54,426.333333333333,426.291666666667,0,0,4730.9,20.35,0,0,1.8,0,1877,0,0,528.013111111111,24.3,0,0,0.856544444444445,-2.23162222222222,0,4,3744.6,22.7619666666667,-4.416,0
2/9/20 8:59,426.416666666667,426.375,0,0,4730.9,20.35,0,0,1.8,0,1877,0,0,528.475111111111,24.3,0,0,0.849097777777778,-2.23964444444444,0,4,3744.6,22.5837,-4.416,0
2/9/20 9:04,426.5,426.458333333333,0,0,4730.9,20.35,0,0,1.8,0,1877,0,0,528.5,24.3,0,0,0.84194,-2.24268888888889,0,4,3744.6,22.4755,-4.416,0
2/9/20 9:09,426.583333333333,426.541666666667,0,0,4730.9,20.35,0,0,1.8,0,1877,0,0,528.311777777778,24.3,0,0,0.837102222222222,-2.24964444444444,0,4,3744.6,22.3987333333333,-4.416,0
2/9/20 9:14,426.666666666667,426.625,0,0,4730.9,20.35,0,0,1.8,0,1877,0,0,528.013111111111,24.3,0,0,0.833066666666667,-2.25,0,4,3744.6,22.395,-4.416,0
2/9/20 9:19,426.75,426.708333333333,0,0,4730.9,20.35,0,0,1.8,0,1877,0,0,528.475111111111,24.3,0,0,0.828797777777778,-2.25,0,4,3744.6,22.3627333333333,-4.416,0
2/9/20 9:24,426.833333333333,426.791666666667,0,0,4730.9,20.35,0,0,1.8,0,1877,0,0,528.5,24.3,0,0,0.822757777777778,-2.25268888888889,0,4,3744.6,22.2308666666667,-4.416,0
2/9/20 9:29,426.916666666667,426.875,0,0,4730.9,20.35,0,0,1.8,0,1877,0,0,528.5,24.3,0,0,0.814706666666667,-2.26233333333333,0,4,3744.6,22.0772,-4.41772088888889,0
2/9/20 9:34,427,426.958333333333,0,0,4730.9,20.35,0,0,1.8,0,1877,0,0,528.5,24.3,0,0,0.809675555555556,-2.26964444444444,0,4,3744.6,22.0082,-4.42217244444444,0
2/9/20 9:39,427.083333333333,427.041666666667,0,0,4730.9,20.35,0,0,1.8,0,1877,0,0,528.5,24.3,0,0,0.807533333333334,-2.26731111111111,0,4,3744.6,22.0292,-4.4224,0
2/9/20 9:44,427.166666666667,427.125,0,0,4730.9,20.35,0,0,1.8,0,1877,0,0,528.311777777778,24.3,0,0,0.805802222222222,-2.26035555555556,0,4,3744.6,22.1200333333333,-4.4224,0
2/9/20 9:49,427.25,427.208333333333,0,0,4730.9,20.35,0,0,1.8,0,1877,0,0,528.013111111111,24.3,0,0,0.804497777777778,-2.26,0,4,3744.6,22.1962666666667,-4.4224,0
2/9/20 9:54,427.333333333333,427.291666666667,0,0,4730.9,20.35,0,0,1.8,0,1877,0,0,528.475111111111,24.2717666666667,0,0,0.801457777777778,-2.26,0,4,3744.6,22.1717666666667,-4.4224,0
2/9/20 9:59,427.416666666667,427.375,0,0,4730.9,20.35,0,0,1.8,0,1877,0,0,528.5,24.1987333333333,0,0,0.796406666666667,-2.26,0,4,3744.6,22.0987333333333,-4.4224,0
2/9/20 10:04,427.5,427.458333333333,0,0,4730.9,20.35,0,0,1.8,0,1877,0,0,528.5,24.195,0,0,0.793568888888889,-2.26,0,4,3744.6,22.095,-4.4224,0
2/9/20 10:09,427.583333333333,427.541666666667,0,0,4730.9,20.35,0,0,1.8,0,1877,0,0,528.5,24.195,0,0,0.791533333333333,-2.26,0,4,3744.6,22.1232333333333,-4.4224,0
2/9/20 10:14,427.666666666667,427.625,0,0,4730.9,20.35,0,0,1.8,0,1877,0,0,528.5,24.195,0,0,0.79034,-2.25731111111111,0,4,3744.6,22.2487,-4.4224,0
2/9/20 10:19,427.75,427.708333333333,0,0,4730.9,20.35,0,0,1.8,0,1877,0,0,528.311777777778,24.195,0,0,0.792308888888889,-2.24497777777778,0,4,3744.6,22.4687333333333,-4.4224,0
2/9/20 10:24,427.833333333333,427.791666666667,0,0,4730.9,20.35,0,0,1.8,0,1877,0,0,527.824888888889,24.195,0,0,0.79636,-2.22533333333333,0,4,3744.6,22.765,-4.4224,0
2/9/20 10:29,427.916666666667,427.875,0,0,4730.9,20.35,0,0,1.8,0,1877,0,0,527.8,24.195,0,0,0.798197777777778,-2.21071111111111,0,4,3744.6,23.0125666666667,-4.4224,0
2/9/20 10:34,428,427.958333333333,0,0,4730.9,20.35,0,0,1.8,0,1877,0,0,527.8,24.195,0,0,0.799502222222222,-2.20462222222222,0,4,3744.6,23.1769333333333,-4.4224,0
2/9/20 10:39,428.083333333333,428.041666666667,0,0,4730.9,20.35,0,0,1.8,0,1877,0,0,527.8,24.195,0,0,0.799853333333333,-2.1934,0,4,3744.6,23.3611,-4.4224,0
2/9/20 10:44,428.166666666667,428.125,0,0,4730.9,20.35,0,0,1.8,0,1877,0,0,527.8,24.195,0,0,0.796335555555556,-2.19964444444444,0,4,3744.6,23.2987333333333,-4.42067911111111,0
2/9/20 10:49,428.25,428.208333333333,0,0,4730.9,20.35,0,0,1.8,0,1877,0,0,527.8,24.195,0,0,0.793568888888889,-2.19731111111111,0,4,3744.6,23.3232333333333,-4.41794844444444,0
2/9/20 10:54,428.333333333333,428.291666666667,0,0,4730.9,20.35,0,0,1.8,0,1877,0,0,527.8,24.195,0,0,0.792877777777778,-2.18766666666667,0,4,3744.6,23.4487,-4.42045155555556,0
2/9/20 10:59,428.416666666667,428.375,0,0,4730.9,20.35,0,0,1.8,0,1877,0,0,527.8,24.195,0,0,0.794355555555556,-2.18035555555556,0,4,3744.6,23.6163,-4.41622755555556,0
2/9/20 11:04,428.5,428.458333333333,0,0,4730.9,20.35,0,0,1.8,0,1877,0,0,527.988222222222,24.195,0,0,0.790382222222222,-2.18268888888889,0,4,3744.6,23.6156,-4.41772088888889,0
2/9/20 11:09,428.583333333333,428.541666666667,0,0,4730.9,20.35,0,0,1.8,0,1877,0,0,528.475111111111,24.195,0,0,0.779322222222222,-2.19771111111111,0,4,3744.6,23.2775666666667,-4.42217244444444,0
2/9/20 11:14,428.666666666667,428.625,0,0,4730.9,20.35,0,0,1.8,0,1877,0,0,528.311777777778,24.195,0,0,0.765844444444444,-2.22431111111111,0,4,3744.6,22.8419333333333,-4.4224,0
2/9/20 11:19,428.75,428.708333333333,0,0,4730.9,20.35,0,0,1.8,0,1877,0,0,528.013111111111,24.195,0,0,0.755128888888889,-2.24197777777778,0,4,3744.6,22.535,-4.4224,0
2/9/20 11:24,428.833333333333,428.791666666667,0,0,4730.9,20.35,0,0,1.8,0,1877,0,0,528.475111111111,24.195,0,0,0.741586666666667,-2.24964444444444,0,4,3744.6,22.3156666666667,-4.4224,0
2/9/20 11:29,428.916666666667,428.875,0,0,4730.9,20.35,0,0,1.8,0,1877,0,0,528.311777777778,24.195,0,0,0.727833333333333,-2.25,0,4,3744.6,22.305,-4.4224,0
2/9/20 11:34,429,428.958333333333,0,0,4730.9,20.35,0,0,1.8,0,1877,0,0,528.013111111111,24.195,0,0,0.722955555555556,-2.25268888888889,0,4,3744.6,22.2767666666667,-4.4224,0
2/9/20 11:39,429.083333333333,429.041666666667,0,0,4730.9,20.35,0,0,1.8,0,1877,0,0,528.475111111111,24.195,0,0,0.716208888888889,-2.25964444444444,0,4,3744.6,22.2037333333333,-4.4224,0
2/9/20 11:44,429.166666666667,429.125,0,0,4730.9,20.35,0,0,1.8,0,1877,0,0,528.311777777778,24.195,0,0,0.712335555555556,-2.26,0,4,3744.6,22.2,-4.4224,0
2/9/20 11:49,429.25,429.208333333333,0,0,4730.9,20.35,0,0,1.8,0,1877,0,0,527.824888888889,24.195,0,0,0.711988888888889,-2.25462222222222,0,4,3744.6,22.3089,-4.4224,0
2/9/20 11:54,429.333333333333,429.291666666667,0,0,4730.9,20.35,0,0,1.8,0,1877,0,0,527.8,24.195,0,0,0.715406666666667,-2.2434,0,4,3744.6,22.5341333333333,-4.4224,0
2/9/20 11:59,429.416666666667,429.375,0,0,4730.9,20.35,0,0,1.8,0,1877,0,0,527.8,24.195,0,0,0.712715555555555,-2.24695555555556,0,4,3744.6,22.4307,-4.4224,0
2/9/20 12:04,429.5,429.458333333333,0,0,4730.9,20.35,0,0,1.8,0,1877,0,0,527.988222222222,24.1708,0,0,0.712046666666667,-2.24304444444444,0,4,3744.6,22.4438333333333,-4.4224,0
2/9/20 12:09,429.583333333333,429.541666666667,0,0,4730.9,20.35,0,0,1.8,0,1877,0,0,528.475111111111,24.1082,0,0,0.705635555555556,-2.25233333333333,0,4,3744.6,22.2554666666667,-4.4224,0
2/9/20 12:14,429.666666666667,429.625,0,0,4730.9,20.35,0,0,1.8,0,1877,0,0,528.5,24.105,0,0,0.701213333333333,-2.25964444444444,0,4,3744.6,22.1024666666667,-4.4224,0
2/9/20 12:19,429.75,429.708333333333,0,0,4730.9,20.35,0,0,1.8,0,1877,0,0,528.5,24.105,0,0,0.699386666666666,-2.26268888888889,0,4,3744.6,22.0425666666667,-4.4224,0
2/9/20 12:24,429.833333333333,429.791666666667,0,0,4730.9,20.35,0,0,1.8,0,1877,0,0,528.311777777778,24.105,0,0,0.693331111111111,-2.27233333333333,0,4,3744.6,21.8545,-4.4224,0
2/9/20 12:29,429.916666666667,429.875,0,0,4730.9,20.35,0,0,1.8,0,1877,0,0,527.824888888889,24.0767666666667,0,0,0.689055555555556,-2.27695555555556,0,4,3744.6,21.7643666666667,-4.4224,0
2/9/20 12:34,430,429.958333333333,0,0,4730.9,20.35,0,0,1.8,0,1877,0,0,527.8,24.0037333333333,0,0,0.690893333333333,-2.27035555555556,0,4,3744.6,21.9213,-4.4224,0
2/9/20 12:39,430.083333333333,430.041666666667,0,0,4730.9,20.35,0,0,1.8,0,1877,0,0,527.8,24,0,0,0.691268888888889,-2.26731111111111,0,4,3744.6,22.0254666666667,-4.4224,0
2/9/20 12:44,430.166666666667,430.125,0,0,4730.9,20.35,0,0,1.8,0,1877,0,0,527.8,24,0,0,0.690888888888889,-2.26304444444444,0,4,3744.6,22.0676,-4.4224,0
2/9/20 12:49,430.25,430.208333333333,0,0,4730.9,20.35,0,0,1.8,0,1877,0,0,527.8,24,0,0,0.688142222222222,-2.26695555555556,0,4,3744.6,22.0324,-4.4224,0
2/9/20 12:54,430.333333333333,430.291666666667,0,0,4730.9,20.35,0,0,1.8,0,1877,0,0,527.8,24,0,0,0.688537777777778,-2.26035555555556,0,4,3744.6,22.1200333333333,-4.4224,0
2/9/20 12:59,430.416666666667,430.375,0,0,4730.9,20.35,0,0,1.8,0,1877,0,0,527.988222222222,24,0,0,0.689122222222222,-2.26,0,4,3744.6,22.1962666666667,-4.4224,0
2/9/20 13:04,430.5,430.458333333333,0,0,4730.9,20.35,0,0,1.8,0,1877,0,0,528.286888888889,23.9717666666667,0,0,0.688182222222222,-2.25731111111111,0,4,3744.6,22.2524333333333,-4.4224,0
2/9/20 13:09,430.583333333333,430.541666666667,0,0,4730.9,20.35,0,0,1.8,0,1877,0,0,528.013111111111,23.8987333333333,0,0,0.688975555555555,-2.25304444444444,0,4,3744.6,22.3074,-4.4224,0
2/9/20 13:14,430.666666666667,430.625,0,0,4730.9,20.35,0,0,1.8,0,1877,0,0,528.286888888889,23.895,0,0,0.682904444444445,-2.26233333333333,0,4,3744.6,22.0814666666667,-4.4224,0
2/9/20 13:19,430.75,430.708333333333,0,0,4730.9,20.35,0,0,1.8,0,1877,0,0,527.824888888889,23.895,0,0,0.67864,-2.26964444444444,0,4,3744.6,22.0082,-4.4224,0
2/9/20 13:24,430.833333333333,430.791666666667,0,0,4730.9,20.35,0,0,1.8,0,1877,0,0,527.988222222222,23.895,0,0,0.678415555555556,-2.26462222222222,0,4,3744.6,22.0856666666667,-4.4224,0
2/9/20 13:29,430.916666666667,430.875,0,0,4730.9,20.35,0,0,1.8,0,1877,0,0,528.475111111111,23.895,0,0,0.680746666666667,-2.25071111111111,0,4,3744.6,22.2943333333333,-4.4224,0
2/9/20 13:34,431,430.958333333333,0,0,4730.9,20.35,0,0,1.8,0,1877,0,0,528.5,23.895,0,0,0.678948888888889,-2.24731111111111,0,4,3744.6,22.3574333333333,-4.4224,0
2/9/20 13:39,431.083333333333,431.041666666667,0,0,4730.9,20.35,0,0,1.8,0,1877,0,0,528.311777777778,23.895,0,0,0.681431111111111,-2.23766666666667,0,4,3744.6,22.5455,-4.4224,0
2/9/20 13:44,431.166666666667,431.125,0,0,4730.9,20.35,0,0,1.8,0,1877,0,0,528.013111111111,23.895,0,0,0.682391111111111,-2.23035555555556,0,4,3744.6,22.6880666666667,-4.4224,0
2/9/20 13:49,431.25,431.208333333333,0,0,4730.9,20.35,0,0,1.8,0,1877,0,0,528.475111111111,23.895,0,0,0.682415555555555,-2.22462222222222,0,4,3744.6,22.7756666666667,-4.4224,0
2/9/20 13:54,431.333333333333,431.291666666667,0,0,4730.9,20.35,0,0,1.8,0,1877,0,0,528.5,23.895,0,0,0.683678257659653,-2.21607102251753,0,4,3744.6,22.903934662237,-4.4224,0
2/9/20 13:59,431.416666666667,431.375,0,0,4730.9,20.35,0,0,1.8,0,1877,0,0,528.313485,23.895,0,0,0.678823531229236,-2.22660892192691,0,4,3744.6,22.7618531710963,-4.4224,0
2/9/20 14:04,431.5,431.458333333333,0,0,4730.9,20.35,0,0,1.8,0,1877,0,0,528.01203,23.895,0,0,0.6799271,-2.2177,0,4,3744.6,22.921326,-4.42069472,0
2/9/20 14:09,431.583333333333,431.541666666667,0,0,4730.9,20.35,0,0,1.8,0,1877,0,0,528.28797,23.895,0,0,0.67920065,-2.213029,0,4,3744.6,22.967739,-4.41623328,0
2/9/20 14:14,431.666666666667,431.625,0,0,4730.9,20.35,0,0,1.8,0,1877,0,0,527.825515,23.92297725,0,0,0.67817515,-2.2143065,0,4,3744.6,22.9882155,-4.416,0
2/9/20 14:19,431.75,431.708333333333,0,0,4730.9,20.35,0,0,1.8,0,1877,0,0,527.986515,23.99617275,0,0,0.6792555,-2.2033935,0,4,3744.6,23.16608775,-4.416,0
2/9/20 14:24,431.833333333333,431.791666666667,0,0,4730.9,20.35,0,0,1.8,0,1877,0,0,528.474485,24,0,0,0.67495225,-2.2096355,0,4,3744.6,23.10382725,-4.416,0
2/9/20 14:29,431.916666666667,431.875,0,0,4730.9,20.35,0,0,1.8,0,1877,0,0,528.5,24,0,0,0.67350355,-2.21,0,4,3744.6,23.1,-4.416,0
2/9/20 14:34,432,431.958333333333,0,0,4730.9,20.35,0,0,1.8,0,1877,0,0,528.5,24,0,0,0.6704742,-2.21,0,4,3744.6,23.07202275,-4.416,0
2/9/20 14:39,432.083333333333,432.041666666667,0,0,4730.9,20.35,0,0,1.8,0,1877,0,0,528.5,24,0,0,0.6667516,-2.2073355,0,4,3744.6,23.05478175,-4.416,0
2/9/20 14:44,432.166666666667,432.125,0,0,4730.9,20.35,0,0,1.8,0,1877,0,0,528.5,24,0,0,0.66606195,-2.203029,0,4,3744.6,23.16936825,-4.416,0
2/9/20 14:49,432.25,432.208333333333,0,0,4730.9,20.35,0,0,1.8,0,1877,0,0,528.5,24,0,0,0.65805775,-2.2149645,0,4,3744.6,22.995915,-4.416,0
2/9/20 14:54,432.333333333333,432.291666666667,0,0,4730.9,20.35,0,0,1.8,0,1877,0,0,528.5,24,0,0,0.6478387,-2.2319355,0,4,3744.6,22.68578175,-4.41770528,0
2/9/20 14:59,432.416666666667,432.375,0,0,4730.9,20.35,0,0,1.8,0,1877,0,0,528.313485,24,0,0,0.64295225,-2.236971,0,4,3744.6,22.66023825,-4.42216672,0
2/9/20 15:04,432.5,432.458333333333,0,0,4730.9,20.35,0,0,1.8,0,1877,0,0,527.825515,24,0,0,0.63990485,-2.233029,0,4,3744.6,22.71295725,-4.4224,0
2/9/20 15:09,432.583333333333,432.541666666667,0,0,4730.9,20.35,0,0,1.8,0,1877,0,0,527.986515,24,0,0,0.6326929,-2.2423,0,4,3744.6,22.48295775,-4.4224,0
2/9/20 15:14,432.666666666667,432.625,0,0,4730.9,20.35,0,0,1.8,0,1877,0,0,528.28797,24,0,0,0.62662,-2.2523,0,4,3744.6,22.3468695,-4.4224,0
2/9/20 15:19,432.75,432.708333333333,0,0,4730.9,20.35,0,0,1.8,0,1877,0,0,527.825515,24,0,0,0.62141935,-2.2596355,0,4,3744.6,22.20710775,-4.4224,0
2/9/20 15:24,432.833333333333,432.791666666667,0,0,4730.9,20.35,0,0,1.8,0,1877,0,0,527.986515,24,0,0,0.61857645,-2.26,0,4,3744.6,22.2,-4.4224,0
2/9/20 15:29,432.916666666667,432.875,0,0,4730.9,20.35,0,0,1.8,0,1877,0,0,528.28797,24,0,0,0.61654,-2.26,0,4,3744.6,22.2,-4.4224,0
2/9/20 15:34,433,432.958333333333,0,0,4730.9,20.35,0,0,1.8,0,1877,0,0,527.825515,24,0,0,0.61320775,-2.2626645,0,4,3744.6,22.14804225,-4.4224,0
2/9/20 15:39,433.083333333333,433.041666666667,0,0,4730.9,20.35,0,0,1.8,0,1877,0,0,527.986515,24,0,0,0.6074558,-2.2696355,0,4,3744.6,22.01210775,-4.4224,0
2/9/20 15:44,433.166666666667,433.125,0,0,4730.9,20.35,0,0,1.8,0,1877,0,0,528.474485,23.97202275,0,0,0.60431,-2.27,0,4,3744.6,21.97702275,-4.4224,0
2/9/20 15:49,433.25,433.208333333333,0,0,4730.9,20.35,0,0,1.8,0,1877,0,0,528.313485,23.89882725,0,0,0.60157645,-2.27,0,4,3744.6,21.90382725,-4.4224,0
2/9/20 15:54,433.333333333333,433.291666666667,0,0,4730.9,20.35,0,0,1.8,0,1877,0,0,528.01203,23.895,0,0,0.6000729,-2.27,0,4,3744.6,21.9,-4.4224,0
2/9/20 15:59,433.416666666667,433.375,0,0,4730.9,20.35,0,0,1.8,0,1877,0,0,528.474485,23.895,0,0,0.59920065,-2.2726645,0,4,3744.6,21.87202275,-4.4224,0
2/9/20 16:04,433.5,433.458333333333,0,0,4730.9,20.35,0,0,1.8,0,1877,0,0,528.5,23.895,0,0,0.5968429,-2.2796355,0,4,3744.6,21.79882725,-4.4224,0
2/9/20 16:09,433.583333333333,433.541666666667,0,0,4730.9,20.35,0,0,1.8,0,1877,0,0,528.5,23.895,0,0,0.59550355,-2.2773355,0,4,3744.6,21.82297725,-4.4224,0
2/9/20 16:14,433.666666666667,433.625,0,0,4730.9,20.35,0,0,1.8,0,1877,0,0,528.313485,23.8710195,0,0,0.59354,-2.2703645,0,4,3744.6,21.89617275,-4.4224,0
2/9/20 16:19,433.75,433.708333333333,0,0,4730.9,20.35,0,0,1.8,0,1877,0,0,527.825515,23.8082805,0,0,0.59233935,-2.27,0,4,3744.6,21.92797725,-4.4224,0
2/9/20 16:24,433.833333333333,433.791666666667,0,0,4730.9,20.35,0,0,1.8,0,1877,0,0,527.8,23.805,0,0,0.59243065,-2.27,0,4,3744.6,22.00117275,-4.4224,0
2/9/20 16:29,433.916666666667,433.875,0,0,4730.9,20.35,0,0,1.8,0,1877,0,0,527.986515,23.805,0,0,0.5910729,-2.2673355,0,4,3744.6,22.0289805,-4.4224,0
2/9/20 16:34,434,433.958333333333,0,0,4730.9,20.35,0,0,1.8,0,1877,0,0,528.28797,23.805,0,0,0.59286515,-2.2550355,0,4,3744.6,22.19963175,-4.4224,0
2/9/20 16:39,434.083333333333,434.041666666667,0,0,4730.9,20.35,0,0,1.8,0,1877,0,0,527.825515,23.805,0,0,0.59667905,-2.2433935,0,4,3744.6,22.4572605,-4.4224,0
2/9/20 16:44,434.166666666667,434.125,0,0,4730.9,20.35,0,0,1.8,0,1877,0,0,527.986515,23.805,0,0,0.59387935,-2.2496355,0,4,3744.6,22.39882725,-4.4224,0
2/9/20 16:49,434.25,434.208333333333,0,0,4730.9,20.35,0,0,1.8,0,1877,0,0,528.474485,23.805,0,0,0.59250355,-2.25,0,4,3744.6,22.395,-4.4224,0
2/9/20 16:54,434.333333333333,434.291666666667,0,0,4730.9,20.35,0,0,1.8,0,1877,0,0,528.313485,23.805,0,0,0.5910729,-2.2473355,0,4,3744.6,22.42297725,-4.4224,0
2/9/20 16:59,434.416666666667,434.375,0,0,4730.9,20.35,0,0,1.8,0,1877,0,0,528.01203,23.805,0,0,0.591,-2.2403645,0,4,3744.6,22.49617275,-4.4224,0
2/9/20 17:04,434.5,434.458333333333,0,0,4730.9,20.35,0,0,1.8,0,1877,0,0,528.474485,23.805,0,0,0.59179935,-2.2373355,0,4,3744.6,22.55195775,-4.42069472,0
2/9/20 17:09,434.583333333333,434.541666666667,0,0,4730.9,20.35,0,0,1.8,0,1877,0,0,528.5,23.805,0,0,0.59389065,-2.2303645,0,4,3744.6,22.68789225,-4.41623328,0
2/9/20 17:14,434.666666666667,434.625,0,0,4730.9,20.35,0,0,1.8,0,1877,0,0,528.313485,23.805,0,0,0.5945329,-2.2273355,0,4,3744.6,22.7509545,-4.416,0
2/9/20 17:19,434.75,434.708333333333,0,0,4730.9,20.35,0,0,1.8,0,1877,0,0,527.825515,23.805,0,0,0.59646,-2.2177,0,4,3744.6,22.921326,-4.41770528,0
2/9/20 17:24,434.833333333333,434.791666666667,0,0,4730.9,20.35,0,0,1.8,0,1877,0,0,527.986515,23.805,0,0,0.59766065,-2.2103645,0,4,3744.6,22.9917195,-4.42046144,0
2/9/20 17:29,434.916666666667,434.875,0,0,4730.9,20.35,0,0,1.8,0,1877,0,0,528.28797,23.805,0,0,0.5957042,-2.215329,0,4,3744.6,22.94304225,-4.41793856,0
2/9/20 17:34,435,434.958333333333,0,0,4730.9,20.35,0,0,1.8,0,1877,0,0,527.825515,23.805,0,0,0.58951775,-2.2346,0,4,3744.6,22.6991955,-4.42216672,0
2/9/20 17:39,435.083333333333,435.041666666667,0,0,4730.9,20.35,0,0,1.8,0,1877,0,0,527.8,23.805,0,0,0.5818316,-2.249271,0,4,3744.6,22.40976225,-4.4224,0
2/9/20 17:44,435.166666666667,435.125,0,0,4730.9,20.35,0,0,1.8,0,1877,0,0,527.986515,23.805,0,0,0.57954,-2.25,0,4,3744.6,22.395,-4.4224,0
2/9/20 17:49,435.25,435.208333333333,0,0,4730.9,20.35,0,0,1.8,0,1877,0,0,528.28797,23.80899675,0,0,0.5780729,-2.25,0,4,3744.6,22.395,-4.4224,0
2/9/20 17:54,435.333333333333,435.291666666667,0,0,4730.9,20.35,0,0,1.8,0,1877,0,0,527.825515,23.8154565,0,0,0.578,-2.25,0,4,3744.6,22.395,-4.4224,0
2/9/20 17:59,435.416666666667,435.375,0,0,4730.9,20.35,0,0,1.8,0,1877,0,0,527.986515,23.82952725,0,0,0.5769342,-2.2526645,0,4,3744.6,22.34304225,-4.4224,0
2/9/20 18:04,435.5,435.458333333333,0,0,4730.9,20.35,0,0,1.8,0,1877,0,0,528.28797,23.867739,0,0,0.5752116,-2.256971,0,4,3744.6,22.235085,-4.4224,0
2/9/20 18:09,435.583333333333,435.541666666667,0,0,4730.9,20.35,0,0,1.8,0,1877,0,0,527.825515,23.8082805,0,0,0.57758775,-2.253029,0,4,3744.6,22.2731955,-4.4224,0
2/9/20 18:14,435.666666666667,435.625,0,0,4730.9,20.35,0,0,1.8,0,1877,0,0,527.986515,23.805,0,0,0.57650355,-2.2623,0,4,3744.6,22.1518695,-4.4224,0
2/9/20 18:19,435.75,435.708333333333,0,0,4730.9,20.35,0,0,1.8,0,1877,0,0,528.28797,23.805,0,0,0.5766716,-2.266971,0,4,3744.6,22.0640655,-4.4224,0
2/9/20 18:24,435.833333333333,435.791666666667,0,0,4730.9,20.35,0,0,1.8,0,1877,0,0,527.825515,23.805,0,0,0.58104775,-2.2603645,0,4,3744.6,22.164915,-4.4224,0
2/9/20 18:29,435.916666666667,435.875,0,0,4730.9,20.35,0,0,1.8,0,1877,0,0,527.986515,23.77702275,0,0,0.58356225,-2.26,0,4,3744.6,22.1268045,-4.4224,0
2/9/20 18:34,436,435.958333333333,0,0,4730.9,20.35,0,0,1.8,0,1877,0,0,528.474485,23.70382725,0,0,0.5867155,-2.2626645,0,4,3744.6,22.144215,-4.4224,0
2/9/20 18:39,436.083333333333,436.041666666667,0,0,4730.9,20.35,0,0,1.8,0,1877,0,0,528.5,23.7,0,0,0.5841458,-2.2696355,0,4,3744.6,22.01210775,-4.4224,0
2/9/20 18:44,436.166666666667,436.125,0,0,4730.9,20.35,0,0,1.8,0,1877,0,0,528.5,23.7,0,0,0.584,-2.27,0,4,3744.6,22.005,-4.4224,0
2/9/20 18:49,436.25,436.208333333333,0,0,4730.9,20.35,0,0,1.8,0,1877,0,0,528.313485,23.7,0,0,0.5845329,-2.2673355,0,4,3744.6,22.0289805,-4.4224,0
2/9/20 18:54,436.333333333333,436.291666666667,0,0,4730.9,20.35,0,0,1.8,0,1877,0,0,528.01203,23.7,0,0,0.5853942,-2.263029,0,4,3744.6,22.067739,-4.4224,0
2/9/20 18:59,436.416666666667,436.375,0,0,4730.9,20.35,0,0,1.8,0,1877,0,0,528.28797,23.7,0,0,0.5840729,-2.2696355,0,4,3744.6,22.0082805,-4.4224,0
2/9/20 19:04,436.5,436.458333333333,0,0,4730.9,20.35,0,0,1.8,0,1877,0,0,527.825515,23.7,0,0,0.5861316,-2.264671,0,4,3744.6,22.084935,-4.4224,0
2/9/20 19:09,436.583333333333,436.541666666667,0,0,4730.9,20.35,0,0,1.8,0,1877,0,0,527.8,23.7,0,0,0.592239529568106,-2.250729,0,4,3744.6,22.294065,-4.4224,0
2/9/20 19:14,436.666666666667,436.625,0,0,4730.9,20.35,0,0,1.8,0,1877,0,0,527.8,23.7,0,0,0.596037714876338,-2.24735977777778,0,4,3744.6,22.3842066666667,-4.4224,0
2/9/20 19:19,436.75,436.708333333333,0,0,4730.9,20.35,0,0,1.8,0,1877,0,0,527.8,23.7,0,0,0.602757244444444,-2.23773333333333,0,4,3744.6,22.5937933333333,-4.4224,0
2/9/20 19:24,436.833333333333,436.791666666667,0,0,4730.9,20.35,0,0,1.8,0,1877,0,0,527.984815555556,23.7,0,0,0.605322533333334,-2.23301377777778,0,4,3744.6,22.5772776666667,-4.4224,0
2/9/20 19:29,436.916666666667,436.875,0,0,4730.9,20.35,0,0,1.8,0,1877,0,0,528.289035555556,23.7,0,0,0.604338733333333,-2.23962644444444,0,4,3744.6,22.5039223333333,-4.4224,0
2/9/20 19:34,437,436.958333333333,0,0,4730.9,20.35,0,0,1.8,0,1877,0,0,527.826148888889,23.7,0,0,0.606018733333333,-2.24,0,4,3744.6,22.5277223333333,-4.42071025777778,0
2/9/20 19:39,437.083333333333,437.041666666667,0,0,4730.9,20.35,0,0,1.8,0,1877,0,0,527.8,23.7,0,0,0.610434711111111,-2.23735977777778,0,4,3744.6,22.652562,-4.41792881777778,0
2/9/20 19:44,437.166666666667,437.125,0,0,4730.9,20.35,0,0,1.8,0,1877,0,0,527.8,23.7,0,0,0.615831955555555,-2.22773333333333,0,4,3744.6,22.820438,-4.42216092444444,0
2/9/20 19:49,437.25,437.208333333333,0,0,4730.9,20.35,0,0,1.8,0,1877,0,0,527.8,23.7,0,0,0.618850577777778,-2.22301377777778,0,4,3744.6,22.8733553333333,-4.4224,0
2/9/20 19:54,437.333333333333,437.291666666667,0,0,4730.9,20.35,0,0,1.8,0,1877,0,0,527.8,23.7,0,0,0.619,-2.22962644444444,0,4,3744.6,22.8039223333333,-4.4224,0
2/9/20 19:59,437.416666666667,437.375,0,0,4730.9,20.35,0,0,1.8,0,1877,0,0,527.8,23.7,0,0,0.620056088888889,-2.22735977777778,0,4,3744.6,22.8277223333333,-4.4224,0
2/9/20 20:04,437.5,437.458333333333,0,0,4730.9,20.35,0,0,1.8,0,1877,0,0,527.8,23.7,0,0,0.623378622222222,-2.22037355555556,0,4,3744.6,22.9010776666667,-4.4224,0
2/9/20 20:09,437.583333333333,437.541666666667,0,0,4730.9,20.35,0,0,1.8,0,1877,0,0,527.984815555556,23.7277223333333,0,0,0.624661266666667,-2.22264022222222,0,4,3744.6,22.8772776666667,-4.4224,0
2/9/20 20:14,437.666666666667,437.625,0,0,4730.9,20.35,0,0,1.8,0,1877,0,0,528.473851111111,23.8010776666667,0,0,0.622981266666667,-2.23226666666667,0,4,3744.6,22.752438,-4.4224,0
2/9/20 20:19,437.75,437.708333333333,0,0,4730.9,20.35,0,0,1.8,0,1877,0,0,528.5,23.805,0,0,0.620149422222222,-2.23962644444444,0,4,3744.6,22.6122843333333,-4.4224,0
2/9/20 20:24,437.833333333333,437.791666666667,0,0,4730.9,20.35,0,0,1.8,0,1877,0,0,528.5,23.805,0,0,0.618943911111111,-2.24264022222222,0,4,3744.6,22.5495553333333,-4.4224,0
2/9/20 20:29,437.916666666667,437.875,0,0,4730.9,20.35,0,0,1.8,0,1877,0,0,528.5,23.805,0,0,0.616677466666667,-2.24698622222222,0,4,3744.6,22.430567,-4.4224,0
2/9/20 20:34,438,437.958333333333,0,0,4730.9,20.35,0,0,1.8,0,1877,0,0,528.315184444444,23.805,0,0,0.618981377777778,-2.24037355555556,0,4,3744.6,22.5238,-4.4224,0
2/9/20 20:39,438.083333333333,438.041666666667,0,0,4730.9,20.35,0,0,1.8,0,1877,0,0,528.010964444445,23.805,0,0,0.621850577777778,-2.24,0,4,3744.6,22.6010776666667,-4.4224,0
2/9/20 20:44,438.166666666667,438.125,0,0,4730.9,20.35,0,0,1.8,0,1877,0,0,528.473851111111,23.805,0,0,0.620943911111111,-2.24264022222222,0,4,3744.6,22.5495553333333,-4.4224,0
2/9/20 20:49,438.25,438.208333333333,0,0,4730.9,20.35,0,0,1.8,0,1877,0,0,528.315184444444,23.805,0,0,0.618149422222222,-2.24962644444444,0,4,3744.6,22.4028446666667,-4.4224,0
2/9/20 20:54,438.333333333333,438.291666666667,0,0,4730.9,20.35,0,0,1.8,0,1877,0,0,527.826148888889,23.805,0,0,0.619584133333334,-2.24471955555556,0,4,3744.6,22.4742066666667,-4.4224,0
2/9/20 20:59,438.416666666667,438.375,0,0,4730.9,20.35,0,0,1.8,0,1877,0,0,527.8,23.805,0,0,0.623775866666667,-2.23074711111111,0,4,3744.6,22.6837933333333,-4.4224,0
2/9/20 21:04,438.5,438.458333333333,0,0,4730.9,20.35,0,0,1.8,0,1877,0,0,527.8,23.805,0,0,0.624,-2.23,0,4,3744.6,22.695,-4.4224,0
2/9/20 21:09,438.583333333333,438.541666666667,0,0,4730.9,20.35,0,0,1.8,0,1877,0,0,527.8,23.805,0,0,0.624,-2.23,0,4,3744.6,22.695,-4.4224,0
2/9/20 21:14,438.666666666667,438.625,0,0,4730.9,20.35,0,0,1.8,0,1877,0,0,527.984815555556,23.805,0,0,0.624,-2.23,0,4,3744.6,22.695,-4.4224,0
2/9/20 21:19,438.75,438.708333333333,0,0,4730.9,20.35,0,0,1.8,0,1877,0,0,528.473851111111,23.805,0,0,0.623471955555556,-2.23,0,4,3744.6,22.695,-4.4224,0
2/9/20 21:24,438.833333333333,438.791666666667,0,0,4730.9,20.35,0,0,1.8,0,1877,0,0,528.315184444444,23.805,0,0,0.622074711111111,-2.23,0,4,3744.6,22.695,-4.4224,0
2/9/20 21:29,438.916666666667,438.875,0,0,4730.9,20.35,0,0,1.8,0,1877,0,0,527.826148888889,23.805,0,0,0.622,-2.23,0,4,3744.6,22.695,-4.4224,0
2/9/20 21:34,439,438.958333333333,0,0,4730.9,20.35,0,0,1.8,0,1877,0,0,527.984815555556,23.828762,0,0,0.622,-2.23,0,4,3744.6,22.695,-4.4224,0
2/9/20 21:39,439.083333333333,439.041666666667,0,0,4730.9,20.35,0,0,1.8,0,1877,0,0,528.473851111111,23.891638,0,0,0.621471955555555,-2.23264022222222,0,4,3744.6,22.671238,-4.4224,0
2/9/20 21:44,439.166666666667,439.125,0,0,4730.9,20.35,0,0,1.8,0,1877,0,0,528.315184444444,23.895,0,0,0.620074711111111,-2.23698622222222,0,4,3744.6,22.632124,-4.42071025777778,0
2/9/20 21:49,439.25,439.208333333333,0,0,4730.9,20.35,0,0,1.8,0,1877,0,0,527.826148888889,23.895,0,0,0.620792066666667,-2.23037355555556,0,4,3744.6,22.7193603333333,-4.41792881777778,0
2/9/20 21:54,439.333333333333,439.291666666667,0,0,4730.9,20.35,0,0,1.8,0,1877,0,0,527.984815555556,23.895,0,0,0.622887933333333,-2.23,0,4,3744.6,22.7960776666667,-4.42047118222222,0
2/9/20 21:59,439.416666666667,439.375,0,0,4730.9,20.35,0,0,1.8,0,1877,0,0,528.289035555556,23.895,0,0,0.621943911111111,-2.23,0,4,3744.6,22.7722776666667,-4.41792881777778,0
2/9/20 22:04,439.5,439.458333333333,0,0,4730.9,20.35,0,0,1.8,0,1877,0,0,527.826148888889,23.895,0,0,0.619677466666667,-2.22735977777778,0,4,3744.6,22.754367,-4.42216092444444,0
2/9/20 22:09,439.583333333333,439.541666666667,0,0,4730.9,20.35,0,0,1.8,0,1877,0,0,527.984815555556,23.895,0,0,0.621453333333333,-2.21773333333333,0,4,3744.6,22.9209173333333,-4.4224,0
2/9/20 22:14,439.666666666667,439.625,0,0,4730.9,20.35,0,0,1.8,0,1877,0,0,528.473851111111,23.895,0,0,0.621341155555556,-2.215654,0,4,3744.6,22.9401536666667,-4.4224,0
2/9/20 22:19,439.75,439.708333333333,0,0,4730.9,20.35,0,0,1.8,0,1877,0,0,528.5,23.9227223333333,0,0,0.616168044444445,-2.22925288888889,0,4,3744.6,22.779562,-4.4224,0
2/9/20 22:24,439.833333333333,439.791666666667,0,0,4730.9,20.35,0,0,1.8,0,1877,0,0,528.5,23.9960776666667,0,0,0.6128854,-2.23,0,4,3744.6,22.6989223333333,-4.42071025777778,0
2/9/20 22:29,439.916666666667,439.875,0,0,4730.9,20.35,0,0,1.8,0,1877,0,0,528.315184444444,24,0,0,0.612037355555555,-2.22735977777778,0,4,3744.6,22.7346033333333,-4.41792881777778,0
2/9/20 22:34,440,439.958333333333,0,0,4730.9,20.35,0,0,1.8,0,1877,0,0,527.826148888889,24,0,0,0.613056088888889,-2.21773333333333,0,4,3744.6,22.879,-4.42216092444444,0
2/9/20 22:39,440.083333333333,440.041666666667,0,0,4730.9,20.35,0,0,1.8,0,1877,0,0,527.984815555556,24,0,0,0.614794488888889,-2.21301377777778,0,4,3744.6,22.9656346666667,-4.42071025777778,0
2/9/20 22:44,440.166666666667,440.125,0,0,4730.9,20.35,0,0,1.8,0,1877,0,0,528.289035555556,24,0,0,0.612413444444444,-2.21698622222222,0,4,3744.6,22.9479653333333,-4.41792881777778,0
2/9/20 22:49,440.25,440.208333333333,0,0,4730.9,20.35,0,0,1.8,0,1877,0,0,527.826148888889,24,0,0,0.615074822222222,-2.20509311111111,0,4,3744.6,23.1404843333333,-4.42216092444444,0
2/9/20 22:54,440.333333333333,440.291666666667,0,0,4730.9,20.35,0,0,1.8,0,1877,0,0,527.8,24,0,0,0.618324955555555,-2.19866777777778,0,4,3744.6,23.2564213333333,-4.42071025777778,0
2/9/20 22:59,440.416666666667,440.375,0,0,4730.9,20.35,0,0,1.8,0,1877,0,0,527.8,24,0,0,0.6123362,-2.21887933333333,0,4,3744.6,22.923491,-4.41623907555556,0
2/9/20 23:04,440.5,440.458333333333,0,0,4730.9,20.35,0,0,1.8,0,1877,0,0,527.8,24.0277223333333,0,0,0.613056088888889,-2.21735977777778,0,4,3744.6,22.928762,-4.416,0
2/9/20 23:09,440.583333333333,440.541666666667,0,0,4730.9,20.35,0,0,1.8,0,1877,0,0,527.8,24.1010776666667,0,0,0.615850577777778,-2.21037355555556,0,4,3744.6,22.991638,-4.416,0
2/9/20 23:14,440.666666666667,440.625,0,0,4730.9,20.35,0,0,1.8,0,1877,0,0,527.8,24.105,0,0,0.617056088888889,-2.21,0,4,3744.6,23.0227223333333,-4.416,0
2/9/20 23:19,440.75,440.708333333333,0,0,4730.9,20.35,0,0,1.8,0,1877,0,0,527.8,24.105,0,0,0.619850577777778,-2.21,0,4,3744.6,23.0683553333333,-4.416,0
2/9/20 23:24,440.833333333333,440.791666666667,0,0,4730.9,20.35,0,0,1.8,0,1877,0,0,527.8,24.105,0,0,0.621578870431894,-2.21,0,4,3744.6,23.0265525658915,-4.416,0
2/9/20 23:29,440.916666666667,440.875,0,0,4730.9,20.35,0,0,1.8,0,1877,0,0,527.8,24.105,0,0,0.626032735123662,-2.21,0,4,3744.6,23.0959947674419,-4.416,0
2/9/20 23:34,441,440.958333333333,0,0,4730.9,20.35,0,0,1.8,0,1877,0,0,527.8,24.105,0,0,0.62800815,-2.21,0,4,3744.6,23.1,-4.416,0
2/9/20 23:39,441.083333333333,441.041666666667,0,0,4730.9,20.35,0,0,1.8,0,1877,0,0,527.8,24.105,0,0,0.630585305555556,-2.21,0,4,3744.6,23.0725314166667,-4.416,0
2/9/20 23:44,441.166666666667,441.125,0,0,4730.9,20.35,0,0,1.8,0,1877,0,0,527.8,24.105,0,0,0.631084694444444,-2.21,0,4,3744.6,23.0264871666667,-4.416,0
2/9/20 23:49,441.25,441.208333333333,0,0,4730.9,20.35,0,0,1.8,0,1877,0,0,527.8,24.105,0,0,0.634631727777778,-2.21,0,4,3744.6,23.0959814166667,-4.416,0
2/9/20 23:54,441.333333333333,441.291666666667,0,0,4730.9,20.35,0,0,1.8,0,1877,0,0,527.8,24.105,0,0,0.637146788888889,-2.21,0,4,3744.6,23.0725314166667,-4.416,0
2/9/20 23:59,441.416666666667,441.375,0,0,4730.9,20.35,0,0,1.8,0,1877,0,0,527.8,24.105,0,0,0.63900815,-2.21,0,4,3744.6,23.0264871666667,-4.41767427555556,0
2/10/20 0:04,441.5,441.458333333333,0,0,4730.9,20.35,0,0,1.8,0,1877,0,0,527.8,24.105,0,0,0.64367815,-2.20738394444444,0,4,3744.6,23.1469945,-4.42215505777778,0
2/10/20 0:09,441.583333333333,441.541666666667,0,0,4730.9,20.35,0,0,1.8,0,1877,0,0,527.8,24.105,0,0,0.649255305555556,-2.20038272222222,0,4,3744.6,23.2875369166667,-4.4224,0
2/10/20 0:14,441.666666666667,441.625,0,0,4730.9,20.35,0,0,1.8,0,1877,0,0,527.8,24.105,0,0,0.649877033333333,-2.20261605555556,0,4,3744.6,23.2165183333333,-4.4224,0
2/10/20 0:19,441.75,441.708333333333,0,0,4730.9,20.35,0,0,1.8,0,1877,0,0,527.8,24.105,0,0,0.647414694444444,-2.20961727777778,0,4,3744.6,23.0064816666667,-4.4224,0
2/10/20 0:24,441.833333333333,441.791666666667,0,0,4730.9,20.35,0,0,1.8,0,1877,0,0,527.8,24.105,0,0,0.648484938888889,-2.21,0,4,3744.6,22.995,-4.4224,0
2/10/20 0:29,441.916666666667,441.875,0,0,4730.9,20.35,0,0,1.8,0,1877,0,0,527.983123888889,24.105,0,0,0.648615427777778,-2.21523211111111,0,4,3744.6,22.9165183333333,-4.4224,0
2/10/20 0:34,442,441.958333333333,0,0,4730.9,20.35,0,0,1.8,0,1877,0,0,528.290085555556,24.105,0,0,0.645191361111111,-2.22923455555556,0,4,3744.6,22.7064816666667,-4.4224,0
2/10/20 0:39,442.083333333333,442.041666666667,0,0,4730.9,20.35,0,0,1.8,0,1877,0,0,527.826790555556,24.105,0,0,0.645261605555556,-2.23,0,4,3744.6,22.695,-4.4224,0
2/10/20 0:44,442.166666666667,442.125,0,0,4730.9,20.35,0,0,1.8,0,1877,0,0,527.983123888889,24.105,0,0,0.646746544444445,-2.23,0,4,3744.6,22.7224685833333,-4.4224,0
2/10/20 0:49,442.25,442.208333333333,0,0,4730.9,20.35,0,0,1.8,0,1877,0,0,528.290085555556,24.105,0,0,0.649931605555555,-2.22738394444444,0,4,3744.6,22.82345,-4.4224,0
2/10/20 0:54,442.333333333333,442.291666666667,0,0,4730.9,20.35,0,0,1.8,0,1877,0,0,528.009914444444,24.105,0,0,0.6523237,-2.22299877777778,0,4,3744.6,22.84604425,-4.4224,0
2/10/20 0:59,442.416666666667,442.375,0,0,4730.9,20.35,0,0,1.8,0,1877,0,0,528.473209444444,24.105,0,0,0.651599755555556,-2.22961727777778,0,4,3744.6,22.7030371666667,-4.4224,0
2/10/20 1:04,442.5,442.458333333333,0,0,4730.9,20.35,0,0,1.8,0,1877,0,0,528.5,24.105,0,0,0.653185061111111,-2.23,0,4,3744.6,22.695,-4.4224,0
2/10/20 1:09,442.583333333333,442.541666666667,0,0,4730.9,20.35,0,0,1.8,0,1877,0,0,528.316876111111,24.1285445,0,0,0.654484938888889,-2.23,0,4,3744.6,22.695,-4.4224,0
2/10/20 1:14,442.666666666667,442.625,0,0,4730.9,20.35,0,0,1.8,0,1877,0,0,527.826790555556,24.1915555,0,0,0.657493088888889,-2.23,0,4,3744.6,22.7224685833333,-4.4224,0
2/10/20 1:19,442.75,442.708333333333,0,0,4730.9,20.35,0,0,1.8,0,1877,0,0,527.983123888889,24.195,0,0,0.661770366666667,-2.23,0,4,3744.6,22.7685128333333,-4.42072572444444,0
2/10/20 1:24,442.833333333333,442.791666666667,0,0,4730.9,20.35,0,0,1.8,0,1877,0,0,528.290085555556,24.195,0,0,0.663569633333333,-2.22738394444444,0,4,3744.6,22.75395575,-4.41791921777778,0
2/10/20 1:29,442.916666666667,442.875,0,0,4730.9,20.35,0,0,1.8,0,1877,0,0,528.009914444444,24.195,0,0,0.669078394444445,-2.21776666666667,0,4,3744.6,22.9205073333333,-4.42215505777778,0
2/10/20 1:34,443,442.958333333333,0,0,4730.9,20.35,0,0,1.8,0,1877,0,0,528.473209444444,24.195,0,0,0.672808638888889,-2.21299877777778,0,4,3744.6,22.968011,-4.4224,0
2/10/20 1:39,443.083333333333,443.041666666667,0,0,4730.9,20.35,0,0,1.8,0,1877,0,0,528.316876111111,24.195,0,0,0.674569633333333,-2.21700122222222,0,4,3744.6,22.9594575833333,-4.4224,0
2/10/20 1:44,443.166666666667,443.125,0,0,4730.9,20.35,0,0,1.8,0,1877,0,0,527.826790555556,24.195,0,0,0.679293577777778,-2.21038272222222,0,4,3744.6,23.0925369166667,-4.4224,0
2/10/20 1:49,443.25,443.208333333333,0,0,4730.9,20.35,0,0,1.8,0,1877,0,0,527.983123888889,24.195,0,0,0.680923455555555,-2.21,0,4,3744.6,23.1,-4.4224,0
2/10/20 1:54,443.333333333333,443.291666666667,0,0,4730.9,20.35,0,0,1.8,0,1877,0,0,528.473209444444,24.195,0,0,0.680215183333333,-2.21261605555556,0,4,3744.6,23.0489869166667,-4.4224,0
2/10/20 1:59,443.416666666667,443.375,0,0,4730.9,20.35,0,0,1.8,0,1877,0,0,528.5,24.195,0,0,0.678638027777778,-2.21700122222222,0,4,3744.6,22.9360075833333,-4.4224,0
2/10/20 2:04,443.5,443.458333333333,0,0,4730.9,20.35,0,0,1.8,0,1877,0,0,528.5,24.195,0,0,0.678353822222222,-2.21561483333333,0,4,3744.6,22.9130738333333,-4.4224,0
2/10/20 2:09,443.583333333333,443.541666666667,0,0,4730.9,20.35,0,0,1.8,0,1877,0,0,528.5,24.195,0,0,0.674229633333333,-2.22923455555556,0,4,3744.6,22.73395025,-4.4224,0
2/10/20 2:14,443.666666666667,443.625,0,0,4730.9,20.35,0,0,1.8,0,1877,0,0,528.5,24.195,0,0,0.674,-2.23,0,4,3744.6,22.7959814166667,-4.4224,0
2/10/20 2:19,443.75,443.708333333333,0,0,4730.9,20.35,0,0,1.8,0,1877,0,0,528.316876111111,24.195,0,0,0.674261605555555,-2.22738394444444,0,4,3744.6,22.8274685833333,-4.4224,0
2/10/20 2:24,443.833333333333,443.791666666667,0,0,4730.9,20.35,0,0,1.8,0,1877,0,0,528.009914444444,24.195,0,0,0.675484938888889,-2.21776666666667,0,4,3744.6,22.9245259166667,-4.4224,0
2/10/20 2:29,443.916666666667,443.875,0,0,4730.9,20.35,0,0,1.8,0,1877,0,0,528.473209444444,24.195,0,0,0.676400244444444,-2.21038272222222,0,4,3744.6,22.9915555,-4.4224,0
2/10/20 2:34,444,443.958333333333,0,0,4730.9,20.35,0,0,1.8,0,1877,0,0,528.5,24.2224685833333,0,0,0.674814938888889,-2.21,0,4,3744.6,23.0224685833333,-4.4224,0
2/10/20 2:39,444.083333333333,444.041666666667,0,0,4730.9,20.35,0,0,1.8,0,1877,0,0,528.316876111111,24.2959814166667,0,0,0.673515061111111,-2.21,0,4,3744.6,23.0959814166667,-4.4224,0
2/10/20 2:44,444.166666666667,444.125,0,0,4730.9,20.35,0,0,1.8,0,1877,0,0,527.826790555556,24.3,0,0,0.671291727777778,-2.21,0,4,3744.6,23.11177225,-4.4224,0
2/10/20 2:49,444.25,444.208333333333,0,0,4730.9,20.35,0,0,1.8,0,1877,0,0,527.983123888889,24.3,0,0,0.668591605555556,-2.21,0,4,3744.6,23.1315055,-4.4224,0
2/10/20 2:54,444.333333333333,444.291666666667,0,0,4730.9,20.35,0,0,1.8,0,1877,0,0,528.473209444444,24.3,0,0,0.665506911111111,-2.21,0,4,3744.6,23.0742536666667,-4.4224,0
2/10/20 2:59,444.416666666667,444.375,0,0,4730.9,20.35,0,0,1.8,0,1877,0,0,528.316876111111,24.3,0,0,0.660183211111111,-2.21,0,4,3744.6,22.9990185833333,-4.4224,0
2/10/20 3:04,444.5,444.458333333333,0,0,4730.9,20.35,0,0,1.8,0,1877,0,0,527.826790555556,24.3,0,0,0.656368272222222,-2.21,0,4,3744.6,22.995,-4.4224,0
2/10/20 3:09,444.583333333333,444.541666666667,0,0,4730.9,20.35,0,0,1.8,0,1877,0,0,527.8,24.3,0,0,0.653591605555555,-2.21,0,4,3744.6,23.0224685833333,-4.4224,0
2/10/20 3:14,444.666666666667,444.625,0,0,4730.9,20.35,0,0,1.8,0,1877,0,0,527.983123888889,24.3,0,0,0.651553333333333,-2.20738394444444,0,4,3744.6,23.12345,-4.4224,0
2/10/20 3:19,444.75,444.708333333333,0,0,4730.9,20.35,0,0,1.8,0,1877,0,0,528.290085555556,24.3,0,0,0.648245305555556,-2.20299877777778,0,4,3744.6,23.1735128333333,-4.4224,0
2/10/20 3:24,444.833333333333,444.791666666667,0,0,4730.9,20.35,0,0,1.8,0,1877,0,0,528.009914444444,24.3,0,0,0.642483088888889,-2.20961727777778,0,4,3744.6,23.1040185833333,-4.4224,0
2/10/20 3:29,444.916666666667,444.875,0,0,4730.9,20.35,0,0,1.8,0,1877,0,0,528.473209444444,24.3,0,0,0.638545183333333,-2.21,0,4,3744.6,23.0725314166667,-4.4224,0
2/10/20 3:34,445,444.958333333333,0,0,4730.9,20.35,0,0,1.8,0,1877,0,0,528.316876111111,24.3,0,0,0.632921605555556,-2.21,0,4,3744.6,22.9990185833333,-4.4224,0
2/10/20 3:39,445.083333333333,445.041666666667,0,0,4730.9,20.35,0,0,1.8,0,1877,0,0,527.826790555556,24.3,0,0,0.628144938888889,-2.21,0,4,3744.6,22.995,-4.4224,0
2/10/20 3:44,445.166666666667,445.125,0,0,4730.9,20.35,0,0,1.8,0,1877,0,0,527.8,24.3,0,0,0.625414694444445,-2.20738394444444,0,4,3744.6,23.0499371666667,-4.4224,0
2/10/20 3:49,445.25,445.208333333333,0,0,4730.9,20.35,0,0,1.8,0,1877,0,0,527.8,24.3,0,0,0.625438516666667,-2.20038272222222,0,4,3744.6,23.2205073333333,-4.4224,0
2/10/20 3:54,445.333333333333,445.291666666667,0,0,4730.9,20.35,0,0,1.8,0,1877,0,0,527.8,24.3,0,0,0.623291727777778,-2.2,0,4,3744.6,23.2915555,-4.4224,0
2/10/20 3:59,445.416666666667,445.375,0,0,4730.9,20.35,0,0,1.8,0,1877,0,0,527.983123888889,24.3,0,0,0.619021972222222,-2.20261605555556,0,4,3744.6,23.2439869166667,-4.4224,0
2/10/20 4:04,445.5,445.458333333333,0,0,4730.9,20.35,0,0,1.8,0,1877,0,0,528.473209444444,24.3,0,0,0.611474938888889,-2.20961727777778,0,4,3744.6,23.0799945,-4.4224,0
2/10/20 4:09,445.583333333333,445.541666666667,0,0,4730.9,20.35,0,0,1.8,0,1877,0,0,528.316876111111,24.3,0,0,0.606267905555556,-2.20738394444444,0,4,3744.6,23.05395575,-4.4224,0
2/10/20 4:14,445.666666666667,445.625,0,0,4730.9,20.35,0,0,1.8,0,1877,0,0,528.009914444444,24.3,0,0,0.604691972222222,-2.20299877777778,0,4,3744.6,23.16949425,-4.4224,0
2/10/20 4:19,445.75,445.708333333333,0,0,4730.9,20.35,0,0,1.8,0,1877,0,0,528.290085555556,24.3274685833333,0,0,0.599621727777778,-2.20961727777778,0,4,3744.6,23.1040185833333,-4.4224,0
2/10/20 4:24,445.833333333333,445.791666666667,0,0,4730.9,20.35,0,0,1.8,0,1877,0,0,527.826790555556,24.4009814166667,0,0,0.594968027777778,-2.20738394444444,0,4,3744.6,23.1274685833333,-4.4224,0
2/10/20 4:29,445.916666666667,445.875,0,0,4730.9,20.35,0,0,1.8,0,1877,0,0,527.983123888889,24.405,0,0,0.591945427777778,-2.20299877777778,0,4,3744.6,23.14604425,-4.4224,0
2/10/20 4:34,446,445.958333333333,0,0,4730.9,20.35,0,0,1.8,0,1877,0,0,528.290085555556,24.405,0,0,0.586567783333333,-2.20700122222222,0,4,3744.6,23.0579743333333,-4.4224,0
2/10/20 4:39,446.083333333333,446.041666666667,0,0,4730.9,20.35,0,0,1.8,0,1877,0,0,527.826790555556,24.3775314166667,0,0,0.585392094444444,-2.20299877777778,0,4,3744.6,23.16949425,-4.4224,0
2/10/20 4:44,446.166666666667,446.125,0,0,4730.9,20.35,0,0,1.8,0,1877,0,0,527.8,24.3040185833333,0,0,0.580968027777778,-2.20700122222222,0,4,3744.6,23.1314871666667,-4.4224,0
2/10/20 4:49,446.25,446.208333333333,0,0,4730.9,20.35,0,0,1.8,0,1877,0,0,527.8,24.3,0,0,0.579515061111111,-2.20038272222222,0,4,3744.6,23.2245259166667,-4.4224,0
2/10/20 4:54,446.333333333333,446.291666666667,0,0,4730.9,20.35,0,0,1.8,0,1877,0,0,527.8,24.3,0,0,0.577553333333333,-2.2,0,4,3744.6,23.2915555,-4.4224,0
2/10/20 4:59,446.416666666667,446.375,0,0,4730.9,20.35,0,0,1.8,0,1877,0,0,527.8,24.3,0,0,0.57633815,-2.19738394444444,0,4,3744.6,23.3499371666667,-4.4224,0
2/10/20 5:04,446.5,446.458333333333,0,0,4730.9,20.35,0,0,1.8,0,1877,0,0,527.983123888889,24.31177225,0,0,0.574868883333333,-2.19299877777778,0,4,3744.6,23.4420256666667,-4.4224,0
2/10/20 5:09,446.583333333333,446.541666666667,0,0,4730.9,20.35,0,0,1.8,0,1877,0,0,528.473209444444,24.3315055,0,0,0.567736544444444,-2.19961727777778,0,4,3744.6,23.2794926666667,-4.4224,0
2/10/20 5:14,446.666666666667,446.625,0,0,4730.9,20.35,0,0,1.8,0,1877,0,0,528.316876111111,24.30172225,0,0,0.562444816666667,-2.2,0,4,3744.6,23.2084445,-4.4224,0
2/10/20 5:19,446.75,446.708333333333,0,0,4730.9,20.35,0,0,1.8,0,1877,0,0,527.826790555556,24.3,0,0,0.559591605555556,-2.2,0,4,3744.6,23.2285445,-4.4224,0
2/10/20 5:24,446.833333333333,446.791666666667,0,0,4730.9,20.35,0,0,1.8,0,1877,0,0,527.8,24.3,0,0,0.558861361111111,-2.19738394444444,0,4,3744.6,23.3464926666667,-4.4224,0
2/10/20 5:29,446.916666666667,446.875,0,0,4730.9,20.35,0,0,1.8,0,1877,0,0,527.982515503876,24.3,0,0,0.559320764728682,-2.19038272222222,0,4,3744.6,23.4695855077519,-4.4224,0
2/10/20 5:34,447,446.958333333333,0,0,4730.9,20.35,0,0,1.8,0,1877,0,0,528.291211162791,24.3,0,0,0.555234418604651,-2.19,0,4,3744.6,23.4507583255814,-4.4224,0
2/10/20 5:39,447.083333333333,447.041666666667,0,0,4730.9,20.35,0,0,1.8,0,1877,0,0,527.82744,24.3,0,0,0.5542224,-2.19,0,4,3744.6,23.553504,-4.4224,0
2/10/20 5:44,447.166666666667,447.125,0,0,4730.9,20.35,0,0,1.8,0,1877,0,0,527.8,24.3,0,0,0.55134,-2.19,0,4,3744.6,23.50794,-4.4224,0
2/10/20 5:49,447.25,447.208333333333,0,0,4730.9,20.35,0,0,1.8,0,1877,0,0,527.98144,24.3,0,0,0.5475624,-2.19,0,4,3744.6,23.477784,-4.4224,0
2/10/20 5:54,447.333333333333,447.291666666667,0,0,4730.9,20.35,0,0,1.8,0,1877,0,0,528.29112,24.3,0,0,0.5411616,-2.192592,0,4,3744.6,23.353572,-4.4224,0
2/10/20 5:59,447.416666666667,447.375,0,0,4730.9,20.35,0,0,1.8,0,1877,0,0,527.82744,24.3,0,0,0.5342768,-2.199608,0,4,3744.6,23.212644,-4.4224,0
2/10/20 6:04,447.5,447.458333333333,0,0,4730.9,20.35,0,0,1.8,0,1877,0,0,527.8,24.3,0,0,0.5303792,-2.2,0,4,3744.6,23.205,-4.4224,0
2/10/20 6:09,447.583333333333,447.541666666667,0,0,4730.9,20.35,0,0,1.8,0,1877,0,0,527.8,24.3,0,0,0.5288952,-2.197408,0,4,3744.6,23.28276,-4.4224,0
2/10/20 6:14,447.666666666667,447.625,0,0,4730.9,20.35,0,0,1.8,0,1877,0,0,527.8,24.3,0,0,0.530364,-2.190392,0,4,3744.6,23.49324,-4.4224,0
2/10/20 6:19,447.75,447.708333333333,0,0,4730.9,20.35,0,0,1.8,0,1877,0,0,527.98144,24.3,0,0,0.525968,-2.195184,0,4,3744.6,23.400024,-4.4224,0
2/10/20 6:24,447.833333333333,447.791666666667,0,0,4730.9,20.35,0,0,1.8,0,1877,0,0,528.29112,24.3,0,0,0.5148784,-2.2144,0,4,3744.6,23.038116,-4.4224,0
2/10/20 6:29,447.916666666667,447.875,0,0,4730.9,20.35,0,0,1.8,0,1877,0,0,527.82744,24.3,0,0,0.507392,-2.226624,0,4,3744.6,22.838976,-4.4224,0
2/10/20 6:34,448,447.958333333333,0,0,4730.9,20.35,0,0,1.8,0,1877,0,0,527.8,24.272784,0,0,0.5059632,-2.220392,0,4,3744.6,22.900884,-4.4224,0
2/10/20 6:39,448.083333333333,448.041666666667,0,0,4730.9,20.35,0,0,1.8,0,1877,0,0,527.98144,24.199116,0,0,0.5018608,-2.222592,0,4,3744.6,22.877784,-4.4224,0
2/10/20 6:44,448.166666666667,448.125,0,0,4730.9,20.35,0,0,1.8,0,1877,0,0,528.29112,24.195,0,0,0.4966408,-2.229608,0,4,3744.6,22.7769,-4.4224,0
2/10/20 6:49,448.25,448.208333333333,0,0,4730.9,20.35,0,0,1.8,0,1877,0,0,527.82744,24.195,0,0,0.4917168,-2.23,0,4,3744.6,22.726332,-4.4224,0
2/10/20 6:54,448.333333333333,448.291666666667,0,0,4730.9,20.35,0,0,1.8,0,1877,0,0,527.98144,24.195,0,0,0.4880048,-2.232592,0,4,3744.6,22.718124,-4.4224,0
2/10/20 6:59,448.416666666667,448.375,0,0,4730.9,20.35,0,0,1.8,0,1877,0,0,528.29112,24.195,0,0,0.4825728,-2.237016,0,4,3744.6,22.562304,-4.4224,0
2/10/20 7:04,448.5,448.458333333333,0,0,4730.9,20.35,0,0,1.8,0,1877,0,0,527.82744,24.195,0,0,0.4837384,-2.2278,0,4,3744.6,22.741788,-4.4224,0
2/10/20 7:09,448.583333333333,448.541666666667,0,0,4730.9,20.35,0,0,1.8,0,1877,0,0,527.8,24.195,0,0,0.4848456,-2.222984,0,4,3744.6,22.869552,-4.4224,0
2/10/20 7:14,448.666666666667,448.625,0,0,4730.9,20.35,0,0,1.8,0,1877,0,0,527.8,24.195,0,0,0.4826752,-2.224424,0,4,3744.6,22.85466,-4.4224,0
2/10/20 7:19,448.75,448.708333333333,0,0,4730.9,20.35,0,0,1.8,0,1877,0,0,527.98144,24.195,0,0,0.483144,-2.210784,0,4,3744.6,22.987356,-4.4224,0
2/10/20 7:24,448.833333333333,448.791666666667,0,0,4730.9,20.35,0,0,1.8,0,1877,0,0,528.29112,24.195,0,0,0.481636,-2.207408,0,4,3744.6,23.049432,-4.4224,0
2/10/20 7:29,448.916666666667,448.875,0,0,4730.9,20.35,0,0,1.8,0,1877,0,0,527.82744,24.195,0,0,0.4824032,-2.200392,0,4,3744.6,23.196768,-4.4224,0
2/10/20 7:34,449,448.958333333333,0,0,4730.9,20.35,0,0,1.8,0,1877,0,0,527.8,24.195,0,0,0.4808192,-2.2,0,4,3744.6,23.228328,-4.4224,0
2/10/20 7:39,449.083333333333,449.041666666667,0,0,4730.9,20.35,0,0,1.8,0,1877,0,0,527.98144,24.171672,0,0,0.4790024,-2.2,0,4,3744.6,23.268144,-4.4224,0
2/10/20 7:44,449.166666666667,449.125,0,0,4730.9,20.35,0,0,1.8,0,1877,0,0,528.47256,24.108528,0,0,0.472528,-2.207776,0,4,3744.6,23.103552,-4.4224,0
2/10/20 7:49,449.25,449.208333333333,0,0,4730.9,20.35,0,0,1.8,0,1877,0,0,528.5,24.105,0,0,0.4604752,-2.231416,0,4,3744.6,22.765332,-4.4224,0
2/10/20 7:54,449.333333333333,449.291666666667,0,0,4730.9,20.35,0,0,1.8,0,1877,0,0,528.31856,24.105,0,0,0.4540544,-2.237016,0,4,3744.6,22.670964,-4.4224,0
2/10/20 7:59,449.416666666667,449.375,0,0,4730.9,20.35,0,0,1.8,0,1877,0,0,527.82744,24.105,0,0,0.4535576,-2.222616,0,4,3744.6,22.91838,-4.4224,0
2/10/20 8:04,449.5,449.458333333333,0,0,4730.9,20.35,0,0,1.8,0,1877,0,0,527.8,24.105,0,0,0.4546624,-2.198584,0,4,3744.6,23.240844,-4.4224,0
2/10/20 8:09,449.583333333333,449.541666666667,0,0,4730.9,20.35,0,0,1.8,0,1877,0,0,527.8,24.105,0,0,0.4542984,-2.1878,0,4,3744.6,23.4429,-4.4224,0
2/10/20 8:14,449.666666666667,449.625,0,0,4730.9,20.35,0,0,1.8,0,1877,0,0,527.98144,24.105,0,0,0.4510728,-2.188168,0,4,3744.6,23.459052,-4.42074112,0
2/10/20 8:19,449.75,449.708333333333,0,0,4730.9,20.35,0,0,1.8,0,1877,0,0,528.29112,24.116664,0,0,0.4395512,-2.208824,0,4,3744.6,23.119404,-4.41625088,0
2/10/20 8:24,449.833333333333,449.791666666667,0,0,4730.9,20.35,0,0,1.8,0,1877,0,0,527.82744,24.136572,0,0,0.4358976,-2.207408,0,4,3744.6,23.127216,-4.416,0
2/10/20 8:29,449.916666666667,449.875,0,0,4730.9,20.35,0,0,1.8,0,1877,0,0,527.8,24.106764,0,0,0.4363352,-2.195208,0,4,3744.6,23.301972,-4.41765888,0
2/10/20 8:34,450,449.958333333333,0,0,4730.9,20.35,0,0,1.8,0,1877,0,0,527.98144,24.105,0,0,0.4377304,-2.183376,0,4,3744.6,23.529168,-4.42049024,0
2/10/20 8:39,450.083333333333,450.041666666667,0,0,4730.9,20.35,0,0,1.8,0,1877,0,0,528.29112,24.128328,0,0,0.4338688,-2.184424,0,4,3744.6,23.51262,-4.41625088,0
2/10/20 8:44,450.166666666667,450.125,0,0,4730.9,20.35,0,0,1.8,0,1877,0,0,527.82744,24.191472,0,0,0.4356912,-2.173376,0,4,3744.6,23.734692,-4.416,0
2/10/20 8:49,450.25,450.208333333333,0,0,4730.9,20.35,0,0,1.8,0,1877,0,0,527.8,24.195,0,0,0.4310912,-2.177016,0,4,3744.6,23.680992,-4.416,0
2/10/20 8:54,450.333333333333,450.291666666667,0,0,4730.9,20.35,0,0,1.8,0,1877,0,0,527.8,24.195,0,0,0.4328824,-2.1678,0,4,3744.6,23.910456,-4.416,0
2/10/20 8:59,450.416666666667,450.375,0,0,4730.9,20.35,0,0,1.8,0,1877,0,0,527.8,24.195,0,0,0.4337776,-2.1578,0,4,3744.6,24.073644,-4.416,0
2/10/20 9:04,450.5,450.458333333333,0,0,4730.9,20.35,0,0,1.8,0,1877,0,0,527.8,24.195,0,0,0.4351048,-2.150392,0,4,3744.6,24.28824,-4.416,0
2/10/20 9:09,450.583333333333,450.541666666667,0,0,4730.9,20.35,0,0,1.8,0,1877,0,0,527.8,24.195,0,0,0.4333768,-2.147408,0,4,3744.6,24.37776,-4.416,0
2/10/20 9:14,450.666666666667,450.625,0,0,4730.9,20.35,0,0,1.8,0,1877,0,0,527.8,24.195,0,0,0.4337016,-2.1378,0,4,3744.6,24.615456,-4.416,0
2/10/20 9:19,450.75,450.708333333333,0,0,4730.9,20.35,0,0,1.8,0,1877,0,0,527.8,24.195,0,0,0.4325208,-2.130392,0,4,3744.6,24.724212,-4.416,0
2/10/20 9:24,450.833333333333,450.791666666667,0,0,4730.9,20.35,0,0,1.8,0,1877,0,0,527.61856,24.222216,0,0,0.4297824,-2.13,0,4,3744.6,24.791472,-4.416,0
2/10/20 9:29,450.916666666667,450.875,0,0,4730.9,20.35,0,0,1.8,0,1877,0,0,527.12744,24.295884,0,0,0.4264552,-2.127408,0,4,3744.6,24.849432,-4.416,0
2/10/20 9:34,451,450.958333333333,0,0,4730.9,20.35,0,0,1.8,0,1877,0,0,527.1,24.3,0,0,0.4261832,-2.1178,0,4,3744.6,25.020096,-4.416,0
2/10/20 9:39,451.083333333333,451.041666666667,0,0,4730.9,20.35,0,0,1.8,0,1877,0,0,527.1,24.3,0,0,0.4215256,-2.112984,0,4,3744.6,25.040928,-4.416,0
2/10/20 9:44,451.166666666667,451.125,0,0,4730.9,20.35,0,0,1.8,0,1877,0,0,527.280837209302,24.3,0,0,0.413100305647841,-2.119608,0,4,3744.6,24.907644,-4.416,0
2/10/20 9:49,451.25,451.208333333333,0,0,4730.9,20.35,0,0,1.8,0,1877,0,0,527.592232235142,24.3,0,0,0.407915999907715,-2.12,0,4,3744.6,24.9269645833333,-4.416,0
2/10/20 9:54,451.333333333333,451.291666666667,0,0,4730.9,20.35,0,0,1.8,0,1877,0,0,527.128097222222,24.3,0,0,0.402659861111111,-2.12,0,4,3744.6,24.9738208333333,-4.416,0
2/10/20 9:59,451.416666666667,451.375,0,0,4730.9,20.35,0,0,1.8,0,1877,0,0,527.1,24.3,0,0,0.397470416666667,-2.12,0,4,3744.6,24.9311791666667,-4.416,0
2/10/20 10:04,451.5,451.458333333333,0,0,4730.9,20.35,0,0,1.8,0,1877,0,0,527.1,24.3269645833333,0,0,0.395377222222222,-2.11743194444444,0,4,3744.6,25.0508625,-4.416,0
2/10/20 10:09,451.583333333333,451.541666666667,0,0,4730.9,20.35,0,0,1.8,0,1877,0,0,527.1,24.4007854166667,0,0,0.394932638888889,-2.11040138888889,0,4,3744.6,25.1921729166667,-4.416,0
2/10/20 10:14,451.666666666667,451.625,0,0,4730.9,20.35,0,0,1.8,0,1877,0,0,527.1,24.405,0,0,0.390876527777778,-2.11,0,4,3744.6,25.1730354166667,-4.416,0
2/10/20 10:19,451.75,451.708333333333,0,0,4730.9,20.35,0,0,1.8,0,1877,0,0,527.1,24.405,0,0,0.386687083333333,-2.11,0,4,3744.6,25.1261791666667,-4.416,0
2/10/20 10:24,451.833333333333,451.791666666667,0,0,4730.9,20.35,0,0,1.8,0,1877,0,0,527.1,24.405,0,0,0.384309861111111,-2.11,0,4,3744.6,25.1957854166667,-4.416,0
2/10/20 10:29,451.916666666667,451.875,0,0,4730.9,20.35,0,0,1.8,0,1877,0,0,527.1,24.405,0,0,0.381093194444445,-2.11,0,4,3744.6,25.2,-4.416,0
2/10/20 10:34,452,451.958333333333,0,0,4730.9,20.35,0,0,1.8,0,1877,0,0,527.1,24.405,0,0,0.377390138888889,-2.11,0,4,3744.6,25.2,-4.416,0
2/10/20 10:39,452.083333333333,452.041666666667,0,0,4730.9,20.35,0,0,1.8,0,1877,0,0,527.1,24.405,0,0,0.374093194444444,-2.11,0,4,3744.6,25.2,-4.416,0
2/10/20 10:44,452.166666666667,452.125,0,0,4730.9,20.35,0,0,1.8,0,1877,0,0,527.1,24.4281125,0,0,0.3685925,-2.11256805555556,0,4,3744.6,25.1229583333333,-4.416,0
2/10/20 10:49,452.25,452.208333333333,0,0,4730.9,20.35,0,0,1.8,0,1877,0,0,527.1,24.4913875,0,0,0.361401388888889,-2.11959861111111,0,4,3744.6,24.93900625,-4.416,0
2/10/20 10:54,452.333333333333,452.291666666667,0,0,4730.9,20.35,0,0,1.8,0,1877,0,0,527.1,24.495,0,0,0.361256805555555,-2.11743194444444,0,4,3744.6,25.0238979166667,-4.416,0
2/10/20 10:59,452.416666666667,452.375,0,0,4730.9,20.35,0,0,1.8,0,1877,0,0,527.1,24.495,0,0,0.361959861111111,-2.11040138888889,0,4,3744.6,25.0913875,-4.416,0
2/10/20 11:04,452.5,452.458333333333,0,0,4730.9,20.35,0,0,1.8,0,1877,0,0,527.279763888889,24.495,0,0,0.35968875,-2.11513611111111,0,4,3744.6,24.9948458333333,-4.416,0
2/10/20 11:09,452.583333333333,452.541666666667,0,0,4730.9,20.35,0,0,1.8,0,1877,0,0,527.592138888889,24.495,0,0,0.352847638888889,-2.13176527777778,0,4,3744.6,24.6936895833333,-4.416,0
2/10/20 11:14,452.666666666667,452.625,0,0,4730.9,20.35,0,0,1.8,0,1877,0,0,527.128097222222,24.495,0,0,0.351337083333333,-2.13959861111111,0,4,3744.6,24.6042145833333,-4.416,0
2/10/20 11:19,452.75,452.708333333333,0,0,4730.9,20.35,0,0,1.8,0,1877,0,0,527.279763888889,24.495,0,0,0.349905416666667,-2.14256805555556,0,4,3744.6,24.5036979166667,-4.416,0
2/10/20 11:24,452.833333333333,452.791666666667,0,0,4730.9,20.35,0,0,1.8,0,1877,0,0,527.771902777778,24.5219645833333,0,0,0.344577916666667,-2.14959861111111,0,4,3744.6,24.2323479166667,-4.416,0
2/10/20 11:29,452.916666666667,452.875,0,0,4730.9,20.35,0,0,1.8,0,1877,0,0,527.8,24.5957854166667,0,0,0.346500694444444,-2.15,0,4,3744.6,24.22316875,-4.416,0
2/10/20 11:34,453,452.958333333333,0,0,4730.9,20.35,0,0,1.8,0,1877,0,0,527.8,24.6,0,0,0.352043194444444,-2.15,0,4,3744.6,24.3034895833333,-4.416,0
2/10/20 11:39,453.083333333333,453.041666666667,0,0,4730.9,20.35,0,0,1.8,0,1877,0,0,527.620236111111,24.6,0,0,0.357340138888889,-2.14743194444444,0,4,3744.6,24.3865770833333,-4.416,0
2/10/20 11:44,453.166666666667,453.125,0,0,4730.9,20.35,0,0,1.8,0,1877,0,0,527.307861111111,24.6,0,0,0.357393472222222,-2.15067361111111,0,4,3744.6,24.3186958333333,-4.416,0
2/10/20 11:49,453.25,453.208333333333,0,0,4730.9,20.35,0,0,1.8,0,1877,0,0,527.771902777778,24.6,0,0,0.342600694444445,-2.18353055555556,0,4,3744.6,23.5784041666667,-4.416,0
2/10/20 11:54,453.333333333333,453.291666666667,0,0,4730.9,20.35,0,0,1.8,0,1877,0,0,527.8,24.6,0,0,0.332968055555556,-2.20176527777778,0,4,3744.6,23.1756083333333,-4.416,0
2/10/20 11:59,453.416666666667,453.375,0,0,4730.9,20.35,0,0,1.8,0,1877,0,0,527.8,24.6,0,0,0.332364305555556,-2.20703055555556,0,4,3744.6,23.129975,-4.416,0
2/10/20 12:04,453.5,453.458333333333,0,0,4730.9,20.35,0,0,1.8,0,1877,0,0,527.8,24.6,0,0,0.335285694444445,-2.20296944444444,0,4,3744.6,23.14685625,-4.416,0
2/10/20 12:09,453.583333333333,453.541666666667,0,0,4730.9,20.35,0,0,1.8,0,1877,0,0,527.8,24.6,0,0,0.333566666666667,-2.21473472222222,0,4,3744.6,22.9533520833333,-4.416,0
2/10/20 12:14,453.666666666667,453.625,0,0,4730.9,20.35,0,0,1.8,0,1877,0,0,527.8,24.6,0,0,0.332850694444444,-2.22662916666667,0,4,3744.6,22.8347916666667,-4.416,0
2/10/20 12:19,453.75,453.708333333333,0,0,4730.9,20.35,0,0,1.8,0,1877,0,0,527.8,24.6,0,0,0.335906805555556,-2.22040138888889,0,4,3744.6,22.9007854166667,-4.416,0
2/10/20 12:24,453.833333333333,453.791666666667,0,0,4730.9,20.35,0,0,1.8,0,1877,0,0,527.8,24.6,0,0,0.339353055555556,-2.22,0,4,3744.6,22.905,-4.416,0
2/10/20 12:29,453.916666666667,453.875,0,0,4730.9,20.35,0,0,1.8,0,1877,0,0,527.979763888889,24.6,0,0,0.341176527777778,-2.22256805555556,0,4,3744.6,22.8780354166667,-4.416,0
2/10/20 12:34,454,453.958333333333,0,0,4730.9,20.35,0,0,1.8,0,1877,0,0,528.292138888889,24.6,0,0,0.340675833333333,-2.23216666666667,0,4,3744.6,22.7271729166667,-4.416,0
2/10/20 12:39,454.083333333333,454.041666666667,0,0,4730.9,20.35,0,0,1.8,0,1877,0,0,527.828097222222,24.5730354166667,0,0,0.337714305555556,-2.24216666666667,0,4,3744.6,22.4850770833333,-4.416,0
2/10/20 12:44,454.166666666667,454.125,0,0,4730.9,20.35,0,0,1.8,0,1877,0,0,527.979763888889,24.4992145833333,0,0,0.338662916666667,-2.24959861111111,0,4,3744.6,22.3761020833333,-4.416,0
2/10/20 12:49,454.25,454.208333333333,0,0,4730.9,20.35,0,0,1.8,0,1877,0,0,528.292138888889,24.495,0,0,0.338810555555556,-2.25,0,4,3744.6,22.3086125,-4.416,0
2/10/20 12:54,454.333333333333,454.291666666667,0,0,4730.9,20.35,0,0,1.8,0,1877,0,0,527.828097222222,24.495,0,0,0.342420416666667,-2.25,0,4,3744.6,22.3281125,-4.416,0
2/10/20 12:59,454.416666666667,454.375,0,0,4730.9,20.35,0,0,1.8,0,1877,0,0,527.8,24.495,0,0,0.347272777777778,-2.25,0,4,3744.6,22.3913875,-4.416,0
2/10/20 13:04,454.5,454.458333333333,0,0,4730.9,20.35,0,0,1.8,0,1877,0,0,527.8,24.495,0,0,0.351744583333333,-2.24486388888889,0,4,3744.6,22.4720416666667,-4.416,0
2/10/20 13:09,454.583333333333,454.541666666667,0,0,4730.9,20.35,0,0,1.8,0,1877,0,0,527.8,24.495,0,0,0.361356111111111,-2.23080277777778,0,4,3744.6,22.7099229166667,-4.416,0
2/10/20 13:14,454.666666666667,454.625,0,0,4730.9,20.35,0,0,1.8,0,1877,0,0,527.979166666667,24.495,0,0,0.365951170634921,-2.23511904761905,0,4,3744.6,22.692124702381,-4.416,0
2/10/20 13:19,454.75,454.708333333333,0,0,4730.9,20.35,0,0,1.8,0,1877,0,0,528.293237777778,24.495,0,0,0.364377279365079,-2.24918095238095,0,4,3744.6,22.3886877142857,-4.416,0
2/10/20 13:24,454.833333333333,454.791666666667,0,0,4730.9,20.35,0,0,1.8,0,1877,0,0,527.828762222222,24.495,0,0,0.365722177777778,-2.25,0,4,3744.6,22.3010653333333,-4.416,0
2/10/20 13:29,454.916666666667,454.875,0,0,4730.9,20.35,0,0,1.8,0,1877,0,0,527.8,24.483551,0,0,0.367876733333333,-2.25254422222222,0,4,3744.6,22.2304366666667,-4.416,0
2/10/20 13:34,455,454.958333333333,0,0,4730.9,20.35,0,0,1.8,0,1877,0,0,527.8,24.4404,0,0,0.368763266666667,-2.25958911111111,0,4,3744.6,22.102396,-4.416,0
2/10/20 13:39,455.083333333333,455.041666666667,0,0,4730.9,20.35,0,0,1.8,0,1877,0,0,527.8,24.406849,0,0,0.372912111111111,-2.25745577777778,0,4,3744.6,22.1484286666667,-4.416,0
2/10/20 13:44,455.166666666667,455.125,0,0,4730.9,20.35,0,0,1.8,0,1877,0,0,527.8,24.405,0,0,0.379434555555556,-2.25295511111111,0,4,3744.6,22.269657,-4.416,0
2/10/20 13:49,455.25,455.208333333333,0,0,4730.9,20.35,0,0,1.8,0,1877,0,0,527.8,24.405,0,0,0.383403266666667,-2.25704488888889,0,4,3744.6,22.2310286666667,-4.416,0
2/10/20 13:54,455.333333333333,455.291666666667,0,0,4730.9,20.35,0,0,1.8,0,1877,0,0,527.8,24.405,0,0,0.389534422222222,-2.25041088888889,0,4,3744.6,22.3006856666667,-4.416,0
2/10/20 13:59,455.416666666667,455.375,0,0,4730.9,20.35,0,0,1.8,0,1877,0,0,527.8,24.405,0,0,0.3972566,-2.24745577777778,0,4,3744.6,22.3546123333333,-4.416,0
2/10/20 14:04,455.5,455.458333333333,0,0,4730.9,20.35,0,0,1.8,0,1877,0,0,527.8,24.405,0,0,0.408151022222222,-2.23786666666667,0,4,3744.6,22.5683143333333,-4.416,0
2/10/20 14:09,455.583333333333,455.541666666667,0,0,4730.9,20.35,0,0,1.8,0,1877,0,0,527.8,24.405,0,0,0.418679177777778,-2.23041088888889,0,4,3744.6,22.738061,-4.416,0
2/10/20 14:14,455.666666666667,455.625,0,0,4730.9,20.35,0,0,1.8,0,1877,0,0,527.8,24.405,0,0,0.421739866666667,-2.23254422222222,0,4,3744.6,22.6130123333333,-4.416,0
2/10/20 14:19,455.75,455.708333333333,0,0,4730.9,20.35,0,0,1.8,0,1877,0,0,527.8,24.405,0,0,0.428493333333333,-2.23958911111111,0,4,3744.6,22.605,-4.416,0
2/10/20 14:24,455.833333333333,455.791666666667,0,0,4730.9,20.35,0,0,1.8,0,1877,0,0,527.8,24.3782856666667,0,0,0.434475644444445,-2.24254422222222,0,4,3744.6,22.5515713333333,-4.416,0
2/10/20 14:29,455.916666666667,455.875,0,0,4730.9,20.35,0,0,1.8,0,1877,0,0,527.8,24.3043143333333,0,0,0.440438644444444,-2.24450066666667,0,4,3744.6,22.4799553333333,-4.416,0
2/10/20 14:34,456,455.958333333333,0,0,4730.9,20.35,0,0,1.8,0,1877,0,0,527.8,24.3,0,0,0.4532234,-2.22827755555556,0,4,3744.6,22.736102,-4.416,0
2/10/20 14:39,456.083333333333,456.041666666667,0,0,4730.9,20.35,0,0,1.8,0,1877,0,0,527.8,24.3,0,0,0.465109933333333,-2.21786666666667,0,4,3744.6,22.9459836666667,-4.416,0
2/10/20 14:44,456.166666666667,456.125,0,0,4730.9,20.35,0,0,1.8,0,1877,0,0,527.8,24.3,0,0,0.476951288888889,-2.21041088888889,0,4,3744.6,23.0652733333333,-4.416,0
2/10/20 14:49,456.25,456.208333333333,0,0,4730.9,20.35,0,0,1.8,0,1877,0,0,527.8,24.3,0,0,0.485315377777778,-2.20745577777778,0,4,3744.6,23.052743,-4.416,0
2/10/20 14:54,456.333333333333,456.291666666667,0,0,4730.9,20.35,0,0,1.8,0,1877,0,0,527.8,24.3,0,0,0.494407066666667,-2.20804355555556,0,4,3744.6,23.066616,-4.416,0
2/10/20 14:59,456.416666666667,456.375,0,0,4730.9,20.35,0,0,1.8,0,1877,0,0,527.8,24.3,0,0,0.4926732,-2.23385577777778,0,4,3744.6,22.6396286666667,-4.416,0
2/10/20 15:04,456.5,456.458333333333,0,0,4730.9,20.35,0,0,1.8,0,1877,0,0,527.8,24.3,0,0,0.497988577777778,-2.24408977777778,0,4,3744.6,22.4836533333333,-4.416,0
2/10/20 15:09,456.583333333333,456.541666666667,0,0,4730.9,20.35,0,0,1.8,0,1877,0,0,527.8,24.3,0,0,0.511632377777778,-2.23082177777778,0,4,3744.6,22.6826733333333,-4.416,0
2/10/20 15:14,456.666666666667,456.625,0,0,4730.9,20.35,0,0,1.8,0,1877,0,0,527.8,24.3,0,0,0.52092,-2.23,0,4,3744.6,22.695,-4.416,0
2/10/20 15:19,456.75,456.708333333333,0,0,4730.9,20.35,0,0,1.8,0,1877,0,0,527.8,24.3,0,0,0.528139044444444,-2.23254422222222,0,4,3744.6,22.6453876666667,-4.416,0
2/10/20 15:24,456.833333333333,456.791666666667,0,0,4730.9,20.35,0,0,1.8,0,1877,0,0,527.8,24.2732856666667,0,0,0.533734155555556,-2.23704488888889,0,4,3744.6,22.5576246666667,-4.416,0
2/10/20 15:29,456.916666666667,456.875,0,0,4730.9,20.35,0,0,1.8,0,1877,0,0,527.8,24.2260286666667,0,0,0.548454422222222,-2.22532244444444,0,4,3744.6,22.7633143333333,-4.416,0
2/10/20 15:34,457,456.958333333333,0,0,4730.9,20.35,0,0,1.8,0,1877,0,0,527.8,24.288053,0,0,0.562632377777778,-2.21082177777778,0,4,3744.6,22.9826733333333,-4.416,0
2/10/20 15:39,457.083333333333,457.041666666667,0,0,4730.9,20.35,0,0,1.8,0,1877,0,0,527.8,24.252151,0,0,0.571411155555556,-2.21254422222222,0,4,3744.6,22.972102,-4.416,0
2/10/20 15:44,457.166666666667,457.125,0,0,4730.9,20.35,0,0,1.8,0,1877,0,0,527.8,24.2171633333333,0,0,0.5792566,-2.21958911111111,0,4,3744.6,22.931596,-4.416,0
2/10/20 15:49,457.25,457.208333333333,0,0,4730.9,20.35,0,0,1.8,0,1877,0,0,527.8,24.274551,0,0,0.587352377777778,-2.22254422222222,0,4,3744.6,22.9416896666667,-4.416,0
2/10/20 15:54,457.333333333333,457.291666666667,0,0,4730.9,20.35,0,0,1.8,0,1877,0,0,527.8,24.2987673333333,0,0,0.591148844444444,-2.22958911111111,0,4,3744.6,22.781298,-4.416,0
2/10/20 15:59,457.416666666667,457.375,0,0,4730.9,20.35,0,0,1.8,0,1877,0,0,527.978095555556,24.3,0,0,0.597338777777778,-2.23,0,4,3744.6,22.7260286666667,-4.416,0
2/10/20 16:04,457.5,457.458333333333,0,0,4730.9,20.35,0,0,1.8,0,1877,0,0,528.293142222222,24.3,0,0,0.6056068,-2.23254422222222,0,4,3744.6,22.7460733333333,-4.41762830222222,0
2/10/20 16:09,457.583333333333,457.541666666667,0,0,4730.9,20.35,0,0,1.8,0,1877,0,0,528.006857777778,24.3,0,0,0.611125444444445,-2.23958911111111,0,4,3744.6,22.6130123333333,-4.42213703111111,0
2/10/20 16:14,457.666666666667,457.625,0,0,4730.9,20.35,0,0,1.8,0,1877,0,0,528.471237777778,24.3,0,0,0.617884622222222,-2.24254422222222,0,4,3744.6,22.5515713333333,-4.4224,0
2/10/20 16:19,457.75,457.708333333333,0,0,4730.9,20.35,0,0,1.8,0,1877,0,0,528.321904444445,24.3,0,0,0.620739866666667,-2.24958911111111,0,4,3744.6,22.4036286666667,-4.4224,0
2/10/20 16:24,457.833333333333,457.791666666667,0,0,4730.9,20.35,0,0,1.8,0,1877,0,0,527.828762222222,24.3,0,0,0.626475644444444,-2.25254422222222,0,4,3744.6,22.3453876666667,-4.4224,0
2/10/20 16:29,457.916666666667,457.875,0,0,4730.9,20.35,0,0,1.8,0,1877,0,0,527.8,24.3,0,0,0.6319298,-2.25704488888889,0,4,3744.6,22.2576246666667,-4.4224,0
2/10/20 16:34,458,457.958333333333,0,0,4730.9,20.35,0,0,1.8,0,1877,0,0,527.8,24.2732856666667,0,0,0.6412702,-2.25041088888889,0,4,3744.6,22.3640896666667,-4.4224,0
2/10/20 16:39,458.083333333333,458.041666666667,0,0,4730.9,20.35,0,0,1.8,0,1877,0,0,527.8,24.2260286666667,0,0,0.647184222222222,-2.24745577777778,0,4,3744.6,22.3583103333333,-4.4224,0
2/10/20 16:44,458.166666666667,458.125,0,0,4730.9,20.35,0,0,1.8,0,1877,0,0,527.8,24.2689713333333,0,0,0.657992377777778,-2.24041088888889,0,4,3744.6,22.4919876666667,-4.4224,0
2/10/20 16:49,458.25,458.208333333333,0,0,4730.9,20.35,0,0,1.8,0,1877,0,0,527.8,24.1993143333333,0,0,0.664534422222222,-2.24,0,4,3744.6,22.5,-4.4224,0
2/10/20 16:54,458.333333333333,458.291666666667,0,0,4730.9,20.35,0,0,1.8,0,1877,0,0,527.8,24.2217143333333,0,0,0.672002177777778,-2.24,0,4,3744.6,22.5267143333333,-4.4224,0
2/10/20 16:59,458.416666666667,458.375,0,0,4730.9,20.35,0,0,1.8,0,1877,0,0,527.8,24.2956856666667,0,0,0.68092,-2.24,0,4,3744.6,22.6006856666667,-4.4224,0
2/10/20 17:04,458.5,458.458333333333,0,0,4730.9,20.35,0,0,1.8,0,1877,0,0,527.8,24.3,0,0,0.68992,-2.23745577777778,0,4,3744.6,22.627898,-4.4224,0
2/10/20 17:09,458.583333333333,458.541666666667,0,0,4730.9,20.35,0,0,1.8,0,1877,0,0,527.8,24.3,0,0,0.697902311111111,-2.23295511111111,0,4,3744.6,22.6416896666667,-4.4224,0
2/10/20 17:14,458.666666666667,458.625,0,0,4730.9,20.35,0,0,1.8,0,1877,0,0,527.8,24.2732856666667,0,0,0.7023034,-2.24467755555556,0,4,3744.6,22.4316856666667,-4.4224,0
2/10/20 17:19,458.75,458.708333333333,0,0,4730.9,20.35,0,0,1.8,0,1877,0,0,527.8,24.1993143333333,0,0,0.706462044444445,-2.256634,0,4,3744.6,22.239041,-4.4224,0
2/10/20 17:24,458.833333333333,458.791666666667,0,0,4730.9,20.35,0,0,1.8,0,1877,0,0,527.8,24.195,0,0,0.716387755555556,-2.25041088888889,0,4,3744.6,22.3235836666667,-4.4224,0
2/10/20 17:29,458.916666666667,458.875,0,0,4730.9,20.35,0,0,1.8,0,1877,0,0,527.8,24.195,0,0,0.729890888888889,-2.24236733333333,0,4,3744.6,22.5325063333333,-4.4224,0
2/10/20 17:34,459,458.958333333333,0,0,4730.9,20.35,0,0,1.8,0,1877,0,0,527.8,24.195,0,0,0.746918088888889,-2.22377688888889,0,4,3744.6,22.8890323333333,-4.4224,0
2/10/20 17:39,459.083333333333,459.041666666667,0,0,4730.9,20.35,0,0,1.8,0,1877,0,0,527.8,24.195,0,0,0.753475644444444,-2.23213333333333,0,4,3744.6,22.7298366666667,-4.4224,0
2/10/20 17:44,459.166666666667,459.125,0,0,4730.9,20.35,0,0,1.8,0,1877,0,0,527.8,24.195,0,0,0.755876733333333,-2.24467755555556,0,4,3744.6,22.436,-4.4224,0
2/10/20 17:49,459.25,459.208333333333,0,0,4730.9,20.35,0,0,1.8,0,1877,0,0,527.8,24.195,0,0,0.761088444444444,-2.25408977777778,0,4,3744.6,22.3153676666667,-4.4224,0
2/10/20 17:54,459.333333333333,459.291666666667,0,0,4730.9,20.35,0,0,1.8,0,1877,0,0,527.8,24.195,0,0,0.778231288888889,-2.23827755555556,0,4,3744.6,22.611257,-4.4224,0
2/10/20 17:59,459.416666666667,459.375,0,0,4730.9,20.35,0,0,1.8,0,1877,0,0,527.8,24.195,0,0,0.791068844444444,-2.22786666666667,0,4,3744.6,22.7447306666667,-4.4224,0
2/10/20 18:04,459.5,459.458333333333,0,0,4730.9,20.35,0,0,1.8,0,1877,0,0,527.8,24.195,0,0,0.806004355555556,-2.21532244444444,0,4,3744.6,22.972698,-4.4224,0
2/10/20 18:09,459.583333333333,459.541666666667,0,0,4730.9,20.35,0,0,1.8,0,1877,0,0,527.8,24.195,0,0,0.822567888888889,-2.20082177777778,0,4,3744.6,23.2155713333333,-4.4224,0
2/10/20 18:14,459.666666666667,459.625,0,0,4730.9,20.35,0,0,1.8,0,1877,0,0,527.8,24.195,0,0,0.835264488888889,-2.19745577777778,0,4,3744.6,23.3180163333333,-4.4224,0
2/10/20 18:19,459.75,459.708333333333,0,0,4730.9,20.35,0,0,1.8,0,1877,0,0,527.8,24.195,0,0,0.8455834,-2.19295511111111,0,4,3744.6,23.3460733333333,-4.4224,0
2/10/20 18:24,459.833333333333,459.791666666667,0,0,4730.9,20.35,0,0,1.8,0,1877,0,0,527.8,24.195,0,0,0.853452244444445,-2.20213333333333,0,4,3744.6,23.186298,-4.4224,0
2/10/20 18:29,459.916666666667,459.875,0,0,4730.9,20.35,0,0,1.8,0,1877,0,0,527.978095555556,24.195,0,0,0.8589668,-2.21722177777778,0,4,3744.6,22.9783753333333,-4.4224,0
2/10/20 18:34,460,459.958333333333,0,0,4730.9,20.35,0,0,1.8,0,1877,0,0,528.293142222222,24.172102,0,0,0.861485444444444,-2.24131155555555,0,4,3744.6,22.5719103333333,-4.4224,0
2/10/20 18:39,460.083333333333,460.041666666667,0,0,4730.9,20.35,0,0,1.8,0,1877,0,0,527.828762222222,24.108698,0,0,0.868552111111111,-2.24958911111111,0,4,3744.6,22.4036286666667,-4.4224,0
2/10/20 18:44,460.166666666667,460.125,0,0,4730.9,20.35,0,0,1.8,0,1877,0,0,527.978095555556,24.105,0,0,0.878328977777778,-2.25,0,4,3744.6,22.372102,-4.4224,0
2/10/20 18:49,460.25,460.208333333333,0,0,4730.9,20.35,0,0,1.8,0,1877,0,0,528.293142222222,24.105,0,0,0.8862566,-2.25254422222222,0,4,3744.6,22.2819836666667,-4.4224,0
2/10/20 18:54,460.333333333333,460.291666666667,0,0,4730.9,20.35,0,0,1.8,0,1877,0,0,527.828762222222,24.105,0,0,0.895370066666667,-2.26213333333333,0,4,3744.6,22.154702,-4.4224,0
2/10/20 18:59,460.416666666667,460.375,0,0,4730.9,20.35,0,0,1.8,0,1877,0,0,527.978095555556,24.105,0,0,0.902747755555555,-2.26958911111111,0,4,3744.6,21.986298,-4.4224,0
2/10/20 19:04,460.5,460.458333333333,0,0,4730.9,20.35,0,0,1.8,0,1877,0,0,528.293142222222,24.0782856666667,0,0,0.911469933333333,-2.27,0,4,3744.6,21.9043143333333,-4.4224,0
2/10/20 19:09,460.583333333333,460.541666666667,0,0,4730.9,20.35,0,0,1.8,0,1877,0,0,528.006857777778,24.0043143333333,0,0,0.922346666666667,-2.27,0,4,3744.6,21.9,-4.4224,0
2/10/20 19:14,460.666666666667,460.625,0,0,4730.9,20.35,0,0,1.8,0,1877,0,0,528.471237777778,24,0,0,0.933346666666667,-2.27,0,4,3744.6,21.9,-4.4224,0
2/10/20 19:19,460.75,460.708333333333,0,0,4730.9,20.35,0,0,1.8,0,1877,0,0,528.5,24,0,0,0.945364355555556,-2.26745577777778,0,4,3744.6,21.9496123333333,-4.4224,0
2/10/20 19:24,460.833333333333,460.791666666667,0,0,4730.9,20.35,0,0,1.8,0,1877,0,0,528.5,24,0,0,0.959691155555555,-2.26041088888889,0,4,3744.6,22.0869876666667,-4.4224,0
2/10/20 19:29,460.916666666667,460.875,0,0,4730.9,20.35,0,0,1.8,0,1877,0,0,528.321904444445,23.9732856666667,0,0,0.9735366,-2.25745577777778,0,4,3744.6,22.1484286666667,-4.4224,0
2/10/20 19:34,461,460.958333333333,0,0,4730.9,20.35,0,0,1.8,0,1877,0,0,528.006857777778,23.8993143333333,0,0,0.988904488888889,-2.25041088888889,0,4,3744.6,22.3192693333333,-4.4224,0
2/10/20 19:39,461.083333333333,461.041666666667,0,0,4730.9,20.35,0,0,1.8,0,1877,0,0,528.471237777778,23.895,0,0,1.00171455555556,-2.25254422222222,0,4,3744.6,22.3416896666667,-4.4224,0
2/10/20 19:44,461.166666666667,461.125,0,0,4730.9,20.35,0,0,1.8,0,1877,0,0,528.5,23.895,0,0,1.01015673333333,-2.26213333333333,0,4,3744.6,22.1584,-4.4224,0
2/10/20 19:49,461.25,461.208333333333,0,0,4730.9,20.35,0,0,1.8,0,1877,0,0,528.5,23.895,0,0,1.01653442222222,-2.26958911111111,0,4,3744.6,21.986298,-4.4224,0
2/10/20 19:54,461.333333333333,461.291666666667,0,0,4730.9,20.35,0,0,1.8,0,1877,0,0,528.5,23.895,0,0,1.02374775555556,-2.27254422222222,0,4,3744.6,21.8776,-4.4224,0
2/10/20 19:59,461.416666666667,461.375,0,0,4730.9,20.35,0,0,1.8,0,1877,0,0,528.321904444445,23.895,0,0,1.03475973333333,-2.27450066666667,0,4,3744.6,21.9023553333333,-4.4224,0
2/10/20 20:04,461.5,461.458333333333,0,0,4730.9,20.35,0,0,1.8,0,1877,0,0,527.828762222222,23.872102,0,0,1.05375782222222,-2.25573333333333,0,4,3744.6,22.2596856666667,-4.4224,0
2/10/20 20:09,461.583333333333,461.541666666667,0,0,4730.9,20.35,0,0,1.8,0,1877,0,0,527.8,23.808698,0,0,1.07056788888889,-2.24082177777778,0,4,3744.6,22.4876733333333,-4.4224,0
2/10/20 20:14,461.666666666667,461.625,0,0,4730.9,20.35,0,0,1.8,0,1877,0,0,527.8,23.805,0,0,1.0822468,-2.24254422222222,0,4,3744.6,22.4732856666667,-4.4224,0
2/10/20 20:19,461.75,461.708333333333,0,0,4730.9,20.35,0,0,1.8,0,1877,0,0,527.8,23.7782856666667,0,0,1.09051102222222,-2.24958911111111,0,4,3744.6,22.3993143333333,-4.4224,0
2/10/20 20:24,461.833333333333,461.791666666667,0,0,4730.9,20.35,0,0,1.8,0,1877,0,0,527.8,23.7043143333333,0,0,1.09982013333333,-2.25254422222222,0,4,3744.6,22.3453876666667,-4.4224,0
2/10/20 20:29,461.916666666667,461.875,0,0,4730.9,20.35,0,0,1.8,0,1877,0,0,527.8,23.7,0,0,1.10506666666667,-2.26213333333333,0,4,3744.6,22.1584,-4.4224,0
2/10/20 20:34,462,461.958333333333,0,0,4730.9,20.35,0,0,1.8,0,1877,0,0,527.8,23.7,0,0,1.11082993333333,-2.26958911111111,0,4,3744.6,22.0130123333333,-4.4224,0
2/10/20 20:39,462.083333333333,462.041666666667,0,0,4730.9,20.35,0,0,1.8,0,1877,0,0,527.8,23.6732856666667,0,0,1.11845224444444,-2.27,0,4,3744.6,21.9782856666667,-4.4224,0
2/10/20 20:44,462.166666666667,462.125,0,0,4730.9,20.35,0,0,1.8,0,1877,0,0,527.8,23.5993143333333,0,0,1.12600217777778,-2.27,0,4,3744.6,21.9043143333333,-4.4224,0
2/10/20 20:49,462.25,462.208333333333,0,0,4730.9,20.35,0,0,1.8,0,1877,0,0,527.8,23.595,0,0,1.13542884444444,-2.27,0,4,3744.6,21.9267143333333,-4.4224,0
2/10/20 20:54,462.333333333333,462.291666666667,0,0,4730.9,20.35,0,0,1.8,0,1877,0,0,527.8,23.572102,0,0,1.14532897777778,-2.27,0,4,3744.6,21.9739713333333,-4.4224,0
2/10/20 20:59,462.416666666667,462.375,0,0,4730.9,20.35,0,0,1.8,0,1877,0,0,527.8,23.508698,0,0,1.15300217777778,-2.27,0,4,3744.6,21.9043143333333,-4.4224,0
2/10/20 21:04,462.5,462.458333333333,0,0,4730.9,20.35,0,0,1.8,0,1877,0,0,527.8,23.505,0,0,1.16192,-2.27254422222222,0,4,3744.6,21.8732856666667,-4.4224,0
2/10/20 21:09,462.583333333333,462.541666666667,0,0,4730.9,20.35,0,0,1.8,0,1877,0,0,527.8,23.4782856666667,0,0,1.17041115555556,-2.27958911111111,0,4,3744.6,21.7764163333333,-4.4224,0
2/10/20 21:14,462.666666666667,462.625,0,0,4730.9,20.35,0,0,1.8,0,1877,0,0,527.8,23.4043143333333,0,0,1.17749333333333,-2.28254422222222,0,4,3744.6,21.6819836666667,-4.4224,0
2/10/20 21:19,462.75,462.708333333333,0,0,4730.9,20.35,0,0,1.8,0,1877,0,0,527.8,23.4,0,0,1.18500217777778,-2.28958911111111,0,4,3744.6,21.6043143333333,-4.4224,0
2/10/20 21:24,462.833333333333,462.791666666667,0,0,4730.9,20.35,0,0,1.8,0,1877,0,0,527.8,23.4,0,0,1.19341115555556,-2.29,0,4,3744.6,21.5732856666667,-4.4224,0
2/10/20 21:29,462.916666666667,462.875,0,0,4730.9,20.35,0,0,1.8,0,1877,0,0,527.8,23.3732856666667,0,0,1.20049333333333,-2.29,0,4,3744.6,21.4993143333333,-4.4224,0
2/10/20 21:34,463,462.958333333333,0,0,4730.9,20.35,0,0,1.8,0,1877,0,0,527.8,23.2993143333333,0,0,1.20800217777778,-2.29,0,4,3744.6,21.495,-4.4224,0
2/10/20 21:39,463.083333333333,463.041666666667,0,0,4730.9,20.35,0,0,1.8,0,1877,0,0,527.8,23.295,0,0,1.21666557777778,-2.29,0,4,3744.6,21.495,-4.4224,0
2/10/20 21:44,463.166666666667,463.125,0,0,4730.9,20.35,0,0,1.8,0,1877,0,0,527.8,23.272102,0,0,1.22419782222222,-2.29254422222222,0,4,3744.6,21.472102,-4.4224,0
2/10/20 21:49,463.25,463.208333333333,0,0,4730.9,20.35,0,0,1.8,0,1877,0,0,527.8,23.208698,0,0,1.23155211111111,-2.29704488888889,0,4,3744.6,21.431596,-4.4224,0
2/10/20 21:54,463.333333333333,463.291666666667,0,0,4730.9,20.35,0,0,1.8,0,1877,0,0,527.8,23.205,0,0,1.24183782222222,-2.29041088888889,0,4,3744.6,21.491302,-4.4224,0
2/10/20 21:59,463.416666666667,463.375,0,0,4730.9,20.35,0,0,1.8,0,1877,0,0,527.978095555556,23.1782856666667,0,0,1.25015673333333,-2.29254422222222,0,4,3744.6,21.472102,-4.4224,0
2/10/20 22:04,463.5,463.458333333333,0,0,4730.9,20.35,0,0,1.8,0,1877,0,0,528.471237777778,23.1043143333333,0,0,1.25678884444444,-2.30213333333333,0,4,3744.6,21.3819836666667,-4.4224,0
2/10/20 22:09,463.583333333333,463.541666666667,0,0,4730.9,20.35,0,0,1.8,0,1877,0,0,528.321904444445,23.1,0,0,1.26470666666667,-2.30958911111111,0,4,3744.6,21.2852326666667,-4.4224,0
2/10/20 22:14,463.666666666667,463.625,0,0,4730.9,20.35,0,0,1.8,0,1877,0,0,527.828762222222,23.0732856666667,0,0,1.27219782222222,-2.31,0,4,3744.6,21.220449,-4.4224,0
2/10/20 22:19,463.75,463.708333333333,0,0,4730.9,20.35,0,0,1.8,0,1877,0,0,527.8,22.9993143333333,0,0,1.27955211111111,-2.31,0,4,3744.6,21.222947,-4.4224,0
2/10/20 22:24,463.833333333333,463.791666666667,0,0,4730.9,20.35,0,0,1.8,0,1877,0,0,527.978095555556,22.995,0,0,1.28907455555556,-2.31,0,4,3744.6,21.2689713333333,-4.4224,0
2/10/20 22:29,463.916666666667,463.875,0,0,4730.9,20.35,0,0,1.8,0,1877,0,0,528.293142222222,22.995,0,0,1.29655211111111,-2.31,0,4,3744.6,21.2260286666667,-4.4224,0
2/10/20 22:34,464,463.958333333333,0,0,4730.9,20.35,0,0,1.8,0,1877,0,0,528.006857777778,22.995,0,0,1.30582013333333,-2.31,0,4,3744.6,21.2956856666667,-4.4224,0
2/10/20 22:39,464.083333333333,464.041666666667,0,0,4730.9,20.35,0,0,1.8,0,1877,0,0,528.471237777778,22.995,0,0,1.3103034,-2.31,0,4,3744.6,21.2732856666667,-4.4224,0
2/10/20 22:44,464.166666666667,464.125,0,0,4730.9,20.35,0,0,1.8,0,1877,0,0,528.5,22.995,0,0,1.31420762222222,-2.30745577777778,0,4,3744.6,21.252743,-4.4224,0
2/10/20 22:49,464.25,464.208333333333,0,0,4730.9,20.35,0,0,1.8,0,1877,0,0,528.5,22.972102,0,0,1.32342884444444,-2.29532244444444,0,4,3744.6,21.472698,-4.4224,0
2/10/20 22:54,464.333333333333,464.291666666667,0,0,4730.9,20.35,0,0,1.8,0,1877,0,0,528.5,22.908698,0,0,1.33383782222222,-2.28082177777778,0,4,3744.6,21.7155713333333,-4.4224,0
2/10/20 22:59,464.416666666667,464.375,0,0,4730.9,20.35,0,0,1.8,0,1877,0,0,528.5,22.905,0,0,1.34190231111111,-2.28,0,4,3744.6,21.791302,-4.4224,0
2/10/20 23:04,464.5,464.458333333333,0,0,4730.9,20.35,0,0,1.8,0,1877,0,0,528.5,22.9240816666667,0,0,1.3485932,-2.27745577777778,0,4,3744.6,21.8484286666667,-4.4224,0
2/10/20 23:09,464.583333333333,464.541666666667,0,0,4730.9,20.35,0,0,1.8,0,1877,0,0,528.5,22.9807346666667,0,0,1.35807455555556,-2.27041088888889,0,4,3744.6,21.9963713333333,-4.4224,0
2/10/20 23:14,464.666666666667,464.625,0,0,4730.9,20.35,0,0,1.8,0,1877,0,0,528.5,22.9943836666667,0,0,1.36402557777778,-2.27,0,4,3744.6,22.005,-4.4224,0
2/10/20 23:19,464.75,464.708333333333,0,0,4730.9,20.35,0,0,1.8,0,1877,0,0,528.5,22.995,0,0,1.36957551111111,-2.26745577777778,0,4,3744.6,22.027898,-4.4224,0
2/10/20 23:24,464.833333333333,464.791666666667,0,0,4730.9,20.35,0,0,1.8,0,1877,0,0,528.5,22.995,0,0,1.37623891111111,-2.26041088888889,0,4,3744.6,22.1180163333333,-4.4224,0
2/10/20 23:29,464.916666666667,464.875,0,0,4730.9,20.35,0,0,1.8,0,1877,0,0,528.5,22.995,0,0,1.38228,-2.25745577777778,0,4,3744.6,22.2033183333333,-4.4224,0
2/10/20 23:34,465,464.958333333333,0,0,4730.9,20.35,0,0,1.8,0,1877,0,0,528.5,22.995,0,0,1.38700788888889,-2.25295511111111,0,4,3744.6,22.2211346666667,-4.4224,0
2/10/20 23:39,465.083333333333,465.041666666667,0,0,4730.9,20.35,0,0,1.8,0,1877,0,0,528.5,22.995,0,0,1.38846775555556,-2.25958911111111,0,4,3744.6,22.2012326666667,-4.4224,0
2/10/20 23:44,465.166666666667,465.125,0,0,4730.9,20.35,0,0,1.8,0,1877,0,0,528.5,22.995,0,0,1.39068108888889,-2.26,0,4,3744.6,22.2,-4.4224,0
2/10/20 23:49,465.25,465.208333333333,0,0,4730.9,20.35,0,0,1.8,0,1877,0,0,528.5,22.995,0,0,1.39440326666667,-2.25745577777778,0,4,3744.6,22.2381633333333,-4.4224,0
2/10/20 23:54,465.333333333333,465.291666666667,0,0,4730.9,20.35,0,0,1.8,0,1877,0,0,528.5,22.995,0,0,1.39875346666667,-2.25041088888889,0,4,3744.6,22.3323876666667,-4.4224,0
2/10/20 23:59,465.416666666667,465.375,0,0,4730.9,20.35,0,0,1.8,0,1877,0,0,528.5,22.995,0,0,1.399,-2.25,0,4,3744.6,22.306849,-4.4224,0
2/11/20 0:04,465.5,465.458333333333,0,0,4730.9,20.35,0,0,1.8,0,1877,0,0,528.5,22.995,0,0,1.40052653333333,-2.24745577777778,0,4,3744.6,22.3546123333333,-4.4224,0
2/11/20 0:09,465.583333333333,465.541666666667,0,0,4730.9,20.35,0,0,1.8,0,1877,0,0,528.5,22.995,0,0,1.40424462222222,-2.24041088888889,0,4,3744.6,22.4919876666667,-4.4224,0
2/11/20 0:14,465.666666666667,465.625,0,0,4730.9,20.35,0,0,1.8,0,1877,0,0,528.5,22.995,0,0,1.40308217777778,-2.24,0,4,3744.6,22.5,-4.4224,0
2/11/20 0:19,465.75,465.708333333333,0,0,4730.9,20.35,0,0,1.8,0,1877,0,0,528.5,23.0102653333333,0,0,1.40249115555556,-2.24,0,4,3744.6,22.5,-4.4224,0
2/11/20 0:24,465.833333333333,465.791666666667,0,0,4730.9,20.35,0,0,1.8,0,1877,0,0,528.5,23.0639836666667,0,0,1.40108217777778,-2.24,0,4,3744.6,22.5267143333333,-4.4224,0
2/11/20 0:29,465.916666666667,465.875,0,0,4730.9,20.35,0,0,1.8,0,1877,0,0,528.5,23.098151,0,0,1.40049115555556,-2.24,0,4,3744.6,22.6006856666667,-4.4224,0
2/11/20 0:34,466,465.958333333333,0,0,4730.9,20.35,0,0,1.8,0,1877,0,0,528.5,23.1,0,0,1.39831891111111,-2.24,0,4,3744.6,22.605,-4.4224,0
2/11/20 0:39,466.083333333333,466.041666666667,0,0,4730.9,20.35,0,0,1.8,0,1877,0,0,528.5,23.1,0,0,1.39510557777778,-2.24,0,4,3744.6,22.5782856666667,-4.42402830222222,0
2/11/20 0:44,466.166666666667,466.125,0,0,4730.9,20.35,0,0,1.8,0,1877,0,0,528.5,23.1,0,0,1.39114666666667,-2.24,0,4,3744.6,22.5043143333333,-4.42853703111111,0
2/11/20 0:49,466.25,466.208333333333,0,0,4730.9,20.35,0,0,1.8,0,1877,0,0,528.5,23.1,0,0,1.38740108888889,-2.24,0,4,3744.6,22.5,-4.4288,0
2/11/20 0:54,466.333333333333,466.291666666667,0,0,4730.9,20.35,0,0,1.8,0,1877,0,0,528.5,23.1,0,0,1.38359673333333,-2.24,0,4,3744.6,22.5,-4.4288,0
2/11/20 0:59,466.416666666667,466.375,0,0,4730.9,20.35,0,0,1.8,0,1877,0,0,528.5,23.1,0,0,1.37899211111111,-2.24,0,4,3744.6,22.5267143333333,-4.4288,0
2/11/20 1:04,466.5,466.458333333333,0,0,4730.9,20.35,0,0,1.8,0,1877,0,0,528.5,23.1267143333333,0,0,1.37651455555556,-2.24,0,4,3744.6,22.6006856666667,-4.4288,0
2/11/20 1:09,466.583333333333,466.541666666667,0,0,4730.9,20.35,0,0,1.8,0,1877,0,0,528.5,23.2006856666667,0,0,1.37148326666667,-2.23745577777778,0,4,3744.6,22.627898,-4.4288,0
2/11/20 1:14,466.666666666667,466.625,0,0,4730.9,20.35,0,0,1.8,0,1877,0,0,528.5,23.205,0,0,1.36734231111111,-2.23295511111111,0,4,3744.6,22.668404,-4.4288,0
2/11/20 1:19,466.75,466.708333333333,0,0,4730.9,20.35,0,0,1.8,0,1877,0,0,528.5,23.205,0,0,1.36177877777778,-2.23704488888889,0,4,3744.6,22.6583103333333,-4.4288,0
2/11/20 1:24,466.833333333333,466.791666666667,0,0,4730.9,20.35,0,0,1.8,0,1877,0,0,528.5,23.205,0,0,1.35779237777778,-2.23041088888889,0,4,3744.6,22.7652733333333,-4.4288,0
2/11/20 1:29,466.916666666667,466.875,0,0,4730.9,20.35,0,0,1.8,0,1877,0,0,528.5,23.205,0,0,1.34908,-2.23254422222222,0,4,3744.6,22.6764163333333,-4.4288,0
2/11/20 1:34,467,466.958333333333,0,0,4730.9,20.35,0,0,1.8,0,1877,0,0,528.5,23.205,0,0,1.34084326666667,-2.23704488888889,0,4,3744.6,22.631596,-4.4288,0
2/11/20 1:39,467.083333333333,467.041666666667,0,0,4730.9,20.35,0,0,1.8,0,1877,0,0,528.5,23.205,0,0,1.33421115555556,-2.23041088888889,0,4,3744.6,22.7180163333333,-4.4288,0
2/11/20 1:44,467.166666666667,467.125,0,0,4730.9,20.35,0,0,1.8,0,1877,0,0,528.5,23.205,0,0,1.32502122222222,-2.23,0,4,3744.6,22.7689713333333,-4.4288,0
2/11/20 1:49,467.25,467.208333333333,0,0,4730.9,20.35,0,0,1.8,0,1877,0,0,528.5,23.227898,0,0,1.31298993333333,-2.23254422222222,0,4,3744.6,22.6764163333333,-4.4288,0
2/11/20 1:54,467.333333333333,467.291666666667,0,0,4730.9,20.35,0,0,1.8,0,1877,0,0,528.5,23.291302,0,0,1.30312108888889,-2.23704488888889,0,4,3744.6,22.631596,-4.4288,0
2/11/20 1:59,467.416666666667,467.375,0,0,4730.9,20.35,0,0,1.8,0,1877,0,0,528.5,23.295,0,0,1.29255346666667,-2.23295511111111,0,4,3744.6,22.668404,-4.4288,0
2/11/20 2:04,467.5,467.458333333333,0,0,4730.9,20.35,0,0,1.8,0,1877,0,0,528.5,23.295,0,0,1.27856326666667,-2.23958911111111,0,4,3744.6,22.5819836666667,-4.4288,0
2/11/20 2:09,467.583333333333,467.541666666667,0,0,4730.9,20.35,0,0,1.8,0,1877,0,0,528.5,23.295,0,0,1.26720326666667,-2.23745577777778,0,4,3744.6,22.5539266666667,-4.4288,0
2/11/20 2:14,467.666666666667,467.625,0,0,4730.9,20.35,0,0,1.8,0,1877,0,0,528.5,23.295,0,0,1.25757115555556,-2.23041088888889,0,4,3744.6,22.713702,-4.4288,0
2/11/20 2:19,467.75,467.708333333333,0,0,4730.9,20.35,0,0,1.8,0,1877,0,0,528.5,23.295,0,0,1.24639891111111,-2.22745577777778,0,4,3744.6,22.8224,-4.4288,0
2/11/20 2:24,467.833333333333,467.791666666667,0,0,4730.9,20.35,0,0,1.8,0,1877,0,0,528.5,23.295,0,0,1.23393115555556,-2.22041088888889,0,4,3744.6,22.9006856666667,-4.4288,0
2/11/20 2:29,467.916666666667,467.875,0,0,4730.9,20.35,0,0,1.8,0,1877,0,0,528.5,23.295,0,0,1.22026775555556,-2.22,0,4,3744.6,22.905,-4.4288,0
2/11/20 2:34,468,467.958333333333,0,0,4730.9,20.35,0,0,1.8,0,1877,0,0,528.5,23.295,0,0,1.20595455555556,-2.22254422222222,0,4,3744.6,22.8782856666667,-4.4288,0
2/11/20 2:39,468.083333333333,468.041666666667,0,0,4730.9,20.35,0,0,1.8,0,1877,0,0,528.5,23.295,0,0,1.19019537777778,-2.22704488888889,0,4,3744.6,22.8310286666667,-4.4288,0
2/11/20 2:44,468.166666666667,468.125,0,0,4730.9,20.35,0,0,1.8,0,1877,0,0,528.5,23.295,0,0,1.17884897777778,-2.21786666666667,0,4,3744.6,22.9235836666667,-4.4288,0
2/11/20 2:49,468.25,468.208333333333,0,0,4730.9,20.35,0,0,1.8,0,1877,0,0,528.5,23.295,0,0,1.16475891111111,-2.21295511111111,0,4,3744.6,22.968404,-4.4288,0
2/11/20 2:54,468.333333333333,468.291666666667,0,0,4730.9,20.35,0,0,1.8,0,1877,0,0,528.5,23.295,0,0,1.14954557777778,-2.22213333333333,0,4,3744.6,22.8819836666667,-4.4288,0
2/11/20 2:59,468.416666666667,468.375,0,0,4730.9,20.35,0,0,1.8,0,1877,0,0,528.321904444445,23.295,0,0,1.1351132,-2.22450066666667,0,4,3744.6,22.8539266666667,-4.4288,0
2/11/20 3:04,468.5,468.458333333333,0,0,4730.9,20.35,0,0,1.8,0,1877,0,0,528.006857777778,23.295,0,0,1.12257686666667,-2.21591022222222,0,4,3744.6,22.9373753333333,-4.4288,0
2/11/20 3:09,468.583333333333,468.541666666667,0,0,4730.9,20.35,0,0,1.8,0,1877,0,0,528.293142222222,23.295,0,0,1.10623646666667,-2.22408977777778,0,4,3744.6,22.8576246666667,-4.4288,0
2/11/20 3:14,468.666666666667,468.625,0,0,4730.9,20.35,0,0,1.8,0,1877,0,0,528.006857777778,23.295,0,0,1.09484897777778,-2.21082177777778,0,4,3744.6,22.9869876666667,-4.42717169777778,0
2/11/20 3:19,468.75,468.708333333333,0,0,4730.9,20.35,0,0,1.8,0,1877,0,0,528.471237777778,23.295,0,0,1.08126775555556,-2.21,0,4,3744.6,22.995,-4.42266296888889,0
2/11/20 3:24,468.833333333333,468.791666666667,0,0,4730.9,20.35,0,0,1.8,0,1877,0,0,528.5,23.295,0,0,1.06797224444444,-2.21,0,4,3744.6,22.995,-4.4224,0
2/11/20 3:29,468.916666666667,468.875,0,0,4730.9,20.35,0,0,1.8,0,1877,0,0,528.5,23.3217143333333,0,0,1.05350448888889,-2.21254422222222,0,4,3744.6,22.972102,-4.4224,0
2/11/20 3:34,469,468.958333333333,0,0,4730.9,20.35,0,0,1.8,0,1877,0,0,528.5,23.3956856666667,0,0,1.03784108888889,-2.21958911111111,0,4,3744.6,22.908698,-4.4224,0
2/11/20 3:39,469.083333333333,469.041666666667,0,0,4730.9,20.35,0,0,1.8,0,1877,0,0,528.5,23.4,0,0,1.02305442222222,-2.22,0,4,3744.6,22.905,-4.4224,0
2/11/20 3:44,469.166666666667,469.125,0,0,4730.9,20.35,0,0,1.8,0,1877,0,0,528.5,23.4,0,0,1.00902516692506,-2.2225357696567,0,4,3744.6,22.8783744186047,-4.4224,0
2/11/20 3:49,469.25,469.208333333333,0,0,4730.9,20.35,0,0,1.8,0,1877,0,0,528.5,23.4,0,0,0.994805994186047,-2.22958089700997,0,4,3744.6,22.8044005813954,-4.4224,0
2/11/20 3:54,469.333333333333,469.291666666667,0,0,4730.9,20.35,0,0,1.8,0,1877,0,0,528.323565,23.4,0,0,0.98060615,-2.2274795,0,4,3744.6,22.82646525,-4.4224,0
2/11/20 3:59,469.416666666667,469.375,0,0,4730.9,20.35,0,0,1.8,0,1877,0,0,528.00587,23.4,0,0,0.9694882,-2.2179,0,4,3744.6,22.9497345,-4.4224,0
2/11/20 4:04,469.5,469.458333333333,0,0,4730.9,20.35,0,0,1.8,0,1877,0,0,528.29413,23.4,0,0,0.95955565,-2.2104205,0,4,3744.6,23.065335,-4.4224,0
2/11/20 4:09,469.583333333333,469.541666666667,0,0,4730.9,20.35,0,0,1.8,0,1877,0,0,528.00587,23.4,0,0,0.94560615,-2.21,0,4,3744.6,22.99941525,-4.4224,0
2/11/20 4:14,469.666666666667,469.625,0,0,4730.9,20.35,0,0,1.8,0,1877,0,0,528.470565,23.4,0,0,0.93322795,-2.21,0,4,3744.6,22.995,-4.4224,0
2/11/20 4:19,469.75,469.708333333333,0,0,4730.9,20.35,0,0,1.8,0,1877,0,0,528.5,23.4,0,0,0.92027,-2.2125205,0,4,3744.6,22.9723155,-4.4224,0
2/11/20 4:24,469.833333333333,469.791666666667,0,0,4730.9,20.35,0,0,1.8,0,1877,0,0,528.323565,23.4,0,0,0.90853025,-2.217059,0,4,3744.6,22.95793425,-4.4224,0
2/11/20 4:29,469.916666666667,469.875,0,0,4730.9,20.35,0,0,1.8,0,1877,0,0,528.00587,23.4,0,0,0.89855565,-2.212941,0,4,3744.6,23.0426505,-4.4224,0
2/11/20 4:34,470,469.958333333333,0,0,4730.9,20.35,0,0,1.8,0,1877,0,0,528.470565,23.4,0,0,0.8848582,-2.2195795,0,4,3744.6,22.91319975,-4.4224,0
2/11/20 4:39,470.083333333333,470.041666666667,0,0,4730.9,20.35,0,0,1.8,0,1877,0,0,528.5,23.4,0,0,0.87343795,-2.2225205,0,4,3744.6,22.87853475,-4.4224,0
2/11/20 4:44,470.166666666667,470.125,0,0,4730.9,20.35,0,0,1.8,0,1877,0,0,528.5,23.4,0,0,0.86223615,-2.227059,0,4,3744.6,22.8308805,-4.4224,0
2/11/20 4:49,470.25,470.208333333333,0,0,4730.9,20.35,0,0,1.8,0,1877,0,0,528.5,23.4,0,0,0.8510936,-2.222941,0,4,3744.6,22.84765425,-4.4224,0
2/11/20 4:54,470.333333333333,470.291666666667,0,0,4730.9,20.35,0,0,1.8,0,1877,0,0,528.5,23.42646525,0,0,0.8364464,-2.2295795,0,4,3744.6,22.7038305,-4.4224,0
2/11/20 4:59,470.416666666667,470.375,0,0,4730.9,20.35,0,0,1.8,0,1877,0,0,528.323565,23.4741195,0,0,0.82685795,-2.23,0,4,3744.6,22.7025615,-4.4224,0
2/11/20 5:04,470.5,470.458333333333,0,0,4730.9,20.35,0,0,1.8,0,1877,0,0,528.00587,23.4308805,0,0,0.81765615,-2.23,0,4,3744.6,22.74264225,-4.4224,0
2/11/20 5:09,470.583333333333,470.541666666667,0,0,4730.9,20.35,0,0,1.8,0,1877,0,0,528.470565,23.50058475,0,0,0.8100259,-2.23,0,4,3744.6,22.79684625,-4.4224,0
2/11/20 5:14,470.666666666667,470.625,0,0,4730.9,20.35,0,0,1.8,0,1877,0,0,528.5,23.505,0,0,0.8016141,-2.2274795,0,4,3744.6,22.82646525,-4.4224,0
2/11/20 5:19,470.75,470.708333333333,0,0,4730.9,20.35,0,0,1.8,0,1877,0,0,528.323565,23.505,0,0,0.7940259,-2.2204205,0,4,3744.6,22.90058475,-4.4224,0
2/11/20 5:24,470.833333333333,470.791666666667,0,0,4730.9,20.35,0,0,1.8,0,1877,0,0,527.829435,23.505,0,0,0.7846059,-2.2225205,0,4,3744.6,22.87853475,-4.4224,0
2/11/20 5:29,470.916666666667,470.875,0,0,4730.9,20.35,0,0,1.8,0,1877,0,0,527.976435,23.505,0,0,0.7752023,-2.227059,0,4,3744.6,22.8308805,-4.4224,0
2/11/20 5:34,471,470.958333333333,0,0,4730.9,20.35,0,0,1.8,0,1877,0,0,528.470565,23.505,0,0,0.76868975,-2.222941,0,4,3744.6,22.8741195,-4.4224,0
2/11/20 5:39,471.083333333333,471.041666666667,0,0,4730.9,20.35,0,0,1.8,0,1877,0,0,528.5,23.505,0,0,0.7604123,-2.2245385,0,4,3744.6,22.853565,-4.4224,0
2/11/20 5:44,471.166666666667,471.125,0,0,4730.9,20.35,0,0,1.8,0,1877,0,0,528.5,23.505,0,0,0.75439565,-2.215882,0,4,3744.6,22.9376505,-4.4224,0
2/11/20 5:49,471.25,471.208333333333,0,0,4730.9,20.35,0,0,1.8,0,1877,0,0,528.5,23.505,0,0,0.7452023,-2.2266385,0,4,3744.6,22.834665,-4.4224,0
2/11/20 5:54,471.333333333333,471.291666666667,0,0,4730.9,20.35,0,0,1.8,0,1877,0,0,528.5,23.505,0,0,0.73995,-2.2179,0,4,3744.6,22.92326925,-4.4224,0
2/11/20 5:59,471.416666666667,471.375,0,0,4730.9,20.35,0,0,1.8,0,1877,0,0,528.5,23.505,0,0,0.7344459,-2.2104205,0,4,3744.6,22.9912155,-4.4224,0
2/11/20 6:04,471.5,471.458333333333,0,0,4730.9,20.35,0,0,1.8,0,1877,0,0,528.323565,23.505,0,0,0.72727795,-2.2125205,0,4,3744.6,22.9723155,-4.4224,0
2/11/20 6:09,471.583333333333,471.541666666667,0,0,4730.9,20.35,0,0,1.8,0,1877,0,0,528.00587,23.505,0,0,0.71957205,-2.2195795,0,4,3744.6,22.9087845,-4.4224,0
2/11/20 6:14,471.666666666667,471.625,0,0,4730.9,20.35,0,0,1.8,0,1877,0,0,528.470565,23.505,0,0,0.71253,-2.22,0,4,3744.6,22.905,-4.4224,0
2/11/20 6:19,471.75,471.708333333333,0,0,4730.9,20.35,0,0,1.8,0,1877,0,0,528.5,23.505,0,0,0.7065382,-2.2174795,0,4,3744.6,22.9276845,-4.4224,0
2/11/20 6:24,471.833333333333,471.791666666667,0,0,4730.9,20.35,0,0,1.8,0,1877,0,0,528.5,23.505,0,0,0.70160565,-2.2154615,0,4,3744.6,22.94206575,-4.4224,0
2/11/20 6:29,471.916666666667,471.875,0,0,4730.9,20.35,0,0,1.8,0,1877,0,0,528.5,23.505,0,0,0.69366435,-2.2266385,0,4,3744.6,22.834665,-4.4224,0
2/11/20 6:34,472,471.958333333333,0,0,4730.9,20.35,0,0,1.8,0,1877,0,0,528.5,23.505,0,0,0.68961385,-2.2204205,0,4,3744.6,22.90058475,-4.4224,0
2/11/20 6:39,472.083333333333,472.041666666667,0,0,4730.9,20.35,0,0,1.8,0,1877,0,0,528.5,23.505,0,0,0.68197565,-2.225041,0,4,3744.6,22.829385,-4.4224,0
2/11/20 6:44,472.166666666667,472.125,0,0,4730.9,20.35,0,0,1.8,0,1877,0,0,528.5,23.505,0,0,0.6727987,-2.2366385,0,4,3744.6,22.66676475,-4.4224,0
2/11/20 6:49,472.25,472.208333333333,0,0,4730.9,20.35,0,0,1.8,0,1877,0,0,528.5,23.505,0,0,0.67094155,-2.2304205,0,4,3744.6,22.765335,-4.4224,0
2/11/20 6:54,472.333333333333,472.291666666667,0,0,4730.9,20.35,0,0,1.8,0,1877,0,0,528.5,23.505,0,0,0.66407615,-2.23,0,4,3744.6,22.69941525,-4.4224,0
2/11/20 6:59,472.416666666667,472.375,0,0,4730.9,20.35,0,0,1.8,0,1877,0,0,528.5,23.505,0,0,0.65970615,-2.23,0,4,3744.6,22.72146525,-4.4224,0
2/11/20 7:04,472.5,472.458333333333,0,0,4730.9,20.35,0,0,1.8,0,1877,0,0,528.5,23.47853475,0,0,0.65732795,-2.23,0,4,3744.6,22.79558475,-4.4224,0
2/11/20 7:09,472.583333333333,472.541666666667,0,0,4730.9,20.35,0,0,1.8,0,1877,0,0,528.323565,23.4308805,0,0,0.6538659,-2.2274795,0,4,3744.6,22.81890375,-4.4224,0
2/11/20 7:14,472.666666666667,472.625,0,0,4730.9,20.35,0,0,1.8,0,1877,0,0,528.00587,23.4741195,0,0,0.64920205,-2.222941,0,4,3744.6,22.8529425,-4.4224,0
2/11/20 7:19,472.75,472.708333333333,0,0,4730.9,20.35,0,0,1.8,0,1877,0,0,528.470565,23.40441525,0,0,0.6456641,-2.227059,0,4,3744.6,22.829619,-4.4224,0
2/11/20 7:24,472.833333333333,472.791666666667,0,0,4730.9,20.35,0,0,1.8,0,1877,0,0,528.5,23.4,0,0,0.64282385,-2.2204205,0,4,3744.6,22.90058475,-4.4224,0
2/11/20 7:29,472.916666666667,472.875,0,0,4730.9,20.35,0,0,1.8,0,1877,0,0,528.5,23.4,0,0,0.63921025,-2.2174795,0,4,3744.6,22.9276845,-4.4224,0
2/11/20 7:34,473,472.958333333333,0,0,4730.9,20.35,0,0,1.8,0,1877,0,0,528.5,23.4,0,0,0.63773975,-2.212941,0,4,3744.6,22.968531,-4.4224,0
2/11/20 7:39,473.083333333333,473.041666666667,0,0,4730.9,20.35,0,0,1.8,0,1877,0,0,528.5,23.4,0,0,0.63421025,-2.217059,0,4,3744.6,22.931469,-4.4224,0
2/11/20 7:44,473.166666666667,473.125,0,0,4730.9,20.35,0,0,1.8,0,1877,0,0,528.5,23.4,0,0,0.63374795,-2.2104205,0,4,3744.6,23.01768075,-4.4224,0
2/11/20 7:49,473.25,473.208333333333,0,0,4730.9,20.35,0,0,1.8,0,1877,0,0,528.5,23.4,0,0,0.63203385,-2.21,0,4,3744.6,23.09558475,-4.4224,0
2/11/20 7:54,473.333333333333,473.291666666667,0,0,4730.9,20.35,0,0,1.8,0,1877,0,0,528.5,23.4,0,0,0.62841205,-2.21,0,4,3744.6,23.1,-4.4224,0
2/11/20 7:59,473.416666666667,473.375,0,0,4730.9,20.35,0,0,1.8,0,1877,0,0,528.5,23.42646525,0,0,0.62259745,-2.215041,0,4,3744.6,22.99791975,-4.4224,0
2/11/20 8:04,473.5,473.458333333333,0,0,4730.9,20.35,0,0,1.8,0,1877,0,0,528.5,23.50058475,0,0,0.6120846,-2.229159,0,4,3744.6,22.7384955,-4.4224,0
2/11/20 8:09,473.583333333333,473.541666666667,0,0,4730.9,20.35,0,0,1.8,0,1877,0,0,528.5,23.505,0,0,0.60882385,-2.23,0,4,3744.6,22.79558475,-4.4224,0
2/11/20 8:14,473.666666666667,473.625,0,0,4730.9,20.35,0,0,1.8,0,1877,0,0,528.5,23.505,0,0,0.60369795,-2.23,0,4,3744.6,22.78109625,-4.4224,0
2/11/20 8:19,473.75,473.708333333333,0,0,4730.9,20.35,0,0,1.8,0,1877,0,0,528.5,23.505,0,0,0.60202485,-2.2224385,0,4,3744.6,22.84913775,-4.4224,0
2/11/20 8:24,473.833333333333,473.791666666667,0,0,4730.9,20.35,0,0,1.8,0,1877,0,0,528.323565,23.505,0,0,0.60903335,-2.2012615,0,4,3744.6,23.184816,-4.4224,0
2/11/20 8:29,473.916666666667,473.875,0,0,4730.9,20.35,0,0,1.8,0,1877,0,0,527.829435,23.505,0,0,0.6090923,-2.1974795,0,4,3744.6,23.25414975,-4.4224,0
2/11/20 8:34,474,473.958333333333,0,0,4730.9,20.35,0,0,1.8,0,1877,0,0,527.8,23.47853475,0,0,0.61208385,-2.1904205,0,4,3744.6,23.4182655,-4.4224,0
2/11/20 8:39,474.083333333333,474.041666666667,0,0,4730.9,20.35,0,0,1.8,0,1877,0,0,527.8,23.40441525,0,0,0.61321,-2.19,0,4,3744.6,23.511927,-4.4224,0
2/11/20 8:44,474.166666666667,474.125,0,0,4730.9,20.35,0,0,1.8,0,1877,0,0,527.8,23.4,0,0,0.6132018,-2.19,0,4,3744.6,23.5367655,-4.4224,0
2/11/20 8:49,474.25,474.208333333333,0,0,4730.9,20.35,0,0,1.8,0,1877,0,0,527.8,23.42646525,0,0,0.60860565,-2.1925205,0,4,3744.6,23.43127725,-4.4224,0
2/11/20 8:54,474.333333333333,474.291666666667,0,0,4730.9,20.35,0,0,1.8,0,1877,0,0,527.8,23.50058475,0,0,0.6014205,-2.1995795,0,4,3744.6,23.2402995,-4.4224,0
2/11/20 8:59,474.416666666667,474.375,0,0,4730.9,20.35,0,0,1.8,0,1877,0,0,527.8,23.505,0,0,0.6015041,-2.1974795,0,4,3744.6,23.31768075,-4.4224,0
2/11/20 9:04,474.5,474.458333333333,0,0,4730.9,20.35,0,0,1.8,0,1877,0,0,527.8,23.505,0,0,0.60417615,-2.1879,0,4,3744.6,23.4447345,-4.4224,0
2/11/20 9:09,474.583333333333,474.541666666667,0,0,4730.9,20.35,0,0,1.8,0,1877,0,0,527.8,23.505,0,0,0.60930205,-2.1779,0,4,3744.6,23.63973075,-4.4224,0
2/11/20 9:14,474.666666666667,474.625,0,0,4730.9,20.35,0,0,1.8,0,1877,0,0,527.8,23.505,0,0,0.61349565,-2.172941,0,4,3744.6,23.76970425,-4.4224,0
2/11/20 9:19,474.75,474.708333333333,0,0,4730.9,20.35,0,0,1.8,0,1877,0,0,527.8,23.505,0,0,0.61405025,-2.177059,0,4,3744.6,23.7308805,-4.4224,0
2/11/20 9:24,474.833333333333,474.791666666667,0,0,4730.9,20.35,0,0,1.8,0,1877,0,0,527.8,23.5276845,0,0,0.62061255,-2.1653795,0,4,3744.6,23.9253495,-4.4224,0
2/11/20 9:29,474.916666666667,474.875,0,0,4730.9,20.35,0,0,1.8,0,1877,0,0,527.8,23.5912155,0,0,0.6341418,-2.1483205,0,4,3744.6,24.35480025,-4.4224,0
2/11/20 9:34,475,474.958333333333,0,0,4730.9,20.35,0,0,1.8,0,1877,0,0,527.8,23.595,0,0,0.64354565,-2.1404205,0,4,3744.6,24.587385,-4.4224,0
2/11/20 9:39,475.083333333333,475.041666666667,0,0,4730.9,20.35,0,0,1.8,0,1877,0,0,527.8,23.595,0,0,0.6473359,-2.14,0,4,3744.6,24.57353475,-4.4224,0
2/11/20 9:44,475.166666666667,475.125,0,0,4730.9,20.35,0,0,1.8,0,1877,0,0,527.8,23.595,0,0,0.64866385,-2.1425205,0,4,3744.6,24.4502655,-4.4224,0
2/11/20 9:49,475.25,475.208333333333,0,0,4730.9,20.35,0,0,1.8,0,1877,0,0,527.8,23.595,0,0,0.6493023,-2.1495795,0,4,3744.6,24.334665,-4.4224,0
2/11/20 9:54,475.333333333333,475.291666666667,0,0,4730.9,20.35,0,0,1.8,0,1877,0,0,527.8,23.62146525,0,0,0.65329385,-2.15,0,4,3744.6,24.40058475,-4.4224,0
2/11/20 9:59,475.416666666667,475.375,0,0,4730.9,20.35,0,0,1.8,0,1877,0,0,527.8,23.69558475,0,0,0.65542,-2.15,0,4,3744.6,24.405,-4.4224,0
2/11/20 10:04,475.5,475.458333333333,0,0,4730.9,20.35,0,0,1.8,0,1877,0,0,527.8,23.7,0,0,0.6584282,-2.1474795,0,4,3744.6,24.45414975,-4.4224,0
2/11/20 10:09,475.583333333333,475.541666666667,0,0,4730.9,20.35,0,0,1.8,0,1877,0,0,527.8,23.7,0,0,0.66299975,-2.1404205,0,4,3744.6,24.565335,-4.4224,0
2/11/20 10:14,475.666666666667,475.625,0,0,4730.9,20.35,0,0,1.8,0,1877,0,0,527.8,23.7,0,0,0.6637059,-2.14,0,4,3744.6,24.488073,-4.4224,0
2/11/20 10:19,475.75,475.708333333333,0,0,4730.9,20.35,0,0,1.8,0,1877,0,0,527.8,23.72646525,0,0,0.6612777,-2.145041,0,4,3744.6,24.364935,-4.4224,0
2/11/20 10:24,475.833333333333,475.791666666667,0,0,4730.9,20.35,0,0,1.8,0,1877,0,0,527.8,23.80058475,0,0,0.65730255,-2.1566385,0,4,3744.6,24.168657,-4.4224,0
2/11/20 10:29,475.916666666667,475.875,0,0,4730.9,20.35,0,0,1.8,0,1877,0,0,527.8,23.805,0,0,0.6598318,-2.1504205,0,4,3744.6,24.280458,-4.4224,0
2/11/20 10:34,476,475.958333333333,0,0,4730.9,20.35,0,0,1.8,0,1877,0,0,527.8,23.805,0,0,0.6594959,-2.15,0,4,3744.6,24.24176925,-4.4224,0
2/11/20 10:39,476.083333333333,476.041666666667,0,0,4730.9,20.35,0,0,1.8,0,1877,0,0,527.8,23.805,0,0,0.6585882,-2.15,0,4,3744.6,24.22398825,-4.4224,0
2/11/20 10:44,476.166666666667,476.125,0,0,4730.9,20.35,0,0,1.8,0,1877,0,0,527.8,23.805,0,0,0.6599159,-2.15,0,4,3744.6,24.29558475,-4.4224,0
2/11/20 10:49,476.25,476.208333333333,0,0,4730.9,20.35,0,0,1.8,0,1877,0,0,527.623565,23.805,0,0,0.6589918,-2.15,0,4,3744.6,24.27353475,-4.4224,0
2/11/20 10:54,476.333333333333,476.291736680556,0,0,4730.9,20.35,0,0,1.8,0,1877,0,0,527.30587,23.805,0,0,0.6556641,-2.1525205,0,4,3744.6,24.17673075,-4.4224,0
2/11/20 10:59,476.416666666667,476.375196083333,0,0,4730.9,20.35,0,0,1.8,0,1877,0,0,527.770565,23.805,0,0,0.6540841,-2.157059,0,4,3744.6,24.131469,-4.4224,0
2/11/20 11:04,476.5,476.458345013889,0,0,4730.9,20.35,0,0,1.8,0,1877,0,0,527.8,23.805,0,0,0.6550082,-2.1504205,0,4,3744.6,24.21768075,-4.4224,0
2/11/20 11:09,476.583333333333,476.541666666667,0,0,4730.9,20.35,0,0,1.8,0,1877,0,0,527.623565,23.8276845,0,0,0.6573277,-2.15,0,4,3744.6,24.2691195,-4.4224,0
2/11/20 11:14,476.666666666667,476.625,0,0,4730.9,20.35,0,0,1.8,0,1877,0,0,527.129435,23.8912155,0,0,0.6560841,-2.15,0,4,3744.6,24.19941525,-4.4224,0
2/11/20 11:19,476.75,476.708333333333,0,0,4730.9,20.35,0,0,1.8,0,1877,0,0,527.1,23.895,0,0,0.65625205,-2.15,0,4,3744.6,24.22146525,-4.4224,0
2/11/20 11:24,476.833333333333,476.791666666667,0,0,4730.9,20.35,0,0,1.8,0,1877,0,0,527.1,23.895,0,0,0.65796615,-2.1474795,0,4,3744.6,24.3447345,-4.4224,0
2/11/20 11:29,476.916666666667,476.875,0,0,4730.9,20.35,0,0,1.8,0,1877,0,0,527.276435,23.895,0,0,0.6603277,-2.142941,0,4,3744.6,24.46411575,-4.4224,0
2/11/20 11:34,477,476.958333333333,0,0,4730.9,20.35,0,0,1.8,0,1877,0,0,527.770565,23.84585025,0,0,0.6575718,-2.1495795,0,4,3744.6,24.38231925,-4.4224,0
2/11/20 11:39,477.083333333333,477.041666666667,0,0,4730.9,20.35,0,0,1.8,0,1877,0,0,527.8,23.70819975,0,0,0.6527482,-2.15,0,4,3744.6,24.30441525,-4.4224,0
2/11/20 11:44,477.166666666667,477.125,0,0,4730.9,20.35,0,4.61E-02,1.8,0,1877,0,0,527.623565,23.7,0,0,0.65032795,-2.15,0,4,3744.6,24.3,-4.4224,0
2/11/20 11:49,477.25,477.208333333333,0,0,4730.9,20.35,0,0,1.8,0,1877,0,0,527.129435,23.67353475,0,0,0.64711795,-2.15,0,4,3744.6,24.3,-4.4224,0
2/11/20 11:54,477.333333333333,477.291666666667,0,0,4730.9,20.35,0,0,1.8,0,1877,0,0,527.276435,23.59941525,0,0,0.6441682,-2.15,0,4,3744.6,24.3,-4.4224,0
2/11/20 11:59,477.416666666667,477.375,0,0,4730.9,20.35,0,0,1.8,0,1877,0,0,527.770565,23.595,0,0,0.64223565,-2.15,0,4,3744.6,24.27353475,-4.4224,0
2/11/20 12:04,477.5,477.458333333333,0,0,4730.9,20.35,0,0,1.8,0,1877,0,0,527.623565,23.595,0,0,0.6375464,-2.1474795,0,4,3744.6,24.27503025,-4.4224,0
2/11/20 12:09,477.583333333333,477.541666666667,0,0,4730.9,20.35,0,0,1.8,8.33333333333333,1877.075615,0,0,527.129435,23.595,0,0,0.63543745,-2.142941,0,4,3744.6,24.43323525,-4.4224,0
2/11/20 12:14,477.666666666667,477.625,0,0,4730.9,20.35,0,0,1.8,0,1877.287385,0,0,527.276435,23.595,0,0,0.62363155,-2.1546205,0,4,3744.6,24.183435,-4.4224,0
2/11/20 12:19,477.75,477.708333333333,0,0,4730.9,20.35,0,0,1.8,0,1877.3,0,0,527.770565,23.595,0,0,0.60425385,-2.1767205,0,4,3744.6,23.67458475,-4.4224,0
2/11/20 12:24,477.833333333333,477.791666666667,0,0,4730.9,20.35,0,0,1.8,0,1877.3,0,0,527.8,23.595,0,0,0.5843964,-2.201259,0,4,3744.6,23.1772995,-4.4224,0
2/11/20 12:29,477.916666666667,477.875,0,0,4730.9,20.35,0,0,1.8,0,1877.3,0,0,527.623565,23.595,0,0,0.57232845,-2.2095795,0,4,3744.6,23.00004975,-4.4224,0
2/11/20 12:34,478,477.958333333333,0,0,4730.9,20.35,0,0,1.8,0,1877.3,0,0,527.129435,23.595,0,0,0.5664459,-2.2125205,0,4,3744.6,22.961727,-4.4224,0
2/11/20 12:39,478.083333333333,478.041666666667,0,0,4730.9,20.35,0,0,1.8,0,1877.3,0,0,527.1,23.595,0,0,0.56028615,-2.2195795,0,4,3744.6,22.90815375,-4.4224,0
2/11/20 12:44,478.166666666667,478.125,0,0,4730.9,20.35,0,0,1.8,0,1877.3,0,0,527.1,23.595,0,0,0.55742025,-2.2174795,0,4,3744.6,22.9276845,-4.4224,0
2/11/20 12:49,478.25,478.208333333333,0,0,4730.9,20.35,0,0,1.8,0,1877.3,0,0,527.276435,23.595,0,0,0.5572018,-2.212941,0,4,3744.6,22.968531,-4.4224,0
2/11/20 12:54,478.333333333333,478.291666666667,0,0,4730.9,20.35,0,0,1.8,0,1877.3,0,0,527.770565,23.595,0,0,0.55411795,-2.2221,0,4,3744.6,22.88231925,-4.4224,0
2/11/20 12:59,478.416666666667,478.375,0,0,4730.9,20.35,0,0,1.8,0,1877.3,0,0,527.623565,23.595,0,0,0.5516723,-2.227059,0,4,3744.6,22.8308805,-4.4224,0
2/11/20 13:04,478.5,478.458333333333,0,0,4730.9,20.35,0,0,1.8,0,1877.3,0,0,527.30587,23.595,0,0,0.5524118,-2.222941,0,4,3744.6,22.8741195,-4.4224,0
2/11/20 13:09,478.583333333333,478.541666666667,0,0,4730.9,20.35,0,0,1.8,0,1877.3,0,0,527.59413,23.595,0,0,0.5520923,-2.227059,0,4,3744.6,22.8308805,-4.4224,0
2/11/20 13:14,478.666666666667,478.625,0,0,4730.9,20.35,0,0,1.8,0,1877.3,0,0,527.129435,23.595,0,0,0.5548318,-2.2204205,0,4,3744.6,22.90058475,-4.4224,0
2/11/20 13:19,478.75,478.708333333333,0,0,4730.9,20.35,0,0,1.8,0,1877.3,0,0,527.1,23.595,0,0,0.5560082,-2.2174795,0,4,3744.6,22.9276845,-4.4224,0
2/11/20 13:24,478.833333333333,478.791666666667,0,0,4730.9,20.35,0,0,1.8,0,1877.3,0,0,527.1,23.595,0,0,0.5583277,-2.2154615,0,4,3744.6,22.94206575,-4.4224,0
2/11/20 13:29,478.916666666667,478.875,0,0,4730.9,20.35,0,0,1.8,0,1877.3,0,0,527.276435,23.595,0,0,0.55733615,-2.229159,0,4,3744.6,22.80819975,-4.4224,0
2/11/20 13:34,479,478.958333333333,0,0,4730.9,20.35,0,0,1.8,0,1877.3,0,0,527.594716162791,23.595,0,0,0.558460375249169,-2.23,0,4,3744.6,22.8,-4.4224,0
2/11/20 13:39,479.083333333333,479.041666666667,0,0,4730.9,20.35,0,0,1.8,0,1877.3,0,0,527.304797726098,23.595,0,0,0.560413619195275,-2.23,0,4,3744.6,22.8,-4.4224,0
2/11/20 13:44,479.166666666667,479.125,0,0,4730.9,20.35,0,0,1.8,0,1877.3,0,0,527.595102222222,23.572528,0,0,0.562912711111111,-2.22750311111111,0,4,3744.6,22.8262173333333,-4.4224,0
2/11/20 13:49,479.25,479.208333333333,0,0,4730.9,20.35,0,0,1.8,0,1877.3,0,0,527.304897777778,23.508872,0,0,0.566576977777778,-2.22043022222222,0,4,3744.6,22.9004826666667,-4.4224,0
2/11/20 13:54,479.333333333333,479.291666666667,0,0,4730.9,20.35,0,0,1.8,0,1877.3,0,0,527.595102222222,23.505,0,0,0.568870933333333,-2.22249688888889,0,4,3744.6,22.8787826666667,-4.4224,0
2/11/20 13:59,479.416666666667,479.375,0,0,4730.9,20.35,0,0,1.8,0,1877.3,0,0,527.130115555555,23.527472,0,0,0.569249688888889,-2.22956977777778,0,4,3744.6,22.7783,-4.4224,0
2/11/20 14:04,479.5,479.458333333333,0,0,4730.9,20.35,0,0,1.8,0,1877.3,0,0,527.1,23.591128,0,0,0.570955733333333,-2.23,0,4,3744.6,22.6995173333333,-4.4224,0
2/11/20 14:09,479.583333333333,479.541666666667,0,0,4730.9,20.35,0,0,1.8,0,1877.3,0,0,527.1,23.572528,0,0,0.5763248,-2.22750311111111,0,4,3744.6,22.7474346666667,-4.4224,0
2/11/20 14:14,479.666666666667,479.625,0,0,4730.9,20.35,0,0,1.8,0,1877.3,0,0,527.1,23.508872,0,0,0.583819466666667,-2.22292711111111,0,4,3744.6,22.869748,-4.4224,0
2/11/20 14:19,479.75,479.708333333333,0,0,4730.9,20.35,0,0,1.8,0,1877.3,0,0,527.1,23.505,0,0,0.586205422222222,-2.22956977777778,0,4,3744.6,22.8045173333333,-4.4224,0
2/11/20 14:24,479.833333333333,479.791666666667,0,0,4730.9,20.35,0,0,1.8,0,1877.3,0,0,527.1,23.505,0,0,0.592281777777778,-2.22750311111111,0,4,3744.6,22.8262173333333,-4.4224,0
2/11/20 14:29,479.916666666667,479.875,0,0,4730.9,20.35,0,0,1.8,0,1877.3,0,0,527.274782222222,23.505,0,0,0.600818222222222,-2.22292711111111,0,4,3744.6,22.8742653333333,-4.4224,0
2/11/20 14:34,480,479.958333333333,0,0,4730.9,20.35,0,0,1.8,0,1877.3,0,0,527.769884444445,23.505,0,0,0.606033333333333,-2.22956977777778,0,4,3744.6,22.7783,-4.4224,0
2/11/20 14:39,480.083333333333,480.04144687011,0,0,4730.9,20.35,0,0,1.8,0,1877.3,0,0,527.8,23.505,0,0,0.611631179968701,-2.23,0,4,3744.6,22.7272116995305,-4.4224,0
2/11/20 14:44,480.166666666667,480.092605633803,0,0,4730.9,20.35,0,0,1.8,0,1877.3,0,0,527.8,23.505,0,0,0.616112676056338,-2.23,0,4,3744.6,22.7866901408451,-4.4224,0
2/11/20 14:49,480.25,,,,,,,,,,,,,,,,,,,,,,,,