PDatTime,Age,_BatchAge,_BatchAlarmCount,_BatchSync,ACID_T,AFOAM_T,Air_OV,Air_SP,BASE_T,CO2_SP,CO2_SP_T,EXT_3,EXT_4,FEED_WEIGHT,JTEMP,N2_SP,O2_SP,pH,PO2,STIRR,SUBS_A,SUBSA_T,TEMP,VWEIGHT,FEED_FLOW
,,Value,Value,Value,Value,Value,Value,Value,Value,Value,Value,Value,Value,Value,Value,Value,Value,Value,Value,Value,Value,Value,Value,Value,Value
,(h),(hours),(-),,(ml),(ml),,(lpm),(ml),(%),(l),(%),(%),(g),(C),(lpm),(lpm),(pH),(%),(RPM),(%),(ml),(C),(kg),(g/h)
1/22/20 14:34,0,0,0,0,4662.7,20.35,0,0,1.1,0,781.7,0,0,-2689.4,14.4,0,0,5.151,-1.65,400,0,3744.6,15.9,0.1024,0
1/22/20 14:39,8.33E-02,4.17E-02,0,0,4662.7,20.35,0,0,1.1,0,781.7,0,0,-2689.4,15.995125,0,0,5.1255,-1.645,400,0,3744.6,15.9525,0.0992,0
1/22/20 14:44,0.166666666666667,0.125,0,0,4662.7,20.35,0,0,1.1,0,781.7,0,0,-2689.4,16.5,0,0,5.084,-1.645,167.5,0,3744.6,15.9525,0.096,0
1/22/20 14:49,0.25,0.208333333333333,0,0,4662.7,20.35,0,0,1.1,0,781.7,0,0,-2689.4,16.5375,0,0,5.0595,-1.65,100,0,3744.6,15.9,0.096,0
1/22/20 14:54,0.333333333333333,0.291666666666667,0,0,4662.7,20.35,0,0,1.1,0,781.7,0,0,-2689.4,16.59,0,0,5.0455,-1.65,100,0,3744.6,15.9,0.096,0
1/22/20 14:59,0.416666666666667,0.375,0,0,4662.7,20.35,0,0,1.1,0,781.7,0,0,-2689.4,16.4025,0,0,5.036,-1.645,100,0,3744.6,15.9525,0.0992,0
1/22/20 15:04,0.5,0.458333333333333,0,0,4662.7,20.35,0,0,1.1,0,781.7,0,0,-2689.4,16.455,0,0,5.029,-1.645,100,0,3744.6,15.9525,0.0992,0
1/22/20 15:09,0.583333333333333,0.541666666666667,0,0,4662.7,20.35,0,0,1.1,0,781.7,0,0,-2689.75,16.5,0,0,5.0245,-1.645,100,0,3744.6,15.9525,0.0992,0
1/22/20 15:14,0.666666666666667,0.625,0,0,4662.7,20.35,0,0,1.1,0,781.7,0,0,-2690.1,16.395,0,0,5.021,-1.645,100,0,3744.6,15.9525,0.1024,0
1/22/20 15:19,0.75,0.708333333333333,0,0,4662.7,20.35,0,0,1.1,0,781.7,0,0,-2689.75,16.395,0,0,5.0185,-1.645,100,0,3744.6,15.9525,0.1024,0
1/22/20 15:24,0.833333333333333,0.791666666666667,0,0,4662.7,20.35,0,0,1.1,0,781.7,0,0,-2689.75,16.395,0,0,5.017,-1.64,100,0,3744.6,16.005,0.1024,0
1/22/20 15:29,0.916666666666667,0.875,0,0,4662.7,20.35,0,0,1.1,0,781.7,0,0,-2690.1,16.395,0,0,5.0155,-1.64,100,0,3744.6,16.005,0.1024,0
1/22/20 15:34,1,0.958333333333333,0,0,4662.7,20.35,0,0,1.1,0,781.7,0,0,-2690.1,16.4475,0,0,5.015,-1.64,100,0,3744.6,16.005,0.1024,0
1/22/20 15:39,1.08333333333333,1.04166666666667,0,0,4662.7,20.35,0,0,1.1,0,781.7,0,0,-2689.75,16.4475,0,0,5.014,-1.64,100,0,3744.6,16.005,0.1024,0
1/22/20 15:44,1.16666666666667,1.125,0,0,4662.7,20.35,0,0,1.1,0,781.7,0,0,-2689.75,16.4475,0,0,5.013,-1.64,100,0,3744.6,16.005,0.1024,0
1/22/20 15:49,1.25,1.20833333333333,0,0,4662.7,20.35,0,0,1.1,0,781.7,0,0,-2690.1,16.5,0,0,5.0125,-1.64,100,0,3744.6,16.005,0.1024,0
1/22/20 15:54,1.33333333333333,1.29166666666667,0,0,4662.7,20.35,0,0,1.1,0,781.7,0,0,-2690.1,16.4475,0,0,5.0115,-1.64,100,0,3744.6,16.005,0.1024,0
1/22/20 15:59,1.41666666666667,1.375,0,0,4662.7,20.35,0,0,1.1,0,781.7,0,0,-2690.1,16.4475,0,0,5.011,-1.64,100,0,3744.6,16.005,0.1024,0
1/22/20 16:04,1.5,1.45833333333333,0,0,4662.7,20.35,0,0,1.1,0,781.7,0,0,-2690.1,16.5,0,0,5.011,-1.64,100,0,3744.6,16.005,0.1024,0
1/22/20 16:09,1.58333333333333,1.54166666666667,0,0,4662.7,20.35,0,0,1.1,0,781.7,0,0,-2690.1,16.5,0,0,5.011,-1.64,100,0,3744.6,16.005,0.1024,0
1/22/20 16:14,1.66666666666667,1.625,0,0,4662.7,20.35,0,0,1.1,0,781.7,0,0,-2690.1,16.5,0,0,5.0105,-1.64,100,0,3744.6,16.005,0.1024,0
1/22/20 16:19,1.75,1.70833333333333,0,0,4662.7,20.35,0,0,1.1,0,781.7,0,0,-2690.1,16.5,0,0,5.0105,-1.64,100,0,3744.6,16.005,0.1024,0
1/22/20 16:24,1.83333333333333,1.79166666666667,0,0,4662.7,20.35,0,0,1.1,0,781.7,0,0,-2690.1,16.5,0,0,5.011,-1.64,100,0,3744.6,16.005,0.1024,0
1/22/20 16:29,1.91666666666667,1.875,0,0,4662.7,20.35,0,0,1.1,0,781.7,0,0,-2690.1,16.4475,0,0,5.011,-1.64,100,0,3744.6,16.005,0.1056,0
1/22/20 16:34,2,1.95833333333333,0,0,4662.7,20.35,0,0,1.1,0,781.7,0,0,-2690.1,16.4475,0,0,5.011,-1.64,100,0,3744.6,16.005,0.1088,0
1/22/20 16:39,2.08333333333333,2.04166666666667,0,0,4662.7,20.35,0,0,1.1,0,781.7,0,0,-2690.1,16.5,0,0,5.011,-1.64,100,0,3744.6,16.005,0.1088,0
1/22/20 16:44,2.16666666666667,2.125,0,0,4662.7,20.35,0,0,1.1,0,781.7,0,0,-2690.1,16.5,0,0,5.011,-1.64,100,0,3744.6,16.005,0.1088,0
1/22/20 16:49,2.25,2.20833333333333,0,0,4662.7,20.35,0,0,1.1,0,781.7,0,0,-2690.1,16.5,0,0,5.011,-1.64,100,0,3744.6,16.005,0.1088,0
1/22/20 16:54,2.33333333333333,2.29166666666667,0,0,4662.7,20.35,0,0,1.1,0,781.7,0,0,-2690.1,16.485,0,0,5.011,-1.64,100,0,3744.6,16.005,0.1088,0
1/22/20 16:59,2.41666666666667,2.375,0,0,4662.7,20.35,0,0,1.1,0,781.7,0,0,-2690.1,16.485,0,0,5.011,-1.64,100,0,3744.6,16.005,0.1088,0
1/22/20 17:04,2.5,2.45833333333333,0,0,4662.7,20.35,0,0,1.1,0,781.7,0,0,-2690.1,16.4475,0,0,5.011,-1.64,100,0,3744.6,16.005,0.1088,0
1/22/20 17:09,2.58333333333333,2.54166666666667,0,0,4662.7,20.35,0,0,1.1,0,781.7,0,0,-2690.1,16.4475,0,0,5.011,-1.64,100,0,3744.6,16.005,0.1088,0
1/22/20 17:14,2.66666666666667,2.625,0,0,4662.7,20.35,0,0,1.1,0,781.7,0,0,-2690.1,16.5,0,0,5.011,-1.64,100,0,3744.6,16.005,0.1088,0
1/22/20 17:19,2.75,2.70833333333333,0,0,4662.7,20.35,0,0,1.1,0,781.7,0,0,-2690.1,16.5,0,0,5.011,-1.64,100,0,3744.6,16.005,0.1088,0
1/22/20 17:24,2.83333333333333,2.79166666666667,0,0,4662.7,20.35,0,0,1.1,0,781.7,0,0,-2690.1,16.5,0,0,5.011,-1.64,100,0,3744.6,16.005,0.1056,0
1/22/20 17:29,2.91666666666667,2.875,0,0,4662.7,20.35,0,0,1.1,0,781.7,0,0,-2690.1,16.5,0,0,5.011,-1.64,100,0,3744.6,16.005,0.1024,0
1/22/20 17:34,3,2.95833333333333,0,0,4662.7,20.35,0,0,1.1,0,781.7,0,0,-2690.1,16.5,0,0,5.012,-1.64,100,0,3744.6,16.005,0.1024,0
1/22/20 17:39,3.08333333333333,3.04166666666667,0,0,4662.7,20.35,0,0,1.1,0,781.7,0,0,-2690.1,16.5,0,0,5.013,-1.64,100,0,3744.6,16.005,0.1024,0
1/22/20 17:44,3.16666666666667,3.125,0,0,4662.7,20.35,0,0,1.1,0,781.7,0,0,-2690.1,16.5,0,0,5.013,-1.64,100,0,3744.6,16.005,0.1056,0
1/22/20 17:49,3.25,3.20833333333333,0,0,4662.7,20.35,0,0,1.1,0,781.7,0,0,-2690.1,16.5,0,0,5.013,-1.64,100,0,3744.6,16.005,0.1088,0
1/22/20 17:54,3.33333333333333,3.29166666666667,0,0,4662.7,20.35,0,0,1.1,0,781.7,0,0,-2690.1,16.5,0,0,5.013,-1.64,100,0,3744.6,16.005,0.1088,0
1/22/20 17:59,3.41666666666667,3.375,0,0,4662.7,20.35,0,0,1.1,0,781.7,0,0,-2690.1,16.4475,0,0,5.013,-1.64,100,0,3744.6,16.005,0.1088,0
1/22/20 18:04,3.5,3.45833333333333,0,0,4662.7,20.35,0,0,1.1,0,781.7,0,0,-2690.1,16.4475,0,0,5.013,-1.64,100,0,3744.6,16.005,0.1088,0
1/22/20 18:09,3.58333333333333,3.54166666666667,0,0,4662.7,20.35,0,0,1.1,0,781.7,0,0,-2690.1,16.5,0,0,5.013,-1.64,100,0,3744.6,16.005,0.1088,0
1/22/20 18:14,3.66666666666667,3.625,0,0,4662.7,20.35,0,0,1.1,0,781.7,0,0,-2689.75,16.4475,0,0,5.013,-1.64,100,0,3744.6,16.005,0.1088,0
1/22/20 18:19,3.75,3.70833333333333,0,0,4662.7,20.35,0,0,1.1,0,781.7,0,0,-2689.4,16.4475,0,0,5.013,-1.64,100,0,3744.6,16.005,0.1088,0
1/22/20 18:24,3.83333333333333,3.79166666666667,0,0,4662.7,20.35,0,0,1.1,0,781.7,0,0,-2689.4,16.5,0,0,5.013,-1.64,100,0,3744.6,16.005,0.1088,0
1/22/20 18:29,3.91666666666667,3.875,0,0,4662.7,20.35,0,0,1.1,0,781.7,0,0,-2689.75,16.5,0,0,5.013,-1.64,100,0,3744.6,16.005,0.1088,0
1/22/20 18:34,4,3.95833333333333,0,0,4662.7,20.35,0,0,1.1,0,781.7,0,0,-2690.1,16.5,0,0,5.013,-1.64,100,0,3744.6,16.005,0.1088,0
1/22/20 18:39,4.08333333333333,4.04166666666667,0,0,4662.7,20.35,0,0,1.1,0,781.7,0,0,-2690.1,16.5,0,0,5.014,-1.64,100,0,3744.6,16.005,0.1088,0
1/22/20 18:44,4.16666666666667,4.125,0,0,4662.7,20.35,0,0,1.1,0,781.7,0,0,-2690.1,16.5,0,0,5.015,-1.64,100,0,3744.6,16.005,0.1088,0
1/22/20 18:49,4.25,4.20833333333333,0,0,4662.7,20.35,0,0,1.1,0,781.7,0,0,-2690.1,16.5,0,0,5.015,-1.64,100,0,3744.6,16.005,0.1088,0
1/22/20 18:54,4.33333333333333,4.29166666666667,0,0,4662.7,20.35,0,0,1.1,0,781.7,0,0,-2690.1,16.5,0,0,5.015,-1.64,100,0,3744.6,16.005,0.1088,0
1/22/20 18:59,4.41666666666667,4.375,0,0,4662.7,20.35,0,0,1.1,0,781.7,0,0,-2690.1,16.5,0,0,5.015,-1.64,100,0,3744.6,16.005,0.1088,0
1/22/20 19:04,4.5,4.45833333333333,0,0,4662.7,20.35,0,0,1.1,0,781.7,0,0,-2690.1,16.5,0,0,5.015,-1.64,100,0,3744.6,16.005,0.1088,0
1/22/20 19:09,4.58333333333333,4.54166666666667,0,0,4662.7,20.35,0,0,1.1,0,781.7,0,0,-2690.1,16.4475,0,0,5.015,-1.64,100,0,3744.6,16.005,0.1088,0
1/22/20 19:14,4.66666666666667,4.625,0,0,4662.7,20.35,0,0,1.1,0,781.7,0,0,-2690.1,16.4475,0,0,5.015,-1.64,100,0,3744.6,16.005,0.1088,0
1/22/20 19:19,4.75,4.70833333333333,0,0,4662.7,20.35,0,0,1.1,0,781.7,0,0,-2690.1,16.5,0,0,5.015,-1.64,100,0,3744.6,16.005,0.1088,0
1/22/20 19:24,4.83333333333333,4.79166666666667,0,0,4662.7,20.35,0,0,1.1,0,781.7,0,0,-2690.1,16.5,0,0,5.015,-1.64,100,0,3744.6,16.005,0.1088,0
1/22/20 19:29,4.91666666666667,4.875,0,0,4662.7,20.35,0,0,1.1,0,781.7,0,0,-2690.1,16.4475,0,0,5.0155,-1.64,100,0,3744.6,16.005,0.1088,0
1/22/20 19:34,5,4.95833333333333,0,0,4662.7,20.35,0,0,1.1,0,781.7,0,0,-2690.1,16.4475,0,0,5.0155,-1.64,100,0,3744.6,16.005,0.1088,0
1/22/20 19:39,5.08333333333333,5.04166666666667,0,0,4662.7,20.35,0,0,1.1,0,781.7,0,0,-2690.1,16.4625,0,0,5.0155,-1.64,100,0,3744.6,16.005,0.1088,0
1/22/20 19:44,5.16666666666667,5.125,0,0,4662.7,20.35,0,0,1.1,0,781.7,0,0,-2690.1,16.4625,0,0,5.0155,-1.64,100,0,3744.6,16.005,0.1088,0
1/22/20 19:49,5.25,5.20833333333333,0,0,4662.7,20.35,0,0,1.1,0,781.7,0,0,-2690.1,16.5,0,0,5.0155,-1.64,100,0,3744.6,16.005,0.1088,0
1/22/20 19:54,5.33333333333333,5.29166666666667,0,0,4662.7,20.35,0,0,1.1,0,781.7,0,0,-2690.1,16.5,0,0,5.016,-1.64,100,0,3744.6,16.005,0.1088,0
1/22/20 19:59,5.41666666666667,5.375,0,0,4662.7,20.35,0,0,1.1,0,781.7,0,0,-2690.1,16.5,0,0,5.016,-1.64,100,0,3744.6,16.005,0.1088,0
1/22/20 20:04,5.5,5.45833333333333,0,0,4662.7,20.35,0,0,1.1,0,781.7,0,0,-2690.1,16.5,0,0,5.016,-1.64,100,0,3744.6,16.005,0.1088,0
1/22/20 20:09,5.58333333333333,5.54166666666667,0,0,4662.7,20.35,0,0,1.1,0,781.7,0,0,-2689.75,16.5,0,0,5.016,-1.64,100,0,3744.6,16.005,0.1088,0
1/22/20 20:14,5.66666666666667,5.625,0,0,4662.7,20.35,0,0,1.1,0,781.7,0,0,-2689.4,16.5,0,0,5.016,-1.64,100,0,3744.6,16.005,0.1088,0
1/22/20 20:19,5.75,5.70833333333333,0,0,4662.7,20.35,0,0,1.1,0,781.7,0,0,-2689.4,16.5,0,0,5.016,-1.64,100,0,3744.6,16.005,0.1088,0
1/22/20 20:24,5.83333333333333,5.79166666666667,0,0,4662.7,20.35,0,0,1.1,0,781.7,0,0,-2689.4,16.5,0,0,5.016,-1.64,100,0,3744.6,16.005,0.1088,0
1/22/20 20:29,5.91666666666667,5.875,0,0,4662.7,20.35,0,0,1.1,0,781.7,0,0,-2689.4,16.5,0,0,5.016,-1.64,100,0,3744.6,16.005,0.112,0
1/22/20 20:34,6,5.95833333333333,0,0,4662.7,20.35,0,0,1.1,0,781.7,0,0,-2689.4,16.4475,0,0,5.016,-1.64,100,0,3744.6,16.005,0.1152,0
1/22/20 20:39,6.08333333333333,6.04166666666667,0,0,4662.7,20.35,0,0,1.1,0,781.7,0,0,-2689.4,16.4475,0,0,5.016,-1.64,100,0,3744.6,16.005,0.1152,0
1/22/20 20:44,6.16666666666667,6.125,0,0,4662.7,20.35,0,0,1.1,0,781.7,0,0,-2689.4,16.4475,0,0,5.017,-1.64,100,0,3744.6,16.005,0.1152,0
1/22/20 20:49,6.25,6.20833333333333,0,0,4662.7,20.35,0,0,1.1,0,781.7,0,0,-2689.4,16.4475,0,0,5.018,-1.64,100,0,3744.6,16.005,0.1152,0
1/22/20 20:54,6.33333333333333,6.29166666666667,0,0,4662.7,20.35,0,0,1.1,0,781.7,0,0,-2689.4,16.5,0,0,5.018,-1.64,100,0,3744.6,16.005,0.112,0
1/22/20 20:59,6.41666666666667,6.375,0,0,4662.7,20.35,0,0,1.1,0,781.7,0,0,-2689.4,16.5,0,0,5.018,-1.64,100,0,3744.6,16.005,0.1088,0
1/22/20 21:04,6.5,6.45833333333333,0,0,4662.7,20.35,0,0,1.1,0,781.7,0,0,-2689.4,16.5,0,0,5.018,-1.64,100,0,3744.6,16.005,0.1088,0
1/22/20 21:09,6.58333333333333,6.54166666666667,0,0,4662.7,20.35,0,0,1.1,0,781.7,0,0,-2689.4,16.5,0,0,5.018,-1.64,100,0,3744.6,16.005,0.1088,0
1/22/20 21:14,6.66666666666667,6.625,0,0,4662.7,20.35,0,0,1.1,0,781.7,0,0,-2689.4,16.5375,0,0,5.018,-1.64,100,0,3744.6,16.005,0.1088,0
1/22/20 21:19,6.75,6.70833333333333,0,0,4662.7,20.35,0,0,1.1,0,781.7,0,0,-2689.4,16.5375,0,0,5.018,-1.64,100,0,3744.6,16.005,0.1088,0
1/22/20 21:24,6.83333333333333,6.79166666666667,0,0,4662.7,20.35,0,0,1.1,0,781.7,0,0,-2689.4,16.5,0,0,5.018,-1.64,100,0,3744.6,16.005,0.1088,0
1/22/20 21:29,6.91666666666667,6.875,0,0,4662.7,20.35,0,0,1.1,0,781.7,0,0,-2689.4,16.5,0,0,5.018,-1.64,100,0,3744.6,16.005,0.1088,0
1/22/20 21:34,7,6.95833333333333,0,0,4662.7,20.35,0,0,1.1,0,781.7,0,0,-2689.4,16.5525,0,0,5.018,-1.64,100,0,3744.6,16.005,0.1088,0
1/22/20 21:39,7.08333333333333,7.04166666666667,0,0,4662.7,20.35,0,0,1.1,0,781.7,0,0,-2689.4,16.5525,0,0,5.018,-1.64,100,0,3744.6,16.005,0.1088,0
1/22/20 21:44,7.16666666666667,7.125,0,0,4662.7,20.35,0,0,1.1,0,781.7,0,0,-2689.4,16.5,0,0,5.0185,-1.64,100,0,3744.6,16.005,0.1088,0
1/22/20 21:49,7.25,7.20833333333333,0,0,4662.7,20.35,0,0,1.1,0,781.7,0,0,-2689.4,16.5,0,0,5.0185,-1.64,100,0,3744.6,16.005,0.112,0
1/22/20 21:54,7.33333333333333,7.29166666666667,0,0,4662.7,20.35,0,0,1.1,0,781.7,0,0,-2689.4,16.5,0,0,5.018,-1.64,100,0,3744.6,16.005,0.1152,0
1/22/20 21:59,7.41666666666667,7.375,0,0,4662.7,20.35,0,0,1.1,0,781.7,0,0,-2689.4,16.4475,0,0,5.018,-1.64,100,0,3744.6,16.005,0.1152,0
1/22/20 22:04,7.5,7.45833333333333,0,0,4662.7,20.35,0,0,1.1,0,781.7,0,0,-2689.4,16.4475,0,0,5.0185,-1.64,100,0,3744.6,16.005,0.1152,0
1/22/20 22:09,7.58333333333333,7.54166666666667,0,0,4662.7,20.35,0,0,1.1,0,781.7,0,0,-2689.4,16.5,0,0,5.0195,-1.64,100,0,3744.6,16.005,0.1152,0
1/22/20 22:14,7.66666666666667,7.625,0,0,4662.7,20.35,0,0,1.1,0,781.7,0,0,-2689.4,16.5,0,0,5.02,-1.64,100,0,3744.6,16.005,0.1152,0
1/22/20 22:19,7.75,7.70833333333333,0,0,4662.7,20.35,0,0,1.1,0,781.7,0,0,-2689.4,16.5,0,0,5.02,-1.64,100,0,3744.6,16.005,0.1152,0
1/22/20 22:24,7.83333333333333,7.79166666666667,0,0,4662.7,20.35,0,0,1.1,0,781.7,0,0,-2689.4,16.5,0,0,5.02,-1.64,100,0,3744.6,16.005,0.1152,0
1/22/20 22:29,7.91666666666667,7.875,0,0,4662.7,20.35,0,0,1.1,0,781.7,0,0,-2689.4,16.5,0,0,5.02,-1.64,100,0,3744.6,16.005,0.1152,0
1/22/20 22:34,8,7.95833333333333,0,0,4662.7,20.35,0,0,1.1,0,781.7,0,0,-2689.4,16.5,0,0,5.02,-1.64,100,0,3744.6,16.005,0.112,0
1/22/20 22:39,8.08333333333333,8.04166666666667,0,0,4662.7,20.35,0,0,1.1,0,781.7,0,0,-2689.4,16.5525,0,0,5.02,-1.64,100,0,3744.6,16.005,0.1088,0
1/22/20 22:44,8.16666666666667,8.125,0,0,4662.7,20.35,0,0,1.1,0,781.7,0,0,-2689.4,16.5525,0,0,5.02,-1.64,100,0,3744.6,16.005,0.1088,0
1/22/20 22:49,8.25,8.20833333333333,0,0,4662.7,20.35,0,0,1.1,0,781.7,0,0,-2689.4,16.5,0,0,5.02,-1.64,100,0,3744.6,16.005,0.1088,0
1/22/20 22:54,8.33333333333333,8.29166666666667,0,0,4662.7,20.35,0,0,1.1,0,781.7,0,0,-2689.4,16.5525,0,0,5.02,-1.64,100,0,3744.6,16.005,0.1088,0
1/22/20 22:59,8.41666666666667,8.375,0,0,4662.7,20.35,0,0,1.1,0,781.7,0,0,-2689.4,16.5525,0,0,5.02,-1.64,100,0,3744.6,16.005,0.1088,0
1/22/20 23:04,8.5,8.45833333333333,0,0,4662.7,20.35,0,0,1.1,0,781.7,0,0,-2689.4,16.5,0,0,5.02,-1.64,100,0,3744.6,16.005,0.112,0
1/22/20 23:09,8.58333333333333,8.54166666666667,0,0,4662.7,20.35,0,0,1.1,0,781.7,0,0,-2689.4,16.5,0,0,5.02,-1.64,100,0,3744.6,16.005,0.1152,0
1/22/20 23:14,8.66666666666667,8.625,0,0,4662.7,20.35,0,0,1.1,0,781.7,0,0,-2689.4,16.4775,0,0,5.02,-1.64,100,0,3744.6,16.005,0.1152,0
1/22/20 23:19,8.75,8.70833333333333,0,0,4662.7,20.35,0,0,1.1,0,781.7,0,0,-2689.4,16.4775,0,0,5.02,-1.64,100,0,3744.6,16.005,0.1152,0
1/22/20 23:24,8.83333333333333,8.79166666666667,0,0,4662.7,20.35,0,0,1.1,0,781.7,0,0,-2689.4,16.5,0,0,5.0205,-1.64,100,0,3744.6,16.005,0.1152,0
1/22/20 23:29,8.91666666666667,8.875,0,0,4662.7,20.35,0,0,1.1,0,781.7,0,0,-2689.4,16.5,0,0,5.0215,-1.64,100,0,3744.6,16.005,0.1152,0
1/22/20 23:34,9,8.95833333333333,0,0,4662.7,20.35,0,0,1.1,0,781.7,0,0,-2689.4,16.5,0,0,5.022,-1.64,100,0,3744.6,16.005,0.1152,0
1/22/20 23:39,9.08333333333333,9.04166666666667,0,0,4662.7,20.35,0,0,1.1,0,781.7,0,0,-2689.4,16.5,0,0,5.022,-1.64,100,0,3744.6,16.005,0.1152,0
1/22/20 23:44,9.16666666666667,9.125,0,0,4662.7,20.35,0,0,1.1,0,781.7,0,0,-2689.4,16.5,0,0,5.022,-1.64,100,0,3744.6,16.005,0.1152,0
1/22/20 23:49,9.25,9.20833333333333,0,0,4662.7,20.35,0,0,1.1,0,781.7,0,0,-2689.4,16.5,0,0,5.022,-1.64,100,0,3744.6,16.005,0.1152,0
1/22/20 23:54,9.33333333333333,9.29166666666667,0,0,4662.7,20.35,0,0,1.1,0,781.7,0,0,-2689.4,16.5,0,0,5.022,-1.64,100,0,3744.6,16.005,0.1152,0
1/22/20 23:59,9.41666666666667,9.375,0,0,4662.7,20.35,0,0,1.1,0,781.7,0,0,-2689.4,16.5225,0,0,5.022,-1.64,100,0,3744.6,16.005,0.1152,0
1/23/20 0:04,9.5,9.45833333333333,0,0,4662.7,20.35,0,0,1.1,0,781.7,0,0,-2689.4,16.575,0,0,5.022,-1.64,100,0,3744.6,16.005,0.112,0
1/23/20 0:09,9.58333333333333,9.54166666666667,0,0,4662.7,20.35,0,0,1.1,0,781.7,0,0,-2689.4,16.5525,0,0,5.022,-1.64,100,0,3744.6,16.005,0.1088,0
1/23/20 0:14,9.66666666666667,9.625,0,0,4662.7,20.35,0,0,1.1,0,781.7,0,0,-2689.4,16.5,0,0,5.022,-1.64,100,0,3744.6,16.005,0.1088,0
1/23/20 0:19,9.75,9.70833333333333,0,0,4662.7,20.35,0,0,1.1,0,781.7,0,0,-2689.4,16.5,0,0,5.022,-1.64,100,0,3744.6,16.005,0.1088,0
1/23/20 0:24,9.83333333333333,9.79166666666667,0,0,4662.7,20.35,0,0,1.1,0,781.7,0,0,-2689.4,16.5,0,0,5.022,-1.64,100,0,3744.6,16.005,0.112,0
1/23/20 0:29,9.91666666666667,9.875,0,0,4662.7,20.35,0,0,1.1,0,781.7,0,0,-2689.4,16.5,0,0,5.0225,-1.64,100,0,3744.6,16.005,0.1152,0
1/23/20 0:34,10,9.95833333333333,0,0,4662.7,20.35,0,0,1.1,0,781.7,0,0,-2689.4,16.5,0,0,5.0225,-1.64,100,0,3744.6,16.005,0.1152,0
1/23/20 0:39,10.0833333333333,10.0416666666667,0,0,4662.7,20.35,0,0,1.1,0,781.7,0,0,-2689.4,16.5,0,0,5.0225,-1.64,100,0,3744.6,16.005,0.1152,0
1/23/20 0:44,10.1666666666667,10.125,0,0,4662.7,20.35,0,0,1.1,0,781.7,0,0,-2689.4,16.5,0,0,5.0225,-1.64,100,0,3744.6,16.005,0.1152,0
1/23/20 0:49,10.25,10.2083333333333,0,0,4662.7,20.35,0,0,1.1,0,781.7,0,0,-2689.4,16.5,0,0,5.0225,-1.64,100,0,3744.6,16.005,0.1152,0
1/23/20 0:54,10.3333333333333,10.2916666666667,0,0,4662.7,20.35,0,0,1.1,0,781.7,0,0,-2689.75,16.485,0,0,5.023,-1.64,100,0,3744.6,16.005,0.1152,0
1/23/20 0:59,10.4166666666667,10.375,0,0,4662.7,20.35,0,0,1.1,0,781.7,0,0,-2689.75,16.485,0,0,5.023,-1.64,100,0,3744.6,16.005,0.1152,0
1/23/20 1:04,10.5,10.4583333333333,0,0,4662.7,20.35,0,0,1.1,0,781.7,0,0,-2689.75,16.5,0,0,5.023,-1.64,100,0,3744.6,16.005,0.1152,0
1/23/20 1:09,10.5833333333333,10.5416666666667,0,0,4662.7,20.35,0,0,1.1,0,781.7,0,0,-2689.75,16.5,0,0,5.023,-1.64,100,0,3744.6,16.005,0.1152,0
1/23/20 1:14,10.6666666666667,10.625,0,0,4662.7,20.35,0,0,1.1,0,781.7,0,0,-2689.75,16.5,0,0,5.023,-1.64,100,0,3744.6,16.005,0.1152,0
1/23/20 1:19,10.75,10.7083333333333,0,0,4662.7,20.35,0,0,1.1,0,781.7,0,0,-2690.1,16.5,0,0,5.023,-1.64,100,0,3744.6,16.005,0.1152,0
1/23/20 1:24,10.8333333333333,10.7916666666667,0,0,4662.7,20.35,0,0,1.1,0,781.7,0,0,-2690.1,16.5,0,0,5.023,-1.64,100,0,3744.6,16.005,0.1152,0
1/23/20 1:29,10.9166666666667,10.875,0,0,4662.7,20.35,0,0,1.1,0,781.7,0,0,-2690.1,16.5,0,0,5.023,-1.64,100,0,3744.6,16.005,0.1152,0
1/23/20 1:34,11,10.9583333333333,0,0,4662.7,20.35,0,0,1.1,0,781.7,0,0,-2690.1,16.5525,0,0,5.023,-1.64,100,0,3744.6,16.005,0.112,0
1/23/20 1:39,11.0833333333333,11.0416666666667,0,0,4662.7,20.35,0,0,1.1,0,781.7,0,0,-2689.75,16.575,0,0,5.023,-1.64,100,0,3744.6,16.005,0.1088,0
1/23/20 1:44,11.1666666666667,11.125,0,0,4662.7,20.35,0,0,1.1,0,781.7,0,0,-2689.4,16.5375,0,0,5.023,-1.64,100,0,3744.6,16.005,0.112,0
1/23/20 1:49,11.25,11.2083333333333,0,0,4662.7,20.35,0,0,1.1,0,781.7,0,0,-2689.4,16.515,0,0,5.023,-1.64,100,0,3744.6,16.005,0.1152,0
1/23/20 1:54,11.3333333333333,11.2916666666667,0,0,4662.7,20.35,0,0,1.1,0,781.7,0,0,-2689.4,16.5,0,0,5.023,-1.64,100,0,3744.6,16.005,0.1152,0
1/23/20 1:59,11.4166666666667,11.375,0,0,4662.7,20.35,0,0,1.1,0,781.7,0,0,-2689.4,16.4625,0,0,5.024,-1.64,100,0,3744.6,16.005,0.1152,0
1/23/20 2:04,11.5,11.4583333333333,0,0,4662.7,20.35,0,0,1.1,0,781.7,0,0,-2689.4,16.41,0,0,5.025,-1.64,100,0,3744.6,16.005,0.1152,0
1/23/20 2:09,11.5833333333333,11.5416666666667,0,0,4662.7,20.35,0,0,1.1,0,781.7,0,0,-2689.4,16.4475,0,0,5.0245,-1.64,100,0,3744.6,16.005,0.1152,0
1/23/20 2:14,11.6666666666667,11.625,0,0,4662.7,20.35,0,0,1.1,0,781.7,0,0,-2689.4,16.5,0,0,5.0245,-1.64,100,0,3744.6,16.005,0.1152,0
1/23/20 2:19,11.75,11.7083333333333,0,0,4662.7,20.35,0,0,1.1,0,781.7,0,0,-2689.4,16.5,0,0,5.025,-1.64,100,0,3744.6,16.005,0.1152,0
1/23/20 2:24,11.8333333333333,11.7916666666667,0,0,4662.7,20.35,0,0,1.1,0,781.7,0,0,-2689.4,16.5,0,0,5.025,-1.64,100,0,3744.6,16.005,0.1152,0
1/23/20 2:29,11.9166666666667,11.875,0,0,4662.7,20.35,0,0,1.1,0,781.7,0,0,-2689.4,16.5,0,0,5.025,-1.64,100,0,3744.6,15.975,0.1152,0
1/23/20 2:34,12,11.9583333333333,0,0,4662.7,20.35,0,0,1.1,0,781.7,0,0,-2689.4,16.5,0,0,5.025,-1.64,100,0,3744.6,15.975,0.1152,0
1/23/20 2:39,12.0833333333333,12.0416666666667,0,0,4662.7,20.35,0,0,1.1,0,781.7,0,0,-2689.4,16.5,0,0,5.025,-1.64,100,0,3744.6,16.005,0.1152,0
1/23/20 2:44,12.1666666666667,12.125,0,0,4662.7,20.35,0,0,1.1,0,781.7,0,0,-2689.4,16.5,0,0,5.025,-1.64,100,0,3744.6,16.005,0.1152,0
1/23/20 2:49,12.25,12.2083333333333,0,0,4662.7,20.35,0,0,1.1,0,781.7,0,0,-2689.4,16.5,0,0,5.025,-1.64,100,0,3744.6,16.005,0.1152,0
1/23/20 2:54,12.3333333333333,12.2916666666667,0,0,4662.7,20.35,0,0,1.1,0,781.7,0,0,-2689.4,16.5525,0,0,5.025,-1.64,100,0,3744.6,16.005,0.1152,0
1/23/20 2:59,12.4166666666667,12.375,0,0,4662.7,20.35,0,0,1.1,0,781.7,0,0,-2689.4,16.605,0,0,5.025,-1.64,100,0,3744.6,16.005,0.1152,0
1/23/20 3:04,12.5,12.4583333333333,0,0,4662.7,20.35,0,0,1.1,0,781.7,0,0,-2689.4,16.5675,0,0,5.025,-1.64,100,0,3744.6,16.005,0.1152,0
1/23/20 3:09,12.5833333333333,12.5416666666667,0,0,4662.7,20.35,0,0,1.1,0,781.7,0,0,-2689.4,16.515,0,0,5.025,-1.64,100,0,3744.6,16.005,0.1152,0
1/23/20 3:14,12.6666666666667,12.625,0,0,4662.7,20.35,0,0,1.1,0,781.7,0,0,-2689.4,16.5,0,0,5.025,-1.64,100,0,3744.6,16.005,0.1152,0
1/23/20 3:19,12.75,12.7083333333333,0,0,4662.7,20.35,0,0,1.1,0,781.7,0,0,-2689.4,16.5,0,0,5.025,-1.64,100,0,3744.6,16.005,0.1152,0
1/23/20 3:24,12.8333333333333,12.7916666666667,0,0,4662.7,20.35,0,0,1.1,0,781.7,0,0,-2689.4,16.5,0,0,5.025,-1.64,100,0,3744.6,16.005,0.1152,0
1/23/20 3:29,12.9166666666667,12.875,0,0,4662.7,20.35,0,0,1.1,0,781.7,0,0,-2689.4,16.4475,0,0,5.025,-1.64,100,0,3744.6,16.005,0.1152,0
1/23/20 3:34,13,12.9583333333333,0,0,4662.7,20.35,0,0,1.1,0,781.7,0,0,-2689.4,16.41,0,0,5.026,-1.64,100,0,3744.6,16.005,0.1152,0
1/23/20 3:39,13.0833333333333,13.0416666666667,0,0,4662.7,20.35,0,0,1.1,0,781.7,0,0,-2689.4,16.4625,0,0,5.026,-1.64,100,0,3744.6,16.005,0.1152,0
1/23/20 3:44,13.1666666666667,13.125,0,0,4662.7,20.35,0,0,1.1,0,781.7,0,0,-2689.05,16.5,0,0,5.025,-1.64,100,0,3744.6,16.005,0.1152,0
1/23/20 3:49,13.25,13.2083333333333,0,0,4662.7,20.35,0,0,1.1,0,781.7,0,0,-2689.05,16.5,0,0,5.025,-1.64,100,0,3744.6,16.005,0.1152,0
1/23/20 3:54,13.3333333333333,13.2916666666667,0,0,4662.7,20.35,0,0,1.1,0,781.7,0,0,-2689.4,16.5,0,0,5.026,-1.64,100,0,3744.6,16.005,0.1152,0
1/23/20 3:59,13.4166666666667,13.375,0,0,4662.7,20.35,0,0,1.1,0,781.7,0,0,-2689.4,16.5,0,0,5.027,-1.64,100,0,3744.6,16.005,0.1152,0
1/23/20 4:04,13.5,13.4583333333333,0,0,4662.7,20.35,0,0,1.1,0,781.7,0,0,-2689.4,16.5,0,0,5.027,-1.64,100,0,3744.6,16.005,0.1152,0
1/23/20 4:09,13.5833333333333,,,,,,,,,,,,,,,,,,,,,,,,
1/23/20 4:14,13.6666666666667,13.6251388888889,0,0,4662.7,20.35,0,0,1.1,0,781.7,0,0,-2689.4,16.552675,0,0,5.027,-1.64,100,0,3744.6,16.005,0.1152,0
1/23/20 4:19,13.75,13.7083333333333,0,0,4662.7,20.35,0,0,1.1,0,781.7,0,0,-2689.4,16.5000005833333,0,0,5.027,-1.64,100,0,3744.6,16.005,0.1152,0
1/23/20 4:24,13.8333333333333,13.7916666666667,0,0,4662.7,20.35,0,0,1.1,0,781.7,0,0,-2689.4,16.5521505833333,0,0,5.027,-1.64,100,0,3744.6,16.005,0.1152,0
1/23/20 4:29,13.9166666666667,13.875,0,0,4662.7,20.35,0,0,1.1,0,781.7,0,0,-2689.4,16.5528488333333,0,0,5.027,-1.64,100,0,3744.6,16.005,0.1152,0
1/23/20 4:34,14,13.9583333333333,0,0,4662.7,20.35,0,0,1.1,0,781.7,0,0,-2689.4,16.5000005833333,0,0,5.027,-1.64,100,0,3744.6,16.005,0.1152,0
1/23/20 4:39,14.0833333333333,14.0416666666667,0,0,4662.7,20.35,0,0,1.1,0,781.7,0,0,-2689.4,16.5,0,0,5.027,-1.64,100,0,3744.6,16.005,0.1152,0
1/23/20 4:44,14.1666666666667,14.125,0,0,4662.7,20.35,0,0,1.1,0,781.7,0,0,-2689.4,16.5,0,0,5.027,-1.64,100,0,3744.6,16.005,0.1152,0
1/23/20 4:49,14.25,14.2083333333333,0,0,4662.7,20.35,0,0,1.1,0,781.7,0,0,-2689.4,16.5,0,0,5.027,-1.64,100,0,3744.6,16.005,0.1152,0
1/23/20 4:54,14.3333333333333,14.2916666666667,0,0,4662.7,20.35,0,0,1.1,0,781.7,0,0,-2689.4,16.5,0,0,5.027,-1.64,100,0,3744.6,16.005,0.1152,0
1/23/20 4:59,14.4166666666667,14.375,0,0,4662.7,20.35,0,0,1.1,0,781.7,0,0,-2689.4,16.5,0,0,5.027,-1.64,100,0,3744.6,16.005,0.1152,0
1/23/20 5:04,14.5,14.4583333333333,0,0,4662.7,20.35,0,0,1.1,0,781.7,0,0,-2689.4,16.5,0,0,5.02749667222222,-1.64,100,0,3744.6,16.005,0.1152,0
1/23/20 5:09,14.5833333333333,14.5416666666667,0,0,4662.7,20.35,0,0,1.1,0,781.7,0,0,-2689.4,16.5,0,0,5.02750332222222,-1.64,100,0,3744.6,16.005,0.1152,0
1/23/20 5:14,14.6666666666667,14.625,0,0,4662.7,20.35,0,0,1.1,0,781.7,0,0,-2689.4,16.5,0,0,5.02700000555556,-1.64,100,0,3744.6,16.005,0.1152,0
1/23/20 5:19,14.75,14.7083333333333,0,0,4662.7,20.35,0,0,1.1,0,781.7,0,0,-2689.4,16.5,0,0,5.02799334444444,-1.64,100,0,3744.6,16.005,0.1152,0
1/23/20 5:24,14.8333333333333,14.7916666666667,0,0,4662.7,20.35,0,0,1.1,0,781.7,0,0,-2689.4,16.5,0,0,5.02850331666667,-1.64,100,0,3744.6,16.005,0.1152,0
1/23/20 5:29,14.9166666666667,14.875,0,0,4662.7,20.35,0,0,1.1,0,781.7,0,0,-2689.4,16.5,0,0,5.02750333333333,-1.64,100,0,3744.6,16.005,0.1152,0
1/23/20 5:34,15,14.9583333333333,0,0,4662.7,20.35,0,0,1.1,0,781.7,0,0,-2689.4,16.5521505833333,0,0,5.02799335,-1.64,100,0,3744.6,16.005,0.1152,0
1/23/20 5:39,15.0833333333333,15.0416666666667,0,0,4662.7,20.35,0,0,1.1,0,781.7,0,0,-2689.4,16.6049994166667,0,0,5.02800664444444,-1.64,100,0,3744.6,16.005,0.1152,0
1/23/20 5:44,15.1666666666667,15.125,0,0,4662.7,20.35,0,0,1.1,0,781.7,0,0,-2689.4,16.605,0,0,5.02799335555556,-1.64,100,0,3744.6,16.005,0.1152,0
1/23/20 5:49,15.25,15.2083333333333,0,0,4662.7,20.35,0,0,1.1,0,781.7,0,0,-2689.4,16.605,0,0,5.02899998888889,-1.64,100,0,3744.6,16.005,0.1152,0
1/23/20 5:54,15.3333333333333,15.2916666666667,0,0,4662.7,20.35,0,0,1.1,0,781.7,0,0,-2689.4,16.5751996666667,0,0,5.029,-1.64,100,0,3744.6,16.005,0.1152,0
1/23/20 5:59,15.4166666666667,15.375,0,0,4662.7,20.35,0,0,1.1,0,781.7,0,0,-2689.4,16.5226500833333,0,0,5.029,-1.64,100,0,3744.6,16.005,0.1152,0
1/23/20 6:04,15.5,15.4583333333333,0,0,4662.7,20.35,0,0,1.1,0,781.7,0,0,-2689.4,16.50000025,0,0,5.029,-1.64,100,0,3744.6,16.005,0.1152,0
1/23/20 6:09,15.5833333333333,15.5416666666667,0,0,4662.7,20.35,0,0,1.1,0,781.7,0,0,-2689.4,16.5,0,0,5.029,-1.64,100,0,3744.6,16.005,0.118378702222222,0
1/23/20 6:14,15.6666666666667,15.625,0,0,4662.7,20.35,0,0,1.1,0,781.7,0,0,-2689.4,16.5,0,0,5.029,-1.64,100,0,3744.6,16.005,0.118421262222222,0
1/23/20 6:19,15.75,15.7083333333333,0,0,4662.7,20.35,0,0,1.1,0,781.7,0,0,-2689.4,16.5,0,0,5.029,-1.64,100,0,3744.6,16.005,0.115200035555556,0
1/23/20 6:24,15.8333333333333,15.7916666666667,0,0,4662.7,20.35,0,0,1.1,0,781.7,0,0,-2689.4,16.4478494166667,0,0,5.029,-1.64,100,0,3744.6,16.005,0.1152,0
1/23/20 6:29,15.9166666666667,15.875,0,0,4662.7,20.35,0,0,1.1,0,781.7,0,0,-2689.4,16.4471511666667,0,0,5.029,-1.64,100,0,3744.6,16.005,0.1152,0
1/23/20 6:34,16,15.9583333333333,0,0,4662.7,20.35,0,0,1.1,0,781.7,0,0,-2689.4,16.4999994166667,0,0,5.029,-1.64,100,0,3744.6,16.005,0.1152,0
1/23/20 6:39,16.0833333333333,16.0416666666667,0,0,4662.7,20.35,0,0,1.1,0,781.7,0,0,-2689.4,16.5,0,0,5.029,-1.64,100,0,3744.6,16.005,0.1152,0
1/23/20 6:44,16.1666666666667,16.125,0,0,4662.7,20.35,0,0,1.1,0,781.7,0,0,-2689.4,16.5,0,0,5.029,-1.64,100,0,3744.6,16.005,0.1152,0
1/23/20 6:49,16.25,16.2083333333333,0,0,4662.7,20.35,0,0,1.1,0,781.7,0,0,-2689.4,16.5149001666667,0,0,5.029,-1.64,100,0,3744.6,16.005,0.1152,0
1/23/20 6:54,16.3333333333333,16.2916666666667,0,0,4662.7,20.35,0,0,1.1,0,781.7,0,0,-2689.4,16.5150996666667,0,0,5.02949667222222,-1.64,100,0,3744.6,16.005,0.1152,0
1/23/20 6:59,16.4166666666667,16.375,0,0,4662.7,20.35,0,0,1.1,0,781.7,0,0,-2689.4,16.5000001666667,0,0,5.02950332222222,-1.64,100,0,3744.6,16.005,0.1152,0
1/23/20 7:04,16.5,16.4583333333333,0,0,4662.7,20.35,0,0,1.1,0,781.7,0,0,-2689.4,16.5,0,0,5.02949667777778,-1.64,100,0,3744.6,16.005,0.1152,0
1/23/20 7:09,16.5833333333333,16.5416666666667,0,0,4662.7,20.35,0,0,1.1,0,781.7,0,0,-2689.4,16.5,0,0,5.02999999444444,-1.64,100,0,3744.6,16.005,0.1152,0
1/23/20 7:14,16.6666666666667,16.625,0,0,4662.7,20.35,0,0,1.1,0,781.7,0,0,-2689.4,16.5521505833333,0,0,5.02950332777778,-1.64,100,0,3744.6,16.005,0.1152,0
1/23/20 7:19,16.75,16.7083333333333,0,0,4662.7,20.35,0,0,1.1,0,781.7,0,0,-2689.4,16.6049994166667,0,0,5.02949667777778,-1.64,100,0,3744.6,16.005,0.1152,0
1/23/20 7:24,16.8333333333333,16.7916666666667,0,0,4662.7,20.35,0,0,1.1,0,781.7,0,0,-2689.4,16.5528494166667,0,0,5.02999999444444,-1.64,100,0,3744.6,16.005,0.1152,0
1/23/20 7:29,16.9166666666667,16.875,0,0,4662.7,20.35,0,0,1.1,0,781.7,0,0,-2689.4,16.5000005833333,0,0,5.03,-1.64,100,0,3744.6,16.005,0.1152,0
1/23/20 7:34,17,16.9583333333333,0,0,4662.7,20.35,0,0,1.1,0,781.7,0,0,-2689.4,16.5,0,0,5.03,-1.64,100,0,3744.6,16.005,0.118378702222222,0
1/23/20 7:39,17.0833333333333,17.0416666666667,0,0,4662.7,20.35,0,0,1.1,0,781.7,0,0,-2689.4,16.5,0,0,5.03,-1.64,100,0,3744.6,16.005,0.121599964444444,0
1/23/20 7:44,17.1666666666667,17.125,0,0,4662.7,20.35,0,0,1.1,0,781.7,0,0,-2689.4,16.5,0,0,5.03,-1.64,100,0,3744.6,16.005,0.118421297777778,0
1/23/20 7:49,17.25,17.2083333333333,0,0,4662.7,20.35,0,0,1.1,0,781.7,0,0,-2689.4,16.5,0,0,5.03,-1.64,100,0,3744.6,16.005,0.115200035555556,0
1/23/20 7:54,17.3333333333333,17.2916666666667,0,0,4662.7,20.35,0,0,1.1,0,781.7,0,0,-2689.05232944444,16.5,0,0,5.03,-1.64,100,0,3744.6,16.005,0.1152,0
1/23/20 7:59,17.4166666666667,17.375,0,0,4662.7,20.35,0,0,1.1,0,781.7,0,0,-2688.70000388889,16.5,0,0,5.03,-1.64,100,0,3744.6,16.005,0.1152,0
1/23/20 8:04,17.5,17.4583333333333,0,0,4662.7,20.35,0,0,1.1,0,781.7,0,0,-2688.7,16.5,0,0,5.03,-1.64,100,0,3744.6,16.005,0.1152,0
1/23/20 8:09,17.5833333333333,17.5416666666667,0,0,4662.7,20.35,0,0,1.1,0,781.7,0,0,-2688.7,16.5149001666667,0,0,5.03,-1.64,100,0,3744.6,16.005,0.1152,0
1/23/20 8:14,17.6666666666667,17.625,0,0,4662.7,20.35,0,0,1.1,0,781.7,0,0,-2688.7,16.5150996666667,0,0,5.03,-1.64,100,0,3744.6,16.005,0.1152,0
1/23/20 8:19,17.75,17.7083333333333,0,0,4662.7,20.35,0,0,1.1,0,781.7,0,0,-2688.7,16.5000001666667,0,0,5.03,-1.64,100,0,3744.6,16.005,0.1152,0
1/23/20 8:24,17.8333333333333,17.7916666666667,0,0,4662.7,20.35,0,0,1.1,0,781.7,0,0,-2688.7,16.5149001666667,0,0,5.03,-1.64,100,0,3744.6,16.005,0.1152,0
1/23/20 8:29,17.9166666666667,17.875,0,0,4662.7,20.35,0,0,1.1,0,781.7,0,0,-2688.7,16.56725025,0,0,5.03,-1.64,100,0,3744.6,16.005,0.1152,0
1/23/20 8:34,18,17.9583333333333,0,0,4662.7,20.35,0,0,1.1,0,781.7,0,0,-2688.7,16.6049995833333,0,0,5.03,-1.64,100,0,3744.6,16.005,0.1152,0
1/23/20 8:39,18.0833333333333,18.0416666666667,0,0,4662.7,20.35,0,0,1.1,0,781.7,0,0,-2688.7,16.5528494166667,0,0,5.03,-1.64,100,0,3744.6,16.005,0.1152,0
1/23/20 8:44,18.1666666666667,18.125,0,0,4662.7,20.35,0,0,1.1,0,781.7,0,0,-2688.7,16.5223508333333,0,0,5.03,-1.64,100,0,3744.6,16.005,0.1152,0
1/23/20 8:49,18.25,18.2083333333333,0,0,4662.7,20.35,0,0,1.1,0,781.7,0,0,-2688.7,16.5226495,0,0,5.03099334444444,-1.64,100,0,3744.6,16.005,0.118378702222222,0
1/23/20 8:54,18.3333333333333,18.2916666666667,0,0,4662.7,20.35,0,0,1.1,0,781.7,0,0,-2688.7,16.50000025,0,0,5.03199998888889,-1.64,100,0,3744.6,16.005,0.121599964444444,0
1/23/20 8:59,18.4166666666667,18.375,0,0,4662.7,20.35,0,0,1.1,0,781.7,0,0,-2688.7,16.5,0,0,5.032,-1.64,100,0,3744.6,16.005,0.1216,0
1/23/20 9:04,18.5,18.4583333333333,0,0,4662.7,20.35,0,0,1.1,0,781.7,0,0,-2688.7,16.5,0,0,5.03150332777778,-1.64,100,0,3744.6,16.005,0.1216,0
1/23/20 9:09,18.5833333333333,18.5416666666667,0,0,4662.7,20.35,0,0,1.1,0,781.7,0,0,-2688.7,16.5,0,0,5.03149667777778,-1.64,100,0,3744.6,16.005,0.1216,0
1/23/20 9:14,18.6666666666667,18.625,0,0,4662.7,20.35,0,0,1.1,0,781.7,0,0,-2688.7,16.5,0,0,5.03199999444444,-1.64,100,0,3744.6,16.005,0.1216,0
1/23/20 9:19,18.75,18.7083333333333,0,0,4662.7,20.35,0,0,1.1,0,781.7,0,0,-2688.7,16.5,0,0,5.032,-1.64,100,0,3744.6,16.005,0.118421297777778,0
1/23/20 9:24,18.8333333333333,18.7916666666667,0,0,4662.7,20.35,0,0,1.1,0,781.7,0,0,-2688.7,16.5,0,0,5.032,-1.64,100,0,3744.6,16.005,0.115200035555556,0
1/23/20 9:29,18.9166666666667,18.875,0,0,4662.7,20.35,0,0,1.1,0,781.7,0,0,-2688.7,16.5,0,0,5.032,-1.64,100,0,3744.6,16.005,0.1152,0
1/23/20 9:34,19,18.9583333333333,0,0,4662.7,20.35,0,0,1.1,0,781.7,0,0,-2688.7,16.5,0,0,5.032,-1.64,100,0,3744.6,16.005,0.1152,0
1/23/20 9:39,19.0833333333333,19.0416666666667,0,0,4662.7,20.35,0,0,1.1,0,781.7,0,0,-2688.7,16.5,0,0,5.032,-1.64,100,0,3744.6,16.005,0.1152,0
1/23/20 9:44,19.1666666666667,19.125,0,0,4662.7,20.35,0,0,1.1,0,781.7,0,0,-2688.7,16.5521505833333,0,0,5.032,-1.64,100,0,3744.6,16.005,0.1152,0
1/23/20 9:49,19.25,19.2083333333333,0,0,4662.7,20.35,0,0,1.1,0,781.7,0,0,-2688.7,16.6049994166667,0,0,5.032,-1.64,100,0,3744.6,16.005,0.1152,0
1/23/20 9:54,19.3333333333333,19.2916666666667,0,0,4662.7,20.35,0,0,1.1,0,781.7,0,0,-2688.7,16.5751996666667,0,0,5.032,-1.64,100,0,3744.6,16.005,0.1152,0
1/23/20 9:59,19.4166666666667,19.375,0,0,4662.7,20.35,0,0,1.1,0,781.7,0,0,-2688.7,16.5226500833333,0,0,5.032,-1.64,100,0,3744.6,16.005,0.1152,0
1/23/20 10:04,19.5,19.4583333333333,0,0,4662.7,20.35,0,0,1.1,0,781.7,0,0,-2688.7,16.50000025,0,0,5.032,-1.64,100,0,3744.6,16.005,0.118378702222222,0
1/23/20 10:09,19.5833333333333,19.5416666666667,0,0,4662.7,20.35,0,0,1.1,0,781.7,0,0,-2688.7,16.5,0,0,5.032,-1.64,100,0,3744.6,16.005,0.121599964444444,0
1/23/20 10:14,19.6666666666667,19.625,0,0,4662.7,20.35,0,0,1.1,0,781.7,0,0,-2688.7,16.5,0,0,5.032,-1.64,100,0,3744.6,16.005,0.1216,0
1/23/20 10:19,19.75,19.7083333333333,0,0,4662.7,20.35,0,0,1.1,0,781.7,0,0,-2688.7,16.5,0,0,5.032,-1.64,100,0,3744.6,16.005,0.1216,0
1/23/20 10:24,19.8333333333333,19.7916666666667,0,0,4662.7,20.35,0,0,1.1,0,781.7,0,0,-2689.04767055556,16.5,0,0,5.032,-1.64,100,0,3744.6,16.005,0.1216,0
1/23/20 10:29,19.9166666666667,19.875,0,0,4662.7,20.35,0,0,1.1,0,781.7,0,0,-2689.05232555556,16.5372504166667,0,0,5.032,-1.64,100,0,3744.6,16.005,0.1216,0
1/23/20 10:34,20,19.9583333333333,0,0,4662.7,20.35,0,0,1.1,0,781.7,0,0,-2689.04767444444,22.1209730208333,0,0,5.03945008333333,-1.60523294444444,100,0,3744.6,16.764425,0.112063893333333,0
1/23/20 10:39,20.0833333333333,20.0416666666667,0,0,4662.7,20.35,0,0,1.1,0,781.7,0,0,-2689.05232555556,39.0172815625,0,0,5.06885349444444,-1.43589888888889,100,0,3744.6,21.136585,9.92E-02,0
1/23/20 10:44,20.1666666666667,20.125,0,0,4662.7,20.35,0,0,1.1,0,781.7,0,0,-2688.70000388889,36.3994842857143,0,0,5.09298644444444,-1.23543411111111,100,0,3744.6,29.044195,0.121429653333333,0
1/23/20 10:49,20.25,20.2083333333333,0,0,4662.7,20.35,0,0,1.1,0,781.7,0,0,-2688.7,29.6352988191244,0,0,5.0910266,-1.17496744444444,100,0,3744.6,30.2271913333333,0.144021013333333,0
1/23/20 10:54,20.3333333333333,20.2916666666667,0,0,4662.7,20.35,0,0,1.1,0,781.7,0,0,-2689.04767055556,30.4465591956308,0,0,5.08501335555555,-1.17999994444444,100,0,3744.6,29.94715425,0.140800035555556,0
1/23/20 10:59,20.4166666666667,20.375,0,0,4662.7,20.35,0,0,1.1,0,781.7,0,0,-2689.39999611111,30.0521532828638,0,0,5.08250335,-1.18,100,0,3744.6,30.05215,0.1408,0
1/23/20 11:04,20.5,20.4583333333333,0,0,4662.7,20.35,0,0,1.1,0,781.7,0,0,-2689.4,30.2987015833333,0,0,5.08100666111111,-1.18,100,0,3744.6,30.0528488333333,0.1408,0
1/23/20 11:09,20.5833333333333,20.5416666666667,0,0,4662.7,20.35,0,0,1.1,0,781.7,0,0,-2689.4,30.3012956666667,0,0,5.07900666666667,-1.18,100,0,3744.6,30.0000005833333,0.143978702222222,0
1/23/20 11:14,20.6666666666667,20.625,0,0,4662.7,20.35,0,0,1.1,0,781.7,0,0,-2689.4,30.8450146666667,0,0,5.08147671666667,-1.18496672222222,276,0,3744.6,29.9031489166667,0.194880497777778,0
1/23/20 11:19,20.75,20.7083333333333,0,0,4662.7,20.35,0,0,1.1,0,781.7,0,0,-2689.4,30.4261364329268,0,0,5.08499996111111,-1.18503322222222,300,0,3744.6,29.95400275,0.243199466666667,0
1/23/20 11:24,20.8333333333333,20.7916666666667,0,0,4662.7,20.35,0,0,1.1,0,781.7,0,0,-2689.4,30.0521516504065,0,0,5.085,-1.18000005555556,300,0,3744.6,30.1049983333333,0.2432,0
1/23/20 11:29,20.9166666666667,20.875,0,0,4662.7,20.35,0,0,1.1,0,781.7,0,0,-2689.4,30.2540010833333,0,0,5.08400665555556,-1.18,300,0,3744.6,30.0528494166667,0.2432,0
1/23/20 11:34,21,20.9583333333333,0,0,4662.7,20.35,0,0,1.1,0,781.7,0,0,-2689.4,30.35284775,0,0,5.08300001111111,-1.18,300,0,3744.6,30.0000005833333,0.2432,0
1/23/20 11:39,21.0833333333333,21.0416666666667,0,0,4662.7,20.35,0,0,1.1,0,781.7,0,0,-2689.4,30.00199725,0,0,5.083,-1.18,300,0,3744.6,30,0.2432,0
1/23/20 11:44,21.1666666666667,21.125,0,0,4662.7,20.35,0,0,1.1,0,781.7,0,0,-2689.4,29.9980066666667,0,0,5.083,-1.18,300,0,3744.6,30,0.240021297777778,0
1/23/20 11:49,21.25,21.2083333333333,0,0,4662.7,20.35,0,0,1.1,0,781.7,0,0,-2689.4,30.0019933333333,0,0,5.08250332777778,-1.18,300,0,3744.6,30,0.236800035555556,0
1/23/20 11:54,21.3333333333333,21.2916666666667,0,0,4662.7,20.35,0,0,1.1,0,781.7,0,0,-2689.4,29.9458560833333,0,0,5.33971000555556,-1.18,300,0,3744.6,30,0.262229617777778,0
1/23/20 11:59,21.4166666666667,21.375,0,0,4662.7,20.35,0,0,1.1,0,781.7,0,0,-2689.74767055556,29.9491445,0,0,5.38050332777778,-1.18,300,0,3744.6,30.0521505833333,0.287999715555556,0
1/23/20 12:04,21.5,21.4583333333333,0,0,4662.7,20.35,0,0,1.1,0,781.7,0,0,-2690.09999611111,29.9458555,0,0,5.37950333333333,-1.18,300,0,3744.6,30.0528488333333,0.288,0
1/23/20 12:09,21.5833333333333,21.5416666666667,0,0,4662.7,20.35,0,0,1.1,0,781.7,0,0,-2690.1,30.19499725,0,0,5.37900000555556,-1.18,300,0,3744.6,30.0000005833333,0.288,0
1/23/20 12:14,21.6666666666667,21.625,0,0,4662.7,20.35,0,0,1.1,0,781.7,0,0,-2690.1,30.1502995,0,0,5.379,-1.18,300,0,3744.6,30,0.291178702222222,0
1/23/20 12:19,21.75,21.7083333333333,0,0,4662.7,20.35,0,0,1.1,0,781.7,0,0,-2690.1,30.1050005,0,0,5.379,-1.18,300,0,3744.6,30,0.294399964444444,0
1/23/20 12:24,21.8333333333333,21.7916666666667,0,0,4662.7,20.35,0,0,1.1,0,781.7,0,0,-2690.1,30.1497005,0,0,5.379,-1.18,300,0,3744.6,30,0.278506488888889,0
1/23/20 12:29,21.9166666666667,21.875,0,0,4662.7,20.35,0,0,1.1,0,781.7,0,0,-2690.1,30.150299,0,0,5.379,-1.18,300,0,3744.6,30,0.262400177777778,0
1/23/20 12:34,22,21.9583333333333,0,0,4662.7,20.35,0,0,1.1,0,781.7,0,0,-2690.1,30.1050005,0,0,5.379,-1.18,300,0,3744.6,30,0.2624,0
1/23/20 12:39,22.0833333333333,22.0416666666667,0,0,4662.7,20.35,0,0,1.1,0,781.7,0,0,-2690.1,30.105,0,0,5.379,-1.18,300,0,3744.6,30,0.2624,0
1/23/20 12:44,22.1666666666667,22.125,0,0,4662.7,20.35,0,0,1.1,0,781.7,0,0,-2690.1,30.105,0,0,5.379,-1.18,300,0,3744.6,30,0.2624,0
1/23/20 12:49,22.25,22.2083333333333,0,0,4662.7,20.35,0,0,1.1,0,781.7,0,0,-2690.1,30.105,0,0,5.379,-1.18,300,0,3744.6,30,0.259221297777778,0
1/23/20 12:54,22.3333333333333,22.2916666666667,0,0,4662.7,20.35,0,0,1.1,0,781.7,0,0,-2690.1,30.105,0,0,5.379,-1.18,300,0,3744.6,30,0.256000035555556,0
1/23/20 12:59,22.4166666666667,22.375,0,0,4662.7,20.35,0,0,1.1,0,781.7,0,0,-2689.75465111111,30.105,0,0,5.37850664444444,-1.18,300,0,3744.6,30,0.256,0
1/23/20 13:04,22.5,22.4583333333333,0,0,4662.7,20.35,0,0,1.1,0,781.7,0,0,-2689.40001555556,30.105,0,0,5.37800002222222,-1.18,300,0,3744.6,30,0.256,0
1/23/20 13:09,22.5833333333333,22.5416666666667,0,0,4662.7,20.35,0,0,1.1,0,781.7,0,0,-2689.4,30.105,0,0,5.378,-1.18,300,0,3744.6,30,0.256,0
1/23/20 13:14,22.6666666666667,22.625,0,0,4662.7,20.35,0,0,1.1,0,781.7,0,0,-2689.4,30.0531976666667,0,0,5.378,-1.18,300,0,3744.6,30,0.256,0
1/23/20 13:19,22.75,22.7083333333333,0,0,4662.7,20.35,0,0,1.1,0,781.7,0,0,-2689.4,30.0000023333333,0,0,5.378,-1.18,300,0,3744.6,30,0.259157475555556,0
1/23/20 13:24,22.8333333333333,22.7916666666667,0,0,4662.7,20.35,0,0,1.1,0,781.7,0,0,-2689.4,30.0148006666667,0,0,5.37701328888889,-1.18,300,0,3744.6,30,0.262399857777778,0
1/23/20 13:29,22.9166666666667,22.875,0,0,4662.7,20.35,0,0,1.1,0,781.7,0,0,-2689.4,30.0151986666667,0,0,5.37600004444444,-1.18,300,0,3744.6,30,0.2624,0
1/23/20 13:34,23,22.9583333333333,0,0,4662.7,20.35,0,0,1.1,0,781.7,0,0,-2689.4,30.0000006666667,0,0,5.376,-1.18,300,0,3744.6,30,0.2624,0
1/23/20 13:39,23.0833333333333,23.0416666666667,0,0,4662.7,20.35,0,0,1.1,0,781.7,0,0,-2689.4,30.0518023333333,0,0,5.37501328888889,-1.18,300,0,3744.6,30,0.2624,0
1/23/20 13:44,23.1666666666667,23.125,0,0,4662.7,20.35,0,0,1.1,0,781.7,0,0,-2689.4,30.1049976666667,0,0,5.37400004444444,-1.18,300,0,3744.6,30,0.259242524444444,0
1/23/20 13:49,23.25,23.2083333333333,0,0,4662.7,20.35,0,0,1.1,0,781.7,0,0,-2689.4,30.0531976666667,0,0,5.37449335555556,-1.18,300,0,3744.6,30.0518023333333,0.256000142222222,0
1/23/20 13:54,23.3333333333333,23.2916666666667,0,0,4662.7,20.35,0,0,1.1,0,781.7,0,0,-2689.4,30.0000023333333,0,0,5.37450662222222,-1.18,300,0,3744.6,30.0531953333333,0.256,0
1/23/20 13:59,23.4166666666667,23.375,0,0,4662.7,20.35,0,0,1.1,0,781.7,0,0,-2689.4,30.0518023333333,0,0,5.37350666666667,-1.18,300,0,3744.6,30.0000023333333,0.256,0
1/23/20 14:04,23.5,23.4583333333333,0,0,4662.7,20.35,0,0,1.1,0,781.7,0,0,-2689.4,30.1049976666667,0,0,5.37300002222222,-1.18,300,0,3744.6,30,0.256,0
1/23/20 14:09,23.5833333333333,23.5416666666667,0,0,4662.7,20.35,0,0,1.1,0,781.7,0,0,-2689.4,30.0531976666667,0,0,5.373,-1.18,300,0,3744.6,30,0.256,0
1/23/20 14:14,23.6666666666667,23.625,0,0,4662.7,20.35,0,0,1.1,0,781.7,0,0,-2689.4,30.0518046666667,0,0,5.37201328888889,-1.18,300,0,3744.6,30,0.256,0
1/23/20 14:19,23.75,23.7083333333333,0,0,4662.7,20.35,0,0,1.1,0,781.7,0,0,-2689.4,30.1049976666667,0,0,5.37100004444445,-1.18,300,0,3744.6,30,0.256,0
1/23/20 14:24,23.8333333333333,23.7916666666667,0,0,4662.7,20.35,0,0,1.1,0,781.7,0,0,-2689.4,30.105,0,0,5.371,-1.18,300,0,3744.6,30,0.256,0
1/23/20 14:29,23.9166666666667,23.875,0,0,4662.7,20.35,0,0,1.1,0,781.7,0,0,-2689.4,30.0531976666667,0,0,5.37001328888889,-1.18,300,0,3744.6,30,0.259157475555556,0
1/23/20 14:34,24,23.9583333333333,0,0,4662.7,20.35,0,0,1.1,0,781.7,0,0,-2689.4,30.0000023333333,0,0,5.36900004444444,-1.18,300,0,3744.6,30,0.262399857777778,0
1/23/20 14:39,24.0833333333333,24.0416666666667,0,0,4662.7,20.35,0,0,1.1,0,781.7,0,0,-2689.4,30,0,0,5.369,-1.18,300,0,3744.6,30,0.2624,0
1/23/20 14:44,24.1666666666667,24.125,0,0,4662.7,20.35,0,0,1.1,0,781.7,0,0,-2689.4,30,0,0,5.369,-1.18,300,0,3744.6,30,0.2624,0
1/23/20 14:49,24.25,24.2083333333333,0,0,4662.7,20.35,0,0,1.1,0,781.7,0,0,-2689.4,30.0518023333333,0,0,5.36850664444444,-1.18,300,0,3744.6,30,0.2624,0
1/23/20 14:54,24.3333333333333,24.2916666666667,0,0,4662.7,20.35,0,0,1.1,0,781.7,0,0,-2689.4,30.0531953333333,0,0,5.36800002222222,-1.18,300,0,3744.6,30,0.2624,0
1/23/20 14:59,24.4166666666667,24.375,0,0,4662.7,20.35,0,0,1.1,0,781.7,0,0,-2689.4,30.0518046666667,0,0,5.36701328888889,-1.18,300,0,3744.6,30,0.259242524444444,0
1/23/20 15:04,24.5,24.4583333333333,0,0,4662.7,20.35,0,0,1.1,0,781.7,0,0,-2689.4,30.1049976666667,0,0,5.36600004444444,-1.18,300,0,3744.6,30,0.256000142222222,0
1/23/20 15:09,24.5833333333333,24.5416666666667,0,0,4662.7,20.35,0,0,1.1,0,781.7,0,0,-2689.4,30.0531976666667,0,0,5.366,-1.18,300,0,3744.6,30,0.256,0
1/23/20 15:14,24.6666666666667,24.625,0,0,4662.7,20.35,0,0,1.1,0,781.7,0,0,-2689.4,30.0518046666667,0,0,5.36501328888889,-1.18,300,0,3744.6,30,0.256,0
1/23/20 15:19,24.75,24.7083333333333,0,0,4662.7,20.35,0,0,1.1,0,781.7,0,0,-2689.4,30.067996,0,0,5.36400004444444,-1.18,300,0,3744.6,30,0.256,0
1/23/20 15:24,24.8333333333333,24.7916666666667,0,0,4662.7,20.35,0,0,1.1,0,781.7,0,0,-2689.4,30.0670033333333,0,0,5.36350664444444,-1.18,300,0,3744.6,30,0.256,0
1/23/20 15:29,24.9166666666667,24.875,0,0,4662.7,20.35,0,0,1.1,0,781.7,0,0,-2689.4,30.1049983333333,0,0,5.36300002222222,-1.18,300,0,3744.6,30,0.259157475555556,0
1/23/20 15:34,25,24.9583333333333,0,0,4662.7,20.35,0,0,1.1,0,781.7,0,0,-2689.4,30.105,0,0,5.363,-1.18,300,0,3744.6,30,0.262399857777778,0
1/23/20 15:39,25.0833333333333,25.0416666666667,0,0,4662.7,20.35,0,0,1.1,0,781.7,0,0,-2689.4,30.0531976666667,0,0,5.36201328888889,-1.18,300,0,3744.6,30,0.2624,0
1/23/20 15:44,25.1666666666667,25.125,0,0,4662.7,20.35,0,0,1.1,0,781.7,0,0,-2689.05465111111,30.0518046666667,0,0,5.36100004444445,-1.18,300,0,3744.6,30,0.2624,0
1/23/20 15:49,25.25,25.2083333333333,0,0,4662.7,20.35,0,0,1.1,0,781.7,0,0,-2688.70001555556,30.1049976666667,0,0,5.36001328888889,-1.18,300,0,3744.6,30,0.2624,0
1/23/20 15:54,25.3333333333333,25.2916666666667,0,0,4662.7,20.35,0,0,1.1,0,781.7,0,0,-2688.7,30.105,0,0,5.35900004444444,-1.18,300,0,3744.6,30,0.2624,0
1/23/20 15:59,25.4166666666667,25.375,0,0,4662.7,20.35,0,0,1.1,0,781.7,0,0,-2688.7,30.0531976666667,0,0,5.35850664444444,-1.18,300,0,3744.6,30,0.2624,0
1/23/20 16:04,25.5,25.4583333333333,0,0,4662.7,20.35,0,0,1.1,0,781.7,0,0,-2688.7,30.0518046666667,0,0,5.35800002222222,-1.18,300,0,3744.6,30,0.2624,0
1/23/20 16:09,25.5833333333333,25.5416666666667,0,0,4662.7,20.35,0,0,1.1,0,781.7,0,0,-2688.7,30.0531953333333,0,0,5.358,-1.18,300,0,3744.6,30,0.2624,0
1/23/20 16:14,25.6666666666667,25.625,0,0,4662.7,20.35,0,0,1.1,0,781.7,0,0,-2688.7,30.0000023333333,0,0,5.35701328888889,-1.18,300,0,3744.6,30,0.259242524444444,0
1/23/20 16:19,25.75,25.7083333333333,0,0,4662.7,20.35,0,0,1.1,0,781.7,0,0,-2688.7,30.0518023333333,0,0,5.35600004444444,-1.18,300,0,3744.6,30,0.256000142222222,0
1/23/20 16:24,25.8333333333333,25.7916666666667,0,0,4662.7,20.35,0,0,1.1,0,781.7,0,0,-2688.7,30.0531953333333,0,0,5.35501328888889,-1.18,300,0,3744.6,30,0.256,0
1/23/20 16:29,25.9166666666667,25.875,0,0,4662.7,20.35,0,0,1.1,0,781.7,0,0,-2688.7,30.0518046666667,0,0,5.35400004444444,-1.18,300,0,3744.6,30,0.256,0
1/23/20 16:34,26,25.9583333333333,0,0,4662.7,20.35,0,0,1.1,0,781.7,0,0,-2688.7,30.1049976666667,0,0,5.35350664444444,-1.18,300,0,3744.6,30,0.256,0
1/23/20 16:39,26.0833333333333,26.0416666666667,0,0,4662.7,20.35,0,0,1.1,0,781.7,0,0,-2688.7,30.105,0,0,5.35300002222222,-1.18,300,0,3744.6,30,0.259157475555556,0
1/23/20 16:44,26.1666666666667,26.125,0,0,4662.7,20.35,0,0,1.1,0,781.7,0,0,-2688.7,30.105,0,0,5.35201328888889,-1.18,300,0,3744.6,30,0.262399857777778,0
1/23/20 16:49,26.25,26.2083333333333,0,0,4662.7,20.35,0,0,1.1,0,781.7,0,0,-2688.7,30.105,0,0,5.35100004444444,-1.18,300,0,3744.6,30,0.2624,0
1/23/20 16:54,26.3333333333333,26.2916666666667,0,0,4662.7,20.35,0,0,1.1,0,781.7,0,0,-2688.7,30.105,0,0,5.3500199,-1.18,300,0,3744.6,30,0.2624,0
1/23/20 16:59,26.4166666666667,26.375,0,0,4662.7,20.35,0,0,1.1,0,781.7,0,0,-2688.7,30.105,0,0,5.3490001,-1.18,300,0,3744.6,30,0.2624,0
1/23/20 17:04,26.5,26.4583333333333,0,0,4662.7,20.35,0,0,1.1,0,781.7,0,0,-2688.7,30.05354475,0,0,5.34850995,-1.18,300,0,3744.6,30,0.25926368,0
1/23/20 17:09,26.5833333333333,26.5416666666667,0,0,4662.7,20.35,0,0,1.1,0,781.7,0,0,-2688.7,30.036759,0,0,5.34701995,-1.18,300,0,3744.6,30,0.25600032,0
1/23/20 17:14,26.6666666666667,26.625,0,0,4662.7,20.35,0,0,1.1,0,781.7,0,0,-2688.7,30.08969775,0,0,5.3460001,-1.18,300,0,3744.6,30,0.256,0
1/23/20 17:19,26.75,26.7083333333333,0,0,4662.7,20.35,0,0,1.1,0,781.7,0,0,-2688.7,30.05354325,0,0,5.346,-1.18,300,0,3744.6,30,0.256,0
1/23/20 17:24,26.8333333333333,26.7916666666667,0,0,4662.7,20.35,0,0,1.1,0,781.7,0,0,-2688.7,30.00000525,0,0,5.3450199,-1.18,300,0,3744.6,30,0.256,0
1/23/20 17:29,26.9166666666667,26.875,0,0,4662.7,20.35,0,0,1.1,0,781.7,0,0,-2688.7,30,0,0,5.3440001,-1.18,300,0,3744.6,30,0.256,0
1/23/20 17:34,27,26.9583333333333,0,0,4662.7,20.35,0,0,1.1,0,781.7,0,0,-2688.7,30,0,0,5.34350995,-1.18,300,0,3744.6,30,0.256,0
1/23/20 17:39,27.0833333333333,27.0416666666667,0,0,4662.7,20.35,0,0,1.1,0,781.7,0,0,-2688.7,30.05145525,0,0,5.34300005,-1.18,300,0,3744.6,30,0.256,0
1/23/20 17:44,27.1666666666667,27.125,0,0,4662.7,20.35,0,0,1.1,0,781.7,0,0,-2688.7,30.10499475,0,0,5.3420199,-1.18,300,0,3744.6,30,0.256,0
1/23/20 17:49,27.25,27.2083333333333,0,0,4662.7,20.35,0,0,1.1,0,781.7,0,0,-2688.7,30.075597,0,0,5.3410001,-1.18,300,0,3744.6,30,0.256,0
1/23/20 17:54,27.3333333333333,27.2916666666667,0,0,4662.7,20.35,0,0,1.1,0,781.7,0,0,-2688.7,30.02295075,0,0,5.3400199,-1.18,300,0,3744.6,30,0.25913632,0
1/23/20 17:59,27.4166666666667,27.375,0,0,4662.7,20.35,0,0,1.1,0,781.7,0,0,-2688.7,30.0514575,0,0,5.3390001,-1.18,300,0,3744.6,30,0.26239968,0
1/23/20 18:04,27.5,27.4583333333333,0,0,4662.7,20.35,0,0,1.1,0,781.7,0,0,-2688.7,30.10499475,0,0,5.33850995,-1.18,300,0,3744.6,30,0.2624,0
1/23/20 18:09,27.5833333333333,27.5416666666667,0,0,4662.7,20.35,0,0,1.1,0,781.7,0,0,-2688.7,30.0902985,0,0,5.33800005,-1.18,300,0,3744.6,30,0.2624,0
1/23/20 18:14,27.6666666666667,27.625,0,0,4662.7,20.35,0,0,1.1,0,781.7,0,0,-2688.7,30.089703,0,0,5.3370199,-1.18,300,0,3744.6,30,0.25926368,0
1/23/20 18:19,27.75,27.7083333333333,0,0,4662.7,20.35,0,0,1.1,0,781.7,0,0,-2688.7,30.1049985,0,0,5.3360001,-1.18,300,0,3744.6,30,0.25600032,0
1/23/20 18:24,27.8333333333333,27.7916666666667,0,0,4662.7,20.35,0,0,1.1,0,781.7,0,0,-2688.7,30.05354475,0,0,5.3350199,-1.18,300,0,3744.6,30,0.256,0
1/23/20 18:29,27.9166666666667,27.875,0,0,4662.7,20.35,0,0,1.1,0,781.7,0,0,-2688.7,30.0514605,0,0,5.3340001,-1.18,300,0,3744.6,30,0.256,0
1/23/20 18:34,28,27.9583333333333,0,0,4662.7,20.35,0,0,1.1,0,781.7,0,0,-2688.7,30.10499475,0,0,5.33350995,-1.18,300,0,3744.6,30,0.256,0
1/23/20 18:39,28.0833333333333,28.0416666666667,0,0,4662.7,20.35,0,0,1.1,0,781.7,0,0,-2688.7,30.05354475,0,0,5.33300005,-1.18,300,0,3744.6,30,0.256,0
1/23/20 18:44,28.1666666666667,28.125,0,0,4662.7,20.35,0,0,1.1,0,781.7,0,0,-2688.7,30.00000525,0,0,5.3320199,-1.18,300,0,3744.6,30,0.256,0
1/23/20 18:49,28.25,28.2083333333333,0,0,4662.7,20.35,0,0,1.1,0,781.7,0,0,-2688.7,30.05145525,0,0,5.3310001,-1.18,300,0,3744.6,30,0.256,0
1/23/20 18:54,28.3333333333333,28.2916666666667,0,0,4662.7,20.35,0,0,1.1,0,781.7,0,0,-2688.7,30.10499475,0,0,5.3300199,-1.18,300,0,3744.6,30,0.256,0
1/23/20 18:59,28.4166666666667,28.375,0,0,4662.7,20.35,0,0,1.1,0,781.7,0,0,-2688.7,30.105,0,0,5.3290001,-1.18,300,0,3744.6,30,0.256,0
1/23/20 19:04,28.5,28.4583333333333,0,0,4662.7,20.35,0,0,1.1,0,781.7,0,0,-2688.7,30.05354475,0,0,5.32850995,-1.18,300,0,3744.6,30,0.256,0
1/23/20 19:09,28.5833333333333,28.5416666666667,0,0,4662.7,20.35,0,0,1.1,0,781.7,0,0,-2688.7,30.00000525,0,0,5.32800005,-1.18,300,0,3744.6,30,0.25913632,0
1/23/20 19:14,28.6666666666667,28.625,0,0,4662.7,20.35,0,0,1.1,0,781.7,0,0,-2688.7,30.05145525,0,0,5.3270199,-1.18,300,0,3744.6,30,0.26239968,0
1/23/20 19:19,28.75,28.7083333333333,0,0,4662.7,20.35,0,0,1.1,0,781.7,0,0,-2688.7,30.10499475,0,0,5.3260001,-1.18,300,0,3744.6,30,0.2624,0
1/23/20 19:24,28.8333333333333,28.7916666666667,0,0,4662.7,20.35,0,0,1.1,0,781.7,0,0,-2688.7,30.075597,0,0,5.3250199,-1.18,300,0,3744.6,30,0.25926368,0
1/23/20 19:29,28.9166666666667,28.875,0,0,4662.7,20.35,0,0,1.1,0,781.7,0,0,-2688.7,30.0597045,0,0,5.3240001,-1.18,300,0,3744.6,30,0.25600032,0
1/23/20 19:34,29,28.9583333333333,0,0,4662.7,20.35,0,0,1.1,0,781.7,0,0,-2688.7,30.0897,0,0,5.324,-1.18,300,0,3744.6,30,0.256,0
1/23/20 19:39,29.0833333333333,29.0416666666667,0,0,4662.7,20.35,0,0,1.1,0,781.7,0,0,-2688.7,30.0755955,0,0,5.32350995,-1.18,300,0,3744.6,30,0.256,0
1/23/20 19:44,29.1666666666667,29.125,0,0,4662.7,20.35,0,0,1.1,0,781.7,0,0,-2688.7,30.02295075,0,0,5.32300005,-1.18,300,0,3744.6,30,0.256,0
1/23/20 19:49,29.25,29.2083333333333,0,0,4662.7,20.35,0,0,1.1,0,781.7,0,0,-2688.7,30.00000225,0,0,5.3220199,-1.18,300,0,3744.6,30,0.256,0
1/23/20 19:54,29.3333333333333,29.2916666666667,0,0,4662.7,20.35,0,0,1.1,0,781.7,0,0,-2688.7,30.02205225,0,0,5.3210001,-1.18,300,0,3744.6,30,0.256,0
1/23/20 19:59,29.4166666666667,29.375,0,0,4662.7,20.35,0,0,1.1,0,781.7,0,0,-2688.7,30.07440075,0,0,5.3200199,-1.18,300,0,3744.6,30,0.256,0
1/23/20 20:04,29.5,29.4583333333333,0,0,4662.7,20.35,0,0,1.1,0,781.7,0,0,-2688.7,30.104997,0,0,5.3190001,-1.18,300,0,3744.6,30,0.256,0
1/23/20 20:09,29.5833333333333,29.5416666666667,0,0,4662.7,20.35,0,0,1.1,0,781.7,0,0,-2688.7,30.05354475,0,0,5.319,-1.18,300,0,3744.6,30,0.256,0
1/23/20 20:14,29.6666666666667,29.625,0,0,4662.7,20.35,0,0,1.1,0,781.7,0,0,-2688.7,30.00000525,0,0,5.319,-1.18,300,0,3744.6,30,0.256,0
1/23/20 20:19,29.75,29.7083333333333,0,0,4662.7,20.35,0,0,1.1,0,781.7,0,0,-2688.7,30.05145525,0,0,5.319,-1.18,300,0,3744.6,30,0.256,0
1/23/20 20:24,29.8333333333333,29.7916666666667,0,0,4662.7,20.35,0,0,1.1,0,781.7,0,0,-2688.7,30.10499475,0,0,5.31850995,-1.18,300,0,3744.6,30,0.256,0
1/23/20 20:29,29.9166666666667,29.875,0,0,4662.7,20.35,0,0,1.1,0,781.7,0,0,-2688.7,30.105,0,0,5.3184901,-1.18,300,0,3744.6,30,0.25913632,0
1/23/20 20:34,30,29.9583333333333,0,0,4662.7,20.35,0,0,1.1,0,781.7,0,0,-2688.7,30.105,0,0,5.31899995,-1.18,300,0,3744.6,30,0.25926336,0
1/23/20 20:39,30.0833333333333,30.0416666666667,0,0,4662.7,20.35,0,0,1.1,0,781.7,0,0,-2688.7,30.05354475,0,0,5.31850995,-1.18,300,0,3744.6,30,0.25600032,0
1/23/20 20:44,30.1666666666667,30.125,0,0,4662.7,20.35,0,0,1.1,0,781.7,0,0,-2688.7,30.0514605,0,0,5.31800005,-1.18,300,0,3744.6,30,0.256,0
1/23/20 20:49,30.25,30.2083333333333,0,0,4662.7,20.35,0,0,1.1,0,781.7,0,0,-2688.7,30.0535395,0,0,5.318,-1.18,300,0,3744.6,30,0.256,0
1/23/20 20:54,30.3333333333333,30.2916666666667,0,0,4662.7,20.35,0,0,1.1,0,781.7,0,0,-2688.7,30.0514605,0,0,5.318,-1.18,300,0,3744.6,30,0.256,0
1/23/20 20:59,30.4166666666667,30.375,0,0,4662.7,20.35,0,0,1.1,0,781.7,0,0,-2688.7,30.0535395,0,0,5.318,-1.18,300,0,3744.6,30,0.256,0
1/23/20 21:04,30.5,30.4583333333333,0,0,4662.7,20.35,0,0,1.1,0,781.7,0,0,-2688.7,30.00000525,0,0,5.318,-1.18,300,0,3744.6,30,0.256,0
1/23/20 21:09,30.5833333333333,30.5416666666667,0,0,4662.7,20.35,0,0,1.1,0,781.7,0,0,-2688.7,30.05145525,0,0,5.3170199,-1.18,300,0,3744.6,30,0.256,0
1/23/20 21:14,30.6666666666667,30.625,0,0,4662.7,20.35,0,0,1.1,0,781.7,0,0,-2688.7,30.10499475,0,0,5.3160001,-1.18,300,0,3744.6,30,0.256,0
1/23/20 21:19,30.75,30.7083333333333,0,0,4662.7,20.35,0,0,1.1,0,781.7,0,0,-2688.7,30.105,0,0,5.316,-1.18,300,0,3744.6,30,0.256,0
1/23/20 21:24,30.8333333333333,30.7916666666667,0,0,4662.7,20.35,0,0,1.1,0,781.7,0,0,-2688.7,30.105,0,0,5.316,-1.18,300,0,3744.6,30,0.256,0
1/23/20 21:29,30.9166666666667,30.875,0,0,4662.7,20.35,0,0,1.1,0,781.7,0,0,-2688.7,30.105,0,0,5.31551324444444,-1.18,300,0,3744.6,30,0.256,0
1/23/20 21:34,31,30.9583333333333,0,0,4662.7,20.35,0,0,1.1,0,781.7,0,0,-2688.7,30.0538906666667,0,0,5.31451333333333,-1.18,300,0,3744.6,30,0.256,0
1/23/20 21:39,31.0833333333333,31.0416666666667,0,0,4662.7,20.35,0,0,1.1,0,781.7,0,0,-2688.7,30.0511186666667,0,0,5.31400008888889,-1.18,300,0,3744.6,30,0.256,0
1/23/20 21:44,31.1666666666667,31.125,0,0,4662.7,20.35,0,0,1.1,0,781.7,0,0,-2688.7,30.0538813333333,0,0,5.314,-1.18,300,0,3744.6,30,0.256,0
1/23/20 21:49,31.25,31.2083333333333,0,0,4662.7,20.35,0,0,1.1,0,781.7,0,0,-2688.7,30.0511186666667,0,0,5.31351324444444,-1.18,300,0,3744.6,30,0.256,0
1/23/20 21:54,31.3333333333333,31.2916666666667,0,0,4662.7,20.35,0,0,1.1,0,781.7,0,0,-2688.7,30.1049906666667,0,0,5.31300008888889,-1.18,300,0,3744.6,30,0.256,0
1/23/20 21:59,31.4166666666667,31.375,0,0,4662.7,20.35,0,0,1.1,0,781.7,0,0,-2688.7,30.0538906666667,0,0,5.313,-1.18,300,0,3744.6,30,0.256,0
1/23/20 22:04,31.5,31.4583333333333,0,0,4662.7,20.35,0,0,1.1,0,781.7,0,0,-2688.7,30.0000093333333,0,0,5.313,-1.18,300,0,3744.6,30,0.256,0
1/23/20 22:09,31.5833333333333,31.5416666666667,0,0,4662.7,20.35,0,0,1.1,0,781.7,0,0,-2688.7,30.0365066666667,0,0,5.313,-1.18,300,0,3744.6,30,0.256,0
1/23/20 22:14,31.6666666666667,31.625,0,0,4662.7,20.35,0,0,1.1,0,781.7,0,0,-2688.7,30.0384866666667,0,0,5.313,-1.18,300,0,3744.6,30,0.256,0
1/23/20 22:19,31.75,31.7083333333333,0,0,4662.7,20.35,0,0,1.1,0,781.7,0,0,-2688.7,30.051116,0,0,5.31202648888889,-1.18,300,0,3744.6,30,0.256,0
1/23/20 22:24,31.8333333333333,31.7916666666667,0,0,4662.7,20.35,0,0,1.1,0,781.7,0,0,-2688.7,30.1049906666667,0,0,5.31100017777778,-1.18,300,0,3744.6,30,0.256,0
1/23/20 22:29,31.9166666666667,31.875,0,0,4662.7,20.35,0,0,1.1,0,781.7,0,0,-2688.7,30.0538906666667,0,0,5.311,-1.18,300,0,3744.6,30,0.256,0
1/23/20 22:34,32,31.9583333333333,0,0,4662.7,20.35,0,0,1.1,0,781.7,0,0,-2688.7,30.0511186666667,0,0,5.311,-1.18,300,0,3744.6,30,0.256,0
1/23/20 22:39,32.0833333333333,32.0416666666667,0,0,4662.7,20.35,0,0,1.1,0,781.7,0,0,-2688.7,30.1049906666667,0,0,5.311,-1.18,300,0,3744.6,30,0.256,0
1/23/20 22:44,32.1666666666667,32.125,0,0,4662.7,20.35,0,0,1.1,0,781.7,0,0,-2688.7,30.105,0,0,5.311,-1.18,300,0,3744.6,30,0.256,0
1/23/20 22:49,32.25,32.2083333333333,0,0,4662.7,20.35,0,0,1.1,0,781.7,0,0,-2688.7,30.105,0,0,5.311,-1.18,300,0,3744.6,30,0.256,0
1/23/20 22:54,32.3333333333333,32.2916666666667,0,0,4662.7,20.35,0,0,1.1,0,781.7,0,0,-2688.7,30.105,0,0,5.31051324444444,-1.18,300,0,3744.6,30,0.256,0
1/23/20 22:59,32.4166666666667,32.375,0,0,4662.7,20.35,0,0,1.1,0,781.7,0,0,-2688.7,30.0538906666667,0,0,5.30951333333333,-1.18,300,0,3744.6,30,0.256,0
1/23/20 23:04,32.5,32.4583333333333,0,0,4662.7,20.35,0,0,1.1,0,781.7,0,0,-2688.7,30.0511186666667,0,0,5.30900008888889,-1.18,300,0,3744.6,30,0.256,0
1/23/20 23:09,32.5833333333333,32.5416666666667,0,0,4662.7,20.35,0,0,1.1,0,781.7,0,0,-2688.7,30.002772,0,0,5.30997351111111,-1.18,300,0,3744.6,30,0.256,0
1/23/20 23:14,32.6666666666667,32.625,0,0,4662.7,20.35,0,0,1.1,0,781.7,0,0,-2688.7,29.946128,0,0,5.31002631111111,-1.18,300,0,3744.6,30,0.256,0
1/23/20 23:19,32.75,32.7083333333333,0,0,4662.7,20.35,0,0,1.1,0,781.7,0,0,-2688.7,29.9999906666667,0,0,5.30900017777778,-1.18,300,0,3744.6,30,0.256,0
1/23/20 23:24,32.8333333333333,32.7916666666667,0,0,4662.7,20.35,0,0,1.1,0,781.7,0,0,-2689.04072888889,30.0511093333333,0,0,5.309,-1.18,300,0,3744.6,30,0.256,0
1/23/20 23:29,32.9166666666667,32.875,0,0,4662.7,20.35,0,0,1.1,0,781.7,0,0,-2689.05920888889,30.0538813333333,0,0,5.309,-1.18,300,0,3744.6,30,0.256,0
1/23/20 23:34,33,32.9583333333333,0,0,4662.7,20.35,0,0,1.1,0,781.7,0,0,-2688.70006222222,30.0000093333333,0,0,5.30997351111111,-1.18,300,0,3744.6,30,0.256,0
1/23/20 23:39,33.0833333333333,33.0416666666667,0,0,4662.7,20.35,0,0,1.1,0,781.7,0,0,-2688.7,30,0,0,5.31002631111111,-1.18,300,0,3744.6,30,0.256,0
1/23/20 23:44,33.1666666666667,33.125,0,0,4662.7,20.35,0,0,1.1,0,781.7,0,0,-2688.7,30,0,0,5.30900017777778,-1.18,300,0,3744.6,30,0.256,0
1/23/20 23:49,33.25,33.2083333333333,0,0,4662.7,20.35,0,0,1.1,0,781.7,0,0,-2688.7,30,0,0,5.309,-1.18,300,0,3744.6,30,0.256,0
1/23/20 23:54,33.3333333333333,33.2916666666667,0,0,4662.7,20.35,0,0,1.1,0,781.7,0,0,-2689.04072888889,30.0511093333333,0,0,5.30997351111111,-1.18,300,0,3744.6,30,0.256,0
1/23/20 23:59,33.4166666666667,33.375,0,0,4662.7,20.35,0,0,1.1,0,781.7,0,0,-2689.05920888889,30.090388,0,0,5.31002631111111,-1.18,300,0,3744.6,30,0.256,0
1/24/20 0:04,33.5,33.4583333333333,0,0,4662.7,20.35,0,0,1.1,0,781.7,0,0,-2689.04079111111,30.038496,0,0,5.30900017777778,-1.18,300,0,3744.6,30,0.256,0
1/24/20 0:09,33.5833333333333,33.5416666666667,0,0,4662.7,20.35,0,0,1.1,0,781.7,0,0,-2689.39993777778,30.0000066666667,0,0,5.309,-1.18,300,0,3744.6,30,0.256,0
1/24/20 0:14,33.6666666666667,33.625,0,0,4662.7,20.35,0,0,1.1,0,781.7,0,0,-2689.4,30,0,0,5.30948675555556,-1.18,300,0,3744.6,30,0.256,0
1/24/20 0:19,33.75,33.7083333333333,0,0,4662.7,20.35,0,0,1.1,0,781.7,0,0,-2689.4,30,0,0,5.30951315555556,-1.18,300,0,3744.6,30,0.256,0
1/24/20 0:24,33.8333333333333,33.7916666666667,0,0,4662.7,20.35,0,0,1.1,0,781.7,0,0,-2689.05927111111,30,0,0,5.30900008888889,-1.18,300,0,3744.6,30,0.256,0
1/24/20 0:29,33.9166666666667,33.875,0,0,4662.7,20.35,0,0,1.1,0,781.7,0,0,-2688.70006222222,30,0,0,5.30997351111111,-1.18,300,0,3744.6,30,0.256,0
1/24/20 0:34,34,33.9583333333333,0,0,4662.7,20.35,0,0,1.1,0,781.7,0,0,-2689.04072888889,29.9488906666667,0,0,5.31099982222222,-1.18,300,0,3744.6,30,0.256,0
1/24/20 0:39,34.0833333333333,34.0416666666667,0,0,4662.7,20.35,0,0,1.1,0,781.7,0,0,-2689.39993777778,29.9461186666667,0,0,5.311,-1.18,300,0,3744.6,30,0.256,0
1/24/20 0:44,34.1666666666667,34.125,0,0,4662.7,20.35,0,0,1.1,0,781.7,0,0,-2689.4,29.9999906666667,0,0,5.311,-1.18,300,0,3744.6,30,0.256,0
1/24/20 0:49,34.25,34.2083333333333,0,0,4662.7,20.35,0,0,1.1,0,781.7,0,0,-2689.4,30,0,0,5.311,-1.18,300,0,3744.6,30,0.256,0
1/24/20 0:54,34.3333333333333,34.2916666666667,0,0,4662.7,20.35,0,0,1.1,0,781.7,0,0,-2689.4,30,0,0,5.311,-1.18,300,0,3744.6,30,0.256,0
1/24/20 0:59,34.4166666666667,34.375,0,0,4662.7,20.35,0,0,1.1,0,781.7,0,0,-2689.4,30,0,0,5.311,-1.18,300,0,3744.6,30,0.256,0
1/24/20 1:04,34.5,34.4583333333333,0,0,4662.7,20.35,0,0,1.1,0,781.7,0,0,-2689.4,30,0,0,5.311,-1.18,300,0,3744.6,30,0.256,0
1/24/20 1:09,34.5833333333333,34.5416666666667,0,0,4662.7,20.35,0,0,1.1,0,781.7,0,0,-2689.4,30,0,0,5.311,-1.18,300,0,3744.6,30,0.256,0
1/24/20 1:14,34.6666666666667,34.625,0,0,4662.7,20.35,0,0,1.1,0,781.7,0,0,-2689.4,30,0,0,5.311,-1.18,300,0,3744.6,30,0.252884764444444,0
1/24/20 1:19,34.75,34.7083333333333,0,0,4662.7,20.35,0,0,1.1,0,781.7,0,0,-2689.4,30,0,0,5.311,-1.18,300,0,3744.6,30,0.249600568888889,0
1/24/20 1:24,34.8333333333333,34.7916666666667,0,0,4662.7,20.35,0,0,1.1,0,781.7,0,0,-2689.4,30,0,0,5.311,-1.18,300,0,3744.6,30,0.2496,0
1/24/20 1:29,34.9166666666667,34.875,0,0,4662.7,20.35,0,0,1.1,0,781.7,0,0,-2689.4,30,0,0,5.311,-1.18,300,0,3744.6,30,0.2496,0
1/24/20 1:34,35,34.9583333333333,0,0,4662.7,20.35,0,0,1.1,0,781.7,0,0,-2689.4,30,0,0,5.311,-1.18,300,0,3744.6,30,0.2496,0
1/24/20 1:39,35.0833333333333,35.0416666666667,0,0,4662.7,20.35,0,0,1.1,0,781.7,0,0,-2689.4,30,0,0,5.311,-1.18,300,0,3744.6,30,0.2496,0
1/24/20 1:44,35.1666666666667,35.125,0,0,4662.7,20.35,0,0,1.1,0,781.7,0,0,-2689.4,30,0,0,5.311,-1.18,300,0,3744.6,30,0.252715235555556,0
1/24/20 1:49,35.25,35.2083333333333,0,0,4662.7,20.35,0,0,1.1,0,781.7,0,0,-2689.4,30,0,0,5.311,-1.18,300,0,3744.6,30,0.255999431111111,0
1/24/20 1:54,35.3333333333333,35.2916666666667,0,0,4662.7,20.35,0,0,1.1,0,781.7,0,0,-2689.4,30,0,0,5.311,-1.18,300,0,3744.6,30,0.256,0
1/24/20 1:59,35.4166666666667,35.375,0,0,4662.7,20.35,0,0,1.1,0,781.7,0,0,-2689.4,30,0,0,5.31197351111111,-1.18,300,0,3744.6,30,0.256,0
1/24/20 2:04,35.5,35.4583333333333,0,0,4662.7,20.35,0,0,1.1,0,781.7,0,0,-2689.4,30,0,0,5.31299982222222,-1.18,300,0,3744.6,30,0.252884764444444,0
1/24/20 2:09,35.5833333333333,35.5416666666667,0,0,4662.7,20.35,0,0,1.1,0,781.7,0,0,-2689.4,30,0,0,5.313,-1.18,300,0,3744.6,30,0.249600568888889,0
1/24/20 2:14,35.6666666666667,35.625,0,0,4662.7,20.35,0,0,1.1,0,781.7,0,0,-2689.4,30,0,0,5.313,-1.18,300,0,3744.6,30,0.2496,0
1/24/20 2:19,35.75,35.7083333333333,0,0,4662.7,20.35,0,0,1.1,0,781.7,0,0,-2689.4,30,0,0,5.313,-1.18,300,0,3744.6,30,0.2496,0
1/24/20 2:24,35.8333333333333,35.7916666666667,0,0,4662.7,20.35,0,0,1.1,0,781.7,0,0,-2689.4,30,0,0,5.313,-1.18,300,0,3744.6,30,0.2496,0
1/24/20 2:29,35.9166666666667,35.875,0,0,4662.7,20.35,0,0,1.1,0,781.7,0,0,-2689.4,30,0,0,5.313,-1.18,300,0,3744.6,30,0.2496,0
1/24/20 2:34,36,35.9583333333333,0,0,4662.7,20.35,0,0,1.1,0,781.7,0,0,-2689.4,30,0,0,5.313,-1.18,300,0,3744.6,30,0.2496,0
1/24/20 2:39,36.0833333333333,36.0416666666667,0,0,4662.7,20.35,0,0,1.1,0,781.7,0,0,-2689.4,30,0,0,5.31348675555556,-1.18,300,0,3744.6,30,0.2496,0
1/24/20 2:44,36.1666666666667,36.125,0,0,4662.7,20.35,0,0,1.1,0,781.7,0,0,-2689.74072888889,30,0,0,5.31351315555556,-1.18,300,0,3744.6,30,0.2496,0
1/24/20 2:49,36.25,36.2083333333333,0,0,4662.7,20.35,0,0,1.1,0,781.7,0,0,-2690.09993777778,30,0,0,5.31348684444445,-1.18,300,0,3744.6,30,0.2496,0
1/24/20 2:54,36.3333333333333,36.2916666666667,0,0,4662.7,20.35,0,0,1.1,0,781.7,0,0,-2690.1,30,0,0,5.31399991111111,-1.18,300,0,3744.6,30,0.2496,0
1/24/20 2:59,36.4166666666667,36.375,0,0,4662.7,20.35,0,0,1.1,0,781.7,0,0,-2690.1,30,0,0,5.314,-1.18,300,0,3744.6,30,0.2496,0
1/24/20 3:04,36.5,36.4583333333333,0,0,4662.7,20.35,0,0,1.1,0,781.7,0,0,-2690.1,30,0,0,5.314,-1.18,300,0,3744.6,30,0.2496,0
1/24/20 3:09,36.5833333333333,36.5416666666667,0,0,4662.7,20.35,0,0,1.1,0,781.7,0,0,-2689.75927111111,30,0,0,5.314,-1.18,300,0,3744.6,30,0.2496,0
1/24/20 3:14,36.6666666666667,36.625,0,0,4662.7,20.35,0,0,1.1,0,781.7,0,0,-2689.74079111111,30,0,0,5.31497351111111,-1.18,300,0,3744.6,30,0.2496,0
1/24/20 3:19,36.75,36.7083333333333,0,0,4662.7,20.35,0,0,1.1,0,781.7,0,0,-2690.09993777778,30,0,0,5.31599982222222,-1.18,300,0,3744.6,30,0.2496,0
1/24/20 3:24,36.8333333333333,36.7916666666667,0,0,4662.7,20.35,0,0,1.1,0,781.7,0,0,-2690.1,30,0,0,5.316,-1.18,300,0,3744.6,30,0.2496,0
1/24/20 3:29,36.9166666666667,36.875,0,0,4662.7,20.35,0,0,1.1,0,781.7,0,0,-2690.1,30.021904,0,0,5.31697351111111,-1.18,300,0,3744.6,30,0.2496,0
1/24/20 3:34,37,36.9583333333333,0,0,4662.7,20.35,0,0,1.1,0,781.7,0,0,-2690.1,30.023092,0,0,5.31799982222222,-1.18,300,0,3744.6,30,0.2496,0
1/24/20 3:39,37.0833333333333,37.0416666666667,0,0,4662.7,20.35,0,0,1.1,0,781.7,0,0,-2690.1,30.0511133333333,0,0,5.318,-1.18,300,0,3744.6,30,0.2496,0
1/24/20 3:44,37.1666666666667,37.125,0,0,4662.7,20.35,0,0,1.1,0,781.7,0,0,-2690.1,30.0538813333333,0,0,5.318,-1.18,300,0,3744.6,30,0.2496,0
1/24/20 3:49,37.25,37.2083333333333,0,0,4662.7,20.35,0,0,1.1,0,781.7,0,0,-2690.1,30.0000093333333,0,0,5.31848675555556,-1.18,300,0,3744.6,30,0.2496,0
1/24/20 3:54,37.3333333333333,37.2916666666667,0,0,4662.7,20.35,0,0,1.1,0,781.7,0,0,-2690.1,30,0,0,5.31899991111111,-1.18,300,0,3744.6,30,0.2496,0
1/24/20 3:59,37.4166666666667,37.375,0,0,4662.7,20.35,0,0,1.1,0,781.7,0,0,-2690.1,30,0,0,5.319,-1.18,300,0,3744.6,30,0.2496,0
1/24/20 4:04,37.5,37.4583333333333,0,0,4662.7,20.35,0,0,1.1,0,781.7,0,0,-2690.1,30,0,0,5.31948675555556,-1.18,300,0,3744.6,30,0.2496,0
1/24/20 4:09,37.5833333333333,37.5416666666667,0,0,4662.7,20.35,0,0,1.1,0,781.7,0,0,-2690.1,30.0511093333333,0,0,5.32048666666667,-1.18,300,0,3744.6,30,0.2496,0
1/24/20 4:14,37.6666666666667,37.625,0,0,4662.7,20.35,0,0,1.1,0,781.7,0,0,-2690.1,30.0540511317829,0,0,5.32099991111111,-1.18,300,0,3744.6,30,0.2496,0
1/24/20 4:19,37.75,37.7083333333333,0,0,4662.7,20.35,0,0,1.1,0,781.7,0,0,-2690.1,30.0000145348837,0,0,5.32196694444445,-1.18,300,0,3744.6,30,0.2496,0
1/24/20 4:24,37.8333333333333,37.7916666666667,0,0,4662.7,20.35,0,0,1.1,0,781.7,0,0,-2690.1,30,0,0,5.32299972222222,-1.18,300,0,3744.6,30,0.2496,0
1/24/20 4:29,37.9166666666667,37.875,0,0,4662.7,20.35,0,0,1.1,0,781.7,0,0,-2690.1,30,0,0,5.323,-1.18,300,0,3744.6,30,0.2496,0
1/24/20 4:34,38,37.9583333333333,0,0,4662.7,20.35,0,0,1.1,0,781.7,0,0,-2690.1,30,0,0,5.32348347222222,-1.18,300,0,3744.6,30,0.2496,0
1/24/20 4:39,38.0833333333333,38.0416666666667,0,0,4662.7,20.35,0,0,1.1,0,781.7,0,0,-2690.1,30,0,0,5.32399986111111,-1.18,300,0,3744.6,30,0.2496,0
1/24/20 4:44,38.1666666666667,38.125,0,0,4662.7,20.35,0,0,1.1,0,781.7,0,0,-2690.1,30,0,0,5.324,-1.18,300,0,3744.6,30,0.2496,0
1/24/20 4:49,38.25,38.2083333333333,0,0,4662.7,20.35,0,0,1.1,0,781.7,0,0,-2690.1,30,0,0,5.32496694444444,-1.18,300,0,3744.6,30,0.2496,0
1/24/20 4:54,38.3333333333333,38.2916666666667,0,0,4662.7,20.35,0,0,1.1,0,781.7,0,0,-2690.1,30.0507645833333,0,0,5.32599972222222,-1.18,300,0,3744.6,30,0.2496,0
1/24/20 4:59,38.4166666666667,38.375,0,0,4662.7,20.35,0,0,1.1,0,781.7,0,0,-2689.76156944444,30.0542208333333,0,0,5.326,-1.18,300,0,3744.6,30,0.2496,0
1/24/20 5:04,38.5,38.4583333333333,0,0,4662.7,20.35,0,0,1.1,0,781.7,0,0,-2689.40009722222,30.0000145833333,0,0,5.32696694444444,-1.18,300,0,3744.6,30,0.2496,0
1/24/20 5:09,38.5833333333333,38.5416666666667,0,0,4662.7,20.35,0,0,1.1,0,781.7,0,0,-2689.4,30,0,0,5.32799972222222,-1.18,300,0,3744.6,30,0.2496,0
1/24/20 5:14,38.6666666666667,38.625,0,0,4662.7,20.35,0,0,1.1,0,781.7,0,0,-2689.4,30,0,0,5.328,-1.18,300,0,3744.6,30,0.2496,0
1/24/20 5:19,38.75,38.7083333333333,0,0,4662.7,20.35,0,0,1.1,0,781.7,0,0,-2689.4,30,0,0,5.32848347222222,-1.18,300,0,3744.6,30,0.2496,0
1/24/20 5:24,38.8333333333333,38.7916666666667,0,0,4662.7,20.35,0,0,1.1,0,781.7,0,0,-2689.4,30,0,0,5.32899986111111,-1.18,300,0,3744.6,30,0.2496,0
1/24/20 5:29,38.9166666666667,38.875,0,0,4662.7,20.35,0,0,1.1,0,781.7,0,0,-2689.4,30,0,0,5.32996694444444,-1.18,300,0,3744.6,30,0.2496,0
1/24/20 5:34,39,38.9583333333333,0,0,4662.7,20.35,0,0,1.1,0,781.7,0,0,-2689.4,30,0,0,5.33099972222222,-1.18,300,0,3744.6,30,0.2496,0
1/24/20 5:39,39.0833333333333,39.0416666666667,0,0,4662.7,20.35,0,0,1.1,0,781.7,0,0,-2689.4,30,0,0,5.331,-1.18,300,0,3744.6,30,0.2496,0
1/24/20 5:44,39.1666666666667,39.125,0,0,4662.7,20.35,0,0,1.1,0,781.7,0,0,-2689.4,30,0,0,5.33196694444444,-1.18,300,0,3744.6,30,0.2496,0
1/24/20 5:49,39.25,39.2083333333333,0,0,4662.7,20.35,0,0,1.1,0,781.7,0,0,-2689.4,30,0,0,5.33299972222222,-1.18,300,0,3744.6,30,0.2496,0
1/24/20 5:54,39.3333333333333,39.2916666666667,0,0,4662.7,20.35,0,0,1.1,0,781.7,0,0,-2689.4,30,0,0,5.333,-1.18,300,0,3744.6,30,0.2496,0
1/24/20 5:59,39.4166666666667,39.375,0,0,4662.7,20.35,0,0,1.1,0,781.7,0,0,-2689.4,30,0,0,5.3334802,-1.18,300,0,3744.6,30,0.2496,0
1/24/20 6:04,39.5,39.4583333333333,0,0,4662.7,20.35,0,0,1.1,0,781.7,0,0,-2689.4,30,0,0,5.3339998,-1.18,300,0,3744.6,30,0.2496,0
1/24/20 6:09,39.5833333333333,39.5416666666667,0,0,4662.7,20.35,0,0,1.1,0,781.7,0,0,-2689.4,30,0,0,5.3344802,-1.18,300,0,3744.6,30,0.2496,0
1/24/20 6:14,39.6666666666667,39.625,0,0,4662.7,20.35,0,0,1.1,0,781.7,0,0,-2689.4,30.050421,0,0,5.33548,-1.18,300,0,3744.6,30,0.2496,0
1/24/20 6:19,39.75,39.7083333333333,0,0,4662.7,20.35,0,0,1.1,0,781.7,0,0,-2689.4,30.054558,0,0,5.3359998,-1.18,300,0,3744.6,30,0.2496,0
1/24/20 6:24,39.8333333333333,39.7916666666667,0,0,4662.7,20.35,0,0,1.1,0,781.7,0,0,-2689.4,30.000021,0,0,5.336,-1.18,300,0,3744.6,30,0.2496,0
1/24/20 6:29,39.9166666666667,39.875,0,0,4662.7,20.35,0,0,1.1,0,781.7,0,0,-2689.4,30,0,0,5.3369604,-1.18,300,0,3744.6,30,0.2496,0
1/24/20 6:34,40,39.9583333333333,0,0,4662.7,20.35,0,0,1.1,0,781.7,0,0,-2689.4,30,0,0,5.3379996,-1.18,300,0,3744.6,30,0.2496,0
1/24/20 6:39,40.0833333333333,40.0416666666667,0,0,4662.7,20.35,0,0,1.1,0,781.7,0,0,-2689.4,30,0,0,5.338,-1.18,300,0,3744.6,30,0.2496,0
1/24/20 6:44,40.1666666666667,40.125,0,0,4662.7,20.35,0,0,1.1,0,781.7,0,0,-2689.4,30,0,0,5.338,-1.18,300,0,3744.6,30,0.2496,0
1/24/20 6:49,40.25,40.2083333333333,0,0,4662.7,20.35,0,0,1.1,0,781.7,0,0,-2689.4,30.050421,0,0,5.3384802,-1.18,300,0,3744.6,30,0.2496,0
1/24/20 6:54,40.3333333333333,40.2916666666667,0,0,4662.7,20.35,0,0,1.1,0,781.7,0,0,-2689.4,30.054558,0,0,5.3389998,-1.18,300,0,3744.6,30,0.2496,0
1/24/20 6:59,40.4166666666667,40.375,0,0,4662.7,20.35,0,0,1.1,0,781.7,0,0,-2689.4,30.000021,0,0,5.339,-1.18,300,0,3744.6,30,0.2496,0
1/24/20 7:04,40.5,40.4583333333333,0,0,4662.7,20.35,0,0,1.1,0,781.7,0,0,-2689.4,30,0,0,5.339,-1.18,300,0,3744.6,30,0.24652672,0
1/24/20 7:09,40.5833333333333,40.5416666666667,0,0,4662.7,20.35,0,0,1.1,0,781.7,0,0,-2689.4,30,0,0,5.3399604,-1.18,300,0,3744.6,30,0.24627456,0
1/24/20 7:14,40.6666666666667,40.625,0,0,4662.7,20.35,0,0,1.1,0,781.7,0,0,-2689.4,30,0,0,5.3409996,-1.18,300,0,3744.6,30,0.24959872,0
1/24/20 7:19,40.75,40.7083333333333,0,0,4662.7,20.35,0,0,1.1,0,781.7,0,0,-2689.4,30.050421,0,0,5.341,-1.18,300,0,3744.6,30,0.2496,0
1/24/20 7:24,40.8333333333333,40.7916666666667,0,0,4662.7,20.35,0,0,1.1,0,781.7,0,0,-2689.4,30.054558,0,0,5.3414802,-1.18,300,0,3744.6,30,0.2496,0
1/24/20 7:29,40.9166666666667,40.875,0,0,4662.7,20.35,0,0,1.1,0,781.7,0,0,-2689.4,30.000021,0,0,5.34248,-1.18,300,0,3744.6,30,0.2496,0
1/24/20 7:34,41,40.9583333333333,0,0,4662.7,20.35,0,0,1.1,0,781.7,0,0,-2689.4,30,0,0,5.3429998,-1.18,300,0,3744.6,30,0.2496,0
1/24/20 7:39,41.0833333333333,41.0416666666667,0,0,4662.7,20.35,0,0,1.1,0,781.7,0,0,-2689.4,30,0,0,5.343,-1.18,300,0,3744.6,30,0.2496,0
1/24/20 7:44,41.1666666666667,41.125,0,0,4662.7,20.35,0,0,1.1,0,781.7,0,0,-2689.4,30,0,0,5.343,-1.18,300,0,3744.6,30,0.2496,0
1/24/20 7:49,41.25,41.2083333333333,0,0,4662.7,20.35,0,0,1.1,0,781.7,0,0,-2689.4,30,0,0,5.3434802,-1.18,300,0,3744.6,30,0.2496,0
1/24/20 7:54,41.3333333333333,41.2916666666667,0,0,4662.7,20.35,0,0,1.1,0,781.7,0,0,-2689.4,30,0,0,5.3439998,-1.18,300,0,3744.6,30,0.2496,0
1/24/20 7:59,41.4166666666667,41.375,0,0,4662.7,20.35,0,0,1.1,0,781.7,0,0,-2689.4,30.050421,0,0,5.344,-1.18,300,0,3744.6,30,0.2496,0
1/24/20 8:04,41.5,41.4583333333333,0,0,4662.7,20.35,0,0,1.1,0,781.7,0,0,-2689.4,30.054558,0,0,5.344,-1.18,300,0,3744.6,30,0.2496,0
1/24/20 8:09,41.5833333333333,41.5416666666667,0,0,4662.7,20.35,0,0,1.1,0,781.7,0,0,-2689.4,30.000021,0,0,5.344,-1.18,300,0,3744.6,30,0.2496,0
1/24/20 8:14,41.6666666666667,41.625,0,0,4662.7,20.35,0,0,1.1,0,781.7,0,0,-2689.4,30,0,0,5.3449604,-1.18,300,0,3744.6,30,0.2496,0
1/24/20 8:19,41.75,41.7083333333333,0,0,4662.7,20.35,0,0,1.1,0,781.7,0,0,-2689.4,30.014406,0,0,5.3459996,-1.18,300,0,3744.6,30,0.2496,0
1/24/20 8:24,41.8333333333333,41.7916666666667,0,0,4662.7,20.35,0,0,1.1,0,781.7,0,0,-2689.4,30.066009,0,0,5.346,-1.18,300,0,3744.6,30,0.2496,0
1/24/20 8:29,41.9166666666667,41.875,0,0,4662.7,20.35,0,0,1.1,0,781.7,0,0,-2689.4,30.054564,0,0,5.346,-1.18,300,0,3744.6,30,0.2496,0
1/24/20 8:34,42,41.9583333333333,0,0,4662.7,20.35,0,0,1.1,0,781.7,0,0,-2689.4,30.000021,0,0,5.346,-1.18,300,0,3744.6,30,0.2496,0
1/24/20 8:39,42.0833333333333,42.0416666666667,0,0,4662.7,20.35,0,0,1.1,0,781.7,0,0,-2689.4,30,0,0,5.3469604,-1.18,300,0,3744.6,30,0.2496,0
1/24/20 8:44,42.1666666666667,42.125,0,0,4662.7,20.35,0,0,1.1,0,781.7,0,0,-2689.4,30,0,0,5.3479996,-1.18,300,0,3744.6,30,0.2496,0
1/24/20 8:49,42.25,42.2083333333333,0,0,4662.7,20.35,0,0,1.1,0,781.7,0,0,-2689.4,30,0,0,5.348,-1.18,300,0,3744.6,30,0.2496,0
1/24/20 8:54,42.3333333333333,42.2916666666667,0,0,4662.7,20.35,0,0,1.1,0,781.7,0,0,-2689.06386,30,0,0,5.348,-1.18,300,0,3744.6,30,0.2496,0
1/24/20 8:59,42.4166666666667,42.375,0,0,4662.7,20.35,0,0,1.1,0,781.7,0,0,-2688.70014,30,0,0,5.348,-1.18,300,0,3744.6,30,0.2496,0
1/24/20 9:04,42.5,42.4583333333333,0,0,4662.7,20.35,0,0,1.1,0,781.7,0,0,-2688.7,30,0,0,5.3484802,-1.18,300,0,3744.6,30,0.2496,0
1/24/20 9:09,42.5833333333333,42.5416666666667,0,0,4662.7,20.35,0,0,1.1,0,781.7,0,0,-2688.7,30,0,0,5.3489998,-1.18,300,0,3744.6,30,0.2496,0
1/24/20 9:14,42.6666666666667,42.625,0,0,4662.7,20.35,0,0,1.1,0,781.7,0,0,-2688.7,30.021609,0,0,5.349,-1.18,300,0,3744.6,30,0.2496,0
1/24/20 9:19,42.75,42.7083333333333,0,0,4662.7,20.35,0,0,1.1,0,781.7,0,0,-2688.7,30.023382,0,0,5.3494802,-1.18,300,0,3744.6,29.949579,0.25574656,0
1/24/20 9:24,42.8333333333333,42.7916666666667,0,0,4662.7,20.35,0,0,1.1,0,781.7,0,0,-2688.7,30.05043,0,0,5.35048,-1.18,300,0,3744.6,29.945442,0.2531776,0
1/24/20 9:29,42.9166666666667,42.875,0,0,4662.7,20.35,0,0,1.1,0,781.7,0,0,-2688.7,30.104979,0,0,5.3509998,-1.18,300,0,3744.6,29.999979,0.24320384,0
1/24/20 9:34,43,42.9583333333333,0,0,4662.7,20.35,0,0,1.1,0,781.7,0,0,-2688.7,30.148218,0,0,5.351,-1.18,300,0,3744.6,30,0.2432,0
1/24/20 9:39,43.0833333333333,43.0416666666667,0,0,4662.7,20.35,0,0,1.1,0,781.7,0,0,-2688.7,30.101343,0,0,5.351,-1.18,300,0,3744.6,30,0.24627328,0
1/24/20 9:44,43.1666666666667,43.125,0,0,4662.7,20.35,0,0,1.1,0,781.7,0,0,-2688.7,30.093678,0,0,5.351,-1.18,300,0,3744.6,30,0.24959872,0
1/24/20 9:49,43.25,43.2083333333333,0,0,4662.7,20.35,0,0,1.1,0,781.7,0,0,-2688.7,30.151743,0,0,5.351,-1.18,300,0,3744.6,30,0.2496,0
1/24/20 9:54,43.3333333333333,43.2916666666667,0,0,4662.7,20.35,0,0,1.1,0,781.7,0,0,-2688.7,30.105018,0,0,5.351,-1.18,300,0,3744.6,30,0.2496,0
1/24/20 9:59,43.4166666666667,43.375,0,0,4662.7,20.35,0,0,1.1,0,781.7,0,0,-2688.7,30.054579,0,0,5.351,-1.18,300,0,3744.6,30,0.2496,0
1/24/20 10:04,43.5,43.4583333333333,0,0,4662.7,20.35,0,0,1.1,0,781.7,0,0,-2689.03614,30.050442,0,0,5.351,-1.18,300,0,3744.6,30,0.2496,0
1/24/20 10:09,43.5833333333333,43.5416666666667,0,0,4662.7,20.35,0,0,1.1,0,781.7,0,0,-2689.39986,30.104979,0,0,5.351,-1.18,300,0,3744.6,30,0.2496,0
1/24/20 10:14,43.6666666666667,43.625,0,0,4662.7,20.35,0,0,1.1,0,781.7,0,0,-2689.4,30.105,0,0,5.3514802,-1.18,300,0,3744.6,30,0.2496,0
1/24/20 10:19,43.75,43.7083333333333,0,0,4662.7,20.35,0,0,1.1,0,781.7,0,0,-2689.4,30.105,0,0,5.35248,-1.18,300,0,3744.6,30,0.2496,0
1/24/20 10:24,43.8333333333333,43.7916666666667,0,0,4662.7,20.35,0,0,1.1,0,781.7,0,0,-2689.4,30.105,0,0,5.3529998,-1.18,300,0,3744.6,30,0.2496,0
1/24/20 10:29,43.9166666666667,43.875,0,0,4662.7,20.35,0,0,1.1,0,781.7,0,0,-2689.4,30.105,0,0,5.353,-1.18,300,0,3744.6,30,0.24652672,0
1/24/20 10:34,44,43.9583333333333,0,0,4662.7,20.35,0,0,1.1,0,781.7,0,0,-2689.4,30.105,0,0,5.3534802,-1.18,300,0,3744.6,30,0.24320128,0
1/24/20 10:39,44.0833333333333,44.0416666666667,0,0,4662.7,20.35,0,0,1.1,0,781.7,0,0,-2689.4,30.105,0,0,5.3539998,-1.18,300,0,3744.6,30,0.24627328,0
1/24/20 10:44,44.1666666666667,44.125,0,0,4662.7,20.35,0,0,1.1,0,781.7,0,0,-2689.4,30.105,0,0,5.354,-1.18,300,0,3744.6,30,0.24959872,0
1/24/20 10:49,44.25,44.2083333333333,0,0,4662.7,20.35,0,0,1.1,0,781.7,0,0,-2689.4,30.105,0,0,5.3544802,-1.18,300,0,3744.6,30.050421,0.2496,0
1/24/20 10:54,44.3333333333333,44.2916666666667,0,0,4662.7,20.35,0,0,1.1,0,781.7,0,0,-2689.4,30.054579,0,0,5.35548,-1.18,300,0,3744.6,30.054558,0.2496,0
1/24/20 10:59,44.4166666666667,44.375,0,0,4662.7,20.35,0,0,1.1,0,781.7,0,0,-2689.4,30.000021,0,0,5.3559998,-1.18,300,0,3744.6,30.000021,0.2496,0
1/24/20 11:04,44.5,44.4583333333333,0,0,4662.7,20.35,0,0,1.1,0,781.7,0,0,-2689.4,30.050421,0,0,5.356,-1.18,300,0,3744.6,30,0.2496,0
1/24/20 11:09,44.5833333333333,44.5416666666667,0,0,4662.7,20.35,0,0,1.1,0,781.7,0,0,-2689.4,30.104979,0,0,5.356,-1.18,300,0,3744.6,30,0.2496,0
1/24/20 11:14,44.6666666666667,44.625,0,0,4662.7,20.35,0,0,1.1,0,781.7,0,0,-2689.73614,30.105,0,0,5.356,-1.18,300,0,3744.6,30,0.24652672,0
1/24/20 11:19,44.75,44.7083333333333,0,0,4662.7,20.35,0,0,1.1,0,781.7,0,0,-2690.09986,30.105,0,0,5.356,-1.18,300,0,3744.6,30,0.24320128,0
1/24/20 11:24,44.8333333333333,44.7916666666667,0,0,4662.7,20.35,0,0,1.1,0,781.7,0,0,-2689.76386,30.105,0,0,5.356,-1.18,300,0,3744.6,30,0.2432,0
1/24/20 11:29,44.9166666666667,44.875,0,0,4662.7,20.35,0,0,1.1,0,781.7,0,0,-2689.40014,30.105,0,0,5.3569604,-1.18,300,0,3744.6,30,0.2432,0
1/24/20 11:34,45,44.9583333333333,0,0,4662.7,20.35,0,0,1.1,0,781.7,0,0,-2689.4,30.105,0,0,5.3579996,-1.18,300,0,3744.6,30,0.2432,0
1/24/20 11:39,45.0833333333333,45.0416666666667,0,0,4662.7,20.35,0,0,1.1,0,781.7,0,0,-2689.4,30.105,0,0,5.358,-1.18,300,0,3744.6,30,0.2432,0
1/24/20 11:44,45.1666666666667,45.125,0,0,4662.7,20.35,0,0,1.1,0,781.7,0,0,-2689.4,30.105,0,0,5.358,-1.18,300,0,3744.6,30,0.24627328,0
1/24/20 11:49,45.25,45.2083333333333,0,0,4662.7,20.35,0,0,1.1,0,781.7,0,0,-2689.4,30.090594,0,0,5.358,-1.18,300,0,3744.6,30,0.24959872,0
1/24/20 11:54,45.3333333333333,45.2916666666667,0,0,4662.7,20.35,0,0,1.1,0,781.7,0,0,-2689.4,30.038991,0,0,5.358,-1.18,300,0,3744.6,30,0.2496,0
1/24/20 11:59,45.4166666666667,45.375,0,0,4662.7,20.35,0,0,1.1,0,781.7,0,0,-2689.4,30.050436,0,0,5.3584802,-1.18,300,0,3744.6,30,0.2496,0
1/24/20 12:04,45.5,45.4583333333333,0,0,4662.7,20.35,0,0,1.1,0,781.7,0,0,-2689.4,30.104979,0,0,5.3589998,-1.18,300,0,3744.6,30,0.2496,0
1/24/20 12:09,45.5833333333333,45.5416666666667,0,0,4662.7,20.35,0,0,1.1,0,781.7,0,0,-2689.4,30.105,0,0,5.359,-1.18,300,0,3744.6,30,0.2496,0
1/24/20 12:14,45.6666666666667,45.625,0,0,4662.7,20.35,0,0,1.1,0,781.7,0,0,-2689.73614,30.105,0,0,5.359,-1.18,300,0,3744.6,30,0.2496,0
1/24/20 12:19,45.75,45.7083333333333,0,0,4662.7,20.35,0,0,1.1,0,781.7,0,0,-2690.09986,30.054579,0,0,5.3599604,-1.18,300,0,3744.6,30,0.2496,0
1/24/20 12:24,45.8333333333333,45.7916666666667,0,0,4662.7,20.35,0,0,1.1,0,781.7,0,0,-2690.1,30.000021,0,0,5.3600392,-1.18,300,0,3744.6,30,0.2496,0
1/24/20 12:29,45.9166666666667,45.875,0,0,4662.7,20.35,0,0,1.1,0,781.7,0,0,-2690.1,30.050421,0,0,5.3599608,-1.18,300,0,3744.6,30,0.24652672,0
1/24/20 12:34,46,45.9583333333333,0,0,4662.7,20.35,0,0,1.1,0,781.7,0,0,-2690.1,30.104979,0,0,5.3609996,-1.18,300,0,3744.6,30,0.24320128,0
1/24/20 12:39,46.0833333333333,46.0416666666667,0,0,4662.7,20.35,0,0,1.1,0,781.7,0,0,-2690.1,30.105,0,0,5.361,-1.18,300,0,3744.6,30,0.2432,0
1/24/20 12:44,46.1666666666667,46.125,0,0,4662.7,20.35,0,0,1.1,0,781.7,0,0,-2690.1,30.105,0,0,5.361,-1.18,300,0,3744.6,30,0.2432,0
1/24/20 12:49,46.25,46.2083333333333,0,0,4662.7,20.35,0,0,1.1,0,781.7,0,0,-2690.1,30.105,0,0,5.361,-1.18,300,0,3744.6,30,0.24627328,0
1/24/20 12:54,46.3333333333333,46.2916666666667,0,0,4662.7,20.35,0,0,1.1,0,781.7,0,0,-2690.1,30.105,0,0,5.361,-1.18,300,0,3744.6,30,0.24959872,0
1/24/20 12:59,46.4166666666667,46.375,0,0,4662.7,20.35,0,0,1.1,0,781.7,0,0,-2690.1,30.105,0,0,5.3619604,-1.18,300,0,3744.6,30,0.2496,0
1/24/20 13:04,46.5,46.4583333333333,0,0,4662.7,20.35,0,0,1.1,0,781.7,0,0,-2690.1,30.054579,0,0,5.3629996,-1.18,300,0,3744.6,30,0.2496,0
1/24/20 13:09,46.5833333333333,46.5416666666667,0,0,4662.7,20.35,0,0,1.1,0,781.7,0,0,-2690.1,30.050442,0,0,5.363,-1.18,300,0,3744.6,30,0.2496,0
1/24/20 13:14,46.6666666666667,46.625,0,0,4662.7,20.35,0,0,1.1,0,781.7,0,0,-2690.1,30.104979,0,0,5.363,-1.18,300,0,3744.6,30,0.2496,0
1/24/20 13:19,46.75,46.7083333333333,0,0,4662.7,20.35,0,0,1.1,0,781.7,0,0,-2690.1,30.054579,0,0,5.3634802,-1.18,300,0,3744.6,30,0.24652672,0
1/24/20 13:24,46.8333333333333,46.7916666666667,0,0,4662.7,20.35,0,0,1.1,0,781.7,0,0,-2690.1,30.050442,0,0,5.3635196,-1.18,300,0,3744.6,30,0.24320128,0
1/24/20 13:29,46.9166666666667,46.875,0,0,4662.7,20.35,0,0,1.1,0,781.7,0,0,-2690.1,30.054558,0,0,5.3634804,-1.18,300,0,3744.6,30,0.2432,0
1/24/20 13:34,47,46.9583333333333,0,0,4662.7,20.35,0,0,1.1,0,781.7,0,0,-2690.1,30.050442,0,0,5.3639998,-1.18,300,0,3744.6,30,0.2432,0
1/24/20 13:39,47.0833333333333,47.0416666666667,0,0,4662.7,20.35,0,0,1.1,0,781.7,0,0,-2690.1,30.054558,0,0,5.364,-1.18,300,0,3744.6,30,0.24627328,0
1/24/20 13:44,47.1666666666667,47.125,0,0,4662.7,20.35,0,0,1.1,0,781.7,0,0,-2690.1,30.050442,0,0,5.3644802,-1.18,300,0,3744.6,30,0.24959872,0
1/24/20 13:49,47.25,47.2083333333333,0,0,4662.7,20.35,0,0,1.1,0,781.7,0,0,-2690.1,30.068964,0,0,5.3645196,-1.18,300,0,3744.6,30,0.22808704,0
1/24/20 13:54,47.3333333333333,47.2916666666667,0,0,4662.7,20.35,0,0,1.1,0,781.7,0,0,-2690.1,30.06603,0,0,5.3649606,-1.18,300,0,3744.6,30,0.22324864,0
1/24/20 13:59,47.4166666666667,47.375,0,0,4662.7,20.35,0,0,1.1,0,781.7,0,0,-2689.76386,30.054564,0,0,5.3659996,-1.18,300,0,3744.6,30,0.24319232,0
1/24/20 14:04,47.5,47.4583333333333,0,0,4662.7,20.35,0,0,1.1,0,781.7,0,0,-2689.40014,30.050442,0,0,5.366,-1.18,300,0,3744.6,30,0.2432,0
1/24/20 14:09,47.5833333333333,47.5416666666667,0,0,4662.7,20.35,0,0,1.1,0,781.7,0,0,-2689.4,30.104979,0,0,5.366,-1.18,300,0,3744.6,30,0.2432,0
1/24/20 14:14,47.6666666666667,47.625,0,0,4662.7,20.35,0,0,1.1,0,781.7,0,0,-2689.4,30.054579,0,0,5.366,-1.18,300,0,3744.6,30,0.2432,0
1/24/20 14:19,47.75,47.7083333333333,0,0,4662.7,20.35,0,0,1.1,0,781.7,0,0,-2689.4,30.050442,0,0,5.3669604,-1.18,300,0,3744.6,30,0.2432,0
1/24/20 14:24,47.8333333333333,47.7916666666667,0,0,4662.7,20.35,0,0,1.1,0,781.7,0,0,-2689.4,30.104979,0,0,5.3679996,-1.18,300,0,3744.6,30,0.2432,0
1/24/20 14:29,47.9166666666667,47.875,0,0,4662.7,20.35,0,0,1.1,0,781.7,0,0,-2689.06386,30.054579,0,0,5.368,-1.18,300,0,3744.6,30,0.2432,0
1/24/20 14:34,48,47.9583333333333,0,0,4662.7,20.35,0,0,1.1,0,781.7,0,0,-2688.70014,30.0502744883721,0,0,5.368,-1.18,300,0,3744.6,30,0.2432,0
1/24/20 14:39,48.0833333333333,48.0416666666667,0,0,4662.7,20.35,0,0,1.1,0,781.7,0,0,-2688.7,30.0548929282946,0,0,5.368,-1.18,300,0,3744.6,30,0.2432,0
1/24/20 14:44,48.1666666666667,48.125,0,0,4662.7,20.35,0,0,1.1,0,781.7,0,0,-2688.7,30.0501071666667,0,0,5.368,-1.18,300,0,3744.6,30,0.2432,0
1/24/20 14:49,48.25,48.2083333333333,0,0,4662.7,20.35,0,0,1.1,0,781.7,0,0,-2688.7,30.1049714166667,0,0,5.368,-1.18,300,0,3744.6,30,0.246252408888889,0
1/24/20 14:54,48.3333333333333,48.2916666666667,0,0,4662.7,20.35,0,0,1.1,0,781.7,0,0,-2688.7,30.105,0,0,5.368,-1.18,300,0,3744.6,30,0.246545848888889,0
1/24/20 14:59,48.4166666666667,48.375,0,0,4662.7,20.35,0,0,1.1,0,781.7,0,0,-2688.7,30.105,0,0,5.36847693888889,-1.18,300,0,3744.6,30,0.243201742222222,0
1/24/20 15:04,48.5,48.4583333333333,0,0,4662.7,20.35,0,0,1.1,0,781.7,0,0,-2688.7,30.105,0,0,5.36899972777778,-1.18,300,0,3744.6,30,0.2432,0
1/24/20 15:09,48.5833333333333,48.5416666666667,0,0,4662.7,20.35,0,0,1.1,0,781.7,0,0,-2688.7,30.0549214166667,0,0,5.369,-1.18,300,0,3744.6,30,0.2432,0
1/24/20 15:14,48.6666666666667,48.625,0,0,4662.7,20.35,0,0,1.1,0,781.7,0,0,-2688.7,30.0501071666667,0,0,5.369,-1.18,300,0,3744.6,30,0.2432,0
1/24/20 15:19,48.75,48.7083333333333,0,0,4662.7,20.35,0,0,1.1,0,781.7,0,0,-2688.7,30.00481425,0,0,5.369,-1.18,300,0,3744.6,30,0.2432,0
1/24/20 15:24,48.8333333333333,48.7916666666667,0,0,4662.7,20.35,0,0,1.1,0,781.7,0,0,-2688.7,29.94513575,0,0,5.369,-1.18,300,0,3744.6,30,0.2432,0
1/24/20 15:29,48.9166666666667,48.875,0,0,4662.7,20.35,0,0,1.1,0,781.7,0,0,-2688.7,30.05005,0,0,5.369,-1.18,300,0,3744.6,30,0.2432,0
1/24/20 15:34,49,48.9583333333333,0,0,4662.7,20.35,0,0,1.1,0,781.7,0,0,-2688.7,30.0548928333333,0,0,5.369,-1.18,300,0,3744.6,30,0.2432,0
1/24/20 15:39,49.0833333333333,49.0416666666667,0,0,4662.7,20.35,0,0,1.1,0,781.7,0,0,-2688.7,30.0501071666667,0,0,5.36995387777778,-1.18,300,0,3744.6,30,0.2432,0
1/24/20 15:44,49.1666666666667,49.125,0,0,4662.7,20.35,0,0,1.1,0,781.7,0,0,-2688.7,30.1049714166667,0,0,5.37099945555556,-1.18,300,0,3744.6,30,0.2432,0
1/24/20 15:49,49.25,49.2083333333333,0,0,4662.7,20.35,0,0,1.1,0,781.7,0,0,-2688.36614277778,30.0549214166667,0,0,5.371,-1.18,300,0,3744.6,30,0.2432,0
1/24/20 15:54,49.3333333333333,49.2916666666667,0,0,4662.7,20.35,0,0,1.1,0,781.7,0,0,-2688.00019055556,30.0000285833333,0,0,5.371,-1.18,300,0,3744.6,30,0.2432,0
1/24/20 15:59,49.4166666666667,49.375,0,0,4662.7,20.35,0,0,1.1,0,781.7,0,0,-2688,30,0,0,5.371,-1.18,300,0,3744.6,30,0.246252408888889,0
1/24/20 16:04,49.5,49.4583333333333,0,0,4662.7,20.35,0,0,1.1,0,781.7,0,0,-2688,30.0500785833333,0,0,5.371,-1.18,300,0,3744.6,30,0.249598257777778,0
1/24/20 16:09,49.5833333333333,49.5416666666667,0,0,4662.7,20.35,0,0,1.1,0,781.7,0,0,-2688,30.0548928333333,0,0,5.371,-1.18,300,0,3744.6,30,0.2496,0
1/24/20 16:14,49.6666666666667,49.625,0,0,4662.7,20.35,0,0,1.1,0,781.7,0,0,-2688,30.0000285833333,0,0,5.371,-1.18,300,0,3744.6,30,0.246547591111111,0
1/24/20 16:19,49.75,49.7083333333333,0,0,4662.7,20.35,0,0,1.1,0,781.7,0,0,-2688,30,0,0,5.37195387777778,-1.18,300,0,3744.6,30,0.243201742222222,0
1/24/20 16:24,49.8333333333333,49.7916666666667,0,0,4662.7,20.35,0,0,1.1,0,781.7,0,0,-2688,30,0,0,5.37299945555556,-1.18,300,0,3744.6,30,0.2432,0
1/24/20 16:29,49.9166666666667,49.875,0,0,4662.7,20.35,0,0,1.1,0,781.7,0,0,-2688,30,0,0,5.373,-1.18,300,0,3744.6,30,0.2432,0
1/24/20 16:34,50,49.9583333333333,0,0,4662.7,20.35,0,0,1.1,0,781.7,0,0,-2688,30,0,0,5.373,-1.18,300,0,3744.6,30,0.2432,0
1/24/20 16:39,50.0833333333333,50.0416666666667,0,0,4662.7,20.35,0,0,1.1,0,781.7,0,0,-2688,30,0,0,5.37347693888889,-1.18,300,0,3744.6,30,0.2432,0
1/24/20 16:44,50.1666666666667,50.125,0,0,4662.7,20.35,0,0,1.1,0,781.7,0,0,-2688,30,0,0,5.37352278888889,-1.18,300,0,3744.6,30,0.2432,0
1/24/20 16:49,50.25,50.2083333333333,0,0,4662.7,20.35,0,0,1.1,0,781.7,0,0,-2688,30,0,0,5.37300027222222,-1.18,300,0,3744.6,30,0.2432,0
1/24/20 16:54,50.3333333333333,50.2916666666667,0,0,4662.7,20.35,0,0,1.1,0,781.7,0,0,-2688,30,0,0,5.37347693888889,-1.18,300,0,3744.6,30,0.2432,0
1/24/20 16:59,50.4166666666667,50.375,0,0,4662.7,20.35,0,0,1.1,0,781.7,0,0,-2687.66614277778,30,0,0,5.37399972777778,-1.18,300,0,3744.6,30,0.246252408888889,0
1/24/20 17:04,50.5,50.4583333333333,0,0,4662.7,20.35,0,0,1.1,0,781.7,0,0,-2687.30019055556,30,0,0,5.374,-1.18,300,0,3744.6,30,0.249598257777778,0
1/24/20 17:09,50.5833333333333,50.5416666666667,0,0,4662.7,20.35,0,0,1.1,0,781.7,0,0,-2687.3,30,0,0,5.374,-1.18,300,0,3744.6,30,0.2496,0
1/24/20 17:14,50.6666666666667,50.625,0,0,4662.7,20.35,0,0,1.1,0,781.7,0,0,-2687.3,30,0,0,5.374,-1.18,300,0,3744.6,30,0.2496,0
1/24/20 17:19,50.75,50.7083333333333,0,0,4662.7,20.35,0,0,1.1,0,781.7,0,0,-2687.3,30,0,0,5.374,-1.18,300,0,3744.6,30,0.2496,0
1/24/20 17:24,50.8333333333333,50.7916666666667,0,0,4662.7,20.35,0,0,1.1,0,781.7,0,0,-2687.3,29.97853775,0,0,5.374,-1.18,300,0,3744.6,30,0.2496,0
1/24/20 17:29,50.9166666666667,50.875,0,0,4662.7,20.35,0,0,1.1,0,781.7,0,0,-2687.3,29.9764745,0,0,5.37495387777778,-1.18,300,0,3744.6,30,0.2496,0
1/24/20 17:34,51,50.9583333333333,0,0,4662.7,20.35,0,0,1.1,0,781.7,0,0,-2687.3,29.99998775,0,0,5.37599945555556,-1.18,300,0,3744.6,30,0.2496,0
1/24/20 17:39,51.0833333333333,51.0416666666667,0,0,4662.7,20.35,0,0,1.1,0,781.7,0,0,-2687.3,30,0,0,5.376,-1.18,300,0,3744.6,30,0.2496,0
1/24/20 17:44,51.1666666666667,51.125,0,0,4662.7,20.35,0,0,1.1,0,781.7,0,0,-2687.3,30.0500785833333,0,0,5.376,-1.18,300,0,3744.6,30,0.2496,0
1/24/20 17:49,51.25,51.2083333333333,0,0,4662.7,20.35,0,0,1.1,0,781.7,0,0,-2687.3,30.069201,0,0,5.376,-1.18,300,0,3744.6,30,0.2496,0
1/24/20 17:54,51.3333333333333,51.2916666666667,0,0,4662.7,20.35,0,0,1.1,0,781.7,0,0,-2687.3,30.0657908333333,0,0,5.376,-1.18,300,0,3744.6,30,0.246547591111111,0
1/24/20 17:59,51.4166666666667,51.375,0,0,4662.7,20.35,0,0,1.1,0,781.7,0,0,-2687.3,30.054901,0,0,5.376,-1.18,300,0,3744.6,30,0.243201742222222,0
1/24/20 18:04,51.5,51.4583333333333,0,0,4662.7,20.35,0,0,1.1,0,781.7,0,0,-2687.3,30.0000285833333,0,0,5.376,-1.18,300,0,3744.6,30,0.2432,0
1/24/20 18:09,51.5833333333333,51.5416666666667,0,0,4662.7,20.35,0,0,1.1,0,781.7,0,0,-2687.3,30,0,0,5.37695387777778,-1.18,300,0,3744.6,30,0.2432,0
1/24/20 18:14,51.6666666666667,51.625,0,0,4662.7,20.35,0,0,1.1,0,781.7,0,0,-2687.3,30.0500785833333,0,0,5.37799945555556,-1.18,300,0,3744.6,30,0.246252408888889,0
1/24/20 18:19,51.75,51.7083333333333,0,0,4662.7,20.35,0,0,1.1,0,781.7,0,0,-2687.3,30.0548928333333,0,0,5.378,-1.18,300,0,3744.6,30,0.249598257777778,0
1/24/20 18:24,51.8333333333333,51.7916666666667,0,0,4662.7,20.35,0,0,1.1,0,781.7,0,0,-2687.3,30.0000285833333,0,0,5.378,-1.18,300,0,3744.6,30,0.2496,0
1/24/20 18:29,51.9166666666667,51.875,0,0,4662.7,20.35,0,0,1.1,0,781.7,0,0,-2687.3,30,0,0,5.378,-1.18,300,0,3744.6,30,0.2496,0
1/24/20 18:34,52,51.9583333333333,0,0,4662.7,20.35,0,0,1.1,0,781.7,0,0,-2687.3,30,0,0,5.378,-1.18,300,0,3744.6,30,0.2496,0
1/24/20 18:39,52.0833333333333,52.0416666666667,0,0,4662.7,20.35,0,0,1.1,0,781.7,0,0,-2687.3,30,0,0,5.378,-1.18,300,0,3744.6,30,0.2496,0
1/24/20 18:44,52.1666666666667,52.125,0,0,4662.7,20.35,0,0,1.1,0,781.7,0,0,-2687.3,30,0,0,5.37847693888889,-1.18,300,0,3744.6,30,0.2496,0
1/24/20 18:49,52.25,52.2083333333333,0,0,4662.7,20.35,0,0,1.1,0,781.7,0,0,-2687.3,30,0,0,5.37899972777778,-1.18,300,0,3744.6,30,0.2496,0
1/24/20 18:54,52.3333333333333,52.2916666666667,0,0,4662.7,20.35,0,0,1.1,0,781.7,0,0,-2687.3,30,0,0,5.379,-1.18,300,0,3744.6,30,0.2496,0
1/24/20 18:59,52.4166666666667,52.375,0,0,4662.7,20.35,0,0,1.1,0,781.7,0,0,-2687.3,30,0,0,5.379,-1.18,300,0,3744.6,30,0.2496,0
1/24/20 19:04,52.5,52.4583333333333,0,0,4662.7,20.35,0,0,1.1,0,781.7,0,0,-2687.3,30,0,0,5.379,-1.18,300,0,3744.6,30,0.2496,0
1/24/20 19:09,52.5833333333333,52.5416666666667,0,0,4662.7,20.35,0,0,1.1,0,781.7,0,0,-2687.3,30,0,0,5.379,-1.18,300,0,3744.6,30,0.2496,0
1/24/20 19:14,52.6666666666667,52.625,0,0,4662.7,20.35,0,0,1.1,0,781.7,0,0,-2687.3,30,0,0,5.379,-1.18,300,0,3744.6,30,0.2496,0
1/24/20 19:19,52.75,52.7083333333333,0,0,4662.7,20.35,0,0,1.1,0,781.7,0,0,-2687.3,30,0,0,5.379,-1.18,300,0,3744.6,30,0.246568391111111,0
1/24/20 19:24,52.8333333333333,52.7916666666667,0,0,4662.7,20.35,0,0,1.1,0,781.7,0,0,-2687.3,30,0,0,5.37994737777778,-1.18,300,0,3744.6,30,0.243202275555556,0
1/24/20 19:29,52.9166666666667,52.875,0,0,4662.7,20.35,0,0,1.1,0,781.7,0,0,-2687.3,30,0,0,5.38099928888889,-1.18,300,0,3744.6,30,0.246231608888889,0
1/24/20 19:34,53,52.9583333333333,0,0,4662.7,20.35,0,0,1.1,0,781.7,0,0,-2687.3,30,0,0,5.381,-1.18,300,0,3744.6,30,0.249597724444444,0
1/24/20 19:39,53.0833333333333,53.0416666666667,0,0,4662.7,20.35,0,0,1.1,0,781.7,0,0,-2687.3,30,0,0,5.381,-1.18,300,0,3744.6,30,0.2496,0
1/24/20 19:44,53.1666666666667,53.125,0,0,4662.7,20.35,0,0,1.1,0,781.7,0,0,-2687.3,30.0355266666667,0,0,5.38147368888889,-1.18,300,0,3744.6,30,0.2496,0
1/24/20 19:49,53.25,53.2083333333333,0,0,4662.7,20.35,0,0,1.1,0,781.7,0,0,-2687.3,30.0394466666667,0,0,5.38152595555556,-1.18,300,0,3744.6,30,0.2496,0
1/24/20 19:54,53.3333333333333,53.2916666666667,0,0,4662.7,20.35,0,0,1.1,0,781.7,0,0,-2687.3,30.0000266666667,0,0,5.38100035555556,-1.18,300,0,3744.6,30,0.2496,0
1/24/20 19:59,53.4166666666667,53.375,0,0,4662.7,20.35,0,0,1.1,0,781.7,0,0,-2687.3,30,0,0,5.38147368888889,-1.18,300,0,3744.6,30,0.2496,0
1/24/20 20:04,53.5,53.4583333333333,0,0,4662.7,20.35,0,0,1.1,0,781.7,0,0,-2687.3,30,0,0,5.38199964444444,-1.18,300,0,3744.6,30,0.2496,0
1/24/20 20:09,53.5833333333333,53.5416666666667,0,0,4662.7,20.35,0,0,1.1,0,781.7,0,0,-2687.3,30.0497373333333,0,0,5.382,-1.18,300,0,3744.6,30,0.2496,0
1/24/20 20:14,53.6666666666667,53.625,0,0,4662.7,20.35,0,0,1.1,0,781.7,0,0,-2687.3,30.0552253333333,0,0,5.382,-1.18,300,0,3744.6,30,0.2496,0
1/24/20 20:19,53.75,53.7083333333333,0,0,4662.7,20.35,0,0,1.1,0,781.7,0,0,-2687.3,30.014248,0,0,5.382,-1.18,300,0,3744.6,30,0.2496,0
1/24/20 20:24,53.8333333333333,53.7916666666667,0,0,4662.7,20.35,0,0,1.1,0,781.7,0,0,-2687.3,30.065516,0,0,5.382,-1.18,300,0,3744.6,30,0.2496,0
1/24/20 20:29,53.9166666666667,53.875,0,0,4662.7,20.35,0,0,1.1,0,781.7,0,0,-2687.3,30.1049733333333,0,0,5.38247368888889,-1.18,300,0,3744.6,30,0.2496,0
1/24/20 20:34,54,53.9583333333333,0,0,4662.7,20.35,0,0,1.1,0,781.7,0,0,-2687.3,30.0552626666667,0,0,5.38347333333333,-1.18,300,0,3744.6,30,0.2496,0
1/24/20 20:39,54.0833333333333,54.0416666666667,0,0,4662.7,20.35,0,0,1.1,0,781.7,0,0,-2687.3,30.0000373333333,0,0,5.38399964444444,-1.18,300,0,3744.6,30,0.2496,0
1/24/20 20:44,54.1666666666667,54.125,0,0,4662.7,20.35,0,0,1.1,0,781.7,0,0,-2687.3,30,0,0,5.384,-1.18,300,0,3744.6,30,0.2496,0
1/24/20 20:49,54.25,54.2083333333333,0,0,4662.7,20.35,0,0,1.1,0,781.7,0,0,-2687.3,30,0,0,5.384,-1.18,300,0,3744.6,30,0.2496,0
1/24/20 20:54,54.3333333333333,54.2916666666667,0,0,4662.7,20.35,0,0,1.1,0,781.7,0,0,-2687.3,30,0,0,5.384,-1.18,300,0,3744.6,30,0.2496,0
1/24/20 20:59,54.4166666666667,54.375,0,0,4662.7,20.35,0,0,1.1,0,781.7,0,0,-2687.3,30,0,0,5.384,-1.18,300,0,3744.6,30,0.2496,0
1/24/20 21:04,54.5,54.4583333333333,0,0,4662.7,20.35,0,0,1.1,0,781.7,0,0,-2687.3,30,0,0,5.384,-1.18,300,0,3744.6,30,0.2496,0
1/24/20 21:09,54.5833333333333,54.5416666666667,0,0,4662.7,20.35,0,0,1.1,0,781.7,0,0,-2687.3,30,0,0,5.38447368888889,-1.18,300,0,3744.6,30,0.2496,0
1/24/20 21:14,54.6666666666667,54.625,0,0,4662.7,20.35,0,0,1.1,0,781.7,0,0,-2687.63158222222,30,0,0,5.38547333333333,-1.18,300,0,3744.6,30,0.2496,0
1/24/20 21:19,54.75,54.7083333333333,0,0,4662.7,20.35,0,0,1.1,0,781.7,0,0,-2687.99975111111,30,0,0,5.38599964444444,-1.18,300,0,3744.6,30,0.2496,0
1/24/20 21:24,54.8333333333333,54.7916666666667,0,0,4662.7,20.35,0,0,1.1,0,781.7,0,0,-2688,30,0,0,5.386,-1.18,300,0,3744.6,30,0.2496,0
1/24/20 21:29,54.9166666666667,54.875,0,0,4662.7,20.35,0,0,1.1,0,781.7,0,0,-2688,30,0,0,5.386,-1.18,300,0,3744.6,30,0.2496,0
1/24/20 21:34,55,54.9583333333333,0,0,4662.7,20.35,0,0,1.1,0,781.7,0,0,-2687.66841777778,30,0,0,5.386,-1.18,300,0,3744.6,30,0.2496,0
1/24/20 21:39,55.0833333333333,55.0416666666667,0,0,4662.7,20.35,0,0,1.1,0,781.7,0,0,-2687.30024888889,30,0,0,5.386,-1.18,300,0,3744.6,30,0.2496,0
1/24/20 21:44,55.1666666666667,55.125,0,0,4662.7,20.35,0,0,1.1,0,781.7,0,0,-2687.3,30,0,0,5.386,-1.18,300,0,3744.6,30,0.2496,0
1/24/20 21:49,55.25,55.2083333333333,0,0,4662.7,20.35,0,0,1.1,0,781.7,0,0,-2687.3,30.0497373333333,0,0,5.38647368888889,-1.18,300,0,3744.6,30,0.2496,0
1/24/20 21:54,55.3333333333333,55.2916666666667,0,0,4662.7,20.35,0,0,1.1,0,781.7,0,0,-2687.3,30.1049626666667,0,0,5.38699964444444,-1.18,300,0,3744.6,30,0.2496,0
1/24/20 21:59,55.4166666666667,55.375,0,0,4662.7,20.35,0,0,1.1,0,781.7,0,0,-2686.96841777778,30.0694733333333,0,0,5.387,-1.18,300,0,3744.6,30,0.2496,0
1/24/20 22:04,55.5,55.4583333333333,0,0,4662.7,20.35,0,0,1.1,0,781.7,0,0,-2686.60024888889,30.015816,0,0,5.387,-1.18,300,0,3744.6,30,0.2496,0
1/24/20 22:09,55.5833333333333,55.5416666666667,0,0,4662.7,20.35,0,0,1.1,0,781.7,0,0,-2686.6,30.0000106666667,0,0,5.387,-1.18,300,0,3744.6,30,0.2496,0
1/24/20 22:14,55.6666666666667,55.625,0,0,4662.7,20.35,0,0,1.1,0,781.7,0,0,-2686.93158222222,30,0,0,5.387,-1.18,300,0,3744.6,30,0.2496,0
1/24/20 22:19,55.75,55.7083333333333,0,0,4662.7,20.35,0,0,1.1,0,781.7,0,0,-2687.29975111111,30,0,0,5.38794737777778,-1.18,300,0,3744.6,30,0.2496,0
1/24/20 22:24,55.8333333333333,55.7916666666667,0,0,4662.7,20.35,0,0,1.1,0,781.7,0,0,-2687.3,30,0,0,5.38899928888889,-1.18,300,0,3744.6,30,0.2496,0
1/24/20 22:29,55.9166666666667,55.875,0,0,4662.7,20.35,0,0,1.1,0,781.7,0,0,-2687.63158222222,30,0,0,5.389,-1.18,300,0,3744.6,30,0.2496,0
1/24/20 22:34,56,55.9583333333333,0,0,4662.7,20.35,0,0,1.1,0,781.7,0,0,-2687.99975111111,30,0,0,5.389,-1.18,300,0,3744.6,30,0.2496,0
1/24/20 22:39,56.0833333333333,56.0416666666667,0,0,4662.7,20.35,0,0,1.1,0,781.7,0,0,-2688,30,0,0,5.389,-1.18,300,0,3744.6,30,0.2496,0
1/24/20 22:44,56.1666666666667,56.125,0,0,4662.7,20.35,0,0,1.1,0,781.7,0,0,-2688,30,0,0,5.389,-1.18,300,0,3744.6,30,0.2496,0
1/24/20 22:49,56.25,56.2083333333333,0,0,4662.7,20.35,0,0,1.1,0,781.7,0,0,-2688,30.0497373333333,0,0,5.389,-1.18,300,0,3744.6,30,0.2496,0
1/24/20 22:54,56.3333333333333,56.2916666666667,0,0,4662.7,20.35,0,0,1.1,0,781.7,0,0,-2688,30.1049626666667,0,0,5.389,-1.18,300,0,3744.6,30,0.2496,0
1/24/20 22:59,56.4166666666667,56.375,0,0,4662.7,20.35,0,0,1.1,0,781.7,0,0,-2688,30.0552626666667,0,0,5.389,-1.18,300,0,3744.6,30,0.2496,0
1/24/20 23:04,56.5,56.4583333333333,0,0,4662.7,20.35,0,0,1.1,0,781.7,0,0,-2688,30.0497746666667,0,0,5.38947368888889,-1.18,300,0,3744.6,30,0.2496,0
1/24/20 23:09,56.5833333333333,56.5416666666667,0,0,4662.7,20.35,0,0,1.1,0,781.7,0,0,-2688,30.0552253333333,0,0,5.39047333333333,-1.18,300,0,3744.6,30,0.2496,0
1/24/20 23:14,56.6666666666667,56.625,0,0,4662.7,20.35,0,0,1.1,0,781.7,0,0,-2688,30.0000373333333,0,0,5.39099964444444,-1.18,300,0,3744.6,30,0.2496,0
1/24/20 23:19,56.75,56.7083333333333,0,0,4662.7,20.35,0,0,1.1,0,781.7,0,0,-2688,30,0,0,5.391,-1.18,300,0,3744.6,30,0.2496,0
1/24/20 23:24,56.8333333333333,56.7916666666667,0,0,4662.7,20.35,0,0,1.1,0,781.7,0,0,-2688,30.0355266666667,0,0,5.391,-1.18,300,0,3744.6,30,0.2496,0
1/24/20 23:29,56.9166666666667,56.875,0,0,4662.7,20.35,0,0,1.1,0,781.7,0,0,-2688,30.0394466666667,0,0,5.391,-1.18,300,0,3744.6,30,0.2496,0
1/24/20 23:34,57,56.9583333333333,0,0,4662.7,20.35,0,0,1.1,0,781.7,0,0,-2688,30.0000266666667,0,0,5.391,-1.18,300,0,3744.6,30,0.2496,0
1/24/20 23:39,57.0833333333333,57.0416666666667,0,0,4662.7,20.35,0,0,1.1,0,781.7,0,0,-2688,30.0497373333333,0,0,5.39147368888889,-1.18,300,0,3744.6,30,0.2496,0
1/24/20 23:44,57.1666666666667,57.125,0,0,4662.7,20.35,0,0,1.1,0,781.7,0,0,-2688,30.1049626666667,0,0,5.39199964444444,-1.18,300,0,3744.6,30,0.2496,0
1/24/20 23:49,57.25,57.2083333333333,0,0,4662.7,20.35,0,0,1.1,0,781.7,0,0,-2688,30.105,0,0,5.392,-1.18,300,0,3744.6,30,0.2496,0
1/24/20 23:54,57.3333333333333,57.2916666666667,0,0,4662.7,20.35,0,0,1.1,0,781.7,0,0,-2688,30.0552626666667,0,0,5.392,-1.18,300,0,3744.6,30,0.2496,0
1/24/20 23:59,57.4166666666667,57.375,0,0,4662.7,20.35,0,0,1.1,0,781.7,0,0,-2688,30.0000373333333,0,0,5.392,-1.18,300,0,3744.6,30,0.2496,0
1/25/20 0:04,57.5,57.4583333333333,0,0,4662.7,20.35,0,0,1.1,0,781.7,0,0,-2688,30,0,0,5.392,-1.18,300,0,3744.6,30,0.2496,0
1/25/20 0:09,57.5833333333333,57.5416666666667,0,0,4662.7,20.35,0,0,1.1,0,781.7,0,0,-2688,30,0,0,5.392,-1.18,300,0,3744.6,30,0.2496,0
1/25/20 0:14,57.6666666666667,57.625,0,0,4662.7,20.35,0,0,1.1,0,781.7,0,0,-2688,30,0,0,5.392,-1.18,300,0,3744.6,30,0.2496,0
1/25/20 0:19,57.75,57.7083333333333,0,0,4662.7,20.35,0,0,1.1,0,781.7,0,0,-2688,30,0,0,5.392,-1.18,300,0,3744.6,30,0.2496,0
1/25/20 0:24,57.8333333333333,57.7916666666667,0,0,4662.7,20.35,0,0,1.1,0,781.7,0,0,-2688,30,0,0,5.39294737777778,-1.18,300,0,3744.6,30,0.2496,0
1/25/20 0:29,57.9166666666667,57.875,0,0,4662.7,20.35,0,0,1.1,0,781.7,0,0,-2688,30,0,0,5.39399928888889,-1.18,300,0,3744.6,30,0.2496,0
1/25/20 0:34,58,57.9583333333333,0,0,4662.7,20.35,0,0,1.1,0,781.7,0,0,-2688,30,0,0,5.394,-1.18,300,0,3744.6,30,0.2496,0
1/25/20 0:39,58.0833333333333,58.0416666666667,0,0,4662.7,20.35,0,0,1.1,0,781.7,0,0,-2688,30,0,0,5.394,-1.18,300,0,3744.6,30,0.2496,0
1/25/20 0:44,58.1666666666667,58.125,0,0,4662.7,20.35,0,0,1.1,0,781.7,0,0,-2688.329315,30,0,0,5.394,-1.18,300,0,3744.6,30,0.2496,0
1/25/20 0:49,58.25,58.2083333333333,0,0,4662.7,20.35,0,0,1.1,0,781.7,0,0,-2688.699685,30,0,0,5.394,-1.18,300,0,3744.6,30,0.2496,0
1/25/20 0:54,58.3333333333333,58.2916666666667,0,0,4662.7,20.35,0,0,1.1,0,781.7,0,0,-2688.7,30.04939725,0,0,5.394,-1.18,300,0,3744.6,30,0.2496,0
1/25/20 0:59,58.4166666666667,58.375,0,0,4662.7,20.35,0,0,1.1,0,781.7,0,0,-2688.7,30.0555555,0,0,5.3949409,-1.18,300,0,3744.6,30,0.2496,0
1/25/20 1:04,58.5,58.4583333333333,0,0,4662.7,20.35,0,0,1.1,0,781.7,0,0,-2688.7,30.00004725,0,0,5.3959991,-1.18,300,0,3744.6,30,0.2496,0
1/25/20 1:09,58.5833333333333,58.5416666666667,0,0,4662.7,20.35,0,0,1.1,0,781.7,0,0,-2688.7,30,0,0,5.396,-1.18,300,0,3744.6,30,0.2496,0
1/25/20 1:14,58.6666666666667,58.625,0,0,4662.7,20.35,0,0,1.1,0,781.7,0,0,-2688.7,30.04939725,0,0,5.396,-1.18,300,0,3744.6,30,0.2496,0
1/25/20 1:19,58.75,58.7083333333333,0,0,4662.7,20.35,0,0,1.1,0,781.7,0,0,-2688.7,30.0555555,0,0,5.396,-1.18,300,0,3744.6,30,0.2496,0
1/25/20 1:24,58.8333333333333,58.7916666666667,0,0,4662.7,20.35,0,0,1.1,0,781.7,0,0,-2688.7,30.00004725,0,0,5.396,-1.18,300,0,3744.6,30,0.2496,0
1/25/20 1:29,58.9166666666667,58.875,0,0,4662.7,20.35,0,0,1.1,0,781.7,0,0,-2688.7,30,0,0,5.396,-1.18,300,0,3744.6,30,0.2496,0
1/25/20 1:34,59,58.9583333333333,0,0,4662.7,20.35,0,0,1.1,0,781.7,0,0,-2688.7,30.04939725,0,0,5.396,-1.18,300,0,3744.6,30,0.2496,0
1/25/20 1:39,59.0833333333333,59.0416666666667,0,0,4662.7,20.35,0,0,1.1,0,781.7,0,0,-2688.7,30.0555555,0,0,5.396,-1.18,300,0,3744.6,30,0.2496,0
1/25/20 1:44,59.1666666666667,59.125,0,0,4662.7,20.35,0,0,1.1,0,781.7,0,0,-2688.7,30.035331,0,0,5.39647045,-1.18,300,0,3744.6,30,0.2496,0
1/25/20 1:49,59.25,59.2083333333333,0,0,4662.7,20.35,0,0,1.1,0,781.7,0,0,-2688.7,30.0396825,0,0,5.3965291,-1.18,300,0,3744.6,30,0.2496,0
1/25/20 1:54,59.3333333333333,59.2916666666667,0,0,4662.7,20.35,0,0,1.1,0,781.7,0,0,-2688.7,30.00003375,0,0,5.3964709,-1.18,300,0,3744.6,30,0.2496,0
1/25/20 1:59,59.4166666666667,59.375,0,0,4662.7,20.35,0,0,1.1,0,781.7,0,0,-2688.7,30,0,0,5.39699955,-1.18,300,0,3744.6,30,0.2496,0
1/25/20 2:04,59.5,59.4583333333333,0,0,4662.7,20.35,0,0,1.1,0,781.7,0,0,-2688.7,30,0,0,5.397,-1.18,300,0,3744.6,30,0.2496,0
1/25/20 2:09,59.5833333333333,59.5416666666667,0,0,4662.7,20.35,0,0,1.1,0,781.7,0,0,-2688.7,30,0,0,5.397,-1.18,300,0,3744.6,30,0.2496,0
1/25/20 2:14,59.6666666666667,59.625,0,0,4662.7,20.35,0,0,1.1,0,781.7,0,0,-2688.7,30,0,0,5.397,-1.18,300,0,3744.6,30,0.2496,0
1/25/20 2:19,59.75,59.7083333333333,0,0,4662.7,20.35,0,0,1.1,0,781.7,0,0,-2688.7,30,0,0,5.3979409,-1.18,300,0,3744.6,30,0.2496,0
1/25/20 2:24,59.8333333333333,59.7916666666667,0,0,4662.7,20.35,0,0,1.1,0,781.7,0,0,-2688.7,30.04939725,0,0,5.3989991,-1.18,300,0,3744.6,30,0.2496,0
1/25/20 2:29,59.9166666666667,59.875,0,0,4662.7,20.35,0,0,1.1,0,781.7,0,0,-2688.7,30.0555555,0,0,5.399,-1.18,300,0,3744.6,30,0.2496,0
1/25/20 2:34,60,59.9583333333333,0,0,4662.7,20.35,0,0,1.1,0,781.7,0,0,-2688.7,30.00004725,0,0,5.399,-1.18,300,0,3744.6,30,0.2496,0
1/25/20 2:39,60.0833333333333,60.0416666666667,0,0,4662.7,20.35,0,0,1.1,0,781.7,0,0,-2688.7,30,0,0,5.399,-1.18,300,0,3744.6,30,0.2496,0
1/25/20 2:44,60.1666666666667,60.125,0,0,4662.7,20.35,0,0,1.1,0,781.7,0,0,-2688.7,30,0,0,5.399,-1.18,300,0,3744.6,30,0.2496,0
1/25/20 2:49,60.25,60.2083333333333,0,0,4662.7,20.35,0,0,1.1,0,781.7,0,0,-2688.7,30.04939725,0,0,5.399,-1.18,300,0,3744.6,30,0.2496,0
1/25/20 2:54,60.3333333333333,60.2916666666667,0,0,4662.7,20.35,0,0,1.1,0,781.7,0,0,-2688.7,30.0555555,0,0,5.399,-1.18,300,0,3744.6,30,0.2496,0
1/25/20 2:59,60.4166666666667,60.375,0,0,4662.7,20.35,0,0,1.1,0,781.7,0,0,-2688.7,30.00004725,0,0,5.399,-1.18,300,0,3744.6,30,0.2496,0
1/25/20 3:04,60.5,60.4583333333333,0,0,4662.7,20.35,0,0,1.1,0,781.7,0,0,-2688.7,30.04939725,0,0,5.39947045,-1.18,300,0,3744.6,30,0.2496,0
1/25/20 3:09,60.5833333333333,60.5416666666667,0,0,4662.7,20.35,0,0,1.1,0,781.7,0,0,-2688.7,30.0555555,0,0,5.39999955,-1.18,300,0,3744.6,30,0.2496,0
1/25/20 3:14,60.6666666666667,60.625,0,0,4662.7,20.35,0,0,1.1,0,781.7,0,0,-2688.7,30.00004725,0,0,5.40047045,-1.18,300,0,3744.6,30,0.2496,0
1/25/20 3:19,60.75,60.7083333333333,0,0,4662.7,20.35,0,0,1.1,0,781.7,0,0,-2688.7,30,0,0,5.40099955,-1.18,300,0,3744.6,30,0.2496,0
1/25/20 3:24,60.8333333333333,60.7916666666667,0,0,4662.7,20.35,0,0,1.1,0,781.7,0,0,-2688.7,30,0,0,5.401,-1.18,300,0,3744.6,30,0.2496,0
1/25/20 3:29,60.9166666666667,60.875,0,0,4662.7,20.35,0,0,1.1,0,781.7,0,0,-2688.7,30,0,0,5.401,-1.18,300,0,3744.6,30,0.2496,0
1/25/20 3:34,61,60.9583333333333,0,0,4662.7,20.35,0,0,1.1,0,781.7,0,0,-2688.7,30.04939725,0,0,5.40147045,-1.18,300,0,3744.6,30,0.2496,0
1/25/20 3:39,61.0833333333333,61.0416666666667,0,0,4662.7,20.35,0,0,1.1,0,781.7,0,0,-2688.7,30.0555555,0,0,5.40199955,-1.18,300,0,3744.6,30,0.2496,0
1/25/20 3:44,61.1666666666667,61.125,0,0,4662.7,20.35,0,0,1.1,0,781.7,0,0,-2688.7,30.00004725,0,0,5.402,-1.18,300,0,3744.6,30,0.2496,0
1/25/20 3:49,61.25,61.2083333333333,0,0,4662.7,20.35,0,0,1.1,0,781.7,0,0,-2688.7,30,0,0,5.402,-1.18,300,0,3744.6,30,0.2496,0
1/25/20 3:54,61.3333333333333,61.2916666666667,0,0,4662.7,20.35,0,0,1.1,0,781.7,0,0,-2688.7,30.04939725,0,0,5.402,-1.18,300,0,3744.6,30,0.2496,0
1/25/20 3:59,61.4166666666667,61.375,0,0,4662.7,20.35,0,0,1.1,0,781.7,0,0,-2688.7,30.10495275,0,0,5.402,-1.18,300,0,3744.6,30,0.2496,0
1/25/20 4:04,61.5,61.4583333333333,0,0,4662.7,20.35,0,0,1.1,0,781.7,0,0,-2688.7,30.105,0,0,5.402,-1.18,300,0,3744.6,30,0.2496,0
1/25/20 4:09,61.5833333333333,61.5416666666667,0,0,4662.7,20.35,0,0,1.1,0,781.7,0,0,-2688.7,30.05560275,0,0,5.402,-1.18,300,0,3744.6,30,0.2496,0
1/25/20 4:14,61.6666666666667,61.625,0,0,4662.7,20.35,0,0,1.1,0,781.7,0,0,-2688.7,30.00004725,0,0,5.402,-1.18,300,0,3744.6,30,0.2496,0
1/25/20 4:19,61.75,61.7083333333333,0,0,4662.7,20.35,0,0,1.1,0,781.7,0,0,-2688.7,30,0,0,5.4029409,-1.18,300,0,3744.6,30,0.2496,0
1/25/20 4:24,61.8333333333333,61.7916666666667,0,0,4662.7,20.35,0,0,1.1,0,781.7,0,0,-2688.7,30.04939725,0,0,5.4039991,-1.18,300,0,3744.6,30,0.2496,0
1/25/20 4:29,61.9166666666667,61.875,0,0,4662.7,20.35,0,0,1.1,0,781.7,0,0,-2688.370685,30.0555555,0,0,5.404,-1.18,300,0,3744.6,30,0.2496,0
1/25/20 4:34,62,61.9583333333333,0,0,4662.7,20.35,0,0,1.1,0,781.7,0,0,-2688.32963,30.00004725,0,0,5.404,-1.18,300,0,3744.6,30,0.2496,0
1/25/20 4:39,62.0833333333333,62.0416666666667,0,0,4662.7,20.35,0,0,1.1,0,781.7,0,0,-2688.37037,30,0,0,5.404,-1.18,300,0,3744.6,30,0.2496,0
1/25/20 4:44,62.1666666666667,62.125,0,0,4662.7,20.35,0,0,1.1,0,781.7,0,0,-2688.000315,30.04939725,0,0,5.404,-1.18,300,0,3744.6,30,0.2496,0
1/25/20 4:49,62.25,62.2083333333333,0,0,4662.7,20.35,0,0,1.1,0,781.7,0,0,-2688.329315,30.0555555,0,0,5.4049409,-1.18,300,0,3744.6,30,0.2496,0
1/25/20 4:54,62.3333333333333,62.2916666666667,0,0,4662.7,20.35,0,0,1.1,0,781.7,0,0,-2688.699685,30.00004725,0,0,5.4059991,-1.18,300,0,3744.6,30,0.2496,0
1/25/20 4:59,62.4166666666667,62.375,0,0,4662.7,20.35,0,0,1.1,0,781.7,0,0,-2688.7,30,0,0,5.406,-1.18,300,0,3744.6,30,0.2496,0
1/25/20 5:04,62.5,62.4583333333333,0,0,4662.7,20.35,0,0,1.1,0,781.7,0,0,-2688.370685,30,0,0,5.406,-1.18,300,0,3744.6,30,0.2496,0
1/25/20 5:09,62.5833333333333,62.5416666666667,0,0,4662.7,20.35,0,0,1.1,0,781.7,0,0,-2688.32963,30.04939725,0,0,5.406,-1.18,300,0,3744.6,30,0.2496,0
1/25/20 5:14,62.6666666666667,62.625,0,0,4662.7,20.35,0,0,1.1,0,781.7,0,0,-2688.699685,30.0555555,0,0,5.406,-1.18,300,0,3744.6,30,0.2496,0
1/25/20 5:19,62.75,62.7083333333333,0,0,4662.7,20.35,0,0,1.1,0,781.7,0,0,-2688.7,30.0494445,0,0,5.406,-1.18,300,0,3744.6,30,0.2496,0
1/25/20 5:24,62.8333333333333,62.7916666666667,0,0,4662.7,20.35,0,0,1.1,0,781.7,0,0,-2688.7,30.0555555,0,0,5.406,-1.18,300,0,3744.6,30,0.2496,0
1/25/20 5:29,62.9166666666667,62.875,0,0,4662.7,20.35,0,0,1.1,0,781.7,0,0,-2688.7,30.00004725,0,0,5.406,-1.18,300,0,3744.6,30,0.2496,0
1/25/20 5:34,63,62.9583333333333,0,0,4662.7,20.35,0,0,1.1,0,781.7,0,0,-2688.7,30,0,0,5.406,-1.18,300,0,3744.6,30,0.2496,0
1/25/20 5:39,63.0833333333333,63.0416666666667,0,0,4662.7,20.35,0,0,1.1,0,781.7,0,0,-2688.370685,30.04939725,0,0,5.406,-1.18,300,0,3744.6,30,0.2496,0
1/25/20 5:44,63.1666666666667,63.125,0,0,4662.7,20.35,0,0,1.1,0,781.7,0,0,-2688.000315,30.0555555,0,0,5.40647045,-1.18,300,0,3744.6,30,0.2496,0
1/25/20 5:49,63.25,63.2083333333333,0,0,4662.7,20.35,0,0,1.1,0,781.7,0,0,-2688,30.0494445,0,0,5.40699955,-1.18,300,0,3744.6,30,0.2496,0
1/25/20 5:54,63.3333333333333,63.2916666666667,0,0,4662.7,20.35,0,0,1.1,0,781.7,0,0,-2688,30.0768195274086,0,0,5.407,-1.18,300,0,3744.6,30,0.2496,0
1/25/20 5:59,63.4166666666667,63.375,0,0,4662.7,20.35,0,0,1.1,0,781.7,0,0,-2688,30.0240082225914,0,0,5.407,-1.18,300,0,3744.6,30,0.2496,0
1/25/20 6:04,63.5,63.4583333333333,0,0,4662.7,20.35,0,0,1.1,0,781.7,0,0,-2688,30.000025,0,0,5.407,-1.18,300,0,3744.6,30,0.2496,0
1/25/20 6:09,63.5833333333333,63.5416666666667,0,0,4662.7,20.35,0,0,1.1,0,781.7,0,0,-2688,30,0,0,5.407,-1.18,300,0,3744.6,30,0.2496,0
1/25/20 6:14,63.6666666666667,63.625,0,0,4662.7,20.35,0,0,1.1,0,781.7,0,0,-2688,30,0,0,5.407,-1.18,300,0,3744.6,30,0.2496,0
1/25/20 6:19,63.75,63.7083333333333,0,0,4662.7,20.35,0,0,1.1,0,781.7,0,0,-2688,30,0,0,5.40793444444444,-1.18,300,0,3744.6,30,0.2496,0
1/25/20 6:24,63.8333333333333,63.7916666666667,0,0,4662.7,20.35,0,0,1.1,0,781.7,0,0,-2688,30,0,0,5.40899888888889,-1.18,300,0,3744.6,30,0.2496,0
1/25/20 6:29,63.9166666666667,63.875,0,0,4662.7,20.35,0,0,1.1,0,781.7,0,0,-2688,30.0490583333333,0,0,5.409,-1.18,300,0,3744.6,30,0.2496,0
1/25/20 6:34,64,63.9583333333333,0,0,4662.7,20.35,0,0,1.1,0,781.7,0,0,-2688,30.0558833333333,0,0,5.409,-1.18,300,0,3744.6,30,0.2496,0
1/25/20 6:39,64.0833333333333,64.0416666666667,0,0,4662.7,20.35,0,0,1.1,0,781.7,0,0,-2688.32705555556,30.0000583333333,0,0,5.409,-1.18,300,0,3744.6,30,0.2496,0
1/25/20 6:44,64.1666666666667,64.125,0,0,4662.7,20.35,0,0,1.1,0,781.7,0,0,-2688.69961111111,30,0,0,5.409,-1.18,300,0,3744.6,30,0.2496,0
1/25/20 6:49,64.25,64.2083333333333,0,0,4662.7,20.35,0,0,1.1,0,781.7,0,0,-2688.7,30,0,0,5.409,-1.18,300,0,3744.6,30,0.2496,0
1/25/20 6:54,64.3333333333333,64.2916666666667,0,0,4662.7,20.35,0,0,1.1,0,781.7,0,0,-2688.7,30,0,0,5.409,-1.18,300,0,3744.6,30,0.2496,0
1/25/20 6:59,64.4166666666667,64.375,0,0,4662.7,20.35,0,0,1.1,0,781.7,0,0,-2688.37294444444,30,0,0,5.40946722222222,-1.18,300,0,3744.6,30,0.2496,0
1/25/20 7:04,64.5,64.4583333333333,0,0,4662.7,20.35,0,0,1.1,0,781.7,0,0,-2688.32744444444,30,0,0,5.41046666666667,-1.18,300,0,3744.6,30,0.2496,0
1/25/20 7:09,64.5833333333333,64.5416666666667,0,0,4662.7,20.35,0,0,1.1,0,781.7,0,0,-2688.37255555556,30,0,0,5.41099944444444,-1.18,300,0,3744.6,30,0.2496,0
1/25/20 7:14,64.6666666666667,64.625,0,0,4662.7,20.35,0,0,1.1,0,781.7,0,0,-2688.00038888889,30.0140166666667,0,0,5.411,-1.18,300,0,3744.6,30,0.2496,0
1/25/20 7:19,64.75,64.7083333333333,0,0,4662.7,20.35,0,0,1.1,0,781.7,0,0,-2688,30.0159666666667,0,0,5.411,-1.18,300,0,3744.6,30,0.2496,0
1/25/20 7:24,64.8333333333333,64.7916666666667,0,0,4662.7,20.35,0,0,1.1,0,781.7,0,0,-2688,30.0000166666667,0,0,5.411,-1.18,300,0,3744.6,30,0.2496,0
1/25/20 7:29,64.9166666666667,64.875,0,0,4662.7,20.35,0,0,1.1,0,781.7,0,0,-2688,30,0,0,5.411,-1.18,300,0,3744.6,30,0.2496,0
1/25/20 7:34,65,64.9583333333333,0,0,4662.7,20.35,0,0,1.1,0,781.7,0,0,-2688,30,0,0,5.411,-1.18,300,0,3744.6,30,0.2496,0
1/25/20 7:39,65.0833333333333,65.0416666666667,0,0,4662.7,20.35,0,0,1.1,0,781.7,0,0,-2688.32705555556,30,0,0,5.411,-1.18,300,0,3744.6,30,0.2496,0
1/25/20 7:44,65.1666666666667,65.125,0,0,4662.7,20.35,0,0,1.1,0,781.7,0,0,-2688.69961111111,30,0,0,5.411,-1.18,300,0,3744.6,30,0.2496,0
1/25/20 7:49,65.25,65.2083333333333,0,0,4662.7,20.35,0,0,1.1,0,781.7,0,0,-2688.37294444444,30.0350416666667,0,0,5.411,-1.18,300,0,3744.6,30,0.2496,0
1/25/20 7:54,65.3333333333333,65.2916666666667,0,0,4662.7,20.35,0,0,1.1,0,781.7,0,0,-2688.00038888889,30.0399166666667,0,0,5.411,-1.18,300,0,3744.6,30,0.2496,0
1/25/20 7:59,65.4166666666667,65.375,0,0,4662.7,20.35,0,0,1.1,0,781.7,0,0,-2688.32705555556,30.0491,0,0,5.41146722222222,-1.18,300,0,3744.6,30,0.2496,0
1/25/20 8:04,65.5,65.4583333333333,0,0,4662.7,20.35,0,0,1.1,0,781.7,0,0,-2688.69961111111,30.0558833333333,0,0,5.41199944444444,-1.18,300,0,3744.6,30,0.2496,0
1/25/20 8:09,65.5833333333333,65.5416666666667,0,0,4662.7,20.35,0,0,1.1,0,781.7,0,0,-2688.7,30.0491166666667,0,0,5.412,-1.18,300,0,3744.6,30,0.2496,0
1/25/20 8:14,65.6666666666667,65.625,0,0,4662.7,20.35,0,0,1.1,0,781.7,0,0,-2688.37294444444,30.0558833333333,0,0,5.412,-1.18,300,0,3744.6,30,0.2496,0
1/25/20 8:19,65.75,65.7083333333333,0,0,4662.7,20.35,0,0,1.1,0,781.7,0,0,-2688.32744444444,30.0000583333333,0,0,5.412,-1.18,300,0,3744.6,30,0.2496,0
1/25/20 8:24,65.8333333333333,65.7916666666667,0,0,4662.7,20.35,0,0,1.1,0,781.7,0,0,-2688.69961111111,30,0,0,5.412,-1.18,300,0,3744.6,30,0.2496,0
1/25/20 8:29,65.9166666666667,65.875,0,0,4662.7,20.35,0,0,1.1,0,781.7,0,0,-2688.7,30,0,0,5.412,-1.18,300,0,3744.6,30,0.2496,0
1/25/20 8:34,66,65.9583333333333,0,0,4662.7,20.35,0,0,1.1,0,781.7,0,0,-2688.7,30,0,0,5.412,-1.18,300,0,3744.6,30,0.2496,0
1/25/20 8:39,66.0833333333333,66.0416666666667,0,0,4662.7,20.35,0,0,1.1,0,781.7,0,0,-2688.37294444444,30,0,0,5.412,-1.18,300,0,3744.6,30,0.2496,0
1/25/20 8:44,66.1666666666667,66.125,0,0,4662.7,20.35,0,0,1.1,0,781.7,0,0,-2688.00038888889,30.0490583333333,0,0,5.41293444444444,-1.18,300,0,3744.6,30,0.2496,0
1/25/20 8:49,66.25,66.2083333333333,0,0,4662.7,20.35,0,0,1.1,0,781.7,0,0,-2688.32705555556,30.1049416666667,0,0,5.41399888888889,-1.18,300,0,3744.6,30,0.2496,0
1/25/20 8:54,66.3333333333333,66.2916666666667,0,0,4662.7,20.35,0,0,1.1,0,781.7,0,0,-2688.69961111111,30.0559416666667,0,0,5.414,-1.18,300,0,3744.6,30,0.2496,0
1/25/20 8:59,66.4166666666667,66.375,0,0,4662.7,20.35,0,0,1.1,0,781.7,0,0,-2688.37294444444,30.0000583333333,0,0,5.414,-1.18,300,0,3744.6,30,0.2496,0
1/25/20 9:04,66.5,66.4583333333333,0,0,4662.7,20.35,0,0,1.1,0,781.7,0,0,-2688.00038888889,30.0490583333333,0,0,5.414,-1.18,300,0,3744.6,30,0.2496,0
1/25/20 9:09,66.5833333333333,66.5416666666667,0,0,4662.7,20.35,0,0,1.1,0,781.7,0,0,-2688,30.1049416666667,0,0,5.414,-1.18,300,0,3744.6,30,0.2496,0
1/25/20 9:14,66.6666666666667,66.625,0,0,4662.7,20.35,0,0,1.1,0,781.7,0,0,-2688,30.0559416666667,0,0,5.414,-1.18,300,0,3744.6,30,0.2496,0
1/25/20 9:19,66.75,66.7083333333333,0,0,4662.7,20.35,0,0,1.1,0,781.7,0,0,-2688,30.0000583333333,0,0,5.41446722222222,-1.18,300,0,3744.6,30,0.2496,0
1/25/20 9:24,66.8333333333333,66.7916666666667,0,0,4662.7,20.35,0,0,1.1,0,781.7,0,0,-2688.32705555556,30,0,0,5.41546666666667,-1.18,300,0,3744.6,30,0.2496,0
1/25/20 9:29,66.9166666666667,66.875,0,0,4662.7,20.35,0,0,1.1,0,781.7,0,0,-2688.37255555556,30,0,0,5.41599944444445,-1.18,300,0,3744.6,30,0.2496,0
1/25/20 9:34,67,66.9583333333333,0,0,4662.7,20.35,0,0,1.1,0,781.7,0,0,-2688.00038888889,30,0,0,5.416,-1.18,300,0,3744.6,30,0.2496,0
1/25/20 9:39,67.0833333333333,67.0416666666667,0,0,4662.7,20.35,0,0,1.1,0,781.7,0,0,-2688,30,0,0,5.416,-1.18,300,0,3744.6,30,0.2496,0
1/25/20 9:44,67.1666666666667,67.125,0,0,4662.7,20.35,0,0,1.1,0,781.7,0,0,-2688,30,0,0,5.416,-1.18,300,0,3744.6,30,0.2496,0
1/25/20 9:49,67.25,67.2083333333333,0,0,4662.7,20.35,0,0,1.1,0,781.7,0,0,-2688.32705555556,30,0,0,5.416,-1.18,300,0,3744.6,30,0.2496,0
1/25/20 9:54,67.3333333333333,67.2916666666667,0,0,4662.7,20.35,0,0,1.1,0,781.7,0,0,-2688.69961111111,30,0,0,5.416,-1.18,300,0,3744.6,30,0.2496,0
1/25/20 9:59,67.4166666666667,67.375,0,0,4662.7,20.35,0,0,1.1,0,781.7,0,0,-2688.7,30,0,0,5.416,-1.18,300,0,3744.6,30,0.2496,0
1/25/20 10:04,67.5,67.4583333333333,0,0,4662.7,20.35,0,0,1.1,0,781.7,0,0,-2688.7,30,0,0,5.416,-1.18,300,0,3744.6,30,0.2496,0
1/25/20 10:09,67.5833333333333,67.5416666666667,0,0,4662.7,20.35,0,0,1.1,0,781.7,0,0,-2688.7,30,0,0,5.416,-1.18,300,0,3744.6,30,0.2496,0
1/25/20 10:14,67.6666666666667,67.625,0,0,4662.7,20.35,0,0,1.1,0,781.7,0,0,-2688.7,30,0,0,5.41646400555556,-1.18,300,0,3744.6,30,0.2496,0
1/25/20 10:19,67.75,67.7083333333333,0,0,4662.7,20.35,0,0,1.1,0,781.7,0,0,-2688.7,30.0487205833333,0,0,5.41699932777778,-1.18,300,0,3744.6,30,0.2496,0
1/25/20 10:24,67.8333333333333,67.7916666666667,0,0,4662.7,20.35,0,0,1.1,0,781.7,0,0,-2688.7,30.0562088333333,0,0,5.417,-1.18,300,0,3744.6,30,0.2496,0
1/25/20 10:29,67.9166666666667,67.875,0,0,4662.7,20.35,0,0,1.1,0,781.7,0,0,-2688.7,30.0000705833333,0,0,5.417,-1.18,300,0,3744.6,30,0.2496,0
1/25/20 10:34,68,67.9583333333333,0,0,4662.7,20.35,0,0,1.1,0,781.7,0,0,-2688.7,30,0,0,5.417,-1.18,300,0,3744.6,30,0.2496,0
1/25/20 10:39,68.0833333333333,68.0416666666667,0,0,4662.7,20.35,0,0,1.1,0,781.7,0,0,-2688.7,30,0,0,5.417,-1.18,300,0,3744.6,30,0.2496,0
1/25/20 10:44,68.1666666666667,68.125,0,0,4662.7,20.35,0,0,1.1,0,781.7,0,0,-2688.7,30,0,0,5.41792801111111,-1.18,300,0,3744.6,30,0.2496,0
1/25/20 10:49,68.25,68.2083333333333,0,0,4662.7,20.35,0,0,1.1,0,781.7,0,0,-2688.7,30.0348004166667,0,0,5.41899865555555,-1.18,300,0,3744.6,30,0.2496,0
1/25/20 10:54,68.3333333333333,68.2916666666667,0,0,4662.7,20.35,0,0,1.1,0,781.7,0,0,-2688.7,30.0401491666667,0,0,5.419,-1.18,300,0,3744.6,30,0.2496,0
1/25/20 10:59,68.4166666666667,68.375,0,0,4662.7,20.35,0,0,1.1,0,781.7,0,0,-2688.7,30.0000504166667,0,0,5.419,-1.18,300,0,3744.6,30,0.2496,0
1/25/20 11:04,68.5,68.4583333333333,0,0,4662.7,20.35,0,0,1.1,0,781.7,0,0,-2688.7,30.0487205833333,0,0,5.419,-1.18,300,0,3744.6,30,0.2496,0
1/25/20 11:09,68.5833333333333,68.5416666666667,0,0,4662.7,20.35,0,0,1.1,0,781.7,0,0,-2688.7,30.0562088333333,0,0,5.419,-1.18,300,0,3744.6,30,0.2496,0
1/25/20 11:14,68.6666666666667,68.625,0,0,4662.7,20.35,0,0,1.1,0,781.7,0,0,-2688.7,30.0000705833333,0,0,5.419,-1.18,300,0,3744.6,30,0.2496,0
1/25/20 11:19,68.75,68.7083333333333,0,0,4662.7,20.35,0,0,1.1,0,781.7,0,0,-2688.7,30,0,0,5.419,-1.18,300,0,3744.6,30,0.2496,0
1/25/20 11:24,68.8333333333333,68.7916666666667,0,0,4662.7,20.35,0,0,1.1,0,781.7,0,0,-2688.7,30,0,0,5.419,-1.18,300,0,3744.6,30,0.2496,0
1/25/20 11:29,68.9166666666667,68.875,0,0,4662.7,20.35,0,0,1.1,0,781.7,0,0,-2688.7,30,0,0,5.419,-1.18,300,0,3744.6,30,0.2496,0
1/25/20 11:34,69,68.9583333333333,0,0,4662.7,20.35,0,0,1.1,0,781.7,0,0,-2688.7,30.0139201666667,0,0,5.419,-1.18,300,0,3744.6,30,0.2496,0
1/25/20 11:39,69.0833333333333,69.0416666666667,0,0,4662.7,20.35,0,0,1.1,0,781.7,0,0,-2688.7,30.06478025,0,0,5.419,-1.18,300,0,3744.6,30,0.2496,0
1/25/20 11:44,69.1666666666667,69.125,0,0,4662.7,20.35,0,0,1.1,0,781.7,0,0,-2688.7,30.056229,0,0,5.41992801111111,-1.18,300,0,3744.6,30,0.2496,0
1/25/20 11:49,69.25,69.2083333333333,0,0,4662.7,20.35,0,0,1.1,0,781.7,0,0,-2688.7,30.0000705833333,0,0,5.42099865555556,-1.18,300,0,3744.6,30,0.2496,0
1/25/20 11:54,69.3333333333333,69.2916666666667,0,0,4662.7,20.35,0,0,1.1,0,781.7,0,0,-2688.7,30,0,0,5.421,-1.18,300,0,3744.6,30,0.2496,0
1/25/20 11:59,69.4166666666667,69.375,0,0,4662.7,20.35,0,0,1.1,0,781.7,0,0,-2688.7,30,0,0,5.421,-1.18,300,0,3744.6,30,0.2496,0
1/25/20 12:04,69.5,69.4583333333333,0,0,4662.7,20.35,0,0,1.1,0,781.7,0,0,-2688.7,30.0487205833333,0,0,5.421,-1.18,300,0,3744.6,30,0.2496,0
1/25/20 12:09,69.5833333333333,69.5416666666667,0,0,4662.7,20.35,0,0,1.1,0,781.7,0,0,-2688.7,30.0562088333333,0,0,5.421,-1.18,300,0,3744.6,30,0.2496,0
1/25/20 12:14,69.6666666666667,69.625,0,0,4662.7,20.35,0,0,1.1,0,781.7,0,0,-2688.7,30.0000705833333,0,0,5.421,-1.18,300,0,3744.6,30,0.2496,0
1/25/20 12:19,69.75,69.7083333333333,0,0,4662.7,20.35,0,0,1.1,0,781.7,0,0,-2688.7,30.0487205833333,0,0,5.421,-1.18,300,0,3744.6,30,0.2496,0
1/25/20 12:24,69.8333333333333,69.7916666666667,0,0,4662.7,20.35,0,0,1.1,0,781.7,0,0,-2688.7,30.0562088333333,0,0,5.421,-1.18,300,0,3744.6,30,0.2496,0
1/25/20 12:29,69.9166666666667,69.875,0,0,4662.7,20.35,0,0,1.1,0,781.7,0,0,-2688.7,30.0487911666667,0,0,5.421,-1.18,300,0,3744.6,30,0.2496,0
1/25/20 12:34,70,69.9583333333333,0,0,4662.7,20.35,0,0,1.1,0,781.7,0,0,-2688.7,30.0562088333333,0,0,5.421,-1.18,300,0,3744.6,30,0.2496,0
1/25/20 12:39,70.0833333333333,70.0416666666667,0,0,4662.7,20.35,0,0,1.1,0,781.7,0,0,-2688.7,30.0000705833333,0,0,5.421,-1.18,300,0,3744.6,30,0.2496,0
1/25/20 12:44,70.1666666666667,70.125,0,0,4662.7,20.35,0,0,1.1,0,781.7,0,0,-2688.7,30,0,0,5.421,-1.18,300,0,3744.6,30,0.2496,0
1/25/20 12:49,70.25,70.2083333333333,0,0,4662.7,20.35,0,0,1.1,0,781.7,0,0,-2688.7,30,0,0,5.421,-1.18,300,0,3744.6,30,0.2496,0
1/25/20 12:54,70.3333333333333,70.2916666666667,0,0,4662.7,20.35,0,0,1.1,0,781.7,0,0,-2688.7,30.0487205833333,0,0,5.42146400555556,-1.18,300,0,3744.6,30,0.2496,0
1/25/20 12:59,70.4166666666667,70.375,0,0,4662.7,20.35,0,0,1.1,0,781.7,0,0,-2688.7,30.1049294166667,0,0,5.42199932777778,-1.18,300,0,3744.6,30,0.2496,0
1/25/20 13:04,70.5,70.4583333333333,0,0,4662.7,20.35,0,0,1.1,0,781.7,0,0,-2688.7,30.0562794166667,0,0,5.422,-1.18,300,0,3744.6,30,0.2496,0
1/25/20 13:09,70.5833333333333,70.5416666666667,0,0,4662.7,20.35,0,0,1.1,0,781.7,0,0,-2688.7,30.034871,0,0,5.422,-1.18,300,0,3744.6,30,0.2496,0
1/25/20 13:14,70.6666666666667,70.625,0,0,4662.7,20.35,0,0,1.1,0,781.7,0,0,-2688.7,30.0749495833333,0,0,5.422,-1.18,300,0,3744.6,30,0.2496,0
1/25/20 13:19,70.75,70.7083333333333,0,0,4662.7,20.35,0,0,1.1,0,781.7,0,0,-2688.7,30.0889201666667,0,0,5.42292801111111,-1.18,300,0,3744.6,30,0.2496,0
1/25/20 13:24,70.8333333333333,70.7916666666667,0,0,4662.7,20.35,0,0,1.1,0,781.7,0,0,-2688.7,30.05625925,0,0,5.42399865555556,-1.18,300,0,3744.6,30,0.2496,0
1/25/20 13:29,70.9166666666667,70.875,0,0,4662.7,20.35,0,0,1.1,0,781.7,0,0,-2688.7,30.0000705833333,0,0,5.424,-1.18,300,0,3744.6,30,0.2496,0
1/25/20 13:34,71,70.9583333333333,0,0,4662.7,20.35,0,0,1.1,0,781.7,0,0,-2688.7,30.0487205833333,0,0,5.424,-1.18,300,0,3744.6,30,0.2496,0
1/25/20 13:39,71.0833333333333,71.0416666666667,0,0,4662.7,20.35,0,0,1.1,0,781.7,0,0,-2688.7,30.0562088333333,0,0,5.424,-1.18,300,0,3744.6,30,0.2496,0
1/25/20 13:44,71.1666666666667,71.125,0,0,4662.7,20.35,0,0,1.1,0,781.7,0,0,-2688.7,30.0487911666667,0,0,5.424,-1.18,300,0,3744.6,30,0.2496,0
1/25/20 13:49,71.25,71.2083333333333,0,0,4662.7,20.35,0,0,1.1,0,781.7,0,0,-2688.7,30.1049294166667,0,0,5.42492801111111,-1.18,300,0,3744.6,30,0.2496,0
1/25/20 13:54,71.3333333333333,71.2916666666667,0,0,4662.7,20.35,0,0,1.1,0,781.7,0,0,-2688.7,30.0562794166667,0,0,5.42599865555556,-1.18,300,0,3744.6,30,0.2496,0
1/25/20 13:59,71.4166666666667,71.375,0,0,4662.7,20.35,0,0,1.1,0,781.7,0,0,-2688.7,30.0000705833333,0,0,5.426,-1.18,300,0,3744.6,30,0.2496,0
1/25/20 14:04,71.5,71.4583333333333,0,0,4662.7,20.35,0,0,1.1,0,781.7,0,0,-2688.7,30,0,0,5.426,-1.18,300,0,3744.6,30,0.2496,0
1/25/20 14:09,71.5833333333333,71.5416666666667,0,0,4662.7,20.35,0,0,1.1,0,781.7,0,0,-2688.7,30.0487205833333,0,0,5.426,-1.18,300,0,3744.6,30,0.2496,0
1/25/20 14:14,71.6666666666667,71.625,0,0,4662.7,20.35,0,0,1.1,0,781.7,0,0,-2688.7,30.1049294166667,0,0,5.426,-1.18,300,0,3744.6,30,0.2496,0
1/25/20 14:19,71.75,71.7083333333333,0,0,4662.7,20.35,0,0,1.1,0,781.7,0,0,-2688.7,30.0562794166667,0,0,5.426,-1.18,300,0,3744.6,30,0.2496,0
1/25/20 14:24,71.8333333333333,71.7916666666667,0,0,4662.7,20.35,0,0,1.1,0,781.7,0,0,-2688.7,30.0000705833333,0,0,5.426,-1.18,300,0,3744.6,30,0.2496,0
1/25/20 14:29,71.9166666666667,71.875,0,0,4662.7,20.35,0,0,1.1,0,781.7,0,0,-2688.7,30,0,0,5.42646400555556,-1.18,300,0,3744.6,30,0.2496,0
1/25/20 14:34,72,71.9583333333333,0,0,4662.7,20.35,0,0,1.1,0,781.7,0,0,-2688.7,30,0,0,5.42653532222222,-1.18,300,0,3744.6,30,0.2496,0
1/25/20 14:39,72.0833333333333,72.0416666666667,0,0,4662.7,20.35,0,0,1.1,0,781.7,0,0,-2688.7,30,0,0,5.42646467777778,-1.18,300,0,3744.6,30,0.2496,0
1/25/20 14:44,72.1666666666667,72.125,0,0,4662.7,20.35,0,0,1.1,0,781.7,0,0,-2688.7,30,0,0,5.42699932777778,-1.18,300,0,3744.6,30,0.2496,0
1/25/20 14:49,72.25,72.2083333333333,0,0,4662.7,20.35,0,0,1.1,0,781.7,0,0,-2688.7,30,0,0,5.427,-1.18,300,0,3744.6,30,0.2496,0
1/25/20 14:54,72.3333333333333,72.2916666666667,0,0,4662.7,20.35,0,0,1.1,0,781.7,0,0,-2688.7,30.0487205833333,0,0,5.427,-1.18,300,0,3744.6,30,0.2496,0
1/25/20 14:59,72.4166666666667,72.375,0,0,4662.7,20.35,0,0,1.1,0,781.7,0,0,-2688.7,30.0562088333333,0,0,5.427,-1.18,300,0,3744.6,30,0.2496,0
1/25/20 15:04,72.5,72.4583333333333,0,0,4662.7,20.35,0,0,1.1,0,781.7,0,0,-2688.7,30.0487911666667,0,0,5.427,-1.18,300,0,3744.6,30,0.2496,0
1/25/20 15:09,72.5833333333333,72.5416666666667,0,0,4662.7,20.35,0,0,1.1,0,781.7,0,0,-2688.7,30.0562088333333,0,0,5.427,-1.18,300,0,3744.6,30,0.2496,0
1/25/20 15:14,72.6666666666667,72.625,0,0,4662.7,20.35,0,0,1.1,0,781.7,0,0,-2688.7,30.0000705833333,0,0,5.427,-1.18,300,0,3744.6,30,0.246630364444444,0
1/25/20 15:19,72.75,72.7083333333333,0,0,4662.7,20.35,0,0,1.1,0,781.7,0,0,-2688.7,30,0,0,5.427,-1.18,300,0,3744.6,30,0.246173937777778,0
1/25/20 15:24,72.8333333333333,72.7916666666667,0,0,4662.7,20.35,0,0,1.1,0,781.7,0,0,-2688.7,30,0,0,5.427,-1.18,300,0,3744.6,30,0.249595697777778,0
1/25/20 15:29,72.9166666666667,72.875,0,0,4662.7,20.35,0,0,1.1,0,781.7,0,0,-2688.7,30,0,0,5.427,-1.18,300,0,3744.6,30,0.2496,0
1/25/20 15:34,73,72.9583333333333,0,0,4662.7,20.35,0,0,1.1,0,781.7,0,0,-2688.7,30,0,0,5.427,-1.18,300,0,3744.6,30,0.2496,0
1/25/20 15:39,73.0833333333333,73.0416666666667,0,0,4662.7,20.35,0,0,1.1,0,781.7,0,0,-2688.7,30,0,0,5.42792801111111,-1.18,300,0,3744.6,30,0.2496,0
1/25/20 15:44,73.1666666666667,73.125,0,0,4662.7,20.35,0,0,1.1,0,781.7,0,0,-2688.7,30,0,0,5.42899865555556,-1.18,300,0,3744.6,30,0.2496,0
1/25/20 15:49,73.25,73.2083333333333,0,0,4662.7,20.35,0,0,1.1,0,781.7,0,0,-2688.7,30,0,0,5.42853599444444,-1.18,300,0,3744.6,30,0.2496,0
1/25/20 15:54,73.3333333333333,73.2916666666667,0,0,4662.7,20.35,0,0,1.1,0,781.7,0,0,-2688.7,30,0,0,5.42846467777778,-1.18,300,0,3744.6,30,0.2496,0
1/25/20 15:59,73.4166666666667,73.375,0,0,4662.7,20.35,0,0,1.1,0,781.7,0,0,-2688.7,30,0,0,5.42899932777778,-1.18,300,0,3744.6,30,0.2496,0
1/25/20 16:04,73.5,73.4583333333333,0,0,4662.7,20.35,0,0,1.1,0,781.7,0,0,-2688.7,30,0,0,5.429,-1.18,300,0,3744.6,30,0.2496,0
1/25/20 16:09,73.5833333333333,73.5416666666667,0,0,4662.7,20.35,0,0,1.1,0,781.7,0,0,-2688.7,30,0,0,5.429,-1.18,300,0,3744.6,30,0.2496,0
1/25/20 16:14,73.6666666666667,73.625,0,0,4662.7,20.35,0,0,1.1,0,781.7,0,0,-2688.7,30.0487205833333,0,0,5.429,-1.18,300,0,3744.6,30,0.2496,0
1/25/20 16:19,73.75,73.7083333333333,0,0,4662.7,20.35,0,0,1.1,0,781.7,0,0,-2688.7,30.0562088333333,0,0,5.429,-1.18,300,0,3744.6,30,0.2496,0
1/25/20 16:24,73.8333333333333,73.7916666666667,0,0,4662.7,20.35,0,0,1.1,0,781.7,0,0,-2688.7,30.0487911666667,0,0,5.429,-1.18,300,0,3744.6,30,0.2496,0
1/25/20 16:29,73.9166666666667,73.875,0,0,4662.7,20.35,0,0,1.1,0,781.7,0,0,-2688.7,30.0562088333333,0,0,5.429,-1.18,300,0,3744.6,30,0.2496,0
1/25/20 16:34,74,73.9583333333333,0,0,4662.7,20.35,0,0,1.1,0,781.7,0,0,-2688.7,30.0487911666667,0,0,5.42992801111111,-1.18,300,0,3744.6,30,0.2496,0
1/25/20 16:39,74.0833333333333,74.0416666666667,0,0,4662.7,20.35,0,0,1.1,0,781.7,0,0,-2688.7,30.1049294166667,0,0,5.43099865555556,-1.18,300,0,3744.6,30,0.2496,0
1/25/20 16:44,74.1666666666667,74.125,0,0,4662.7,20.35,0,0,1.1,0,781.7,0,0,-2688.7,30.105,0,0,5.431,-1.18,300,0,3744.6,30,0.2496,0
1/25/20 16:49,74.25,74.2083333333333,0,0,4662.7,20.35,0,0,1.1,0,781.7,0,0,-2688.7,30.0562794166667,0,0,5.431,-1.18,300,0,3744.6,30,0.2496,0
1/25/20 16:54,74.3333333333333,74.2916666666667,0,0,4662.7,20.35,0,0,1.1,0,781.7,0,0,-2688.7,30.0000705833333,0,0,5.431,-1.18,300,0,3744.6,30,0.2496,0
1/25/20 16:59,74.4166666666667,74.375,0,0,4662.7,20.35,0,0,1.1,0,781.7,0,0,-2688.7,30,0,0,5.431,-1.18,300,0,3744.6,30,0.2496,0
1/25/20 17:04,74.5,74.4583333333333,0,0,4662.7,20.35,0,0,1.1,0,781.7,0,0,-2688.7,30,0,0,5.431,-1.18,300,0,3744.6,30,0.2496,0
1/25/20 17:09,74.5833333333333,74.5416666666667,0,0,4662.7,20.35,0,0,1.1,0,781.7,0,0,-2688.7,30,0,0,5.431,-1.18,300,0,3744.6,30,0.2496,0
1/25/20 17:14,74.6666666666667,74.625,0,0,4662.7,20.35,0,0,1.1,0,781.7,0,0,-2688.7,30,0,0,5.431,-1.18,300,0,3744.6,30,0.2496,0
1/25/20 17:19,74.75,74.7083333333333,0,0,4662.7,20.35,0,0,1.1,0,781.7,0,0,-2688.7,30.0485587209302,0,0,5.43146246400886,-1.18,300,0,3744.6,30,0.2496,0
1/25/20 17:24,74.8333333333333,74.7916666666667,0,0,4662.7,20.35,0,0,1.1,0,781.7,0,0,-2688.7,30.0565322790698,0,0,5.43199920265781,-1.18,300,0,3744.6,30,0.2496,0
1/25/20 17:29,74.9166666666667,74.875,0,0,4662.7,20.35,0,0,1.1,0,781.7,0,0,-2688.7,30.000084,0,0,5.432,-1.18,300,0,3744.6,30,0.2496,0
1/25/20 17:34,75,74.9583333333333,0,0,4662.7,20.35,0,0,1.1,0,781.7,0,0,-2688.7,30.048384,0,0,5.432,-1.18,300,0,3744.6,30,0.2496,0
1/25/20 17:39,75.0833333333333,75.0416666666667,0,0,4662.7,20.35,0,0,1.1,0,781.7,0,0,-2688.7,30.056532,0,0,5.432,-1.18,300,0,3744.6,30,0.2496,0
1/25/20 17:44,75.1666666666667,75.125,0,0,4662.7,20.35,0,0,1.1,0,781.7,0,0,-2688.7,30.000084,0,0,5.432,-1.18,300,0,3744.6,30,0.2496,0
1/25/20 17:49,75.25,75.2083333333333,0,0,4662.7,20.35,0,0,1.1,0,781.7,0,0,-2688.7,30.013824,0,0,5.432,-1.18,300,0,3744.6,30,0.2496,0
1/25/20 17:54,75.3333333333333,75.2916666666667,0,0,4662.7,20.35,0,0,1.1,0,781.7,0,0,-2688.7,30.016152,0,0,5.432,-1.18,300,0,3744.6,30,0.2496,0
1/25/20 17:59,75.4166666666667,75.375,0,0,4662.7,20.35,0,0,1.1,0,781.7,0,0,-2688.7,30.000024,0,0,5.432,-1.18,300,0,3744.6,30,0.2496,0
1/25/20 18:04,75.5,75.4583333333333,0,0,4662.7,20.35,0,0,1.1,0,781.7,0,0,-2688.7,30,0,0,5.432,-1.18,300,0,3744.6,30,0.2496,0
1/25/20 18:09,75.5833333333333,75.5416666666667,0,0,4662.7,20.35,0,0,1.1,0,781.7,0,0,-2688.7,30.048384,0,0,5.432,-1.18,300,0,3744.6,30,0.2496,0
1/25/20 18:14,75.6666666666667,75.625,0,0,4662.7,20.35,0,0,1.1,0,781.7,0,0,-2688.7,30.070356,0,0,5.4324608,-1.18,300,0,3744.6,30,0.2496,0
1/25/20 18:19,75.75,75.7083333333333,0,0,4662.7,20.35,0,0,1.1,0,781.7,0,0,-2688.7,30.016236,0,0,5.43346,-1.18,300,0,3744.6,30,0.2496,0
1/25/20 18:24,75.8333333333333,75.7916666666667,0,0,4662.7,20.35,0,0,1.1,0,781.7,0,0,-2688.7,30.000024,0,0,5.4339992,-1.18,300,0,3744.6,30,0.2496,0
1/25/20 18:29,75.9166666666667,75.875,0,0,4662.7,20.35,0,0,1.1,0,781.7,0,0,-2688.7,30.048384,0,0,5.434,-1.18,300,0,3744.6,30,0.2496,0
1/25/20 18:34,76,75.9583333333333,0,0,4662.7,20.35,0,0,1.1,0,781.7,0,0,-2688.7,30.056532,0,0,5.434,-1.18,300,0,3744.6,30,0.2496,0
1/25/20 18:39,76.0833333333333,76.0416666666667,0,0,4662.7,20.35,0,0,1.1,0,781.7,0,0,-2688.7,30.000084,0,0,5.434,-1.18,300,0,3744.6,30,0.2496,0
1/25/20 18:44,76.1666666666667,76.125,0,0,4662.7,20.35,0,0,1.1,0,781.7,0,0,-2688.7,30.048384,0,0,5.434,-1.18,300,0,3744.6,30,0.2496,0
1/25/20 18:49,76.25,76.2083333333333,0,0,4662.7,20.35,0,0,1.1,0,781.7,0,0,-2688.7,30.056532,0,0,5.434,-1.18,300,0,3744.6,30,0.2496,0
1/25/20 18:54,76.3333333333333,76.2916666666667,0,0,4662.7,20.35,0,0,1.1,0,781.7,0,0,-2688.7,30.000084,0,0,5.434,-1.18,300,0,3744.6,30,0.2496,0
1/25/20 18:59,76.4166666666667,76.375,0,0,4662.7,20.35,0,0,1.1,0,781.7,0,0,-2688.7,30.048384,0,0,5.434,-1.18,300,0,3744.6,30,0.2496,0
1/25/20 19:04,76.5,76.4583333333333,0,0,4662.7,20.35,0,0,1.1,0,781.7,0,0,-2688.7,30.056532,0,0,5.434,-1.18,300,0,3744.6,30,0.2496,0
1/25/20 19:09,76.5833333333333,76.5416666666667,0,0,4662.7,20.35,0,0,1.1,0,781.7,0,0,-2688.7,30.000084,0,0,5.4349216,-1.18,300,0,3744.6,30,0.2496,0
1/25/20 19:14,76.6666666666667,76.625,0,0,4662.7,20.35,0,0,1.1,0,781.7,0,0,-2688.7,30,0,0,5.4359984,-1.18,300,0,3744.6,30,0.2496,0
1/25/20 19:19,76.75,76.7083333333333,0,0,4662.7,20.35,0,0,1.1,0,781.7,0,0,-2688.7,30.048384,0,0,5.436,-1.18,300,0,3744.6,30,0.2496,0
1/25/20 19:24,76.8333333333333,76.7916666666667,0,0,4662.7,20.35,0,0,1.1,0,781.7,0,0,-2688.7,30.056532,0,0,5.436,-1.18,300,0,3744.6,30,0.2496,0
1/25/20 19:29,76.9166666666667,76.875,0,0,4662.7,20.35,0,0,1.1,0,781.7,0,0,-2688.7,30.02082,0,0,5.436,-1.18,300,0,3744.6,30,0.2496,0
1/25/20 19:34,77,76.9583333333333,0,0,4662.7,20.35,0,0,1.1,0,781.7,0,0,-2688.7,30.072612,0,0,5.436,-1.18,300,0,3744.6,30,0.2496,0
1/25/20 19:39,77.0833333333333,77.0416666666667,0,0,4662.7,20.35,0,0,1.1,0,781.7,0,0,-2688.7,30.056568,0,0,5.436,-1.18,300,0,3744.6,30,0.2496,0
1/25/20 19:44,77.1666666666667,77.125,0,0,4662.7,20.35,0,0,1.1,0,781.7,0,0,-2688.7,30.000084,0,0,5.436,-1.18,300,0,3744.6,30,0.2496,0
1/25/20 19:49,77.25,77.2083333333333,0,0,4662.7,20.35,0,0,1.1,0,781.7,0,0,-2688.7,30,0,0,5.436,-1.18,300,0,3744.6,30,0.2496,0
1/25/20 19:54,77.3333333333333,77.2916666666667,0,0,4662.7,20.35,0,0,1.1,0,781.7,0,0,-2688.7,30,0,0,5.436,-1.18,300,0,3744.6,30,0.2496,0
1/25/20 19:59,77.4166666666667,77.375,0,0,4662.7,20.35,0,0,1.1,0,781.7,0,0,-2688.7,30,0,0,5.436,-1.18,300,0,3744.6,30,0.2496,0
1/25/20 20:04,77.5,77.4583333333333,0,0,4662.7,20.35,0,0,1.1,0,781.7,0,0,-2688.7,30,0,0,5.436,-1.18,300,0,3744.6,30,0.2496,0
1/25/20 20:09,77.5833333333333,77.5416666666667,0,0,4662.7,20.35,0,0,1.1,0,781.7,0,0,-2688.7,30,0,0,5.4364608,-1.18,300,0,3744.6,30,0.2496,0
1/25/20 20:14,77.6666666666667,77.625,0,0,4662.7,20.35,0,0,1.1,0,781.7,0,0,-2688.7,30.048384,0,0,5.4369992,-1.18,300,0,3744.6,30,0.2496,0
1/25/20 20:19,77.75,77.7083333333333,0,0,4662.7,20.35,0,0,1.1,0,781.7,0,0,-2688.7,30.056532,0,0,5.437,-1.18,300,0,3744.6,30,0.2496,0
1/25/20 20:24,77.8333333333333,77.7916666666667,0,0,4662.7,20.35,0,0,1.1,0,781.7,0,0,-2688.7,30.000084,0,0,5.437,-1.18,300,0,3744.6,30,0.2496,0
1/25/20 20:29,77.9166666666667,77.875,0,0,4662.7,20.35,0,0,1.1,0,781.7,0,0,-2688.7,30,0,0,5.437,-1.18,300,0,3744.6,30,0.2496,0
1/25/20 20:34,78,77.9583333333333,0,0,4662.7,20.35,0,0,1.1,0,781.7,0,0,-2688.7,30,0,0,5.437,-1.18,300,0,3744.6,30,0.2496,0
1/25/20 20:39,78.0833333333333,78.0416666666667,0,0,4662.7,20.35,0,0,1.1,0,781.7,0,0,-2688.7,30,0,0,5.437,-1.18,300,0,3744.6,30,0.2496,0
1/25/20 20:44,78.1666666666667,78.125,0,0,4662.7,20.35,0,0,1.1,0,781.7,0,0,-2688.7,30.048384,0,0,5.437,-1.18,300,0,3744.6,30,0.2496,0
1/25/20 20:49,78.25,78.2083333333333,0,0,4662.7,20.35,0,0,1.1,0,781.7,0,0,-2688.7,30.056532,0,0,5.437,-1.18,300,0,3744.6,30,0.2496,0
1/25/20 20:54,78.3333333333333,78.2916666666667,0,0,4662.7,20.35,0,0,1.1,0,781.7,0,0,-2688.7,30.000084,0,0,5.4379216,-1.18,300,0,3744.6,30,0.2496,0
1/25/20 20:59,78.4166666666667,78.375,0,0,4662.7,20.35,0,0,1.1,0,781.7,0,0,-2688.7,30,0,0,5.4389984,-1.18,300,0,3744.6,30,0.2496,0
1/25/20 21:04,78.5,78.4583333333333,0,0,4662.7,20.35,0,0,1.1,0,781.7,0,0,-2688.7,30.048384,0,0,5.439,-1.18,300,0,3744.6,30,0.2496,0
1/25/20 21:09,78.5833333333333,78.5416666666667,0,0,4662.7,20.35,0,0,1.1,0,781.7,0,0,-2688.7,30.056532,0,0,5.439,-1.18,300,0,3744.6,30,0.2496,0
1/25/20 21:14,78.6666666666667,78.625,0,0,4662.7,20.35,0,0,1.1,0,781.7,0,0,-2688.7,30.013908,0,0,5.439,-1.18,300,0,3744.6,30,0.2496,0
1/25/20 21:19,78.75,78.7083333333333,0,0,4662.7,20.35,0,0,1.1,0,781.7,0,0,-2688.7,30.016152,0,0,5.439,-1.18,300,0,3744.6,30,0.2496,0
1/25/20 21:24,78.8333333333333,78.7916666666667,0,0,4662.7,20.35,0,0,1.1,0,781.7,0,0,-2688.7,30.000024,0,0,5.439,-1.18,300,0,3744.6,30,0.2496,0
1/25/20 21:29,78.9166666666667,78.875,0,0,4662.7,20.35,0,0,1.1,0,781.7,0,0,-2688.7,30.048384,0,0,5.439,-1.18,300,0,3744.6,30,0.2496,0
1/25/20 21:34,79,78.9583333333333,0,0,4662.7,20.35,0,0,1.1,0,781.7,0,0,-2688.7,30.056692744186,0,0,5.439,-1.18,300,0,3744.6,30,0.2496,0
1/25/20 21:39,79.0833333333333,79.0416666666667,0,0,4662.7,20.35,0,0,1.1,0,781.7,0,0,-2688.7,30.000098255814,0,0,5.439,-1.18,300,0,3744.6,30,0.2496,0
1/25/20 21:44,79.1666666666667,79.125,0,0,4662.7,20.35,0,0,1.1,0,781.7,0,0,-2688.7,30,0,0,5.439,-1.18,300,0,3744.6,30,0.2496,0
1/25/20 21:49,79.25,79.2083333333333,0,0,4662.7,20.35,0,0,1.1,0,781.7,0,0,-2688.7,30,0,0,5.43945760555556,-1.18,300,0,3744.6,30,0.2496,0
1/25/20 21:54,79.3333333333333,79.2916666666667,0,0,4662.7,20.35,0,0,1.1,0,781.7,0,0,-2688.7,30,0,0,5.44045666666667,-1.18,300,0,3744.6,30,0.2496,0
1/25/20 21:59,79.4166666666667,79.375,0,0,4662.7,20.35,0,0,1.1,0,781.7,0,0,-2688.7,30,0,0,5.44099906111111,-1.18,300,0,3744.6,30,0.2496,0
1/25/20 22:04,79.5,79.4583333333333,0,0,4662.7,20.35,0,0,1.1,0,781.7,0,0,-2688.7,30.0480485833333,0,0,5.441,-1.18,300,0,3744.6,30,0.2496,0
1/25/20 22:09,79.5833333333333,79.5416666666667,0,0,4662.7,20.35,0,0,1.1,0,781.7,0,0,-2688.7,30.0568528333333,0,0,5.441,-1.18,300,0,3744.6,30,0.2496,0
1/25/20 22:14,79.6666666666667,79.625,0,0,4662.7,20.35,0,0,1.1,0,781.7,0,0,-2688.7,30.0000985833333,0,0,5.441,-1.18,300,0,3744.6,30,0.2496,0
1/25/20 22:19,79.75,79.7083333333333,0,0,4662.7,20.35,0,0,1.1,0,781.7,0,0,-2688.7,30,0,0,5.441,-1.18,300,0,3744.6,30,0.2496,0
1/25/20 22:24,79.8333333333333,79.7916666666667,0,0,4662.7,20.35,0,0,1.1,0,781.7,0,0,-2688.7,30,0,0,5.441,-1.18,300,0,3744.6,30,0.2496,0
1/25/20 22:29,79.9166666666667,79.875,0,0,4662.7,20.35,0,0,1.1,0,781.7,0,0,-2688.7,30,0,0,5.441,-1.18,300,0,3744.6,30,0.2496,0
1/25/20 22:34,80,79.9583333333333,0,0,4662.7,20.35,0,0,1.1,0,781.7,0,0,-2688.7,30,0,0,5.441,-1.18,300,0,3744.6,30,0.2496,0
1/25/20 22:39,80.0833333333333,80.0416666666667,0,0,4662.7,20.35,0,0,1.1,0,781.7,0,0,-2688.7,30.02059225,0,0,5.44145760555556,-1.18,300,0,3744.6,30,0.2496,0
1/25/20 22:44,80.1666666666667,80.125,0,0,4662.7,20.35,0,0,1.1,0,781.7,0,0,-2688.7,30.0243655,0,0,5.44154145555556,-1.18,300,0,3744.6,30,0.2496,0
1/25/20 22:49,80.25,80.2083333333333,0,0,4662.7,20.35,0,0,1.1,0,781.7,0,0,-2688.7,30.0480908333333,0,0,5.44145854444445,-1.18,300,0,3744.6,30,0.2496,0
1/25/20 22:54,80.3333333333333,80.2916666666667,0,0,4662.7,20.35,0,0,1.1,0,781.7,0,0,-2688.7,30.0568528333333,0,0,5.44199906111111,-1.18,300,0,3744.6,30,0.2496,0
1/25/20 22:59,80.4166666666667,80.375,0,0,4662.7,20.35,0,0,1.1,0,781.7,0,0,-2688.7,30.0481471666667,0,0,5.442,-1.18,300,0,3744.6,30,0.2496,0
1/25/20 23:04,80.5,80.4583333333333,0,0,4662.7,20.35,0,0,1.1,0,781.7,0,0,-2688.7,30.0568528333333,0,0,5.442,-1.18,300,0,3744.6,30,0.2496,0
1/25/20 23:09,80.5833333333333,80.5416666666667,0,0,4662.7,20.35,0,0,1.1,0,781.7,0,0,-2688.7,30.0000985833333,0,0,5.442,-1.18,300,0,3744.6,30,0.2496,0
1/25/20 23:14,80.6666666666667,80.625,0,0,4662.7,20.35,0,0,1.1,0,781.7,0,0,-2688.7,30.0480485833333,0,0,5.442,-1.18,300,0,3744.6,30,0.2496,0
1/25/20 23:19,80.75,80.7083333333333,0,0,4662.7,20.35,0,0,1.1,0,781.7,0,0,-2688.7,30.0568528333333,0,0,5.442,-1.18,300,0,3744.6,30,0.2496,0
1/25/20 23:24,80.8333333333333,80.7916666666667,0,0,4662.7,20.35,0,0,1.1,0,781.7,0,0,-2688.7,30.0481471666667,0,0,5.442,-1.18,300,0,3744.6,30,0.2496,0
1/25/20 23:29,80.9166666666667,80.875,0,0,4662.7,20.35,0,0,1.1,0,781.7,0,0,-2688.7,30.1049014166667,0,0,5.442,-1.18,300,0,3744.6,30,0.2496,0
1/25/20 23:34,81,80.9583333333333,0,0,4662.7,20.35,0,0,1.1,0,781.7,0,0,-2688.7,30.0569514166667,0,0,5.44245760555556,-1.18,300,0,3744.6,30,0.2496,0
1/25/20 23:39,81.0833333333333,81.0416666666667,0,0,4662.7,20.35,0,0,1.1,0,781.7,0,0,-2688.7,30.0000985833333,0,0,5.44345666666667,-1.18,300,0,3744.6,30,0.2496,0
1/25/20 23:44,81.1666666666667,81.125,0,0,4662.7,20.35,0,0,1.1,0,781.7,0,0,-2688.7,30.0480485833333,0,0,5.44399906111111,-1.18,300,0,3744.6,30,0.2496,0
1/25/20 23:49,81.25,81.2083333333333,0,0,4662.7,20.35,0,0,1.1,0,781.7,0,0,-2688.7,30.0568528333333,0,0,5.444,-1.18,300,0,3744.6,30,0.2496,0
1/25/20 23:54,81.3333333333333,81.2916666666667,0,0,4662.7,20.35,0,0,1.1,0,781.7,0,0,-2688.7,30.0481471666667,0,0,5.444,-1.18,300,0,3744.6,30,0.2496,0
1/25/20 23:59,81.4166666666667,81.375,0,0,4662.7,20.35,0,0,1.1,0,781.7,0,0,-2688.7,30.0568528333333,0,0,5.444,-1.18,300,0,3744.6,30,0.2496,0
1/26/20 0:04,81.5,81.4583333333333,0,0,4662.7,20.35,0,0,1.1,0,781.7,0,0,-2688.7,30.0000985833333,0,0,5.444,-1.18,300,0,3744.6,30,0.2496,0
1/26/20 0:09,81.5833333333333,81.5416666666667,0,0,4662.7,20.35,0,0,1.1,0,781.7,0,0,-2688.7,30,0,0,5.444,-1.18,300,0,3744.6,30,0.2496,0
1/26/20 0:14,81.6666666666667,81.625,0,0,4662.7,20.35,0,0,1.1,0,781.7,0,0,-2688.7,30,0,0,5.444,-1.18,300,0,3744.6,30,0.2496,0
1/26/20 0:19,81.75,81.7083333333333,0,0,4662.7,20.35,0,0,1.1,0,781.7,0,0,-2688.7,30,0,0,5.444,-1.18,300,0,3744.6,30,0.2496,0
1/26/20 0:24,81.8333333333333,81.7916666666667,0,0,4662.7,20.35,0,0,1.1,0,781.7,0,0,-2688.7,30.0343204166667,0,0,5.444,-1.18,300,0,3744.6,30,0.2496,0
1/26/20 0:29,81.9166666666667,81.875,0,0,4662.7,20.35,0,0,1.1,0,781.7,0,0,-2688.7,30.0406091666667,0,0,5.444,-1.18,300,0,3744.6,30,0.2496,0
1/26/20 0:34,82,81.9583333333333,0,0,4662.7,20.35,0,0,1.1,0,781.7,0,0,-2688.7,30.0000704166667,0,0,5.444,-1.18,300,0,3744.6,30,0.2496,0
1/26/20 0:39,82.0833333333333,82.0416666666667,0,0,4662.7,20.35,0,0,1.1,0,781.7,0,0,-2688.7,30,0,0,5.444,-1.18,300,0,3744.6,30,0.2496,0
1/26/20 0:44,82.1666666666667,82.125,0,0,4662.7,20.35,0,0,1.1,0,781.7,0,0,-2688.7,30.0477143333333,0,0,5.444,-1.18,300,0,3744.6,30,0.2496,0
1/26/20 0:49,82.25,82.2083333333333,0,0,4662.7,20.35,0,0,1.1,0,781.7,0,0,-2688.7,30.0571713333333,0,0,5.44490884444444,-1.18,300,0,3744.6,30,0.2496,0
1/26/20 0:54,82.3333333333333,82.2916666666667,0,0,4662.7,20.35,0,0,1.1,0,781.7,0,0,-2688.7,30.0001143333333,0,0,5.44599782222222,-1.18,300,0,3744.6,30,0.2496,0
1/26/20 0:59,82.4166666666667,82.375,0,0,4662.7,20.35,0,0,1.1,0,781.7,0,0,-2688.7,30,0,0,5.446,-1.18,300,0,3744.6,30,0.2496,0
1/26/20 1:04,82.5,82.4583333333333,0,0,4662.7,20.35,0,0,1.1,0,781.7,0,0,-2688.7,30,0,0,5.446,-1.18,300,0,3744.6,30,0.2496,0
1/26/20 1:09,82.5833333333333,82.5416666666667,0,0,4662.7,20.35,0,0,1.1,0,781.7,0,0,-2688.7,30,0,0,5.446,-1.18,300,0,3744.6,30,0.2496,0
1/26/20 1:14,82.6666666666667,82.625,0,0,4662.7,20.35,0,0,1.1,0,781.7,0,0,-2688.7,30.0477143333333,0,0,5.446,-1.18,300,0,3744.6,30,0.2496,0
1/26/20 1:19,82.75,82.7083333333333,0,0,4662.7,20.35,0,0,1.1,0,781.7,0,0,-2688.7,30.1048856666667,0,0,5.446,-1.18,300,0,3744.6,30,0.2496,0
1/26/20 1:24,82.8333333333333,82.7916666666667,0,0,4662.7,20.35,0,0,1.1,0,781.7,0,0,-2688.7,30.0572856666667,0,0,5.446,-1.18,300,0,3744.6,30,0.2496,0
1/26/20 1:29,82.9166666666667,82.875,0,0,4662.7,20.35,0,0,1.1,0,781.7,0,0,-2688.7,30.0001143333333,0,0,5.446,-1.18,300,0,3744.6,30,0.2496,0
1/26/20 1:34,83,82.9583333333333,0,0,4662.7,20.35,0,0,1.1,0,781.7,0,0,-2688.7,30,0,0,5.44645442222222,-1.18,300,0,3744.6,30,0.2496,0
1/26/20 1:39,83.0833333333333,83.0416666666667,0,0,4662.7,20.35,0,0,1.1,0,781.7,0,0,-2688.7,30,0,0,5.44699891111111,-1.18,300,0,3744.6,30,0.2496,0
1/26/20 1:44,83.1666666666667,83.125,0,0,4662.7,20.35,0,0,1.1,0,781.7,0,0,-2688.7,30,0,0,5.447,-1.18,300,0,3744.6,30,0.2496,0
1/26/20 1:49,83.25,83.2083333333333,0,0,4662.7,20.35,0,0,1.1,0,781.7,0,0,-2688.7,30,0,0,5.447,-1.18,300,0,3744.6,30,0.2496,0
1/26/20 1:54,83.3333333333333,83.2916666666667,0,0,4662.7,20.35,0,0,1.1,0,781.7,0,0,-2688.7,30.0477143333333,0,0,5.447,-1.18,300,0,3744.6,30,0.2496,0
1/26/20 1:59,83.4166666666667,83.375,0,0,4662.7,20.35,0,0,1.1,0,781.7,0,0,-2688.7,30.0571713333333,0,0,5.447,-1.18,300,0,3744.6,30,0.2496,0
1/26/20 2:04,83.5,83.4583333333333,0,0,4662.7,20.35,0,0,1.1,0,781.7,0,0,-2688.7,30.0001143333333,0,0,5.447,-1.18,300,0,3744.6,30,0.2496,0
1/26/20 2:09,83.5833333333333,83.5416666666667,0,0,4662.7,20.35,0,0,1.1,0,781.7,0,0,-2688.7,30.0477143333333,0,0,5.447,-1.18,300,0,3744.6,30,0.2496,0
1/26/20 2:14,83.6666666666667,83.625,0,0,4662.7,20.35,0,0,1.1,0,781.7,0,0,-2688.7,30.0571713333333,0,0,5.447,-1.18,300,0,3744.6,30,0.2496,0
1/26/20 2:19,83.75,83.7083333333333,0,0,4662.7,20.35,0,0,1.1,0,781.7,0,0,-2688.7,30.0001143333333,0,0,5.447,-1.18,300,0,3744.6,30,0.2496,0
1/26/20 2:24,83.8333333333333,83.7916666666667,0,0,4662.7,20.35,0,0,1.1,0,781.7,0,0,-2688.7,30,0,0,5.447,-1.18,300,0,3744.6,30,0.2496,0
1/26/20 2:29,83.9166666666667,83.875,0,0,4662.7,20.35,0,0,1.1,0,781.7,0,0,-2688.7,30,0,0,5.447,-1.18,300,0,3744.6,30,0.2496,0
1/26/20 2:34,84,83.9583333333333,0,0,4662.7,20.35,0,0,1.1,0,781.7,0,0,-2688.7,30,0,0,5.44790884444444,-1.18,300,0,3744.6,30,0.2496,0
1/26/20 2:39,84.0833333333333,84.0416666666667,0,0,4662.7,20.35,0,0,1.1,0,781.7,0,0,-2688.7,30.0477143333333,0,0,5.44899782222222,-1.18,300,0,3744.6,30,0.2496,0
1/26/20 2:44,84.1666666666667,84.125,0,0,4662.7,20.35,0,0,1.1,0,781.7,0,0,-2688.7,30.1048856666667,0,0,5.449,-1.18,300,0,3744.6,30,0.2496,0
1/26/20 2:49,84.25,84.2083333333333,0,0,4662.7,20.35,0,0,1.1,0,781.7,0,0,-2688.7,30.0572856666667,0,0,5.449,-1.18,300,0,3744.6,30,0.2496,0
1/26/20 2:54,84.3333333333333,84.2916666666667,0,0,4662.7,20.35,0,0,1.1,0,781.7,0,0,-2688.7,30.0001143333333,0,0,5.449,-1.18,300,0,3744.6,30,0.2496,0
1/26/20 2:59,84.4166666666667,84.375,0,0,4662.7,20.35,0,0,1.1,0,781.7,0,0,-2688.7,30.0477143333333,0,0,5.449,-1.18,300,0,3744.6,30,0.2496,0
1/26/20 3:04,84.5,84.4583333333333,0,0,4662.7,20.35,0,0,1.1,0,781.7,0,0,-2688.7,30.0571713333333,0,0,5.449,-1.18,300,0,3744.6,30,0.2496,0
1/26/20 3:09,84.5833333333333,84.5416666666667,0,0,4662.7,20.35,0,0,1.1,0,781.7,0,0,-2688.7,30.0001143333333,0,0,5.449,-1.18,300,0,3744.6,30,0.2496,0
1/26/20 3:14,84.6666666666667,84.625,0,0,4662.7,20.35,0,0,1.1,0,781.7,0,0,-2688.7,30.0477143333333,0,0,5.449,-1.18,300,0,3744.6,30,0.2496,0
1/26/20 3:19,84.75,84.7083333333333,0,0,4662.7,20.35,0,0,1.1,0,781.7,0,0,-2688.7,30.0776203333333,0,0,5.449,-1.18,300,0,3744.6,30,0.2496,0
1/26/20 3:24,84.8333333333333,84.7916666666667,0,0,4662.7,20.35,0,0,1.1,0,781.7,0,0,-2688.7,30.0246163333333,0,0,5.44990884444444,-1.18,300,0,3744.6,30,0.2496,0
1/26/20 3:29,84.9166666666667,84.875,0,0,4662.7,20.35,0,0,1.1,0,781.7,0,0,-2688.7,30.0477633333333,0,0,5.45099782222222,-1.18,300,0,3744.6,30,0.2496,0
1/26/20 3:34,85,84.9583333333333,0,0,4662.7,20.35,0,0,1.1,0,781.7,0,0,-2688.7,30.1048856666667,0,0,5.451,-1.18,300,0,3744.6,30,0.2496,0
1/26/20 3:39,85.0833333333333,85.0416666666667,0,0,4662.7,20.35,0,0,1.1,0,781.7,0,0,-2688.7,30.0572856666667,0,0,5.451,-1.18,300,0,3744.6,30,0.2496,0
1/26/20 3:44,85.1666666666667,85.125,0,0,4662.7,20.35,0,0,1.1,0,781.7,0,0,-2688.7,30.0001143333333,0,0,5.451,-1.18,300,0,3744.6,30,0.2496,0
1/26/20 3:49,85.25,85.2083333333333,0,0,4662.7,20.35,0,0,1.1,0,781.7,0,0,-2688.7,30,0,0,5.451,-1.18,300,0,3744.6,30,0.2496,0
1/26/20 3:54,85.3333333333333,85.2916666666667,0,0,4662.7,20.35,0,0,1.1,0,781.7,0,0,-2688.7,30.0477143333333,0,0,5.451,-1.18,300,0,3744.6,30,0.2496,0
1/26/20 3:59,85.4166666666667,85.375,0,0,4662.7,20.35,0,0,1.1,0,781.7,0,0,-2688.7,30.0571713333333,0,0,5.451,-1.18,300,0,3744.6,30,0.2496,0
1/26/20 4:04,85.5,85.4583333333333,0,0,4662.7,20.35,0,0,1.1,0,781.7,0,0,-2688.7,30.0001143333333,0,0,5.451,-1.18,300,0,3744.6,30,0.2496,0
1/26/20 4:09,85.5833333333333,85.5416666666667,0,0,4662.7,20.35,0,0,1.1,0,781.7,0,0,-2688.7,30,0,0,5.451,-1.18,300,0,3744.6,30,0.2496,0
1/26/20 4:14,85.6666666666667,85.625,0,0,4662.7,20.35,0,0,1.1,0,781.7,0,0,-2688.7,30,0,0,5.45145442222222,-1.18,300,0,3744.6,30,0.2496,0
1/26/20 4:19,85.75,85.7083333333333,0,0,4662.7,20.35,0,0,1.1,0,781.7,0,0,-2688.7,30,0,0,5.45199891111111,-1.18,300,0,3744.6,30,0.2496,0
1/26/20 4:24,85.8333333333333,85.7916666666667,0,0,4662.7,20.35,0,0,1.1,0,781.7,0,0,-2688.7,30,0,0,5.452,-1.18,300,0,3744.6,30,0.2496,0
1/26/20 4:29,85.9166666666667,85.875,0,0,4662.7,20.35,0,0,1.1,0,781.7,0,0,-2688.7,30,0,0,5.452,-1.18,300,0,3744.6,30,0.2496,0
1/26/20 4:34,86,85.9583333333333,0,0,4662.7,20.35,0,0,1.1,0,781.7,0,0,-2688.7,30.0340816666667,0,0,5.452,-1.18,300,0,3744.6,30,0.2496,0
1/26/20 4:39,86.0833333333333,86.0416666666667,0,0,4662.7,20.35,0,0,1.1,0,781.7,0,0,-2688.7,30.0408366666667,0,0,5.452,-1.18,300,0,3744.6,30,0.2496,0
1/26/20 4:44,86.1666666666667,86.125,0,0,4662.7,20.35,0,0,1.1,0,781.7,0,0,-2688.7,30.0000816666667,0,0,5.452,-1.18,300,0,3744.6,30,0.2496,0
1/26/20 4:49,86.25,86.2083333333333,0,0,4662.7,20.35,0,0,1.1,0,781.7,0,0,-2688.7,30,0,0,5.452,-1.18,300,0,3744.6,30,0.2496,0
1/26/20 4:54,86.3333333333333,86.2916666666667,0,0,4662.7,20.35,0,0,1.1,0,781.7,0,0,-2688.7,30,0,0,5.452,-1.18,300,0,3744.6,30,0.2496,0
1/26/20 4:59,86.4166666666667,86.375,0,0,4662.7,20.35,0,0,1.1,0,781.7,0,0,-2688.7,30,0,0,5.452,-1.18,300,0,3744.6,30,0.2496,0
1/26/20 5:04,86.5,86.4583333333333,0,0,4662.7,20.35,0,0,1.1,0,781.7,0,0,-2688.7,30.0477143333333,0,0,5.452,-1.18,300,0,3744.6,30,0.2496,0
1/26/20 5:09,86.5833333333333,86.5416666666667,0,0,4662.7,20.35,0,0,1.1,0,781.7,0,0,-2688.7,30.0571713333333,0,0,5.45245442222222,-1.18,300,0,3744.6,30,0.2496,0
1/26/20 5:14,86.6666666666667,86.625,0,0,4662.7,20.35,0,0,1.1,0,781.7,0,0,-2688.7,30.0001143333333,0,0,5.45345182362495,-1.18,300,0,3744.6,30,0.2496,0
1/26/20 5:19,86.75,86.7083333333333,0,0,4662.7,20.35,0,0,1.1,0,781.7,0,0,-2688.7,30.04738125,0,0,5.45399875415282,-1.18,300,0,3744.6,30,0.2496,0
1/26/20 5:24,86.8333333333333,86.7916666666667,0,0,4662.7,20.35,0,0,1.1,0,781.7,0,0,-2688.7,30.0574875,0,0,5.454,-1.18,300,0,3744.6,30,0.2496,0
1/26/20 5:29,86.9166666666667,86.875,0,0,4662.7,20.35,0,0,1.1,0,781.7,0,0,-2688.7,30.00013125,0,0,5.454,-1.18,300,0,3744.6,30,0.2496,0
1/26/20 5:34,87,86.9583333333333,0,0,4662.7,20.35,0,0,1.1,0,781.7,0,0,-2688.7,30,0,0,5.454,-1.18,300,0,3744.6,30,0.2496,0
1/26/20 5:39,87.0833333333333,87.0416666666667,0,0,4662.7,20.35,0,0,1.1,0,781.7,0,0,-2688.7,30,0,0,5.454,-1.18,300,0,3744.6,30,0.2496,0
1/26/20 5:44,87.1666666666667,87.125,0,0,4662.7,20.35,0,0,1.1,0,781.7,0,0,-2688.7,30.04738125,0,0,5.454,-1.18,300,0,3744.6,30,0.2496,0
1/26/20 5:49,87.25,87.2083333333333,0,0,4662.7,20.35,0,0,1.1,0,781.7,0,0,-2688.7,30.0574875,0,0,5.454,-1.18,300,0,3744.6,30,0.2496,0
1/26/20 5:54,87.3333333333333,87.2916666666667,0,0,4662.7,20.35,0,0,1.1,0,781.7,0,0,-2688.7,30.00013125,0,0,5.454,-1.18,300,0,3744.6,30,0.2496,0
1/26/20 5:59,87.4166666666667,87.375,0,0,4662.7,20.35,0,0,1.1,0,781.7,0,0,-2688.7,30,0,0,5.4549025,-1.18,300,0,3744.6,30,0.2496,0
1/26/20 6:04,87.5,87.4583333333333,0,0,4662.7,20.35,0,0,1.1,0,781.7,0,0,-2688.7,30,0,0,5.455095,-1.18,300,0,3744.6,30,0.2496,0
1/26/20 6:09,87.5833333333333,87.5416666666667,0,0,4662.7,20.35,0,0,1.1,0,781.7,0,0,-2688.7,30,0,0,5.4540025,-1.18,300,0,3744.6,30,0.2496,0
1/26/20 6:14,87.6666666666667,87.625,0,0,4662.7,20.35,0,0,1.1,0,781.7,0,0,-2688.7,30,0,0,5.454,-1.18,300,0,3744.6,30,0.2496,0
1/26/20 6:19,87.75,87.7083333333333,0,0,4662.7,20.35,0,0,1.1,0,781.7,0,0,-2688.7,30,0,0,5.4549025,-1.18,300,0,3744.6,30,0.2496,0
1/26/20 6:24,87.8333333333333,87.7916666666667,0,0,4662.7,20.35,0,0,1.1,0,781.7,0,0,-2688.7,30,0,0,5.4559975,-1.18,300,0,3744.6,30,0.2496,0
1/26/20 6:29,87.9166666666667,87.875,0,0,4662.7,20.35,0,0,1.1,0,781.7,0,0,-2688.7,30,0,0,5.456,-1.18,300,0,3744.6,30,0.2496,0
1/26/20 6:34,88,87.9583333333333,0,0,4662.7,20.35,0,0,1.1,0,781.7,0,0,-2688.7,30.04738125,0,0,5.456,-1.18,300,0,3744.6,30,0.2496,0
1/26/20 6:39,88.0833333333333,88.0416666666667,0,0,4662.7,20.35,0,0,1.1,0,781.7,0,0,-2688.7,30.0574875,0,0,5.456,-1.18,300,0,3744.6,30,0.2496,0
1/26/20 6:44,88.1666666666667,88.125,0,0,4662.7,20.35,0,0,1.1,0,781.7,0,0,-2688.7,30.00013125,0,0,5.456,-1.18,300,0,3744.6,30,0.2496,0
1/26/20 6:49,88.25,88.2083333333333,0,0,4662.7,20.35,0,0,1.1,0,781.7,0,0,-2688.7,30,0,0,5.456,-1.18,300,0,3744.6,30,0.2496,0
1/26/20 6:54,88.3333333333333,88.2916666666667,0,0,4662.7,20.35,0,0,1.1,0,781.7,0,0,-2688.7,30,0,0,5.456,-1.18,300,0,3744.6,30,0.2496,0
1/26/20 6:59,88.4166666666667,88.375,0,0,4662.7,20.35,0,0,1.1,0,781.7,0,0,-2688.7,30,0,0,5.456,-1.18,300,0,3744.6,30,0.2496,0
1/26/20 7:04,88.5,88.4583333333333,0,0,4662.7,20.35,0,0,1.1,0,781.7,0,0,-2688.7,30,0,0,5.45645125,-1.18,300,0,3744.6,30,0.2496,0
1/26/20 7:09,88.5833333333333,88.5416666666667,0,0,4662.7,20.35,0,0,1.1,0,781.7,0,0,-2688.7,30,0,0,5.45699875,-1.18,300,0,3744.6,30,0.2496,0
1/26/20 7:14,88.6666666666667,88.625,0,0,4662.7,20.35,0,0,1.1,0,781.7,0,0,-2688.7,30,0,0,5.457,-1.18,300,0,3744.6,30,0.2496,0
1/26/20 7:19,88.75,88.7083333333333,0,0,4662.7,20.35,0,0,1.1,0,781.7,0,0,-2688.7,30,0,0,5.457,-1.18,300,0,3744.6,30,0.2496,0
1/26/20 7:24,88.8333333333333,88.7916666666667,0,0,4662.7,20.35,0,0,1.1,0,781.7,0,0,-2688.7,30,0,0,5.457,-1.18,300,0,3744.6,30,0.2496,0
1/26/20 7:29,88.9166666666667,88.875,0,0,4662.7,20.35,0,0,1.1,0,781.7,0,0,-2688.7,30,0,0,5.457,-1.18,300,0,3744.6,30,0.2496,0
1/26/20 7:34,89,88.9583333333333,0,0,4662.7,20.35,0,0,1.1,0,781.7,0,0,-2688.7,30,0,0,5.457,-1.18,300,0,3744.6,30,0.2496,0
1/26/20 7:39,89.0833333333333,89.0416666666667,0,0,4662.7,20.35,0,0,1.1,0,781.7,0,0,-2688.7,30,0,0,5.457,-1.18,300,0,3744.6,30,0.2496,0
1/26/20 7:44,89.1666666666667,89.125,0,0,4662.7,20.35,0,0,1.1,0,781.7,0,0,-2688.7,30,0,0,5.457,-1.18,300,0,3744.6,30,0.2496,0
1/26/20 7:49,89.25,89.2083333333333,0,0,4662.7,20.35,0,0,1.1,0,781.7,0,0,-2688.7,30,0,0,5.457,-1.18,300,0,3744.6,30,0.2496,0
1/26/20 7:54,89.3333333333333,89.2916666666667,0,0,4662.7,20.35,0,0,1.1,0,781.7,0,0,-2688.7,30,0,0,5.457,-1.18,300,0,3744.6,30,0.2496,0
1/26/20 7:59,89.4166666666667,89.375,0,0,4662.7,20.35,0,0,1.1,0,781.7,0,0,-2688.7,30.03384375,0,0,5.457,-1.18,300,0,3744.6,30,0.2496,0
1/26/20 8:04,89.5,89.4583333333333,0,0,4662.7,20.35,0,0,1.1,0,781.7,0,0,-2688.7,30.0410625,0,0,5.457,-1.18,300,0,3744.6,30,0.2496,0
1/26/20 8:09,89.5833333333333,89.5416666666667,0,0,4662.7,20.35,0,0,1.1,0,781.7,0,0,-2688.7,30.00009375,0,0,5.4579025,-1.18,300,0,3744.6,30,0.2496,0
1/26/20 8:14,89.6666666666667,89.625,0,0,4662.7,20.35,0,0,1.1,0,781.7,0,0,-2688.7,30.04738125,0,0,5.4589975,-1.18,300,0,3744.6,30,0.2496,0
1/26/20 8:19,89.75,89.7083333333333,0,0,4662.7,20.35,0,0,1.1,0,781.7,0,0,-2688.7,30.09133125,0,0,5.459,-1.18,300,0,3744.6,30,0.2496,0
1/26/20 8:24,89.8333333333333,89.7916666666667,0,0,4662.7,20.35,0,0,1.1,0,781.7,0,0,-2688.7,30.04119375,0,0,5.459,-1.18,300,0,3744.6,30,0.2496,0
1/26/20 8:29,89.9166666666667,89.875,0,0,4662.7,20.35,0,0,1.1,0,781.7,0,0,-2688.7,30.047475,0,0,5.459,-1.18,300,0,3744.6,30,0.2496,0
1/26/20 8:34,90,89.9583333333333,0,0,4662.7,20.35,0,0,1.1,0,781.7,0,0,-2688.7,30.0574875,0,0,5.459,-1.18,300,0,3744.6,30,0.2496,0
1/26/20 8:39,90.0833333333333,90.0416666666667,0,0,4662.7,20.35,0,0,1.1,0,781.7,0,0,-2688.7,30.0475125,0,0,5.459,-1.18,300,0,3744.6,30,0.2496,0
1/26/20 8:44,90.1666666666667,90.125,0,0,4662.7,20.35,0,0,1.1,0,781.7,0,0,-2688.7,30.0574875,0,0,5.459,-1.18,300,0,3744.6,30,0.2496,0
1/26/20 8:49,90.25,90.2083333333333,0,0,4662.7,20.35,0,0,1.1,0,781.7,0,0,-2688.7,30.00013125,0,0,5.459,-1.18,300,0,3744.6,30,0.2496,0
1/26/20 8:54,90.3333333333333,90.2916666666667,0,0,4662.7,20.35,0,0,1.1,0,781.7,0,0,-2688.7,30.04738125,0,0,5.459,-1.18,300,0,3744.6,30,0.2496,0
1/26/20 8:59,90.4166666666667,90.375,0,0,4662.7,20.35,0,0,1.1,0,781.7,0,0,-2688.7,30.0574875,0,0,5.459,-1.18,300,0,3744.6,30,0.252488,0
1/26/20 9:04,90.5,90.4583333333333,0,0,4662.7,20.35,0,0,1.1,0,781.7,0,0,-2688.7,30.0475125,0,0,5.459,-1.18,300,0,3744.6,30,0.253104,0
1/26/20 9:09,90.5833333333333,90.5416666666667,0,0,4662.7,20.35,0,0,1.1,0,781.7,0,0,-2688.7,30.0574875,0,0,5.459,-1.18,300,0,3744.6,30,0.249608,0
1/26/20 9:14,90.6666666666667,90.625,0,0,4662.7,20.35,0,0,1.1,0,781.7,0,0,-2688.7,30.0475125,0,0,5.459,-1.18,300,0,3744.6,30,0.2496,0
1/26/20 9:19,90.75,90.7083333333333,0,0,4662.7,20.35,0,0,1.1,0,781.7,0,0,-2688.7,30.0574875,0,0,5.459,-1.18,300,0,3744.6,30,0.2496,0
1/26/20 9:24,90.8333333333333,90.7916666666667,0,0,4662.7,20.35,0,0,1.1,0,781.7,0,0,-2688.7,30.00013125,0,0,5.4599025,-1.18,300,0,3744.6,30,0.2496,0
1/26/20 9:29,90.9166666666667,90.875,0,0,4662.7,20.35,0,0,1.1,0,781.7,0,0,-2688.7,30.04738125,0,0,5.4609975,-1.18,300,0,3744.6,30,0.2496,0
1/26/20 9:34,91,90.9583333333333,0,0,4662.7,20.35,0,0,1.1,0,781.7,0,0,-2688.7,30.0574875,0,0,5.461,-1.18,300,0,3744.6,30,0.2496,0
1/26/20 9:39,91.0833333333333,91.0416666666667,0,0,4662.7,20.35,0,0,1.1,0,781.7,0,0,-2688.7,30.00013125,0,0,5.461,-1.18,300,0,3744.6,30,0.2496,0
1/26/20 9:44,91.1666666666667,91.125,0,0,4662.7,20.35,0,0,1.1,0,781.7,0,0,-2688.7,30,0,0,5.461,-1.18,300,0,3744.6,30,0.2496,0
1/26/20 9:49,91.25,91.2083333333333,0,0,4662.7,20.35,0,0,1.1,0,781.7,0,0,-2688.7,30.04738125,0,0,5.461,-1.18,300,0,3744.6,30,0.2496,0
1/26/20 9:54,91.3333333333333,91.2916666666667,0,0,4662.7,20.35,0,0,1.1,0,781.7,0,0,-2688.7,30.071025,0,0,5.46145125,-1.18,300,0,3744.6,30,0.2496,0
1/26/20 9:59,91.4166666666667,91.375,0,0,4662.7,20.35,0,0,1.1,0,781.7,0,0,-2688.7,30.0368625,0,0,5.4615475,-1.18,300,0,3744.6,30,0.2496,0
1/26/20 10:04,91.5,91.4583333333333,0,0,4662.7,20.35,0,0,1.1,0,781.7,0,0,-2688.7,30.07205625,0,0,5.46100125,-1.18,300,0,3744.6,30,0.2496,0
1/26/20 10:09,91.5833333333333,91.5416666666667,0,0,4662.7,20.35,0,0,1.1,0,781.7,0,0,-2688.7,30.104925,0,0,5.46145125,-1.18,300,0,3744.6,30,0.2496,0
1/26/20 10:14,91.6666666666667,91.625,0,0,4662.7,20.35,0,0,1.1,0,781.7,0,0,-2688.7,30.105,0,0,5.46199875,-1.18,300,0,3744.6,30,0.2496,0
1/26/20 10:19,91.75,91.7083333333333,0,0,4662.7,20.35,0,0,1.1,0,781.7,0,0,-2688.7,30.05761875,0,0,5.462,-1.18,300,0,3744.6,30,0.252488,0
1/26/20 10:24,91.8333333333333,91.7916666666667,0,0,4662.7,20.35,0,0,1.1,0,781.7,0,0,-2688.7,30.00013125,0,0,5.462,-1.18,300,0,3744.6,30,0.255992,0
1/26/20 10:29,91.9166666666667,91.875,0,0,4662.7,20.35,0,0,1.1,0,781.7,0,0,-2688.7,30,0,0,5.462,-1.18,300,0,3744.6,30,0.256,0
1/26/20 10:34,92,91.9583333333333,0,0,4662.7,20.35,0,0,1.1,0,781.7,0,0,-2688.7,30.04738125,0,0,5.462,-1.18,300,0,3744.6,30,0.253112,0
1/26/20 10:39,92.0833333333333,92.0416666666667,0,0,4662.7,20.35,0,0,1.1,0,781.7,0,0,-2688.7,30.0574875,0,0,5.462,-1.18,300,0,3744.6,30,0.249608,0
1/26/20 10:44,92.1666666666667,92.125,0,0,4662.7,20.35,0,0,1.1,0,781.7,0,0,-2688.7,30.0475125,0,0,5.462,-1.18,300,0,3744.6,30,0.2496,0
1/26/20 10:49,92.25,92.2083333333333,0,0,4662.7,20.35,0,0,1.1,0,781.7,0,0,-2688.7,30.10486875,0,0,5.462,-1.18,300,0,3744.6,30,0.2496,0
1/26/20 10:54,92.3333333333333,92.2916666666667,0,0,4662.7,20.35,0,0,1.1,0,781.7,0,0,-2688.7,30.105,0,0,5.462,-1.18,300,0,3744.6,30,0.2496,0
1/26/20 10:59,92.4166666666667,92.375,0,0,4662.7,20.35,0,0,1.1,0,781.7,0,0,-2688.7,30.05761875,0,0,5.462,-1.18,300,0,3744.6,30,0.2496,0
1/26/20 11:04,92.5,92.4583333333333,0,0,4662.7,20.35,0,0,1.1,0,781.7,0,0,-2688.7,30.00013125,0,0,5.462,-1.18,300,0,3744.6,30,0.2496,0
1/26/20 11:09,92.5833333333333,92.5416666666667,0,0,4662.7,20.35,0,0,1.1,0,781.7,0,0,-2688.7,30.04738125,0,0,5.4629025,-1.18,300,0,3744.6,30,0.2496,0
1/26/20 11:14,92.6666666666667,92.625,0,0,4662.7,20.35,0,0,1.1,0,781.7,0,0,-2688.7,30.0574875,0,0,5.4639975,-1.18,300,0,3744.6,30,0.2496,0
1/26/20 11:19,92.75,92.7083333333333,0,0,4662.7,20.35,0,0,1.1,0,781.7,0,0,-2688.7,30.00013125,0,0,5.464,-1.18,300,0,3744.6,30,0.2496,0
1/26/20 11:24,92.8333333333333,92.7916666666667,0,0,4662.7,20.35,0,0,1.1,0,781.7,0,0,-2688.7,30,0,0,5.464,-1.18,300,0,3744.6,30,0.2496,0
1/26/20 11:29,92.9166666666667,92.875,0,0,4662.7,20.35,0,0,1.1,0,781.7,0,0,-2688.7,30.04738125,0,0,5.464,-1.18,300,0,3744.6,30,0.2496,0
1/26/20 11:34,93,92.9583333333333,0,0,4662.7,20.35,0,0,1.1,0,781.7,0,0,-2689.015875,30.0574875,0,0,5.464,-1.18,300,0,3744.6,30,0.2496,0
1/26/20 11:39,93.0833333333333,93.0416666666667,0,0,4662.7,20.35,0,0,1.1,0,781.7,0,0,-2689.399125,30.00013125,0,0,5.464,-1.18,300,0,3744.6,30,0.2496,0
1/26/20 11:44,93.1666666666667,93.125,0,0,4662.7,20.35,0,0,1.1,0,781.7,0,0,-2689.4,30,0,0,5.464,-1.18,300,0,3744.6,30,0.252488,0
1/26/20 11:49,93.25,93.2083333333333,0,0,4662.7,20.35,0,0,1.1,0,781.7,0,0,-2689.084125,30,0,0,5.464,-1.18,300,0,3744.6,30,0.255992,0
1/26/20 11:54,93.3333333333333,93.2916666666667,0,0,4662.7,20.35,0,0,1.1,0,781.7,0,0,-2689.01675,30,0,0,5.464,-1.18,300,0,3744.6,30,0.256,0
1/26/20 11:59,93.4166666666667,93.375,0,0,4662.7,20.35,0,0,1.1,0,781.7,0,0,-2689.399125,30,0,0,5.464,-1.18,300,0,3744.6,30,0.256,0
1/26/20 12:04,93.5,93.4583333333333,0,0,4662.7,20.35,0,0,1.1,0,781.7,0,0,-2689.084125,30,0,0,5.464,-1.18,300,0,3744.6,30,0.253112,0
1/26/20 12:09,93.5833333333333,93.5416666666667,0,0,4662.7,20.35,0,0,1.1,0,781.7,0,0,-2688.700875,30,0,0,5.464,-1.18,300,0,3744.6,30,0.249608,0
1/26/20 12:14,93.6666666666667,93.625,0,0,4662.7,20.35,0,0,1.1,0,781.7,0,0,-2688.7,30,0,0,5.46445125,-1.18,300,0,3744.6,30,0.2496,0
1/26/20 12:19,93.75,93.7083333333333,0,0,4662.7,20.35,0,0,1.1,0,781.7,0,0,-2689.015875,30.04738125,0,0,5.46545,-1.18,300,0,3744.6,30,0.2496,0
1/26/20 12:24,93.8333333333333,93.7916666666667,0,0,4662.7,20.35,0,0,1.1,0,781.7,0,0,-2689.08325,30.10486875,0,0,5.46509625,-1.18,300,0,3744.6,30,0.2496,0
1/26/20 12:29,93.9166666666667,93.875,0,0,4662.7,20.35,0,0,1.1,0,781.7,0,0,-2688.700875,30.07115625,0,0,5.464905,-1.18,300,0,3744.6,30,0.2496,0
1/26/20 12:34,94,93.9583333333333,0,0,4662.7,20.35,0,0,1.1,0,781.7,0,0,-2688.7,30.01655625,0,0,5.4659975,-1.18,300,0,3744.6,30,0.2496,0
1/26/20 12:39,94.0833333333333,94.0416666666667,0,0,4662.7,20.35,0,0,1.1,0,781.7,0,0,-2689.015875,30.0000375,0,0,5.466,-1.18,300,0,3744.6,30,0.2496,0
1/26/20 12:44,94.1666666666667,94.125,0,0,4662.7,20.35,0,0,1.1,0,781.7,0,0,-2689.399125,30,0,0,5.466,-1.18,300,0,3744.6,30,0.2496,0
1/26/20 12:49,94.25,94.2083333333333,0,0,4662.7,20.35,0,0,1.1,0,781.7,0,0,-2689.4,30,0,0,5.466,-1.18,300,0,3744.6,30,0.2496,0
1/26/20 12:54,94.3333333333333,94.2916666666667,0,0,4662.7,20.35,0,0,1.1,0,781.7,0,0,-2689.4,30,0,0,5.466,-1.18,300,0,3744.6,30,0.2496,0
1/26/20 12:59,94.4166666666667,94.375,0,0,4662.7,20.35,0,0,1.1,0,781.7,0,0,-2689.4,30,0,0,5.466,-1.18,300,0,3744.6,30,0.2496,0
1/26/20 13:04,94.5,94.4583333333333,0,0,4662.7,20.35,0,0,1.1,0,781.7,0,0,-2689.4,30.0470493333333,0,0,5.466,-1.18,300,0,3744.6,30,0.2496,0
1/26/20 13:09,94.5833333333333,94.5416666666667,0,0,4662.7,20.35,0,0,1.1,0,781.7,0,0,-2689.4,30.091408,0,0,5.466,-1.18,300,0,3744.6,30,0.2496,0
1/26/20 13:14,94.6666666666667,94.625,0,0,4662.7,20.35,0,0,1.1,0,781.7,0,0,-2689.4,30.041436,0,0,5.466,-1.18,300,0,3744.6,30,0.252467768888889,0
1/26/20 13:19,94.75,94.7083333333333,0,0,4662.7,20.35,0,0,1.1,0,781.7,0,0,-2689.4,30.0001066666667,0,0,5.466,-1.18,300,0,3744.6,30,0.255990897777778,0
1/26/20 13:24,94.8333333333333,94.7916666666667,0,0,4662.7,20.35,0,0,1.1,0,781.7,0,0,-2689.4,30.0470493333333,0,0,5.466,-1.18,300,0,3744.6,30,0.256,0
1/26/20 13:29,94.9166666666667,94.875,0,0,4662.7,20.35,0,0,1.1,0,781.7,0,0,-2689.4,30.0578013333333,0,0,5.46644808888889,-1.18,300,0,3744.6,30,0.253132231111111,0
1/26/20 13:34,95,94.9583333333333,0,0,4662.7,20.35,0,0,1.1,0,781.7,0,0,-2689.4,30.0471986666667,0,0,5.46699857777778,-1.18,300,0,3744.6,30,0.249609102222222,0
1/26/20 13:39,95.0833333333333,95.0416666666667,0,0,4662.7,20.35,0,0,1.1,0,781.7,0,0,-2689.4,30.0578013333333,0,0,5.467,-1.18,300,0,3744.6,30,0.2496,0
1/26/20 13:44,95.1666666666667,95.125,0,0,4662.7,20.35,0,0,1.1,0,781.7,0,0,-2689.4,30.0471986666667,0,0,5.467,-1.18,300,0,3744.6,30,0.2496,0
1/26/20 13:49,95.25,95.2083333333333,0,0,4662.7,20.35,0,0,1.1,0,781.7,0,0,-2689.4,30.0578013333333,0,0,5.467,-1.18,300,0,3744.6,30,0.2496,0
1/26/20 13:54,95.3333333333333,95.2916666666667,0,0,4662.7,20.35,0,0,1.1,0,781.7,0,0,-2689.4,30.0471986666667,0,0,5.467,-1.18,300,0,3744.6,30,0.2496,0
1/26/20 13:59,95.4166666666667,95.375,0,0,4662.7,20.35,0,0,1.1,0,781.7,0,0,-2689.4,30.0578013333333,0,0,5.467,-1.18,300,0,3744.6,30,0.2496,0
1/26/20 14:04,95.5,95.4583333333333,0,0,4662.7,20.35,0,0,1.1,0,781.7,0,0,-2689.4,30.0471986666667,0,0,5.467,-1.18,300,0,3744.6,30,0.2496,0
1/26/20 14:09,95.5833333333333,95.5416666666667,0,0,4662.7,20.35,0,0,1.1,0,781.7,0,0,-2689.4,30.0578013333333,0,0,5.467,-1.18,300,0,3744.6,30,0.2496,0
1/26/20 14:14,95.6666666666667,95.625,0,0,4662.7,20.35,0,0,1.1,0,781.7,0,0,-2689.4,30.0001493333333,0,0,5.467,-1.18,300,0,3744.6,30,0.2496,0
1/26/20 14:19,95.75,95.7083333333333,0,0,4662.7,20.35,0,0,1.1,0,781.7,0,0,-2689.4,30.0470493333333,0,0,5.46789617777778,-1.18,300,0,3744.6,30,0.2496,0
1/26/20 14:24,95.8333333333333,95.7916666666667,0,0,4662.7,20.35,0,0,1.1,0,781.7,0,0,-2689.4,30.1048506666667,0,0,5.46899715555556,-1.18,300,0,3744.6,30,0.2496,0
1/26/20 14:29,95.9166666666667,95.875,0,0,4662.7,20.35,0,0,1.1,0,781.7,0,0,-2689.4,30.0579506666667,0,0,5.469,-1.18,300,0,3744.6,30,0.2496,0
1/26/20 14:34,96,95.9583333333333,0,0,4662.7,20.35,0,0,1.1,0,781.7,0,0,-2689.4,30.0471986666667,0,0,5.469,-1.18,300,0,3744.6,30,0.2496,0
1/26/20 14:39,96.0833333333333,96.0416666666667,0,0,4662.7,20.35,0,0,1.1,0,781.7,0,0,-2689.4,30.0578013333333,0,0,5.469,-1.18,300,0,3744.6,30,0.2496,0
1/26/20 14:44,96.1666666666667,96.125,0,0,4662.7,20.35,0,0,1.1,0,781.7,0,0,-2689.4,30.0471986666667,0,0,5.469,-1.18,300,0,3744.6,30,0.2496,0
1/26/20 14:49,96.25,96.2083333333333,0,0,4662.7,20.35,0,0,1.1,0,781.7,0,0,-2689.4,30.0578013333333,0,0,5.469,-1.18,300,0,3744.6,30,0.2496,0
1/26/20 14:54,96.3333333333333,96.2916666666667,0,0,4662.7,20.35,0,0,1.1,0,781.7,0,0,-2689.4,30.0471986666667,0,0,5.469,-1.18,300,0,3744.6,30,0.2496,0
1/26/20 14:59,96.4166666666667,96.375,0,0,4662.7,20.35,0,0,1.1,0,781.7,0,0,-2689.4,30.0578013333333,0,0,5.469,-1.18,300,0,3744.6,30,0.2496,0
1/26/20 15:04,96.5,96.4583333333333,0,0,4662.7,20.35,0,0,1.1,0,781.7,0,0,-2689.4,30.0001493333333,0,0,5.469,-1.18,300,0,3744.6,30,0.2496,0
1/26/20 15:09,96.5833333333333,96.5416666666667,0,0,4662.7,20.35,0,0,1.1,0,781.7,0,0,-2689.4,30,0,0,5.469,-1.18,300,0,3744.6,30,0.2496,0
1/26/20 15:14,96.6666666666667,96.625,0,0,4662.7,20.35,0,0,1.1,0,781.7,0,0,-2689.4,30,0,0,5.469,-1.18,300,0,3744.6,30,0.2496,0
1/26/20 15:19,96.75,96.7083333333333,0,0,4662.7,20.35,0,0,1.1,0,781.7,0,0,-2689.4,30.0470493333333,0,0,5.469,-1.18,300,0,3744.6,30,0.2496,0
1/26/20 15:24,96.8333333333333,96.7916666666667,0,0,4662.7,20.35,0,0,1.1,0,781.7,0,0,-2689.4,30.1048506666667,0,0,5.469,-1.18,300,0,3744.6,30,0.2496,0
1/26/20 15:29,96.9166666666667,96.875,0,0,4662.7,20.35,0,0,1.1,0,781.7,0,0,-2689.4,30.0579506666667,0,0,5.469,-1.18,300,0,3744.6,30,0.2496,0
1/26/20 15:34,97,96.9583333333333,0,0,4662.7,20.35,0,0,1.1,0,781.7,0,0,-2689.4,30.0001493333333,0,0,5.46989617777778,-1.18,300,0,3744.6,30,0.2496,0
1/26/20 15:39,97.0833333333333,97.0416666666667,0,0,4662.7,20.35,0,0,1.1,0,781.7,0,0,-2689.4,30,0,0,5.47099715555556,-1.18,300,0,3744.6,30,0.2496,0
1/26/20 15:44,97.1666666666667,97.125,0,0,4662.7,20.35,0,0,1.1,0,781.7,0,0,-2689.4,30.0470493333333,0,0,5.471,-1.18,300,0,3744.6,30,0.2496,0
1/26/20 15:49,97.25,97.2083333333333,0,0,4662.7,20.35,0,0,1.1,0,781.7,0,0,-2689.4,30.1048506666667,0,0,5.471,-1.18,300,0,3744.6,30,0.2496,0
1/26/20 15:54,97.3333333333333,97.2916666666667,0,0,4662.7,20.35,0,0,1.1,0,781.7,0,0,-2689.4,30.105,0,0,5.471,-1.18,300,0,3744.6,30,0.2496,0
1/26/20 15:59,97.4166666666667,97.375,0,0,4662.7,20.35,0,0,1.1,0,781.7,0,0,-2689.4,30.0579506666667,0,0,5.471,-1.18,300,0,3744.6,30,0.2496,0
1/26/20 16:04,97.5,97.4583333333333,0,0,4662.7,20.35,0,0,1.1,0,781.7,0,0,-2689.4,30.0001493333333,0,0,5.471,-1.18,300,0,3744.6,30,0.2496,0
1/26/20 16:09,97.5833333333333,97.5416666666667,0,0,4662.7,20.35,0,0,1.1,0,781.7,0,0,-2689.4,30,0,0,5.471,-1.18,300,0,3744.6,30,0.2496,0
1/26/20 16:14,97.6666666666667,97.625,0,0,4662.7,20.35,0,0,1.1,0,781.7,0,0,-2689.4,30,0,0,5.471,-1.18,300,0,3744.6,30,0.2496,0
1/26/20 16:19,97.75,97.7083333333333,0,0,4662.7,20.35,0,0,1.1,0,781.7,0,0,-2689.4,30.0470493333333,0,0,5.471,-1.18,300,0,3744.6,30,0.2496,0
1/26/20 16:24,97.8333333333333,97.7916666666667,0,0,4662.7,20.35,0,0,1.1,0,781.7,0,0,-2689.4,30.1048506666667,0,0,5.471,-1.18,300,0,3744.6,30,0.2496,0
1/26/20 16:29,97.9166666666667,97.875,0,0,4662.7,20.35,0,0,1.1,0,781.7,0,0,-2689.08633777778,30.0579506666667,0,0,5.471,-1.18,300,0,3744.6,30,0.2496,0
1/26/20 16:34,98,97.9583333333333,0,0,4662.7,20.35,0,0,1.1,0,781.7,0,0,-2689.01465777778,30.0001493333333,0,0,5.471,-1.18,300,0,3744.6,30,0.2496,0
1/26/20 16:39,98.0833333333333,98.0416666666667,0,0,4662.7,20.35,0,0,1.1,0,781.7,0,0,-2689.39900444444,30.0470493333333,0,0,5.471,-1.18,300,0,3744.6,30,0.2496,0
1/26/20 16:44,98.1666666666667,98.125,0,0,4662.7,20.35,0,0,1.1,0,781.7,0,0,-2689.4,30.0578013333333,0,0,5.471,-1.18,300,0,3744.6,30,0.2496,0
1/26/20 16:49,98.25,98.2083333333333,0,0,4662.7,20.35,0,0,1.1,0,781.7,0,0,-2689.4,30.0001493333333,0,0,5.47144808888889,-1.18,300,0,3744.6,30,0.2496,0
1/26/20 16:54,98.3333333333333,98.2916666666667,0,0,4662.7,20.35,0,0,1.1,0,781.7,0,0,-2689.4,30.0470493333333,0,0,5.47199857777778,-1.18,300,0,3744.6,30,0.2496,0
1/26/20 16:59,98.4166666666667,98.375,0,0,4662.7,20.35,0,0,1.1,0,781.7,0,0,-2689.4,30.1048506666667,0,0,5.472,-1.18,300,0,3744.6,30,0.2496,0
1/26/20 17:04,98.5,98.4583333333333,0,0,4662.7,20.35,0,0,1.1,0,781.7,0,0,-2689.4,30.0579506666667,0,0,5.472,-1.18,300,0,3744.6,30,0.2496,0
1/26/20 17:09,98.5833333333333,98.5416666666667,0,0,4662.7,20.35,0,0,1.1,0,781.7,0,0,-2689.4,30.0470423565891,0,0,5.472,-1.18,300,0,3744.6,30,0.2496,0
1/26/20 17:14,98.6666666666667,98.625,0,0,4662.7,20.35,0,0,1.1,0,781.7,0,0,-2689.4,30.0581133934108,0,0,5.472,-1.18,300,0,3744.6,30,0.2496,0
1/26/20 17:19,98.75,98.7083333333333,0,0,4662.7,20.35,0,0,1.1,0,781.7,0,0,-2689.4,30.0001685833333,0,0,5.472,-1.18,300,0,3744.6,30,0.2496,0
1/26/20 17:24,98.8333333333333,98.7916666666667,0,0,4662.7,20.35,0,0,1.1,0,781.7,0,0,-2689.4,30,0,0,5.47244493888889,-1.18,300,0,3744.6,30,0.2496,0
1/26/20 17:29,98.9166666666667,98.875,0,0,4662.7,20.35,0,0,1.1,0,781.7,0,0,-2689.4,30,0,0,5.47299839444444,-1.18,300,0,3744.6,30,0.2496,0
1/26/20 17:34,99,98.9583333333333,0,0,4662.7,20.35,0,0,1.1,0,781.7,0,0,-2689.4,30.0467185833333,0,0,5.47344493888889,-1.18,300,0,3744.6,30,0.2496,0
1/26/20 17:39,99.0833333333333,99.0416666666667,0,0,4662.7,20.35,0,0,1.1,0,781.7,0,0,-2689.4,30.0581128333333,0,0,5.47399839444444,-1.18,300,0,3744.6,30,0.2496,0
1/26/20 17:44,99.1666666666667,99.125,0,0,4662.7,20.35,0,0,1.1,0,781.7,0,0,-2689.4,30.0001685833333,0,0,5.474,-1.18,300,0,3744.6,30,0.2496,0
1/26/20 17:49,99.25,99.2083333333333,0,0,4662.7,20.35,0,0,1.1,0,781.7,0,0,-2689.4,30,0,0,5.474,-1.18,300,0,3744.6,30,0.2496,0
1/26/20 17:54,99.3333333333333,99.2916666666667,0,0,4662.7,20.35,0,0,1.1,0,781.7,0,0,-2689.4,30,0,0,5.474,-1.18,300,0,3744.6,30,0.2496,0
1/26/20 17:59,99.4166666666667,99.375,0,0,4662.7,20.35,0,0,1.1,0,781.7,0,0,-2689.4,30,0,0,5.474,-1.18,300,0,3744.6,30,0.2496,0
1/26/20 18:04,99.5,99.4583333333333,0,0,4662.7,20.35,0,0,1.1,0,781.7,0,0,-2689.4,30,0,0,5.474,-1.18,300,0,3744.6,30,0.2496,0
1/26/20 18:09,99.5833333333333,99.5416666666667,0,0,4662.7,20.35,0,0,1.1,0,781.7,0,0,-2689.4,30,0,0,5.474,-1.18,300,0,3744.6,30,0.2496,0
1/26/20 18:14,99.6666666666667,99.625,0,0,4662.7,20.35,0,0,1.1,0,781.7,0,0,-2689.4,30,0,0,5.474,-1.18,300,0,3744.6,30,0.2496,0
1/26/20 18:19,99.75,99.7083333333333,0,0,4662.7,20.35,0,0,1.1,0,781.7,0,0,-2689.4,30,0,0,5.474,-1.18,300,0,3744.6,30,0.2496,0
1/26/20 18:24,99.8333333333333,99.7916666666667,0,0,4662.7,20.35,0,0,1.1,0,781.7,0,0,-2689.4,30,0,0,5.474,-1.18,300,0,3744.6,30,0.2496,0
1/26/20 18:29,99.9166666666667,99.875,0,0,4662.7,20.35,0,0,1.1,0,781.7,0,0,-2689.4,30.0467185833333,0,0,5.474,-1.18,300,0,3744.6,30,0.2496,0
1/26/20 18:34,100,99.9583333333333,0,0,4662.7,20.35,0,0,1.1,0,781.7,0,0,-2689.4,30.1048314166667,0,0,5.474,-1.18,300,0,3744.6,30,0.2496,0
1/26/20 18:39,100.083333333333,100.041666666667,0,0,4662.7,20.35,0,0,1.1,0,781.7,0,0,-2689.4,30.0582814166667,0,0,5.474,-1.18,300,0,3744.6,30,0.2496,0
1/26/20 18:44,100.166666666667,100.125,0,0,4662.7,20.35,0,0,1.1,0,781.7,0,0,-2689.4,30.0468871666667,0,0,5.47488987777778,-1.18,300,0,3744.6,30,0.2496,0
1/26/20 18:49,100.25,100.208333333333,0,0,4662.7,20.35,0,0,1.1,0,781.7,0,0,-2689.4,30.0581128333333,0,0,5.47599678888889,-1.18,300,0,3744.6,30,0.2496,0
1/26/20 18:54,100.333333333333,100.291666666667,0,0,4662.7,20.35,0,0,1.1,0,781.7,0,0,-2689.4,30.033539,0,0,5.476,-1.18,300,0,3744.6,30,0.2496,0
1/26/20 18:59,100.416666666667,100.375,0,0,4662.7,20.35,0,0,1.1,0,781.7,0,0,-2689.4,30.0548573333333,0,0,5.476,-1.18,300,0,3744.6,30,0.2496,0
1/26/20 19:04,100.5,100.458333333333,0,0,4662.7,20.35,0,0,1.1,0,781.7,0,0,-2689.4,30.0167240833333,0,0,5.476,-1.18,300,0,3744.6,30,0.2496,0
1/26/20 19:09,100.583333333333,100.541666666667,0,0,4662.7,20.35,0,0,1.1,0,781.7,0,0,-2689.4,30.0000481666667,0,0,5.476,-1.18,300,0,3744.6,30,0.2496,0
1/26/20 19:14,100.666666666667,100.625,0,0,4662.7,20.35,0,0,1.1,0,781.7,0,0,-2689.4,30,0,0,5.476,-1.18,300,0,3744.6,30,0.2496,0
1/26/20 19:19,100.75,100.708333333333,0,0,4662.7,20.35,0,0,1.1,0,781.7,0,0,-2689.4,30,0,0,5.476,-1.18,300,0,3744.6,30,0.2496,0
1/26/20 19:24,100.833333333333,100.791666666667,0,0,4662.7,20.35,0,0,1.1,0,781.7,0,0,-2689.4,30,0,0,5.476,-1.18,300,0,3744.6,30,0.2496,0
1/26/20 19:29,100.916666666667,100.875,0,0,4662.7,20.35,0,0,1.1,0,781.7,0,0,-2689.4,30,0,0,5.476,-1.18,300,0,3744.6,30,0.2496,0
1/26/20 19:34,101,100.958333333333,0,0,4662.7,20.35,0,0,1.1,0,781.7,0,0,-2689.4,30.0467185833333,0,0,5.476,-1.18,300,0,3744.6,30,0.2496,0
1/26/20 19:39,101.083333333333,101.041666666667,0,0,4662.7,20.35,0,0,1.1,0,781.7,0,0,-2689.4,30.0581128333333,0,0,5.476,-1.18,300,0,3744.6,30,0.2496,0
1/26/20 19:44,101.166666666667,101.125,0,0,4662.7,20.35,0,0,1.1,0,781.7,0,0,-2689.4,30.0001685833333,0,0,5.476,-1.18,300,0,3744.6,30,0.2496,0
1/26/20 19:49,101.25,101.208333333333,0,0,4662.7,20.35,0,0,1.1,0,781.7,0,0,-2689.4,30,0,0,5.476,-1.18,300,0,3744.6,30,0.2496,0
1/26/20 19:54,101.333333333333,101.291666666667,0,0,4662.7,20.35,0,0,1.1,0,781.7,0,0,-2689.71145722222,30,0,0,5.47644493888889,-1.18,300,0,3744.6,30,0.2496,0
1/26/20 19:59,101.416666666667,101.375,0,0,4662.7,20.35,0,0,1.1,0,781.7,0,0,-2690.09887611111,30,0,0,5.47699839444445,-1.18,300,0,3744.6,30,0.2496,0
1/26/20 20:04,101.5,101.458333333333,0,0,4662.7,20.35,0,0,1.1,0,781.7,0,0,-2690.1,30.0467185833333,0,0,5.477,-1.18,300,0,3744.6,30,0.2496,0
1/26/20 20:09,101.583333333333,101.541666666667,0,0,4662.7,20.35,0,0,1.1,0,781.7,0,0,-2690.41145722222,30.1048314166667,0,0,5.477,-1.18,300,0,3744.6,30,0.2496,0
1/26/20 20:14,101.666666666667,101.625,0,0,4662.7,20.35,0,0,1.1,0,781.7,0,0,-2690.79887611111,30.105,0,0,5.477,-1.18,300,0,3744.6,30,0.246752391111111,0
1/26/20 20:19,101.75,101.708333333333,0,0,4662.7,20.35,0,0,1.1,0,781.7,0,0,-2690.8,30.0582814166667,0,0,5.477,-1.18,300,0,3744.6,30,0.246057884444444,0
1/26/20 20:24,101.833333333333,101.791666666667,0,0,4662.7,20.35,0,0,1.1,0,781.7,0,0,-2691.11145722222,30.0001685833333,0,0,5.477,-1.18,300,0,3744.6,30,0.249589724444444,0
1/26/20 20:29,101.916666666667,101.875,0,0,4662.7,20.35,0,0,1.1,0,781.7,0,0,-2691.49887611111,30,0,0,5.47744493888889,-1.18,300,0,3744.6,30,0.2496,0
1/26/20 20:34,102,101.958333333333,0,0,4662.7,20.35,0,0,1.1,0,781.7,0,0,-2691.5,30,0,0,5.47799839444444,-1.18,300,0,3744.6,30,0.2496,0
1/26/20 20:39,102.083333333333,102.041666666667,0,0,4662.7,20.35,0,0,1.1,0,781.7,0,0,-2691.5,30.0467185833333,0,0,5.47844493888889,-1.18,300,0,3744.6,30,0.2496,0
1/26/20 20:44,102.166666666667,102.125,0,0,4662.7,20.35,0,0,1.1,0,781.7,0,0,-2691.5,30.0581128333333,0,0,5.47899839444444,-1.18,300,0,3744.6,30,0.2496,0
1/26/20 20:49,102.25,102.208333333333,0,0,4662.7,20.35,0,0,1.1,0,781.7,0,0,-2691.5,30.0001685833333,0,0,5.47855506111111,-1.18,300,0,3744.6,30,0.2496,0
1/26/20 20:54,102.333333333333,102.291666666667,0,0,4662.7,20.35,0,0,1.1,0,781.7,0,0,-2691.5,30.0467185833333,0,0,5.47844654444444,-1.18,300,0,3744.6,30,0.2496,0
1/26/20 20:59,102.416666666667,102.375,0,0,4662.7,20.35,0,0,1.1,0,781.7,0,0,-2691.5,30.0581128333333,0,0,5.47899839444444,-1.18,300,0,3744.6,30,0.2496,0
1/26/20 21:04,102.5,102.458333333333,0,0,4662.7,20.35,0,0,1.1,0,781.7,0,0,-2691.5,30.0001685833333,0,0,5.479,-1.18,300,0,3744.6,30,0.2496,0
1/26/20 21:09,102.583333333333,102.541666666667,0,0,4662.7,20.35,0,0,1.1,0,781.7,0,0,-2691.5,30,0,0,5.479,-1.18,300,0,3744.6,30,0.246752391111111,0
1/26/20 21:14,102.666666666667,102.625,0,0,4662.7,20.35,0,0,1.1,0,781.7,0,0,-2691.5,30,0,0,5.479,-1.18,300,0,3744.6,30,0.243210275555556,0
1/26/20 21:19,102.75,102.708333333333,0,0,4662.7,20.35,0,0,1.1,0,781.7,0,0,-2691.5,30,0,0,5.479,-1.18,300,0,3744.6,30,0.2432,0
1/26/20 21:24,102.833333333333,102.791666666667,0,0,4662.7,20.35,0,0,1.1,0,781.7,0,0,-2691.5,30,0,0,5.479,-1.18,300,0,3744.6,30,0.2432,0
1/26/20 21:29,102.916666666667,102.875,0,0,4662.7,20.35,0,0,1.1,0,781.7,0,0,-2691.5,30,0,0,5.479,-1.18,300,0,3744.6,30,0.2432,0
1/26/20 21:34,103,102.958333333333,0,0,4662.7,20.35,0,0,1.1,0,781.7,0,0,-2691.5,30,0,0,5.479,-1.18,300,0,3744.6,30,0.2432,0
1/26/20 21:39,103.083333333333,103.041666666667,0,0,4662.7,20.35,0,0,1.1,0,781.7,0,0,-2691.5,30,0,0,5.479,-1.18,300,0,3744.6,30,0.2432,0
1/26/20 21:44,103.166666666667,103.125,0,0,4662.7,20.35,0,0,1.1,0,781.7,0,0,-2691.5,30,0,0,5.479,-1.18,300,0,3744.6,30,0.2432,0
1/26/20 21:49,103.25,103.208333333333,0,0,4662.7,20.35,0,0,1.1,0,781.7,0,0,-2691.5,30,0,0,5.47944493888889,-1.18,300,0,3744.6,30,0.246047608888889,0
1/26/20 21:54,103.333333333333,103.291666666667,0,0,4662.7,20.35,0,0,1.1,0,781.7,0,0,-2691.5,30.0467185833333,0,0,5.48044333333333,-1.18,300,0,3744.6,30,0.249589724444444,0
1/26/20 21:59,103.416666666667,103.375,0,0,4662.7,20.35,0,0,1.1,0,781.7,0,0,-2691.5,30.0581128333333,0,0,5.48055345555556,-1.18,300,0,3744.6,30,0.2496,0
1/26/20 22:04,103.5,103.458333333333,0,0,4662.7,20.35,0,0,1.1,0,781.7,0,0,-2691.5,30.0001685833333,0,0,5.48044654444444,-1.18,300,0,3744.6,30,0.2496,0
1/26/20 22:09,103.583333333333,103.541666666667,0,0,4662.7,20.35,0,0,1.1,0,781.7,0,0,-2691.5,30,0,0,5.48099839444444,-1.18,300,0,3744.6,30,0.2496,0
1/26/20 22:14,103.666666666667,103.625,0,0,4662.7,20.35,0,0,1.1,0,781.7,0,0,-2691.5,30,0,0,5.481,-1.18,300,0,3744.6,30,0.2496,0
1/26/20 22:19,103.75,103.708333333333,0,0,4662.7,20.35,0,0,1.1,0,781.7,0,0,-2691.5,30.0133481666667,0,0,5.481,-1.18,300,0,3744.6,30,0.2496,0
1/26/20 22:24,103.833333333333,103.791666666667,0,0,4662.7,20.35,0,0,1.1,0,781.7,0,0,-2691.5,30.0366259166667,0,0,5.481,-1.18,300,0,3744.6,30,0.2496,0
1/26/20 22:29,103.916666666667,103.875,0,0,4662.7,20.35,0,0,1.1,0,781.7,0,0,-2691.5,30.0249536666667,0,0,5.481,-1.18,300,0,3744.6,30,0.2496,0
1/26/20 22:34,104,103.958333333333,0,0,4662.7,20.35,0,0,1.1,0,781.7,0,0,-2691.5,30.0334426666667,0,0,5.481,-1.18,300,0,3744.6,30,0.2496,0
1/26/20 22:39,104.083333333333,104.041666666667,0,0,4662.7,20.35,0,0,1.1,0,781.7,0,0,-2691.5,30.0748795833333,0,0,5.481,-1.18,300,0,3744.6,30,0.2496,0
1/26/20 22:44,104.166666666667,104.125,0,0,4662.7,20.35,0,0,1.1,0,781.7,0,0,-2691.5,30.0616518333333,0,0,5.481,-1.18,300,0,3744.6,30,0.2496,0
1/26/20 22:49,104.25,104.208333333333,0,0,4662.7,20.35,0,0,1.1,0,781.7,0,0,-2691.5,30.0250259166667,0,0,5.481,-1.18,300,0,3744.6,30,0.2496,0
1/26/20 22:54,104.333333333333,104.291666666667,0,0,4662.7,20.35,0,0,1.1,0,781.7,0,0,-2691.5,30.00007225,0,0,5.48144493888889,-1.18,300,0,3744.6,30,0.246752391111111,0
1/26/20 22:59,104.416666666667,104.375,0,0,4662.7,20.35,0,0,1.1,0,781.7,0,0,-2691.5,30,0,0,5.48155345555556,-1.18,300,0,3744.6,30,0.243210275555556,0
1/26/20 23:04,104.5,104.458333333333,0,0,4662.7,20.35,0,0,1.1,0,781.7,0,0,-2691.5,30.0467185833333,0,0,5.48100160555556,-1.18,300,0,3744.6,30,0.2432,0
1/26/20 23:09,104.583333333333,104.541666666667,0,0,4662.7,20.35,0,0,1.1,0,781.7,0,0,-2691.5,30.09148325,0,0,5.48144493888889,-1.18,300,0,3744.6,30,0.2432,0
1/26/20 23:14,104.666666666667,104.625,0,0,4662.7,20.35,0,0,1.1,0,781.7,0,0,-2691.5,30.04167775,0,0,5.48199839444444,-1.18,300,0,3744.6,30,0.2432,0
1/26/20 23:19,104.75,104.708333333333,0,0,4662.7,20.35,0,0,1.1,0,781.7,0,0,-2691.5,30.0001204166667,0,0,5.482,-1.18,300,0,3744.6,30,0.246047608888889,0
1/26/20 23:24,104.833333333333,104.791666666667,0,0,4662.7,20.35,0,0,1.1,0,781.7,0,0,-2691.5,30,0,0,5.482,-1.18,300,0,3744.6,30,0.249589724444444,0
1/26/20 23:29,104.916666666667,104.875,0,0,4662.7,20.35,0,0,1.1,0,781.7,0,0,-2691.5,30,0,0,5.482,-1.18,300,0,3744.6,30,0.2496,0
1/26/20 23:34,105,104.958333333333,0,0,4662.7,20.35,0,0,1.1,0,781.7,0,0,-2691.5,30.02002225,0,0,5.482,-1.18,300,0,3744.6,30,0.2496,0
1/26/20 23:39,105.083333333333,105.041666666667,0,0,4662.7,20.35,0,0,1.1,0,781.7,0,0,-2691.5,30.0249055,0,0,5.482,-1.18,300,0,3744.6,30,0.2496,0
1/26/20 23:44,105.166666666667,105.125,0,0,4662.7,20.35,0,0,1.1,0,781.7,0,0,-2691.5,30.00007225,0,0,5.482,-1.18,300,0,3744.6,30,0.2496,0
1/26/20 23:49,105.25,105.208333333333,0,0,4662.7,20.35,0,0,1.1,0,781.7,0,0,-2691.5,30,0,0,5.482,-1.18,300,0,3744.6,30,0.2496,0
1/26/20 23:54,105.333333333333,105.291666666667,0,0,4662.7,20.35,0,0,1.1,0,781.7,0,0,-2691.5,30,0,0,5.482,-1.18,300,0,3744.6,30,0.2496,0
1/26/20 23:59,105.416666666667,105.375,0,0,4662.7,20.35,0,0,1.1,0,781.7,0,0,-2691.5,30,0,0,5.482,-1.18,300,0,3744.6,30,0.2496,0
1/27/20 0:04,105.5,105.458333333333,0,0,4662.7,20.35,0,0,1.1,0,781.7,0,0,-2691.5,30,0,0,5.482,-1.18,300,0,3744.6,30,0.2496,0
1/27/20 0:09,105.583333333333,105.541666666667,0,0,4662.7,20.35,0,0,1.1,0,781.7,0,0,-2691.5,30,0,0,5.482,-1.18,300,0,3744.6,30,0.2496,0
1/27/20 0:14,105.666666666667,105.625,0,0,4662.7,20.35,0,0,1.1,0,781.7,0,0,-2691.5,30,0,0,5.48288987777778,-1.18,300,0,3744.6,30,0.2496,0
1/27/20 0:19,105.75,105.708333333333,0,0,4662.7,20.35,0,0,1.1,0,781.7,0,0,-2691.5,30,0,0,5.48399678888889,-1.18,300,0,3744.6,30,0.2496,0
1/27/20 0:24,105.833333333333,105.791666666667,0,0,4662.7,20.35,0,0,1.1,0,781.7,0,0,-2691.5,30,0,0,5.484,-1.18,300,0,3744.6,30,0.24677248,0
1/27/20 0:29,105.916666666667,105.875,0,0,4662.7,20.35,0,0,1.1,0,781.7,0,0,-2691.5,30.019881,0,0,5.484,-1.18,300,0,3744.6,30,0.24321152,0
1/27/20 0:34,106,105.958333333333,0,0,4662.7,20.35,0,0,1.1,0,781.7,0,0,-2691.5,30.025038,0,0,5.484,-1.18,300,0,3744.6,30,0.2432,0
1/27/20 0:39,106.083333333333,106.041666666667,0,0,4662.7,20.35,0,0,1.1,0,781.7,0,0,-2691.5,30.000081,0,0,5.484,-1.18,300,0,3744.6,30,0.2432,0
1/27/20 0:44,106.166666666667,106.125,0,0,4662.7,20.35,0,0,1.1,0,781.7,0,0,-2691.5,30,0,0,5.484,-1.18,300,0,3744.6,30,0.24602752,0
1/27/20 0:49,106.25,106.208333333333,0,0,4662.7,20.35,0,0,1.1,0,781.7,0,0,-2691.5,30,0,0,5.484,-1.18,300,0,3744.6,30,0.24958848,0
1/27/20 0:54,106.333333333333,106.291666666667,0,0,4662.7,20.35,0,0,1.1,0,781.7,0,0,-2691.5,30,0,0,5.484,-1.18,300,0,3744.6,30,0.2496,0
1/27/20 0:59,106.416666666667,106.375,0,0,4662.7,20.35,0,0,1.1,0,781.7,0,0,-2691.5,30,0,0,5.484,-1.18,300,0,3744.6,30,0.2496,0
1/27/20 1:04,106.5,106.458333333333,0,0,4662.7,20.35,0,0,1.1,0,781.7,0,0,-2691.5,30,0,0,5.484,-1.18,300,0,3744.6,30,0.2496,0
1/27/20 1:09,106.583333333333,106.541666666667,0,0,4662.7,20.35,0,0,1.1,0,781.7,0,0,-2691.19074,30.046389,0,0,5.484,-1.18,300,0,3744.6,30,0.2496,0
1/27/20 1:14,106.666666666667,106.625,0,0,4662.7,20.35,0,0,1.1,0,781.7,0,0,-2690.80126,30.058422,0,0,5.4848836,-1.18,300,0,3744.6,30,0.2496,0
1/27/20 1:19,106.75,106.708333333333,0,0,4662.7,20.35,0,0,1.1,0,781.7,0,0,-2690.8,30.000189,0,0,5.4859964,-1.18,300,0,3744.6,30,0.2496,0
1/27/20 1:24,106.833333333333,106.791666666667,0,0,4662.7,20.35,0,0,1.1,0,781.7,0,0,-2690.8,30.046389,0,0,5.486,-1.18,300,0,3744.6,30,0.2496,0
1/27/20 1:29,106.916666666667,106.875,0,0,4662.7,20.35,0,0,1.1,0,781.7,0,0,-2690.8,30.058422,0,0,5.486,-1.18,300,0,3744.6,30,0.2496,0
1/27/20 1:34,107,106.958333333333,0,0,4662.7,20.35,0,0,1.1,0,781.7,0,0,-2690.8,30.000189,0,0,5.486,-1.18,300,0,3744.6,30,0.2496,0
1/27/20 1:39,107.083333333333,107.041666666667,0,0,4662.7,20.35,0,0,1.1,0,781.7,0,0,-2690.8,30,0,0,5.486,-1.18,300,0,3744.6,30,0.2496,0
1/27/20 1:44,107.166666666667,107.125,0,0,4662.7,20.35,0,0,1.1,0,781.7,0,0,-2690.8,30.046389,0,0,5.486,-1.18,300,0,3744.6,30,0.2496,0
1/27/20 1:49,107.25,107.208333333333,0,0,4662.7,20.35,0,0,1.1,0,781.7,0,0,-2690.8,30.058422,0,0,5.486,-1.18,300,0,3744.6,30,0.2496,0
1/27/20 1:54,107.333333333333,107.291666666667,0,0,4662.7,20.35,0,0,1.1,0,781.7,0,0,-2690.8,30.046578,0,0,5.486,-1.18,300,0,3744.6,30,0.2496,0
1/27/20 1:59,107.416666666667,107.375,0,0,4662.7,20.35,0,0,1.1,0,781.7,0,0,-2690.8,30.078303,0,0,5.486,-1.18,300,0,3744.6,30,0.2496,0
1/27/20 2:04,107.5,107.458333333333,0,0,4662.7,20.35,0,0,1.1,0,781.7,0,0,-2690.8,30.025227,0,0,5.486,-1.18,300,0,3744.6,30,0.2496,0
1/27/20 2:09,107.583333333333,107.541666666667,0,0,4662.7,20.35,0,0,1.1,0,781.7,0,0,-2690.8,30.000081,0,0,5.486,-1.18,300,0,3744.6,30,0.2496,0
1/27/20 2:14,107.666666666667,107.625,0,0,4662.7,20.35,0,0,1.1,0,781.7,0,0,-2690.8,30,0,0,5.4864418,-1.18,300,0,3744.6,30,0.2496,0
1/27/20 2:19,107.75,107.708333333333,0,0,4662.7,20.35,0,0,1.1,0,781.7,0,0,-2690.8,30,0,0,5.4869982,-1.18,300,0,3744.6,30,0.2496,0
1/27/20 2:24,107.833333333333,107.791666666667,0,0,4662.7,20.35,0,0,1.1,0,781.7,0,0,-2690.8,30,0,0,5.487,-1.18,300,0,3744.6,30,0.2496,0
1/27/20 2:29,107.916666666667,107.875,0,0,4662.7,20.35,0,0,1.1,0,781.7,0,0,-2690.8,30,0,0,5.487,-1.18,300,0,3744.6,30,0.2496,0
1/27/20 2:34,108,107.958333333333,0,0,4662.7,20.35,0,0,1.1,0,781.7,0,0,-2690.8,30.033135,0,0,5.487,-1.18,300,0,3744.6,30,0.2496,0
1/27/20 2:39,108.083333333333,108.041666666667,0,0,4662.7,20.35,0,0,1.1,0,781.7,0,0,-2690.8,30.04173,0,0,5.487,-1.18,300,0,3744.6,30,0.2496,0
1/27/20 2:44,108.166666666667,108.125,0,0,4662.7,20.35,0,0,1.1,0,781.7,0,0,-2690.8,30.000135,0,0,5.487,-1.18,300,0,3744.6,30,0.2496,0
1/27/20 2:49,108.25,108.208333333333,0,0,4662.7,20.35,0,0,1.1,0,781.7,0,0,-2690.8,30,0,0,5.487,-1.18,300,0,3744.6,30,0.2496,0
1/27/20 2:54,108.333333333333,108.291666666667,0,0,4662.7,20.35,0,0,1.1,0,781.7,0,0,-2690.8,30,0,0,5.487,-1.18,300,0,3744.6,30,0.2496,0
1/27/20 2:59,108.416666666667,108.375,0,0,4662.7,20.35,0,0,1.1,0,781.7,0,0,-2690.8,30,0,0,5.487,-1.18,300,0,3744.6,30,0.2496,0
1/27/20 3:04,108.5,108.458333333333,0,0,4662.7,20.35,0,0,1.1,0,781.7,0,0,-2690.8,30,0,0,5.487,-1.18,300,0,3744.6,30,0.2496,0
1/27/20 3:09,108.583333333333,108.541666666667,0,0,4662.7,20.35,0,0,1.1,0,781.7,0,0,-2690.8,30,0,0,5.487,-1.18,300,0,3744.6,30,0.2496,0
1/27/20 3:14,108.666666666667,108.625,0,0,4662.7,20.35,0,0,1.1,0,781.7,0,0,-2690.8,30.046389,0,0,5.487,-1.18,300,0,3744.6,30,0.2496,0
1/27/20 3:19,108.75,108.708333333333,0,0,4662.7,20.35,0,0,1.1,0,781.7,0,0,-2690.8,30.058422,0,0,5.487,-1.18,300,0,3744.6,30,0.2496,0
1/27/20 3:24,108.833333333333,108.791666666667,0,0,4662.7,20.35,0,0,1.1,0,781.7,0,0,-2690.8,30.000189,0,0,5.487,-1.18,300,0,3744.6,30,0.2496,0
1/27/20 3:29,108.916666666667,108.875,0,0,4662.7,20.35,0,0,1.1,0,781.7,0,0,-2690.8,30,0,0,5.487,-1.18,300,0,3744.6,30,0.2496,0
1/27/20 3:34,109,108.958333333333,0,0,4662.7,20.35,0,0,1.1,0,781.7,0,0,-2690.8,30,0,0,5.4874418,-1.18,300,0,3744.6,30,0.2496,0
1/27/20 3:39,109.083333333333,109.041666666667,0,0,4662.7,20.35,0,0,1.1,0,781.7,0,0,-2690.8,30.046389,0,0,5.4875564,-1.18,300,0,3744.6,30,0.2496,0
1/27/20 3:44,109.166666666667,109.125,0,0,4662.7,20.35,0,0,1.1,0,781.7,0,0,-2690.8,30.058422,0,0,5.4878854,-1.18,300,0,3744.6,30,0.2496,0
1/27/20 3:49,109.25,109.208333333333,0,0,4662.7,20.35,0,0,1.1,0,781.7,0,0,-2690.49074,30.000189,0,0,5.4889964,-1.18,300,0,3744.6,30,0.2496,0
1/27/20 3:54,109.333333333333,109.291666666667,0,0,4662.7,20.35,0,0,1.1,0,781.7,0,0,-2690.10126,30,0,0,5.489,-1.18,300,0,3744.6,30,0.2496,0
1/27/20 3:59,109.416666666667,109.375,0,0,4662.7,20.35,0,0,1.1,0,781.7,0,0,-2690.1,30,0,0,5.489,-1.18,300,0,3744.6,30,0.2496,0
1/27/20 4:04,109.5,109.458333333333,0,0,4662.7,20.35,0,0,1.1,0,781.7,0,0,-2690.1,30,0,0,5.489,-1.18,300,0,3744.6,30,0.2496,0
1/27/20 4:09,109.583333333333,109.541666666667,0,0,4662.7,20.35,0,0,1.1,0,781.7,0,0,-2690.40926,30,0,0,5.489,-1.18,300,0,3744.6,30,0.2496,0
1/27/20 4:14,109.666666666667,109.625,0,0,4662.7,20.35,0,0,1.1,0,781.7,0,0,-2690.48948,30,0,0,5.489,-1.18,300,0,3744.6,30,0.2496,0
1/27/20 4:19,109.75,109.708333333333,0,0,4662.7,20.35,0,0,1.1,0,781.7,0,0,-2690.10126,30,0,0,5.4885582,-1.18,300,0,3744.6,30,0.2496,0
1/27/20 4:24,109.833333333333,109.791666666667,0,0,4662.7,20.35,0,0,1.1,0,781.7,0,0,-2690.1,30,0,0,5.48756,-1.18,300,0,3744.6,30,0.2496,0
1/27/20 4:29,109.916666666667,109.875,0,0,4662.7,20.35,0,0,1.1,0,781.7,0,0,-2690.1,30,0,0,5.4878854,-1.18,300,0,3744.6,30,0.2496,0
1/27/20 4:34,110,109.958333333333,0,0,4662.7,20.35,0,0,1.1,0,781.7,0,0,-2690.1,30,0,0,5.4889964,-1.18,300,0,3744.6,30,0.2496,0
1/27/20 4:39,110.083333333333,110.041666666667,0,0,4662.7,20.35,0,0,1.1,0,781.7,0,0,-2690.40926,30,0,0,5.489,-1.18,300,0,3744.6,30,0.2496,0
1/27/20 4:44,110.166666666667,110.125,0,0,4662.7,20.35,0,0,1.1,0,781.7,0,0,-2690.79874,30,0,0,5.489,-1.18,300,0,3744.6,30,0.2496,0
1/27/20 4:49,110.25,110.208333333333,0,0,4662.7,20.35,0,0,1.1,0,781.7,0,0,-2690.49074,30,0,0,5.489,-1.18,300,0,3744.6,30,0.2496,0
1/27/20 4:54,110.333333333333,110.291666666667,0,0,4662.7,20.35,0,0,1.1,0,781.7,0,0,-2690.41052,30,0,0,5.489,-1.18,300,0,3744.6,30,0.2496,0
1/27/20 4:59,110.416666666667,110.375,0,0,4662.7,20.35,0,0,1.1,0,781.7,0,0,-2690.79874,30,0,0,5.489,-1.18,300,0,3744.6,30,0.2496,0
1/27/20 5:04,110.5,110.458333333333,0,0,4662.7,20.35,0,0,1.1,0,781.7,0,0,-2690.49074,30,0,0,5.489,-1.18,300,0,3744.6,30,0.2496,0
1/27/20 5:09,110.583333333333,110.541666666667,0,0,4662.7,20.35,0,0,1.1,0,781.7,0,0,-2690.41052,30,0,0,5.4898836,-1.18,300,0,3744.6,30,0.2496,0
1/27/20 5:14,110.666666666667,110.625,0,0,4662.7,20.35,0,0,1.1,0,781.7,0,0,-2690.49050744186,30,0,0,5.4909964,-1.18,300,0,3744.6,30,0.2496,0
1/27/20 5:19,110.75,110.708333333333,0,0,4662.7,20.35,0,0,1.1,0,781.7,0,0,-2690.40846978036,30,0,0,5.491,-1.18,300,0,3744.6,30,0.2496,0
1/27/20 5:24,110.833333333333,110.791666666667,0,0,4662.7,20.35,0,0,1.1,0,781.7,0,0,-2690.79859611111,30,0,0,5.491,-1.18,300,0,3744.6,30,0.2496,0
1/27/20 5:29,110.916666666667,110.875,0,0,4662.7,20.35,0,0,1.1,0,781.7,0,0,-2690.8,30,0,0,5.491,-1.18,300,0,3744.6,30,0.2496,0
1/27/20 5:34,111,110.958333333333,0,0,4662.7,20.35,0,0,1.1,0,781.7,0,0,-2690.8,30,0,0,5.491,-1.18,300,0,3744.6,30,0.2496,0
1/27/20 5:39,111.083333333333,111.041666666667,0,0,4662.7,20.35,0,0,1.1,0,781.7,0,0,-2690.8,30,0,0,5.491,-1.18,300,0,3744.6,30,0.2496,0
1/27/20 5:44,111.166666666667,111.125,0,0,4662.7,20.35,0,0,1.1,0,781.7,0,0,-2690.49292944444,30,0,0,5.491,-1.18,300,0,3744.6,30,0.2496,0
1/27/20 5:49,111.25,111.208333333333,0,0,4662.7,20.35,0,0,1.1,0,781.7,0,0,-2690.10140388889,30,0,0,5.491,-1.18,300,0,3744.6,30,0.2496,0
1/27/20 5:54,111.333333333333,111.291666666667,0,0,4662.7,20.35,0,0,1.1,0,781.7,0,0,-2690.1,30,0,0,5.491,-1.18,300,0,3744.6,30,0.2496,0
1/27/20 5:59,111.416666666667,111.375,0,0,4662.7,20.35,0,0,1.1,0,781.7,0,0,-2690.1,30.0460605833333,0,0,5.491,-1.18,300,0,3744.6,30,0.2496,0
1/27/20 6:04,111.5,111.458333333333,0,0,4662.7,20.35,0,0,1.1,0,781.7,0,0,-2690.1,30.0587288333333,0,0,5.491,-1.18,300,0,3744.6,30,0.2496,0
1/27/20 6:09,111.583333333333,111.541666666667,0,0,4662.7,20.35,0,0,1.1,0,781.7,0,0,-2690.1,30.0002105833333,0,0,5.49143867222222,-1.18,300,0,3744.6,30,0.2496,0
1/27/20 6:14,111.666666666667,111.625,0,0,4662.7,20.35,0,0,1.1,0,781.7,0,0,-2690.1,30.0460605833333,0,0,5.49199799444444,-1.18,300,0,3744.6,30,0.2496,0
1/27/20 6:19,111.75,111.708333333333,0,0,4662.7,20.35,0,0,1.1,0,781.7,0,0,-2690.1,30.0587288333333,0,0,5.492,-1.18,300,0,3744.6,30,0.2496,0
1/27/20 6:24,111.833333333333,111.791666666667,0,0,4662.7,20.35,0,0,1.1,0,781.7,0,0,-2690.1,30.0002105833333,0,0,5.492,-1.18,300,0,3744.6,30,0.2496,0
1/27/20 6:29,111.916666666667,111.875,0,0,4662.7,20.35,0,0,1.1,0,781.7,0,0,-2690.1,30,0,0,5.492,-1.18,300,0,3744.6,30,0.2496,0
1/27/20 6:34,112,111.958333333333,0,0,4662.7,20.35,0,0,1.1,0,781.7,0,0,-2690.1,30,0,0,5.492,-1.18,300,0,3744.6,30,0.2496,0
1/27/20 6:39,112.083333333333,112.041666666667,0,0,4662.7,20.35,0,0,1.1,0,781.7,0,0,-2690.40707055556,30.0460605833333,0,0,5.492,-1.18,300,0,3744.6,30,0.2496,0
1/27/20 6:44,112.166666666667,112.125,0,0,4662.7,20.35,0,0,1.1,0,781.7,0,0,-2690.79859611111,30.1047894166667,0,0,5.492,-1.18,300,0,3744.6,30,0.2496,0
1/27/20 6:49,112.25,112.208333333333,0,0,4662.7,20.35,0,0,1.1,0,781.7,0,0,-2690.8,30.0589394166667,0,0,5.492,-1.18,300,0,3744.6,30,0.2496,0
1/27/20 6:54,112.333333333333,112.291666666667,0,0,4662.7,20.35,0,0,1.1,0,781.7,0,0,-2690.8,30.0002105833333,0,0,5.492,-1.18,300,0,3744.6,30,0.2496,0
1/27/20 6:59,112.416666666667,112.375,0,0,4662.7,20.35,0,0,1.1,0,781.7,0,0,-2690.8,30.01974025,0,0,5.492,-1.18,300,0,3744.6,30,0.2496,0
1/27/20 7:04,112.5,112.458333333333,0,0,4662.7,20.35,0,0,1.1,0,781.7,0,0,-2690.8,30.0712300833333,0,0,5.492,-1.18,300,0,3744.6,30,0.2496,0
1/27/20 7:09,112.583333333333,112.541666666667,0,0,4662.7,20.35,0,0,1.1,0,781.7,0,0,-2690.8,30.1048796666667,0,0,5.492,-1.18,300,0,3744.6,30,0.2496,0
1/27/20 7:14,112.666666666667,112.625,0,0,4662.7,20.35,0,0,1.1,0,781.7,0,0,-2690.8,30.105,0,0,5.49243867222222,-1.18,300,0,3744.6,30,0.2496,0
1/27/20 7:19,112.75,112.708333333333,0,0,4662.7,20.35,0,0,1.1,0,781.7,0,0,-2690.8,30.0589394166667,0,0,5.49255932222222,-1.18,300,0,3744.6,30,0.2496,0
1/27/20 7:24,112.833333333333,112.791666666667,0,0,4662.7,20.35,0,0,1.1,0,781.7,0,0,-2690.8,30.0002105833333,0,0,5.49287935,-1.18,300,0,3744.6,30,0.2496,0
1/27/20 7:29,112.916666666667,112.875,0,0,4662.7,20.35,0,0,1.1,0,781.7,0,0,-2690.8,30.0460605833333,0,0,5.49399598888889,-1.18,300,0,3744.6,30,0.2496,0
1/27/20 7:34,113,112.958333333333,0,0,4662.7,20.35,0,0,1.1,0,781.7,0,0,-2690.8,30.0587288333333,0,0,5.494,-1.18,300,0,3744.6,30,0.2496,0
1/27/20 7:39,113.083333333333,113.041666666667,0,0,4662.7,20.35,0,0,1.1,0,781.7,0,0,-2690.8,30.0462711666667,0,0,5.494,-1.18,300,0,3744.6,30,0.2496,0
1/27/20 7:44,113.166666666667,113.125,0,0,4662.7,20.35,0,0,1.1,0,781.7,0,0,-2690.8,30.0587288333333,0,0,5.494,-1.18,300,0,3744.6,30,0.2496,0
1/27/20 7:49,113.25,113.208333333333,0,0,4662.7,20.35,0,0,1.1,0,781.7,0,0,-2690.8,30.0462711666667,0,0,5.494,-1.18,300,0,3744.6,30,0.2496,0
1/27/20 7:54,113.333333333333,113.291666666667,0,0,4662.7,20.35,0,0,1.1,0,781.7,0,0,-2690.8,30.0587288333333,0,0,5.494,-1.18,300,0,3744.6,30,0.2496,0
1/27/20 7:59,113.416666666667,113.375,0,0,4662.7,20.35,0,0,1.1,0,781.7,0,0,-2690.8,30.0002105833333,0,0,5.494,-1.18,300,0,3744.6,30,0.2496,0
1/27/20 8:04,113.5,113.458333333333,0,0,4662.7,20.35,0,0,1.1,0,781.7,0,0,-2690.8,30.0460605833333,0,0,5.494,-1.18,300,0,3744.6,30,0.2496,0
1/27/20 8:09,113.583333333333,113.541666666667,0,0,4662.7,20.35,0,0,1.1,0,781.7,0,0,-2690.8,30.0587288333333,0,0,5.494,-1.18,300,0,3744.6,30,0.2496,0
1/27/20 8:14,113.666666666667,113.625,0,0,4662.7,20.35,0,0,1.1,0,781.7,0,0,-2690.8,30.0002105833333,0,0,5.494,-1.18,300,0,3744.6,30,0.2496,0
1/27/20 8:19,113.75,113.708333333333,0,0,4662.7,20.35,0,0,1.1,0,781.7,0,0,-2690.8,30.0460605833333,0,0,5.494,-1.18,300,0,3744.6,30,0.2496,0
1/27/20 8:24,113.833333333333,113.791666666667,0,0,4662.7,20.35,0,0,1.1,0,781.7,0,0,-2690.8,30.09162925,0,0,5.494,-1.18,300,0,3744.6,30,0.2496,0
1/27/20 8:29,113.916666666667,113.875,0,0,4662.7,20.35,0,0,1.1,0,781.7,0,0,-2690.8,30.0619,0,0,5.494,-1.18,300,0,3744.6,30,0.2496,0
1/27/20 8:34,114,113.958333333333,0,0,4662.7,20.35,0,0,1.1,0,781.7,0,0,-2690.8,30.0253199166667,0,0,5.494,-1.18,300,0,3744.6,30,0.2496,0
1/27/20 8:39,114.083333333333,114.041666666667,0,0,4662.7,20.35,0,0,1.1,0,781.7,0,0,-2690.8,30.0461508333333,0,0,5.494,-1.18,300,0,3744.6,30,0.2496,0
1/27/20 8:44,114.166666666667,114.125,0,0,4662.7,20.35,0,0,1.1,0,781.7,0,0,-2690.8,30.1047894166667,0,0,5.49487734444444,-1.18,300,0,3744.6,30,0.2496,0
1/27/20 8:49,114.25,114.208333333333,0,0,4662.7,20.35,0,0,1.1,0,781.7,0,0,-2690.8,30.0589394166667,0,0,5.49599598888889,-1.18,300,0,3744.6,30,0.2496,0
1/27/20 8:54,114.333333333333,114.291666666667,0,0,4662.7,20.35,0,0,1.1,0,781.7,0,0,-2690.8,30.0462711666667,0,0,5.496,-1.18,300,0,3744.6,30,0.2496,0
1/27/20 8:59,114.416666666667,114.375,0,0,4662.7,20.35,0,0,1.1,0,781.7,0,0,-2690.8,30.0587288333333,0,0,5.496,-1.18,300,0,3744.6,30,0.2496,0
1/27/20 9:04,114.5,114.458333333333,0,0,4662.7,20.35,0,0,1.1,0,781.7,0,0,-2690.8,30.0462711666667,0,0,5.496,-1.18,300,0,3744.6,30,0.2496,0
1/27/20 9:09,114.583333333333,114.541666666667,0,0,4662.7,20.35,0,0,1.1,0,781.7,0,0,-2690.8,30.1047894166667,0,0,5.496,-1.18,300,0,3744.6,30,0.2496,0
1/27/20 9:14,114.666666666667,114.625,0,0,4662.7,20.35,0,0,1.1,0,781.7,0,0,-2690.49292944444,30.0589394166667,0,0,5.496,-1.18,300,0,3744.6,30,0.2496,0
1/27/20 9:19,114.75,114.708333333333,0,0,4662.7,20.35,0,0,1.1,0,781.7,0,0,-2690.10140388889,30.0002105833333,0,0,5.496,-1.18,300,0,3744.6,30,0.2496,0
1/27/20 9:24,114.833333333333,114.791666666667,0,0,4662.7,20.35,0,0,1.1,0,781.7,0,0,-2690.1,30,0,0,5.496,-1.18,300,0,3744.6,30,0.2496,0
1/27/20 9:29,114.916666666667,114.875,0,0,4662.7,20.35,0,0,1.1,0,781.7,0,0,-2690.1,30,0,0,5.496,-1.18,300,0,3744.6,30,0.252407502222222,0
1/27/20 9:34,115,114.958333333333,0,0,4662.7,20.35,0,0,1.1,0,781.7,0,0,-2690.1,30,0,0,5.496,-1.18,300,0,3744.6,30,0.255987164444444,0
1/27/20 9:39,115.083333333333,115.041666666667,0,0,4662.7,20.35,0,0,1.1,0,781.7,0,0,-2690.1,30,0,0,5.496,-1.18,300,0,3744.6,30,0.253192497777778,0
1/27/20 9:44,115.166666666667,115.125,0,0,4662.7,20.35,0,0,1.1,0,781.7,0,0,-2690.1,30.0460605833333,0,0,5.496,-1.18,300,0,3744.6,30,0.249612835555556,0
1/27/20 9:49,115.25,115.208333333333,0,0,4662.7,20.35,0,0,1.1,0,781.7,0,0,-2690.1,30.1047894166667,0,0,5.496,-1.18,300,0,3744.6,30,0.2496,0
1/27/20 9:54,115.333333333333,115.291666666667,0,0,4662.7,20.35,0,0,1.1,0,781.7,0,0,-2690.1,30.105,0,0,5.49643555555556,-1.18,300,0,3744.6,30,0.2496,0
1/27/20 9:59,115.416666666667,115.375,0,0,4662.7,20.35,0,0,1.1,0,781.7,0,0,-2690.1,30.105,0,0,5.49699777777778,-1.18,300,0,3744.6,30,0.2496,0
1/27/20 10:04,115.5,115.458333333333,0,0,4662.7,20.35,0,0,1.1,0,781.7,0,0,-2690.1,30.0592666666667,0,0,5.497,-1.18,300,0,3744.6,30,0.2496,0
1/27/20 10:09,115.583333333333,115.541666666667,0,0,4662.7,20.35,0,0,1.1,0,781.7,0,0,-2690.1,30.0459666666667,0,0,5.497,-1.18,300,0,3744.6,30,0.2496,0
1/27/20 10:14,115.666666666667,115.625,0,0,4662.7,20.35,0,0,1.1,0,781.7,0,0,-2690.1,30.1047666666667,0,0,5.497,-1.18,300,0,3744.6,30,0.2496,0
1/27/20 10:19,115.75,115.708333333333,0,0,4662.7,20.35,0,0,1.1,0,781.7,0,0,-2690.1,30.105,0,0,5.497,-1.18,300,0,3744.6,30,0.2496,0
1/27/20 10:24,115.833333333333,115.791666666667,0,0,4662.7,20.35,0,0,1.1,0,781.7,0,0,-2690.1,30.0592666666667,0,0,5.497,-1.18,300,0,3744.6,30,0.2496,0
1/27/20 10:29,115.916666666667,115.875,0,0,4662.7,20.35,0,0,1.1,0,781.7,0,0,-2690.1,30.0459666666667,0,0,5.497,-1.18,300,0,3744.6,30,0.252387555555556,0
1/27/20 10:34,116,115.958333333333,0,0,4662.7,20.35,0,0,1.1,0,781.7,0,0,-2690.1,30.0590333333333,0,0,5.497,-1.18,300,0,3744.6,30,0.253198222222222,0
1/27/20 10:39,116.083333333333,116.041666666667,0,0,4662.7,20.35,0,0,1.1,0,781.7,0,0,-2690.1,30.0002333333333,0,0,5.497,-1.18,300,0,3744.6,30,0.249614222222222,0
1/27/20 10:44,116.166666666667,116.125,0,0,4662.7,20.35,0,0,1.1,0,781.7,0,0,-2690.1,30.0326666666667,0,0,5.49787111111111,-1.18,300,0,3744.6,30,0.2496,0
1/27/20 10:49,116.25,116.208333333333,0,0,4662.7,20.35,0,0,1.1,0,781.7,0,0,-2689.79511111111,30.0879,0,0,5.49899555555556,-1.18,300,0,3744.6,30,0.2496,0
1/27/20 10:54,116.333333333333,116.291666666667,0,0,4662.7,20.35,0,0,1.1,0,781.7,0,0,-2689.40155555556,30.0592,0,0,5.49812888888889,-1.18,300,0,3744.6,30,0.2496,0
1/27/20 10:59,116.416666666667,116.375,0,0,4662.7,20.35,0,0,1.1,0,781.7,0,0,-2689.4,30.0002333333333,0,0,5.49787555555556,-1.18,300,0,3744.6,30,0.2496,0
1/27/20 11:04,116.5,116.458333333333,0,0,4662.7,20.35,0,0,1.1,0,781.7,0,0,-2689.4,30,0,0,5.49899555555556,-1.18,300,0,3744.6,30,0.2496,0
1/27/20 11:09,116.583333333333,116.541666666667,0,0,4662.7,20.35,0,0,1.1,0,781.7,0,0,-2689.4,30,0,0,5.499,-1.18,300,0,3744.6,30,0.2496,0
1/27/20 11:14,116.666666666667,116.625,0,0,4662.7,20.35,0,0,1.1,0,781.7,0,0,-2689.4,30.0457333333333,0,0,5.499,-1.18,300,0,3744.6,30,0.2496,0
1/27/20 11:19,116.75,116.708333333333,0,0,4662.7,20.35,0,0,1.1,0,781.7,0,0,-2689.4,30.1047666666667,0,0,5.499,-1.18,300,0,3744.6,30,0.2496,0
1/27/20 11:24,116.833333333333,116.791666666667,0,0,4662.7,20.35,0,0,1.1,0,781.7,0,0,-2689.4,30.0592666666667,0,0,5.499,-1.18,300,0,3744.6,30,0.2496,0
1/27/20 11:29,116.916666666667,116.875,0,0,4662.7,20.35,0,0,1.1,0,781.7,0,0,-2689.4,30.0459666666667,0,0,5.499,-1.18,300,0,3744.6,30,0.2496,0
1/27/20 11:34,117,116.958333333333,0,0,4662.7,20.35,0,0,1.1,0,781.7,0,0,-2689.4,30.1047666666667,0,0,5.499,-1.18,300,0,3744.6,30,0.2496,0
1/27/20 11:39,117.083333333333,117.041666666667,0,0,4662.7,20.35,0,0,1.1,0,781.7,0,0,-2689.4,30.0592666666667,0,0,5.499,-1.18,300,0,3744.6,30,0.2496,0
1/27/20 11:44,117.166666666667,117.125,0,0,4662.7,20.35,0,0,1.1,0,781.7,0,0,-2689.4,30.0459666666667,0,0,5.499,-1.18,300,0,3744.6,30,0.2496,0
1/27/20 11:49,117.25,117.208333333333,0,0,4662.7,20.35,0,0,1.1,0,781.7,0,0,-2689.4,30.1047666666667,0,0,5.49987111111111,-1.18,300,0,3744.6,30,0.2496,0
1/27/20 11:54,117.333333333333,117.291666666667,0,0,4662.7,20.35,0,0,1.1,0,781.7,0,0,-2689.4,30.0592666666667,0,0,5.50012444444444,-1.18,300,0,3744.6,30,0.2496,0
1/27/20 11:59,117.416666666667,117.375,0,0,4662.7,20.35,0,0,1.1,0,781.7,0,0,-2689.4,30.0459666666667,0,0,5.49900444444444,-1.18,300,0,3744.6,30,0.2496,0
1/27/20 12:04,117.5,117.458333333333,0,0,4662.7,20.35,0,0,1.1,0,781.7,0,0,-2689.4,30.0721,0,0,5.49987111111111,-1.18,300,0,3744.6,30,0.2496,0
1/27/20 12:09,117.583333333333,117.541666666667,0,0,4662.7,20.35,0,0,1.1,0,781.7,0,0,-2689.4,30.0171,0,0,5.50099555555556,-1.18,300,0,3744.6,30,0.2496,0
1/27/20 12:14,117.666666666667,117.625,0,0,4662.7,20.35,0,0,1.1,0,781.7,0,0,-2689.4,30.0196666666667,0,0,5.501,-1.18,300,0,3744.6,30,0.2496,0
1/27/20 12:19,117.75,117.708333333333,0,0,4662.7,20.35,0,0,1.1,0,781.7,0,0,-2689.4,30.0710333333333,0,0,5.501,-1.18,300,0,3744.6,30,0.2496,0
1/27/20 12:24,117.833333333333,117.791666666667,0,0,4662.7,20.35,0,0,1.1,0,781.7,0,0,-2689.4,30.0591333333333,0,0,5.501,-1.18,300,0,3744.6,30,0.2496,0
1/27/20 12:29,117.916666666667,117.875,0,0,4662.7,20.35,0,0,1.1,0,781.7,0,0,-2689.4,30.0459666666667,0,0,5.501,-1.18,300,0,3744.6,30,0.2496,0
1/27/20 12:34,118,117.958333333333,0,0,4662.7,20.35,0,0,1.1,0,781.7,0,0,-2689.4,30.1047666666667,0,0,5.501,-1.18,300,0,3744.6,30,0.2496,0
1/27/20 12:39,118.083333333333,118.041666666667,0,0,4662.7,20.35,0,0,1.1,0,781.7,0,0,-2689.4,30.0592666666667,0,0,5.501,-1.18,300,0,3744.6,30,0.2496,0
1/27/20 12:44,118.166666666667,118.125,0,0,4662.7,20.35,0,0,1.1,0,781.7,0,0,-2689.4,30.0459666666667,0,0,5.501,-1.18,300,0,3744.6,30,0.2496,0
1/27/20 12:49,118.25,118.208333333333,0,0,4662.7,20.35,0,0,1.1,0,781.7,0,0,-2689.4,30.1047666666667,0,0,5.501,-1.18,300,0,3744.6,30,0.2496,0
1/27/20 12:54,118.333333333333,118.291666666667,0,0,4662.7,20.35,0,0,1.1,0,781.7,0,0,-2689.4,30.105,0,0,5.501,-1.18,300,0,3744.6,30,0.2496,0
1/27/20 12:59,118.416666666667,118.375,0,0,4662.7,20.35,0,0,1.1,0,781.7,0,0,-2689.4,30.0594186046512,0,0,5.501,-1.18,300,0,3744.6,30,0.2496,0
1/27/20 13:04,118.5,118.458333333333,0,0,4662.7,20.35,0,0,1.1,0,781.7,0,0,-2689.4,30.0456636453488,0,0,5.501,-1.18,300,0,3744.6,30,0.2496,0
1/27/20 13:09,118.583333333333,118.541666666667,0,0,4662.7,20.35,0,0,1.1,0,781.7,0,0,-2689.4,30.10474275,0,0,5.50143245,-1.18,300,0,3744.6,30,0.2496,0
1/27/20 13:14,118.666666666667,118.625,0,0,4662.7,20.35,0,0,1.1,0,781.7,0,0,-2689.4,30.105,0,0,5.50199755,-1.18,300,0,3744.6,30,0.2496,0
1/27/20 13:19,118.75,118.708333333333,0,0,4662.7,20.35,0,0,1.1,0,781.7,0,0,-2689.4,30.05959275,0,0,5.50156755,-1.18,300,0,3744.6,30,0.2496,0
1/27/20 13:24,118.833333333333,118.791666666667,0,0,4662.7,20.35,0,0,1.1,0,781.7,0,0,-2689.4,30.00025725,0,0,5.5014349,-1.18,300,0,3744.6,30,0.2496,0
1/27/20 13:29,118.916666666667,118.875,0,0,4662.7,20.35,0,0,1.1,0,781.7,0,0,-2689.4,30,0,0,5.5015651,-1.18,300,0,3744.6,30,0.2496,0
1/27/20 13:34,119,118.958333333333,0,0,4662.7,20.35,0,0,1.1,0,781.7,0,0,-2689.4,30.04540725,0,0,5.5014349,-1.18,300,0,3744.6,30,0.2496,0
1/27/20 13:39,119.083333333333,119.041666666667,0,0,4662.7,20.35,0,0,1.1,0,781.7,0,0,-2689.4,29.97500775,0,0,5.43200255,-1.188649,146.5,0,3744.6,29.65620225,-0.0551616,0
1/27/20 13:44,119.166666666667,119.125,0,0,4662.7,20.35,0,0,1.1,0,781.7,0,0,-2689.4,29.63059275,0,0,4.80703554054054,-1.251845,0,0,3744.6,26.7698739486301,-1.77306708193384,0
1/27/20 13:49,119.25,119.208333333333,0,0,4662.7,20.35,0,0,1.1,0,781.7,0,0,-2689.4,29.27125725,0,0,4.96716112612613,-1.337004,0,0,3744.6,24.0853928013699,-6.75013931806616,0
1/27/20 13:54,119.333333333333,119.291666666667,0,0,4662.7,20.35,0,0,1.1,0,781.7,0,0,-2689.4,29.01640725,0,0,5.10939644144144,-1.368551,0,0,3744.6,23.038911,-13.568,0
1/27/20 13:59,119.416666666667,119.375,0,0,4662.7,20.35,0,0,1.1,0,781.7,0,0,-2689.097285,28.81466325,0,0,5.22977961916462,-1.3842755,0,0,3744.6,22.61214225,-13.568,0
1/27/20 14:04,119.5,119.458333333333,0,0,4662.7,20.35,0,0,1.1,0,781.7,0,0,-2688.701715,28.61118675,0,0,5.33342757272727,-1.385651,0,0,3744.6,22.63021275,-13.568,0
1/27/20 14:09,119.583333333333,119.541666666667,0,0,4662.7,20.35,0,0,1.1,0,781.7,0,0,-2599.534,28.41615,0,0,5.4196359,-1.3800245,182.333333333333,0,3744.6,22.84467225,-0.154220894977169,0
1/27/20 14:14,119.666666666667,119.625,0,0,4662.7,20.35,0,0,1.1,0,781.7,0,0,-2596.3,28.21466325,0,0,5.487031,-1.38,200,0,3744.6,22.81392825,0.199511561643836,0
1/27/20 14:19,119.75,119.708333333333,0,0,4662.7,20.35,0,0,1.1,0,781.7,0,0,-2596.3,28.056594,0,0,5.53918795,-1.38,200,0,3744.6,22.6955145,0.1984,0
1/27/20 14:24,119.833333333333,119.791666666667,0,0,4662.7,20.35,0,0,1.1,0,781.7,0,0,-2596.3,27.914406,0,0,5.5810206,-1.38,200,0,3744.6,22.74040725,0.1984,0
1/27/20 14:29,119.916666666667,119.875,0,0,4662.7,20.35,0,0,1.1,0,781.7,0,0,-2596.3,27.756594,0,0,5.61129305,-1.3843245,200,0,3744.6,22.715415,0.1984,0
1/27/20 14:34,120,119.958333333333,0,0,4662.7,20.35,0,0,1.1,0,781.7,0,0,-2596.3,27.614406,0,0,5.6318604,-1.385651,200,0,3744.6,22.6898055,0.19563232,0
1/27/20 14:39,120.083333333333,120.041666666667,0,0,4662.7,20.35,0,0,1.1,0,781.7,0,0,-2596.3,27.456594,0,0,5.64398795,-1.3800245,200,0,3744.6,22.79952225,0.19201568,0
1/27/20 14:44,120.166666666667,120.125,0,0,4662.7,20.35,0,0,1.1,0,781.7,0,0,-2596.3,27.35981325,0,0,5.6484153,-1.38,200,0,3744.6,22.84540725,0.192,0
1/27/20 14:49,120.25,120.208333333333,0,0,4662.7,20.35,0,0,1.1,0,781.7,0,0,-2596.602715,27.2159295,0,0,5.64640285,-1.38,200,0,3744.6,22.8593355,0.192,0
1/27/20 14:54,120.333333333333,120.291666666667,0,0,4662.7,20.35,0,0,1.1,0,781.7,0,0,-2596.998285,27.0600705,0,0,5.6378253,-1.38,200,0,3744.6,22.75485,0.192,0
1/27/20 14:59,120.416666666667,120.375,0,0,4662.7,20.35,0,0,1.1,0,781.7,0,0,-2597,26.95485,0,0,5.62627245,-1.3843245,200,0,3744.6,22.65633675,0.192,0
1/27/20 15:04,120.5,120.458333333333,0,0,4662.7,20.35,0,0,1.1,0,781.7,0,0,-2597,26.85633675,0,0,5.6135402,-1.385651,200,0,3744.6,22.644141,0.192,0
1/27/20 15:09,120.583333333333,120.541666666667,0,0,4662.7,20.35,0,0,1.1,0,781.7,0,0,-2597,26.75981325,0,0,5.59725265,-1.384349,200,0,3744.6,22.61045175,0.192,0
1/27/20 15:14,120.666666666667,120.625,0,0,4662.7,20.35,0,0,1.1,0,781.7,0,0,-2597,26.65485,0,0,5.57882755,-1.385651,200,0,3744.6,22.5848055,0.192,0
1/27/20 15:19,120.75,120.708333333333,0,0,4662.7,20.35,0,0,1.1,0,781.7,0,0,-2597,26.55633675,0,0,5.55766775,-1.3800245,200,0,3744.6,22.6880355,0.192,0
1/27/20 15:24,120.833333333333,120.791666666667,0,0,4662.7,20.35,0,0,1.1,0,781.7,0,0,-2597,26.45981325,0,0,5.5328151,-1.3843245,200,0,3744.6,22.647603,0.192,0
1/27/20 15:29,120.916666666667,120.875,0,0,4662.7,20.35,0,0,1.1,0,781.7,0,0,-2597,26.35485,0,0,5.50725245,-1.385651,200,0,3744.6,22.64410425,0.192,0
1/27/20 15:34,121,120.958333333333,0,0,4662.7,20.35,0,0,1.1,0,781.7,0,0,-2597,26.25633675,0,0,5.48008775,-1.3800245,200,0,3744.6,22.74018675,0.192,0
1/27/20 15:39,121.083333333333,121.041666666667,0,0,4662.7,20.35,0,0,1.1,0,781.7,0,0,-2597,26.15981325,0,0,5.4492351,-1.3843245,200,0,3744.6,22.715415,0.192,0
1/27/20 15:44,121.166666666667,121.125,0,0,4662.7,20.35,0,0,1.1,0,781.7,0,0,-2597,26.05485,0,0,5.4181049,-1.385651,200,0,3744.6,22.64439825,0.192,0
1/27/20 15:49,121.25,121.208333333333,0,0,4662.7,20.35,0,0,1.1,0,781.7,0,0,-2597,25.95633675,0,0,5.3863702,-1.3800245,200,0,3744.6,22.74018675,0.192,0
1/27/20 15:54,121.333333333333,121.291666666667,0,0,4662.7,20.35,0,0,1.1,0,781.7,0,0,-2597,25.85981325,0,0,5.35238,-1.38,200,0,3744.6,22.79974275,0.192,0
1/27/20 15:59,121.416666666667,121.375,0,0,4662.7,20.35,0,0,1.1,0,781.7,0,0,-2597,25.80025725,0,0,5.3175151,-1.3843245,200,0,3744.6,22.71567225,0.192,0
1/27/20 16:04,121.5,121.458333333333,0,0,4662.7,20.35,0,0,1.1,0,781.7,0,0,-2597,25.75459275,0,0,5.28281735,-1.3899755,200,0,3744.6,22.60547775,0.192,0
1/27/20 16:09,121.583333333333,121.541666666667,0,0,4662.7,20.35,0,0,1.1,0,781.7,0,0,-2597,25.65633675,0,0,5.24851265,-1.3856755,200,0,3744.6,22.6439205,0.192,0
1/27/20 16:14,121.666666666667,121.625,0,0,4662.7,20.35,0,0,1.1,0,781.7,0,0,-2597,25.55981325,0,0,5.21252,-1.3800245,200,0,3744.6,22.74018675,0.192,0
1/27/20 16:19,121.75,121.708333333333,0,0,4662.7,20.35,0,0,1.1,0,781.7,0,0,-2597,25.50025725,0,0,5.17652,-1.3843245,200,0,3744.6,22.715415,0.192,0
1/27/20 16:24,121.833333333333,121.791666666667,0,0,4662.7,20.35,0,0,1.1,0,781.7,0,0,-2597,25.45459275,0,0,5.14095245,-1.3899755,200,0,3744.6,22.6379115,0.192,0
1/27/20 16:29,121.916666666667,121.875,0,0,4662.7,20.35,0,0,1.1,0,781.7,0,0,-2597,25.35633675,0,0,5.10465265,-1.3856755,200,0,3744.6,22.686303,0.192,0
1/27/20 16:34,122,121.958333333333,0,0,4662.7,20.35,0,0,1.1,0,781.7,0,0,-2597,25.3052205,0,0,5.06709245,-1.3800245,200,0,3744.6,22.69496325,0.192,0
1/27/20 16:39,122.083333333333,122.041666666667,0,0,4662.7,20.35,0,0,1.1,0,781.7,0,0,-2597,25.25959275,0,0,5.03009,-1.3843245,200,0,3744.6,22.61067225,0.192,0
1/27/20 16:44,122.166666666667,122.125,0,0,4662.7,20.35,0,0,1.1,0,781.7,0,0,-2597,25.20025725,0,0,4.9948198,-1.3899755,200,0,3744.6,22.4550705,0.192,0
1/27/20 16:49,122.25,122.208333333333,0,0,4662.7,20.35,0,0,1.1,0,781.7,0,0,-2597,25.15459275,0,0,4.96137755,-1.3856755,200,0,3744.6,22.52499225,0.192,0
1/27/20 16:54,122.333333333333,122.291666666667,0,0,4662.7,20.35,0,0,1.1,0,781.7,0,0,-2597,25.05633675,0,0,4.9265151,-1.3800245,200,0,3744.6,22.694265,0.192,0
1/27/20 16:59,122.416666666667,122.375,0,0,4662.7,20.35,0,0,1.1,0,781.7,0,0,-2597,25.0052205,0,0,4.89008755,-1.3843245,200,0,3744.6,22.6560795,0.192,0
1/27/20 17:04,122.5,122.458333333333,0,0,4662.7,20.35,0,0,1.1,0,781.7,0,0,-2597,24.95959275,0,0,4.85352245,-1.385651,200,0,3744.6,22.644141,0.192,0
1/27/20 17:09,122.583333333333,122.541666666667,0,0,4662.7,20.35,0,0,1.1,0,781.7,0,0,-2597,24.90025725,0,0,4.81708755,-1.3800245,200,0,3744.6,22.74018675,0.18923232,0
1/27/20 17:14,122.666666666667,122.625,0,0,4662.7,20.35,0,0,1.1,0,781.7,0,0,-2597,24.85459275,0,0,4.77965755,-1.38,200,0,3744.6,22.79974275,0.18838336,0
1/27/20 17:19,122.75,122.708333333333,0,0,4662.7,20.35,0,0,1.1,0,781.7,0,0,-2597,24.79525725,0,0,4.74209245,-1.38,200,0,3744.6,22.75459275,0.19198432,0
1/27/20 17:24,122.833333333333,122.791666666667,0,0,4662.7,20.35,0,0,1.1,0,781.7,0,0,-2597,24.7560795,0,0,4.70509,-1.3843245,200,0,3744.6,22.56552225,0.192,0
1/27/20 17:29,122.916666666667,122.875,0,0,4662.7,20.35,0,0,1.1,0,781.7,0,0,-2597,24.7052205,0,0,4.6689549,-1.3943,200,0,3744.6,22.3568145,0.192,0
1/27/20 17:34,123,122.958333333333,0,0,4662.7,20.35,0,0,1.1,0,781.7,0,0,-2597,24.65959275,0,0,4.63351755,-1.3999755,200,0,3744.6,22.214406,0.192,0
1/27/20 17:39,123.083333333333,123.041666666667,0,0,4662.7,20.35,0,0,1.1,0,781.7,0,0,-2597,24.60025725,0,0,4.5992498,-1.4,200,0,3744.6,22.0955145,0.192,0
1/27/20 17:44,123.166666666667,123.125,0,0,4662.7,20.35,0,0,1.1,0,781.7,0,0,-2597,24.6,0,0,4.56680755,-1.4,200,0,3744.6,22.095,0.192,0
1/27/20 17:49,123.25,123.208333333333,0,0,4662.7,20.35,0,0,1.1,0,781.7,0,0,-2597,24.55459275,0,0,4.53424245,-1.4,200,0,3744.6,22.095,0.192,0
1/27/20 17:54,123.333333333333,123.291666666667,0,0,4662.7,20.35,0,0,1.1,0,781.7,0,0,-2597,24.49525725,0,0,4.50267245,-1.4,200,0,3744.6,22.14040725,0.192,0
1/27/20 17:59,123.416666666667,123.375,0,0,4662.7,20.35,0,0,1.1,0,781.7,0,0,-2597,24.4560795,0,0,4.47167,-1.4,200,0,3744.6,22.24515,0.192,0
1/27/20 18:04,123.5,123.458333333333,0,0,4662.7,20.35,0,0,1.1,0,781.7,0,0,-2597,24.4052205,0,0,4.44023755,-1.4,200,0,3744.6,22.30474275,0.192,0
1/27/20 18:09,123.583333333333,123.541666666667,0,0,4662.7,20.35,0,0,1.1,0,781.7,0,0,-2597,24.405,0,0,4.40824,-1.4,200,0,3744.6,22.305,0.192,0
1/27/20 18:14,123.666666666667,123.625,0,0,4662.7,20.35,0,0,1.1,0,781.7,0,0,-2597,24.35959275,0,0,4.37667245,-1.4,200,0,3744.6,22.305,0.192,0
1/27/20 18:19,123.75,123.708333333333,0,0,4662.7,20.35,0,0,1.1,0,781.7,0,0,-2597,24.30025725,0,0,4.34567,-1.4,200,0,3744.6,22.305,0.192,0
1/27/20 18:24,123.833333333333,123.791666666667,0,0,4662.7,20.35,0,0,1.1,0,781.7,0,0,-2597,24.28053975,0,0,4.31510245,-1.4,200,0,3744.6,22.305,0.192,0
1/27/20 18:29,123.916666666667,123.875,0,0,4662.7,20.35,0,0,1.1,0,781.7,0,0,-2597,24.22916325,0,0,4.28466755,-1.4,200,0,3744.6,22.305,0.192,0
1/27/20 18:34,124,123.958333333333,0,0,4662.7,20.35,0,0,1.1,0,781.7,0,0,-2597,24.195147,0,0,4.25367,-1.4,200,0,3744.6,22.25959275,0.192,0
1/27/20 18:39,124.083333333333,124.041666666667,0,0,4662.7,20.35,0,0,1.1,0,781.7,0,0,-2597,24.1560795,0,0,4.22310245,-1.4,200,0,3744.6,22.15485,0.192,0
1/27/20 18:44,124.166666666667,124.125,0,0,4662.7,20.35,0,0,1.1,0,781.7,0,0,-2597,24.1052205,0,0,4.1939649,-1.4,200,0,3744.6,22.1406645,0.192,0
1/27/20 18:49,124.25,124.208333333333,0,0,4662.7,20.35,0,0,1.1,0,781.7,0,0,-2597,24.105,0,0,4.16552755,-1.4,200,0,3744.6,22.19974275,0.192,0
1/27/20 18:54,124.333333333333,124.291666666667,0,0,4662.7,20.35,0,0,1.1,0,781.7,0,0,-2597,24.05959275,0,0,4.13782735,-1.4,200,0,3744.6,22.2,0.192,0
1/27/20 18:59,124.416666666667,124.375,0,0,4662.7,20.35,0,0,1.1,0,781.7,0,0,-2597,24.00025725,0,0,4.11182,-1.4,200,0,3744.6,22.2,0.18923232,0
1/27/20 19:04,124.5,124.458333333333,0,0,4662.7,20.35,0,0,1.1,0,781.7,0,0,-2597,24,0,0,4.08582,-1.4,200,0,3744.6,22.2,0.18561568,0
1/27/20 19:09,124.583333333333,124.541666666667,0,0,4662.7,20.35,0,0,1.1,0,781.7,0,0,-2597,23.95459275,0,0,4.05982,-1.4,200,0,3744.6,22.2,0.1856,0
1/27/20 19:14,124.666666666667,124.625,0,0,4662.7,20.35,0,0,1.1,0,781.7,0,0,-2597,23.89525725,0,0,4.0355498,-1.4,200,0,3744.6,22.2,0.1856,0
1/27/20 19:19,124.75,124.708333333333,0,0,4662.7,20.35,0,0,1.1,0,781.7,0,0,-2597,23.8560795,0,0,4.01224265,-1.4,200,0,3744.6,22.15459275,0.1856,0
1/27/20 19:24,124.833333333333,124.791666666667,0,0,4662.7,20.35,0,0,1.1,0,781.7,0,0,-2597,23.8052205,0,0,3.9889798,-1.4,200,0,3744.6,22.09525725,0.18836768,0
1/27/20 19:29,124.916666666667,124.875,0,0,4662.7,20.35,0,0,1.1,0,781.7,0,0,-2597,23.75959275,0,0,3.96840245,-1.4043245,200,0,3744.6,22.01067225,0.18921664,0
1/27/20 19:34,125,124.958333333333,0,0,4662.7,20.35,0,0,1.1,0,781.7,0,0,-2597,23.70025725,0,0,3.94796755,-1.4099755,200,0,3744.6,21.90047775,0.18561568,0
1/27/20 19:39,125.083333333333,125.041666666667,0,0,4662.7,20.35,0,0,1.1,0,781.7,0,0,-2597,23.65459275,0,0,3.92826735,-1.41,200,0,3744.6,21.94540725,0.1856,0
1/27/20 19:44,125.166666666667,125.125,0,0,4662.7,20.35,0,0,1.1,0,781.7,0,0,-2597,23.59525725,0,0,3.9093951,-1.41,200,0,3744.6,22.00474275,0.1856,0
1/27/20 19:49,125.25,125.208333333333,0,0,4662.7,20.35,0,0,1.1,0,781.7,0,0,-2597,23.5560795,0,0,3.88896755,-1.41,200,0,3744.6,21.95959275,0.1856,0
1/27/20 19:54,125.333333333333,125.291666666667,0,0,4662.7,20.35,0,0,1.1,0,781.7,0,0,-2597,23.5052205,0,0,3.86843118421927,-1.41,200,0,3744.6,21.90025725,0.1856,0
1/27/20 19:59,125.416666666667,125.375,0,0,4662.7,20.35,0,0,1.1,0,781.7,0,0,-2597,23.4599176666667,0,0,3.84846648800295,-1.41,200,0,3744.6,21.9,0.1856,0
1/27/20 20:04,125.5,125.458333333333,0,0,4662.7,20.35,0,0,1.1,0,781.7,0,0,-2597,23.4002823333333,0,0,3.82932537777778,-1.41,200,0,3744.6,21.9450823333333,0.1856,0
1/27/20 20:09,125.583333333333,125.541666666667,0,0,4662.7,20.35,0,0,1.1,0,781.7,0,0,-2597,23.4,0,0,3.81046128888889,-1.41,200,0,3744.6,21.9596353333333,0.1856,0
1/27/20 20:14,125.666666666667,125.625,0,0,4662.7,20.35,0,0,1.1,0,781.7,0,0,-2597,23.3549176666667,0,0,3.79175473333333,-1.41,200,0,3744.6,21.9453646666667,0.1856,0
1/27/20 20:19,125.75,125.708333333333,0,0,4662.7,20.35,0,0,1.1,0,781.7,0,0,-2597,23.2952823333333,0,0,3.7734586,-1.41,200,0,3744.6,21.9596353333333,0.1856,0
1/27/20 20:24,125.833333333333,125.791666666667,0,0,4662.7,20.35,0,0,1.1,0,781.7,0,0,-2597,23.256358,0,0,3.75346666666667,-1.41,200,0,3744.6,21.9002823333333,0.1856,0
1/27/20 20:29,125.916666666667,125.875,0,0,4662.7,20.35,0,0,1.1,0,781.7,0,0,-2597,23.205242,0,0,3.73346666666667,-1.41,200,0,3744.6,21.9,0.1856,0
1/27/20 20:34,126,125.958333333333,0,0,4662.7,20.35,0,0,1.1,0,781.7,0,0,-2597,23.205,0,0,3.71432537777778,-1.41,200,0,3744.6,21.8549176666667,0.1856,0
1/27/20 20:39,126.083333333333,126.041666666667,0,0,4662.7,20.35,0,0,1.1,0,781.7,0,0,-2597,23.1599176666667,0,0,3.69589064444444,-1.41,200,0,3744.6,21.7952823333333,0.1856,0
1/27/20 20:44,126.166666666667,126.125,0,0,4662.7,20.35,0,0,1.1,0,781.7,0,0,-2597,23.1002823333333,0,0,3.67775204444444,-1.41,200,0,3744.6,21.795,0.1856,0
1/27/20 20:49,126.25,126.208333333333,0,0,4662.7,20.35,0,0,1.1,0,781.7,0,0,-2597,23.0549176666667,0,0,3.66031731111111,-1.41429355555556,200,0,3744.6,21.756358,0.1856,0
1/27/20 20:54,126.333333333333,126.291666666667,0,0,4662.7,20.35,0,0,1.1,0,781.7,0,0,-2597,22.9952823333333,0,0,3.64232,-1.41997311111111,200,0,3744.6,21.6601596666667,0.1856,0
1/27/20 20:59,126.416666666667,126.375,0,0,4662.7,20.35,0,0,1.1,0,781.7,0,0,-2597,22.995,0,0,3.62517871111111,-1.42,200,0,3744.6,21.6453646666667,0.1856,0
1/27/20 21:04,126.5,126.458333333333,0,0,4662.7,20.35,0,0,1.1,0,781.7,0,0,-2597,22.956358,0,0,3.60874397777778,-1.42,200,0,3744.6,21.6596353333333,0.1856,0
1/27/20 21:09,126.583333333333,126.541666666667,0,0,4662.7,20.35,0,0,1.1,0,781.7,0,0,-2597,22.905242,0,0,3.59303473333333,-1.42,200,0,3744.6,21.6453646666667,0.1856,0
1/27/20 21:14,126.666666666667,126.625,0,0,4662.7,20.35,0,0,1.1,0,781.7,0,0,-2597,22.905,0,0,3.57730924444444,-1.42,200,0,3744.6,21.6596353333333,0.1856,0
1/27/20 21:19,126.75,126.708333333333,0,0,4662.7,20.35,0,0,1.1,0,781.7,0,0,-2597,22.8599176666667,0,0,3.56060806666667,-1.42,200,0,3744.6,21.6453646666667,0.1856,0
1/27/20 21:24,126.833333333333,126.791666666667,0,0,4662.7,20.35,0,0,1.1,0,781.7,0,0,-2597,22.8002823333333,0,0,3.5456,-1.42,200,0,3744.6,21.7047176666667,0.1856,0
1/27/20 21:29,126.916666666667,126.875,0,0,4662.7,20.35,0,0,1.1,0,781.7,0,0,-2597,22.8,0,0,3.5306,-1.42,200,0,3744.6,21.6599176666667,0.1856,0
1/27/20 21:34,127,126.958333333333,0,0,4662.7,20.35,0,0,1.1,0,781.7,0,0,-2597,22.7549176666667,0,0,3.5156,-1.42,200,0,3744.6,21.6002823333333,0.1856,0
1/27/20 21:39,127.083333333333,127.041666666667,0,0,4662.7,20.35,0,0,1.1,0,781.7,0,0,-2596.69945111111,22.6952823333333,0,0,3.50017064444444,-1.42,200,0,3744.6,21.6,0.1856,0
1/27/20 21:44,127.166666666667,127.125,0,0,4662.7,20.35,0,0,1.1,0,781.7,0,0,-2596.30188222222,22.695,0,0,3.48460268888889,-1.42,200,0,3744.6,21.6,0.1856,0
1/27/20 21:49,127.25,127.208333333333,0,0,4662.7,20.35,0,0,1.1,0,781.7,0,0,-2596.3,22.656358,0,0,3.47002935555556,-1.42,200,0,3744.6,21.5871193333333,0.1856,0
1/27/20 21:54,127.333333333333,127.291666666667,0,0,4662.7,20.35,0,0,1.1,0,781.7,0,0,-2596.3,22.605242,0,0,3.45559731111111,-1.42,200,0,3744.6,21.5829613333333,0.1856,0
1/27/20 21:59,127.416666666667,127.375,0,0,4662.7,20.35,0,0,1.1,0,781.7,0,0,-2596.3,22.605,0,0,3.44017064444444,-1.42,200,0,3744.6,21.5999193333333,0.1856,0
1/27/20 22:04,127.5,127.458333333333,0,0,4662.7,20.35,0,0,1.1,0,781.7,0,0,-2596.3,22.605,0,0,3.42589075555556,-1.42,200,0,3744.6,21.6,0.1856,0
1/27/20 22:09,127.583333333333,127.541666666667,0,0,4662.7,20.35,0,0,1.1,0,781.7,0,0,-2596.3,22.5599176666667,0,0,3.41216257777778,-1.42,200,0,3744.6,21.5549176666667,0.1856,0
1/27/20 22:14,127.666666666667,127.625,0,0,4662.7,20.35,0,0,1.1,0,781.7,0,0,-2596.3,22.5002823333333,0,0,3.39703204444444,-1.42,200,0,3744.6,21.4952823333333,0.1856,0
1/27/20 22:19,127.75,127.708333333333,0,0,4662.7,20.35,0,0,1.1,0,781.7,0,0,-2596.3,22.5,0,0,3.38259731111111,-1.42,200,0,3744.6,21.495,0.1856,0
1/27/20 22:24,127.833333333333,127.791666666667,0,0,4662.7,20.35,0,0,1.1,0,781.7,0,0,-2596.3,22.5,0,0,3.3676,-1.42429355555556,200,0,3744.6,21.456358,0.1856,0
1/27/20 22:29,127.916666666667,127.875,0,0,4662.7,20.35,0,0,1.1,0,781.7,0,0,-2596.3,22.4549176666667,0,0,3.3526,-1.42997311111111,200,0,3744.6,21.3601596666667,0.1856,0
1/27/20 22:34,128,127.958333333333,0,0,4662.7,20.35,0,0,1.1,0,781.7,0,0,-2596.3,22.3952823333333,0,0,3.33802935555556,-1.43,200,0,3744.6,21.3002823333333,0.1856,0
1/27/20 22:39,128.083333333333,128.041666666667,0,0,4662.7,20.35,0,0,1.1,0,781.7,0,0,-2596.3,22.395,0,0,3.32488537777778,-1.43,200,0,3744.6,21.3,0.1856,0
1/27/20 22:44,128.166666666667,128.125,0,0,4662.7,20.35,0,0,1.1,0,781.7,0,0,-2596.3,22.395,0,0,3.31202128888889,-1.43,200,0,3744.6,21.3,0.1856,0
1/27/20 22:49,128.25,128.208333333333,0,0,4662.7,20.35,0,0,1.1,0,781.7,0,0,-2596.3,22.356358,0,0,3.29974408888889,-1.43,200,0,3744.6,21.3450823333333,0.1856,0
1/27/20 22:54,128.333333333333,128.291666666667,0,0,4662.7,20.35,0,0,1.1,0,781.7,0,0,-2596.3,22.305242,0,0,3.28887462222222,-1.43,200,0,3744.6,21.4047176666667,0.1856,0
1/27/20 22:59,128.416666666667,128.375,0,0,4662.7,20.35,0,0,1.1,0,781.7,0,0,-2596.3,22.305,0,0,3.27602128888889,-1.43,200,0,3744.6,21.405,0.1856,0
1/27/20 23:04,128.5,128.458333333333,0,0,4662.7,20.35,0,0,1.1,0,781.7,0,0,-2596.3,22.305,0,0,3.26245602222222,-1.43,200,0,3744.6,21.3599176666667,0.1856,0
1/27/20 23:09,128.583333333333,128.541666666667,0,0,4662.7,20.35,0,0,1.1,0,781.7,0,0,-2596.3,22.2599176666667,0,0,3.24988268888889,-1.43,200,0,3744.6,21.3002823333333,0.1856,0
1/27/20 23:14,128.666666666667,128.625,0,0,4662.7,20.35,0,0,1.1,0,781.7,0,0,-2596.3,22.2002823333333,0,0,3.23830935555556,-1.43,200,0,3744.6,21.3450823333333,0.1856,0
1/27/20 23:19,128.75,128.708333333333,0,0,4662.7,20.35,0,0,1.1,0,781.7,0,0,-2596.3,22.2,0,0,3.2260186,-1.43,200,0,3744.6,21.4047176666667,0.1856,0
1/27/20 23:24,128.833333333333,128.791666666667,0,0,4662.7,20.35,0,0,1.1,0,781.7,0,0,-2596.3,22.2,0,0,3.21245602222222,-1.43,200,0,3744.6,21.405,0.1856,0
1/27/20 23:29,128.916666666667,128.875,0,0,4662.7,20.35,0,0,1.1,0,781.7,0,0,-2596.3,22.2,0,0,3.19988268888889,-1.43,200,0,3744.6,21.405,0.1856,0
1/27/20 23:34,129,128.958333333333,0,0,4662.7,20.35,0,0,1.1,0,781.7,0,0,-2596.3,22.1549176666667,0,0,3.18659193333333,-1.43,200,0,3744.6,21.3599176666667,0.1856,0
1/27/20 23:39,129.083333333333,129.041666666667,0,0,4662.7,20.35,0,0,1.1,0,781.7,0,0,-2596.3,22.0952823333333,0,0,3.17288806666667,-1.43,200,0,3744.6,21.3002823333333,0.1856,0
1/27/20 23:44,129.166666666667,129.125,0,0,4662.7,20.35,0,0,1.1,0,781.7,0,0,-2596.3,22.095,0,0,3.16088,-1.43,200,0,3744.6,21.3,0.1856,0
1/27/20 23:49,129.25,129.208333333333,0,0,4662.7,20.35,0,0,1.1,0,781.7,0,0,-2596.3,22.095,0,0,3.14930935555556,-1.43,200,0,3744.6,21.3450823333333,0.1856,0
1/27/20 23:54,129.333333333333,129.291666666667,0,0,4662.7,20.35,0,0,1.1,0,781.7,0,0,-2596.3,22.095,0,0,3.13744795555556,-1.43,200,0,3744.6,21.3596353333333,0.1856,0
1/27/20 23:59,129.416666666667,129.375,0,0,4662.7,20.35,0,0,1.1,0,781.7,0,0,-2596.3,22.095,0,0,3.12402397777778,-1.43,200,0,3744.6,21.2552,0.1856,0
1/28/20 0:04,129.5,129.458333333333,0,0,4662.7,20.35,0,0,1.1,0,781.7,0,0,-2596.3,22.056358,0,0,3.11217344444444,-1.43,200,0,3744.6,21.2403646666667,0.1856,0
1/28/20 0:09,129.583333333333,129.541666666667,0,0,4662.7,20.35,0,0,1.1,0,781.7,0,0,-2596.3,22.005242,0,0,3.10187193333333,-1.43,200,0,3744.6,21.2997176666667,0.1856,0
1/28/20 0:14,129.666666666667,129.625,0,0,4662.7,20.35,0,0,1.1,0,781.7,0,0,-2596.3,22.005,0,0,3.09073871111111,-1.43,200,0,3744.6,21.3450823333333,0.1856,0
1/28/20 0:19,129.75,129.708333333333,0,0,4662.7,20.35,0,0,1.1,0,781.7,0,0,-2596.3,22.005,0,0,3.07858655555556,-1.43,200,0,3744.6,21.314553,0.1856,0
1/28/20 0:24,129.833333333333,129.791666666667,0,0,4662.7,20.35,0,0,1.1,0,781.7,0,0,-2596.3,22.005,0,0,3.06617613333333,-1.43,200,0,3744.6,21.240647,0.1856,0
1/28/20 0:29,129.916666666667,129.875,0,0,4662.7,20.35,0,0,1.1,0,781.7,0,0,-2596.3,22.005,0,0,3.05587193333333,-1.43,200,0,3744.6,21.2997176666667,0.1856,0
1/28/20 0:34,130,129.958333333333,0,0,4662.7,20.35,0,0,1.1,0,781.7,0,0,-2596.3,21.9599176666667,0,0,3.04388,-1.43,200,0,3744.6,21.3,0.1856,0
1/28/20 0:39,130.083333333333,130.041666666667,0,0,4662.7,20.35,0,0,1.1,0,781.7,0,0,-2596.3,21.9002823333333,0,0,3.03273871111111,-1.43,200,0,3744.6,21.3,0.1856,0
1/28/20 0:44,130.166666666667,130.125,0,0,4662.7,20.35,0,0,1.1,0,781.7,0,0,-2596.3,21.9,0,0,3.02144526666667,-1.43,200,0,3744.6,21.2549176666667,0.1856,0
1/28/20 0:49,130.25,130.208333333333,0,0,4662.7,20.35,0,0,1.1,0,781.7,0,0,-2596.3,21.9,0,0,3.00931204444444,-1.43,200,0,3744.6,21.1952823333333,0.1856,0
1/28/20 0:54,130.333333333333,130.291666666667,0,0,4662.7,20.35,0,0,1.1,0,781.7,0,0,-2596.3,21.9,0,0,2.99873602222222,-1.43,200,0,3744.6,21.195,0.1856,0
1/28/20 0:59,130.416666666667,130.375,0,0,4662.7,20.35,0,0,1.1,0,781.7,0,0,-2596.3,21.9,0,0,2.98744526666667,-1.43429355555556,200,0,3744.6,21.156358,0.1856,0
1/28/20 1:04,130.5,130.458333333333,0,0,4662.7,20.35,0,0,1.1,0,781.7,0,0,-2596.3,21.9,0,0,2.97617075555556,-1.43997311111111,200,0,3744.6,21.105242,0.1856,0
1/28/20 1:09,130.583333333333,130.541666666667,0,0,4662.7,20.35,0,0,1.1,0,781.7,0,0,-2596.3,21.9,0,0,2.96758935555556,-1.43570644444444,200,0,3744.6,21.143642,0.1856,0
1/28/20 1:14,130.666666666667,130.625,0,0,4662.7,20.35,0,0,1.1,0,781.7,0,0,-2596.3,21.8549176666667,0,0,2.9582986,-1.43432044444444,200,0,3744.6,21.156116,0.1856,0
1/28/20 1:19,130.75,130.708333333333,0,0,4662.7,20.35,0,0,1.1,0,781.7,0,0,-2596.3,21.7952823333333,0,0,2.94816537777778,-1.43997311111111,200,0,3744.6,21.105242,0.1856,0
1/28/20 1:24,130.833333333333,130.791666666667,0,0,4662.7,20.35,0,0,1.1,0,781.7,0,0,-2596.3,21.795,0,0,2.93873064444444,-1.44,200,0,3744.6,21.105,0.1856,0
1/28/20 1:29,130.916666666667,130.875,0,0,4662.7,20.35,0,0,1.1,0,781.7,0,0,-2596.3,21.795,0,0,2.92959204444444,-1.44,200,0,3744.6,21.105,0.1856,0
1/28/20 1:34,131,130.958333333333,0,0,4662.7,20.35,0,0,1.1,0,781.7,0,0,-2596.3,21.795,0,0,2.92115731111111,-1.44,200,0,3744.6,21.105,0.1856,0
1/28/20 1:39,131.083333333333,131.041666666667,0,0,4662.7,20.35,0,0,1.1,0,781.7,0,0,-2596.3,21.795,0,0,2.91216,-1.43570644444444,200,0,3744.6,21.143642,0.1856,0
1/28/20 1:44,131.166666666667,131.125,0,0,4662.7,20.35,0,0,1.1,0,781.7,0,0,-2596.3,21.795,0,0,2.90358935555556,-1.43002688888889,200,0,3744.6,21.194758,0.1856,0
1/28/20 1:49,131.25,131.208333333333,0,0,4662.7,20.35,0,0,1.1,0,781.7,0,0,-2596.3,21.756358,0,0,2.89515731111111,-1.43,200,0,3744.6,21.195,0.1856,0
1/28/20 1:54,131.333333333333,131.291666666667,0,0,4662.7,20.35,0,0,1.1,0,781.7,0,0,-2596.3,21.705242,0,0,2.88573064444444,-1.43,200,0,3744.6,21.195,0.1856,0
1/28/20 1:59,131.416666666667,131.375,0,0,4662.7,20.35,0,0,1.1,0,781.7,0,0,-2596.3,21.705,0,0,2.8757475976375,-1.43427929125138,200,0,3744.6,21.1564863787375,0.1856,0
1/28/20 2:04,131.5,131.458333333333,0,0,4662.7,20.35,0,0,1.1,0,781.7,0,0,-2596.3,21.705,0,0,2.86619284125138,-1.43570798652639,200,0,3744.6,21.1436281212625,0.1856,0
1/28/20 2:09,131.583333333333,131.541666666667,0,0,4662.7,20.35,0,0,1.1,0,781.7,0,0,-2596.3,21.705,0,0,2.85719,-1.43002938888889,200,0,3744.6,21.1947355,0.1856,0
1/28/20 2:14,131.666666666667,131.625,0,0,4662.7,20.35,0,0,1.1,0,781.7,0,0,-2596.3,21.705,0,0,2.84776372777778,-1.43426272222222,200,0,3744.6,21.1566355,0.1856,0
1/28/20 2:19,131.75,131.708333333333,0,0,4662.7,20.35,0,0,1.1,0,781.7,0,0,-2596.3,21.705,0,0,2.83861921111111,-1.43997061111111,200,0,3744.6,21.1052645,0.1856,0
1/28/20 2:24,131.833333333333,131.791666666667,0,0,4662.7,20.35,0,0,1.1,0,781.7,0,0,-2596.3,21.705,0,0,2.82976078888889,-1.44,200,0,3744.6,21.0602414166667,0.1856,0
1/28/20 2:29,131.916666666667,131.875,0,0,4662.7,20.35,0,0,1.1,0,781.7,0,0,-2596.3,21.705,0,0,2.82019293888889,-1.44,200,0,3744.6,21.0450671666667,0.1856,0
1/28/20 2:34,132,131.958333333333,0,0,4662.7,20.35,0,0,1.1,0,781.7,0,0,-2596.3,21.705,0,0,2.81119,-1.44,200,0,3744.6,21.1046914166667,0.1856,0
1/28/20 2:39,132.083333333333,132.041666666667,0,0,4662.7,20.35,0,0,1.1,0,781.7,0,0,-2596.3,21.705,0,0,2.80176372777778,-1.44,200,0,3744.6,21.105,0.1856,0
1/28/20 2:44,132.166666666667,132.125,0,0,4662.7,20.35,0,0,1.1,0,781.7,0,0,-2596.3,21.705,0,0,2.79304548333333,-1.44,200,0,3744.6,21.105,0.1856,0
1/28/20 2:49,132.25,132.208333333333,0,0,4662.7,20.35,0,0,1.1,0,781.7,0,0,-2596.3,21.705,0,0,2.78475785,-1.44,200,0,3744.6,21.105,0.1856,0
1/28/20 2:54,132.333333333333,132.291666666667,0,0,4662.7,20.35,0,0,1.1,0,781.7,0,0,-2596.3,21.6602414166667,0,0,2.77604548333333,-1.44,200,0,3744.6,21.105,0.1856,0
1/28/20 2:59,132.416666666667,132.375,0,0,4662.7,20.35,0,0,1.1,0,781.7,0,0,-2596.3,21.6003085833333,0,0,2.76861039444444,-1.44,200,0,3744.6,21.105,0.1856,0
1/28/20 3:04,132.5,132.458333333333,0,0,4662.7,20.35,0,0,1.1,0,781.7,0,0,-2596.3,21.6,0,0,2.76103960555556,-1.44,200,0,3744.6,21.105,0.1856,0
1/28/20 3:09,132.583333333333,132.541666666667,0,0,4662.7,20.35,0,0,1.1,0,781.7,0,0,-2596.3,21.6,0,0,2.75318412222222,-1.44,200,0,3744.6,21.0602414166667,0.1856,0
1/28/20 3:14,132.666666666667,132.625,0,0,4662.7,20.35,0,0,1.1,0,781.7,0,0,-2596.3,21.6,0,0,2.74546881666667,-1.44,200,0,3744.6,21.0003085833333,0.1856,0
1/28/20 3:19,132.75,132.708333333333,0,0,4662.7,20.35,0,0,1.1,0,781.7,0,0,-2596.3,21.6,0,0,2.73818118333333,-1.44,200,0,3744.6,21,0.1856,0
1/28/20 3:24,132.833333333333,132.791666666667,0,0,4662.7,20.35,0,0,1.1,0,781.7,0,0,-2596.3,21.6,0,0,2.73004254444444,-1.44,200,0,3744.6,21,0.1856,0
1/28/20 3:29,132.916666666667,132.875,0,0,4662.7,20.35,0,0,1.1,0,781.7,0,0,-2596.3,21.6,0,0,2.72388921111111,-1.44,200,0,3744.6,21.0447585833333,0.1856,0
1/28/20 3:34,133,132.958333333333,0,0,4662.7,20.35,0,0,1.1,0,781.7,0,0,-2596.3,21.6,0,0,2.71675197222222,-1.44,200,0,3744.6,21.0599328333333,0.1856,0
1/28/20 3:39,133.083333333333,133.041666666667,0,0,4662.7,20.35,0,0,1.1,0,781.7,0,0,-2596.3,21.6,0,0,2.70847175555556,-1.44,200,0,3744.6,21.0450671666667,0.1856,0
1/28/20 3:44,133.166666666667,133.125,0,0,4662.7,20.35,0,0,1.1,0,781.7,0,0,-2596.3,21.6,0,0,2.70160745555556,-1.44,200,0,3744.6,21.0599328333333,0.1856,0
1/28/20 3:49,133.25,133.208333333333,0,0,4662.7,20.35,0,0,1.1,0,781.7,0,0,-2596.3,21.5552414166667,0,0,2.69403960555556,-1.44,200,0,3744.6,21.0450671666667,0.1856,0
1/28/20 3:54,133.333333333333,133.291666666667,0,0,4662.7,20.35,0,0,1.1,0,781.7,0,0,-2596.3,21.4953085833333,0,0,2.68661039444444,-1.44,200,0,3744.6,21.0599328333333,0.1856,0
1/28/20 3:59,133.416666666667,133.375,0,0,4662.7,20.35,0,0,1.1,0,781.7,0,0,-2596.3,21.495,0,0,2.67818706111111,-1.44,200,0,3744.6,20.95555,0.1856,0
1/28/20 4:04,133.5,133.458333333333,0,0,4662.7,20.35,0,0,1.1,0,781.7,0,0,-2596.3,21.495,0,0,2.67089508888889,-1.44,200,0,3744.6,20.9400671666667,0.1856,0
1/28/20 4:09,133.583333333333,133.541666666667,0,0,4662.7,20.35,0,0,1.1,0,781.7,0,0,-2596.3,21.495,0,0,2.66503078888889,-1.44,200,0,3744.6,20.9996914166667,0.1856,0
1/28/20 4:14,133.666666666667,133.625,0,0,4662.7,20.35,0,0,1.1,0,781.7,0,0,-2596.3,21.495,0,0,2.65718412222222,-1.44,200,0,3744.6,21,0.1856,0
1/28/20 4:19,133.75,133.708333333333,0,0,4662.7,20.35,0,0,1.1,0,781.7,0,0,-2596.3,21.495,0,0,2.64946881666667,-1.44,200,0,3744.6,21,0.1856,0
1/28/20 4:24,133.833333333333,133.791666666667,0,0,4662.7,20.35,0,0,1.1,0,781.7,0,0,-2596.3,21.495,0,0,2.64346,-1.44,200,0,3744.6,21.0447585833333,0.1856,0
1/28/20 4:29,133.916666666667,133.875,0,0,4662.7,20.35,0,0,1.1,0,781.7,0,0,-2596.3,21.495,0,0,2.63660745555556,-1.44,200,0,3744.6,21.0599328333333,0.1856,0
1/28/20 4:34,134,133.958333333333,0,0,4662.7,20.35,0,0,1.1,0,781.7,0,0,-2596.3,21.495,0,0,2.62903960555556,-1.44,200,0,3744.6,21.0003085833333,0.1856,0
1/28/20 4:39,134.083333333333,134.041666666667,0,0,4662.7,20.35,0,0,1.1,0,781.7,0,0,-2596.3,21.495,0,0,2.62203666666667,-1.44,200,0,3744.6,21,0.1856,0
1/28/20 4:44,134.166666666667,134.125,0,0,4662.7,20.35,0,0,1.1,0,781.7,0,0,-2596.3,21.495,0,0,2.61461039444444,-1.44,200,0,3744.6,20.9552414166667,0.1856,0
1/28/20 4:49,134.25,134.208333333333,0,0,4662.7,20.35,0,0,1.1,0,781.7,0,0,-2596.3,21.495,0,0,2.60618706111111,-1.44426272222222,200,0,3744.6,20.8569440833333,0.1856,0
1/28/20 4:54,134.333333333333,134.291666666667,0,0,4662.7,20.35,0,0,1.1,0,781.7,0,0,-2596.3,21.495,0,0,2.59889508888889,-1.44570788888889,200,0,3744.6,20.843629,0.1856,0
1/28/20 4:59,134.416666666667,134.375,0,0,4662.7,20.35,0,0,1.1,0,781.7,0,0,-2596.3,21.495,0,0,2.59388333333333,-1.44002938888889,200,0,3744.6,20.8947355,0.1856,0
1/28/20 5:04,134.5,134.458333333333,0,0,4662.7,20.35,0,0,1.1,0,781.7,0,0,-2596.3,21.495,0,0,2.58845706111111,-1.44,200,0,3744.6,20.9269704166667,0.1856,0
1/28/20 5:09,134.583333333333,134.541666666667,0,0,4662.7,20.35,0,0,1.1,0,781.7,0,0,-2596.3,21.495,0,0,2.58160745555556,-1.44,200,0,3744.6,20.9378091666667,0.1856,0
1/28/20 5:14,134.666666666667,134.625,0,0,4662.7,20.35,0,0,1.1,0,781.7,0,0,-2596.3,21.495,0,0,2.57489215,-1.44,200,0,3744.6,20.8952204166667,0.1856,0
1/28/20 5:19,134.75,134.708333333333,0,0,4662.7,20.35,0,0,1.1,0,781.7,0,0,-2596.3,21.495,0,0,2.56903078888889,-1.44,200,0,3744.6,20.895,0.1856,0
1/28/20 5:24,134.833333333333,134.791666666667,0,0,4662.7,20.35,0,0,1.1,0,781.7,0,0,-2596.3,21.4566355,0,0,2.56288921111111,-1.44,200,0,3744.6,20.9397585833333,0.1856,0
1/28/20 5:29,134.916666666667,134.875,0,0,4662.7,20.35,0,0,1.1,0,781.7,0,0,-2596.3,21.4052645,0,0,2.55703078888889,-1.44,200,0,3744.6,20.9549328333333,0.1856,0
1/28/20 5:34,135,134.958333333333,0,0,4662.7,20.35,0,0,1.1,0,781.7,0,0,-2596.3,21.405,0,0,2.55088921111111,-1.44,200,0,3744.6,20.8953085833333,0.1856,0
1/28/20 5:39,135.083333333333,135.041666666667,0,0,4662.7,20.35,0,0,1.1,0,781.7,0,0,-2596.3,21.405,0,0,2.54503078888889,-1.44,200,0,3744.6,20.895,0.1856,0
1/28/20 5:44,135.166666666667,135.125,0,0,4662.7,20.35,0,0,1.1,0,781.7,0,0,-2596.3,21.405,0,0,2.53803666666667,-1.44,200,0,3744.6,20.895,0.1856,0
1/28/20 5:49,135.25,135.208333333333,0,0,4662.7,20.35,0,0,1.1,0,781.7,0,0,-2596.3,21.405,0,0,2.53188921111111,-1.44,200,0,3744.6,20.9397585833333,0.1856,0
1/28/20 5:54,135.333333333333,135.291666666667,0,0,4662.7,20.35,0,0,1.1,0,781.7,0,0,-2596.3,21.405,0,0,2.52560451666667,-1.44426272222222,200,0,3744.6,20.9165683333333,0.1856,0
1/28/20 5:59,135.416666666667,135.375,0,0,4662.7,20.35,0,0,1.1,0,781.7,0,0,-2596.3,21.405,0,0,2.51931842222222,-1.44570788888889,200,0,3744.6,20.8439375833333,0.1856,0
1/28/20 6:04,135.5,135.458333333333,0,0,4662.7,20.35,0,0,1.1,0,781.7,0,0,-2596.3,21.405,0,0,2.51402785,-1.44002938888889,200,0,3744.6,20.8947355,0.1856,0
1/28/20 6:09,135.583333333333,135.541666666667,0,0,4662.7,20.35,0,0,1.1,0,781.7,0,0,-2596.3,21.405,0,0,2.50874175555556,-1.44,200,0,3744.6,20.9397585833333,0.1856,0
1/28/20 6:14,135.666666666667,135.625,0,0,4662.7,20.35,0,0,1.1,0,781.7,0,0,-2596.3,21.405,0,0,2.50317236666667,-1.44426272222222,200,0,3744.6,20.9165683333333,0.1856,0
1/28/20 6:19,135.75,135.708333333333,0,0,4662.7,20.35,0,0,1.1,0,781.7,0,0,-2596.3,21.405,0,0,2.49589508888889,-1.44570788888889,200,0,3744.6,20.8439375833333,0.1856,0
1/28/20 6:24,135.833333333333,135.791666666667,0,0,4662.7,20.35,0,0,1.1,0,781.7,0,0,-2596.3,21.405,0,0,2.49088333333333,-1.44002938888889,200,0,3744.6,20.8947355,0.1856,0
1/28/20 6:29,135.916666666667,135.875,0,0,4662.7,20.35,0,0,1.1,0,781.7,0,0,-2596.3,21.405,0,0,2.48588333333333,-1.44,200,0,3744.6,20.895,0.1856,0
1/28/20 6:34,136,135.958333333333,0,0,4662.7,20.35,0,0,1.1,0,781.7,0,0,-2596.3,21.405,0,0,2.48088333333333,-1.44,200,0,3744.6,20.895,0.1856,0
1/28/20 6:39,136.083333333333,136.041666666667,0,0,4662.7,20.35,0,0,1.1,0,781.7,0,0,-2596.3,21.405,0,0,2.47588333333333,-1.44426272222222,200,0,3744.6,20.8566355,0.1856,0
1/28/20 6:44,136.166666666667,136.125,0,0,4662.7,20.35,0,0,1.1,0,781.7,0,0,-2596.3,21.3602414166667,0,0,2.47088333333333,-1.44997061111111,200,0,3744.6,20.8052645,0.1856,0
1/28/20 6:49,136.25,136.208333333333,0,0,4662.7,20.35,0,0,1.1,0,781.7,0,0,-2596.3,21.3003085833333,0,0,2.46630960555556,-1.44573727777778,200,0,3744.6,20.8433645,0.1856,0
1/28/20 6:54,136.333333333333,136.291666666667,0,0,4662.7,20.35,0,0,1.1,0,781.7,0,0,-2596.3,21.3,0,0,2.46230666666667,-1.44002938888889,200,0,3744.6,20.9394940833333,0.1856,0
1/28/20 6:59,136.416666666667,136.375,0,0,4662.7,20.35,0,0,1.1,0,781.7,0,0,-2596.3,21.3,0,0,2.45745412222222,-1.44,200,0,3744.6,20.9549328333333,0.1856,0
1/28/20 7:04,136.5,136.458333333333,0,0,4662.7,20.35,0,0,1.1,0,781.7,0,0,-2596.3,21.3,0,0,2.45103372777778,-1.44426272222222,200,0,3744.6,20.8569440833333,0.1856,0
1/28/20 7:09,136.583333333333,136.541666666667,0,0,4662.7,20.35,0,0,1.1,0,781.7,0,0,-2596.3,21.3,0,0,2.44488921111111,-1.44570788888889,200,0,3744.6,20.843629,0.1856,0
1/28/20 7:14,136.666666666667,136.625,0,0,4662.7,20.35,0,0,1.1,0,781.7,0,0,-2596.3,21.3,0,0,2.43903078888889,-1.44429211111111,200,0,3744.6,20.856371,0.1856,0
1/28/20 7:19,136.75,136.708333333333,0,0,4662.7,20.35,0,0,1.1,0,781.7,0,0,-2596.3,21.3,0,0,2.43288921111111,-1.44997061111111,200,0,3744.6,20.8052645,0.1856,0
1/28/20 7:24,136.833333333333,136.791666666667,0,0,4662.7,20.35,0,0,1.1,0,781.7,0,0,-2596.3,21.3,0,0,2.42788333333333,-1.45,200,0,3744.6,20.805,0.1856,0
1/28/20 7:29,136.916666666667,136.875,0,0,4662.7,20.35,0,0,1.1,0,781.7,0,0,-2596.3,21.3,0,0,2.42330960555556,-1.45,200,0,3744.6,20.805,0.1856,0
1/28/20 7:34,137,136.958333333333,0,0,4662.7,20.35,0,0,1.1,0,781.7,0,0,-2596.3,21.3,0,0,2.41973293888889,-1.44573727777778,200,0,3744.6,20.8433645,0.1856,0
1/28/20 7:39,137.083333333333,137.041666666667,0,0,4662.7,20.35,0,0,1.1,0,781.7,0,0,-2596.3,21.3,0,0,2.41545118333333,-1.44002938888889,200,0,3744.6,20.8947355,0.1856,0
1/28/20 7:44,137.166666666667,137.125,0,0,4662.7,20.35,0,0,1.1,0,781.7,0,0,-2596.3,21.3,0,0,2.40988627222222,-1.44426272222222,200,0,3744.6,20.8566355,0.1856,0
1/28/20 7:49,137.25,137.208333333333,0,0,4662.7,20.35,0,0,1.1,0,781.7,0,0,-2596.3,21.3,0,0,2.40530960555556,-1.44570788888889,200,0,3744.6,20.843629,0.1856,0
1/28/20 7:54,137.333333333333,137.291666666667,0,0,4662.7,20.35,0,0,1.1,0,781.7,0,0,-2596.3,21.3,0,0,2.39960157777778,-1.44429211111111,200,0,3744.6,20.856371,0.1856,0
1/28/20 7:59,137.416666666667,137.375,0,0,4662.7,20.35,0,0,1.1,0,781.7,0,0,-2596.3,21.3,0,0,2.39374469444444,-1.44570788888889,200,0,3744.6,20.843629,0.1856,0
1/28/20 8:04,137.5,137.458333333333,0,0,4662.7,20.35,0,0,1.1,0,781.7,0,0,-2596.3,21.3,0,0,2.38902491111111,-1.44002938888889,200,0,3744.6,20.9394940833333,0.1856,0
1/28/20 8:09,137.583333333333,137.541666666667,0,0,4662.7,20.35,0,0,1.1,0,781.7,0,0,-2596.3,21.3,0,0,2.38203666666667,-1.43573727777778,200,0,3744.6,21.0828145,0.1856,0
1/28/20 8:14,137.666666666667,137.625,0,0,4662.7,20.35,0,0,1.1,0,781.7,0,0,-2596.3,21.3447585833333,0,0,2.37333157777778,-1.43002938888889,200,0,3744.6,21.2839440833333,0.1856,0
1/28/20 8:19,137.75,137.708333333333,0,0,4662.7,20.35,0,0,1.1,0,781.7,0,0,-2596.3,21.4046914166667,0,0,2.36191706111111,-1.42573727777778,200,0,3744.6,21.5322645,0.182871857777778,0
1/28/20 8:24,137.833333333333,137.791666666667,0,0,4662.7,20.35,0,0,1.1,0,781.7,0,0,-2596.3,21.405,0,0,2.34906745555556,-1.41576666666667,200,0,3744.6,21.7872414166667,0.179218808888889,0
1/28/20 8:29,137.916666666667,137.875,0,0,4662.7,20.35,0,0,1.1,0,781.7,0,0,-2596.3,21.4433645,0,0,2.33294197222222,-1.41002938888889,200,0,3744.6,21.8994269166667,0.1792,0
1/28/20 8:34,138,137.958333333333,0,0,4662.7,20.35,0,0,1.1,0,781.7,0,0,-2596.3,21.4947355,0,0,2.31523548333333,-1.40573727777778,200,0,3744.6,22.0406698333333,0.1792,0
1/28/20 8:39,138.083333333333,138.041666666667,0,0,4662.7,20.35,0,0,1.1,0,781.7,0,0,-2596.3,21.5397585833333,0,0,2.29794785,-1.40002938888889,200,0,3744.6,22.2610005833333,0.1792,0
1/28/20 8:44,138.166666666667,138.125,0,0,4662.7,20.35,0,0,1.1,0,781.7,0,0,-2596.59839055556,21.5996914166667,0,0,2.2815143,-1.39573727777778,200,0,3744.6,22.3879026666667,0.1792,0
1/28/20 8:49,138.25,138.208333333333,0,0,4662.7,20.35,0,0,1.1,0,781.7,0,0,-2052.972915,21.6,0,0,2.26934921111111,-1.38576666666667,200,0,3744.6,22.58255,0.181928142222222,0
1/28/20 8:54,138.333333333333,138.291666666667,0,0,4662.7,20.35,0,0,1.1,0,781.7,0,0,-1954.72075166667,21.6447585833333,0,0,2.25919587777778,-1.38002938888889,200,0,3744.6,22.7391855,0.796666661587302,0
1/28/20 8:59,138.416666666667,138.375,0,0,4662.7,20.35,0,0,1.1,0,781.7,0,0,-1955.09794277778,21.7046914166667,0,0,2.25146881666667,-1.38,200,0,3744.6,22.84445,0.929466583945578,0
1/28/20 9:04,138.5,138.458333333333,0,0,4662.7,20.35,0,0,1.1,0,781.7,0,0,-1955.39839055556,21.7433645,0,0,2.23991846111111,-1.38426272222222,161.666666666667,0,3744.6,22.77680975,-0.312264054421769,0
1/28/20 9:09,138.583333333333,138.541666666667,0,0,4662.7,20.35,0,0,1.1,0,781.7,0,0,-1955.79794277778,21.7947355,0,0,2.2235327104282,-1.38997061111111,0,0,3744.6,22.5612717829457,-13.568,0
1/28/20 9:14,138.666666666667,138.625,0,0,4662.7,20.35,0,0,1.1,0,781.7,0,0,-1955.8,21.839436,0,0,2.21096306179402,-1.39,0,0,3744.6,22.4558988837209,-13.57070848,0
1/28/20 9:19,138.75,138.708333333333,0,0,4662.7,20.35,0,0,1.1,0,781.7,0,0,-1955.8,21.899664,0,0,2.19896,-1.39,0,0,3744.6,22.395336,-13.57437952,0
1/28/20 9:24,138.833333333333,138.791666666667,0,0,4662.7,20.35,0,0,1.1,0,781.7,0,0,-1955.8,21.944436,0,0,2.1873832,-1.39,0,0,3744.6,22.439436,-12.1307631912568,0
1/28/20 9:29,138.916666666667,138.875,0,0,4662.7,20.35,0,0,1.1,0,781.7,0,0,-1955.8,22.004664,0,0,2.1755336,-1.394232,0,0,3744.6,22.41714,-3.93650763540984,0
1/28/20 9:34,139,138.958333333333,0,0,4662.7,20.35,0,0,1.1,0,781.7,0,0,-1955.8,22.043088,0,0,2.1629632,-1.399968,0,0,3744.6,22.216752,-3.99503317333333,0
1/28/20 9:39,139.083333333333,139.041666666667,0,0,4662.7,20.35,0,0,1.1,0,781.7,0,0,-1955.8,22.094712,0,0,5.9704834,-1.4,0,0,3744.6,22.184544,-2.99150848,0
1/28/20 9:44,139.166666666667,139.125,0,0,4662.7,20.35,0,0,1.1,0,781.7,0,0,-1956.09624,22.095,0,0,7.243,-1.4,0,0,3744.6,22.259892,-2.89395285333333,0
1/28/20 9:49,139.25,139.208333333333,0,0,4662.7,20.35,0,0,1.1,0,781.7,0,0,-1956.49776,22.139436,0,0,7.243,-1.395768,0,0,3744.6,22.28286,-2.646432,0
1/28/20 9:54,139.333333333333,139.291666666667,0,0,4662.7,20.35,0,0,1.1,0,781.7,0,0,-1956.5,22.199664,0,0,7.241045,-1.394264,0,0,3744.6,22.343592,-2.85787136,0
1/28/20 9:59,139.416666666667,139.375,0,0,4662.7,20.35,0,0,1.1,0,781.7,0,0,-1956.5,22.244436,0,0,7.436,-1.399968,0,0,3744.6,22.243644,-2.79233859462478,0
1/28/20 10:04,139.5,139.458333333333,0,0,4662.7,20.35,0,0,1.1,0,781.7,0,0,-1956.5,22.304664,0,0,7.436,-1.395768,0,0,3744.6,22.282764,-2.80925997241924,0
1/28/20 10:09,139.583333333333,139.541666666667,0,0,4662.7,20.35,0,0,1.1,0,781.7,0,0,-1956.5,22.343088,0,0,7.436,-1.390032,0,0,3744.6,22.438812,-2.93129273962264,0
1/28/20 10:14,139.666666666667,139.625,0,0,4662.7,20.35,0,0,1.1,0,781.7,0,0,-1956.20376,22.394712,0,0,7.436,-1.39,0,0,3744.6,22.5441,-2.68112973913044,0
1/28/20 10:19,139.75,139.708333333333,0,0,4662.7,20.35,0,0,1.1,0,781.7,0,0,-1956.09848,22.395,0,0,7.436,-1.39,0,0,3744.6,22.560228,-2.85948594086957,0
1/28/20 10:24,139.833333333333,139.791666666667,0,0,4662.7,20.35,0,0,1.1,0,781.7,0,0,-1992.74609333333,22.356912,0,0,7.53359326086956,-1.618528,0,0,3744.6,17.7710832222222,-1.5989411372043,0
1/28/20 10:29,139.916666666667,139.875,0,0,4662.7,20.35,0,0,1.1,0,781.7,0,0,-2047.5,20.740103,0.467879,0,6.92129693913043,-1.911344,289.5,0,3744.6,10.8638977777778,-0.417096836129032,0
1/28/20 10:34,140,139.958333333333,0,0,4662.7,20.35,0,0,1.1,0,781.7,0,0,-2047.5,18.54771,0.4986508,0,6.8682848,-1.856272,300,0,3744.6,11.8117026804124,-0.2661888,0
1/28/20 10:39,140.083333333333,140.041666666667,0,0,4662.7,20.35,0,0,1.1,0,781.7,0,0,-2047.5,41.5648625,0.4984372,0,6.8675768,-1.695992,300,0,3744.6,14.8452941563223,-0.24873984,0
1/28/20 10:44,140.166666666667,140.125,0,0,4662.7,20.35,0,0,1.1,0,781.7,0,0,-2047.5,62.3559732142857,0.4974312,0,6.8568464,-1.409672,300,0,3744.6,22.3323831632653,-0.261376,0
1/28/20 10:49,140.25,140.208333333333,0,0,4662.7,20.35,0,0,1.1,0,781.7,0,0,-2047.79624,77.8653242857143,0.4992664,0,6.8168384,-1.129424,300,0,3744.6,32.9254464285714,-0.17672704,0
1/28/20 10:54,140.333333333333,140.291666666667,0,0,4662.7,20.35,0,0,1.1,0,781.7,0,0,-2048.19776,87.7495205555555,0.501202,0,6.7469192,-0.923056,300,0,3744.6,44.5615185714286,-0.28430848,0
1/28/20 10:59,140.416666666667,140.375,0,0,4662.7,20.35,0,0,1.1,0,781.7,0,0,-2048.2,84.3912444444444,0.5019216,0,6.6769832,-0.800888,300,0,3744.6,54.3482531818182,-0.2636032,0
1/28/20 11:04,140.5,140.458333333333,0,0,4662.7,20.35,0,0,1.1,0,781.7,0,0,-2048.2,70.1815876470588,0.5012272,0,6.6417904,-0.755992,300,0,3744.6,58.5363098181818,-0.22787584,0
1/28/20 11:09,140.583333333333,140.541666666667,0,0,4662.7,20.35,0,0,1.1,0,781.7,0,0,-2048.2,66.8299983529412,0.4995096,0,6.6366024,-0.7458,300,0,3744.6,59.417832,-0.22402048,0
1/28/20 11:14,140.666666666667,140.625,0,0,4662.7,20.35,0,0,1.1,0,781.7,0,0,-2048.2,66.1791,0.5001348,0,6.63558,-0.740032,300,0,3744.6,59.682912,-0.224,0
1/28/20 11:19,140.75,140.708333333333,0,0,4662.7,20.35,0,0,1.1,0,781.7,0,0,-2048.2,65.635668,0.5014184,0,6.6350032,-0.74,300,0,3744.6,59.842416,-0.224,0
1/28/20 11:24,140.833333333333,140.791666666667,0,0,4662.7,20.35,0,0,1.1,0,781.7,0,0,-2048.2,65.445732,0.501362,0,6.635,-0.74,300,0,3744.6,59.894712,-0.224,0
1/28/20 11:29,140.916666666667,140.875,0,0,4662.7,20.35,0,0,1.1,0,781.7,0,0,-2048.2,65.079348,0.5007164,0,6.6366928,-0.74,300,0,3744.6,59.856912,-0.19149824,0
1/28/20 11:34,141,140.958333333333,0,0,4662.7,20.35,0,0,1.1,0,781.7,0,0,-2048.49624,52.1968176666667,0.5009984,0,6.657608,-0.765392,300,0,3744.6,58.3492201428571,-0.98707456,0
1/28/20 11:39,141.083333333333,141.041666666667,0,0,4662.7,20.35,0,0,1.1,0,781.7,0,0,-2048.89776,54.09759,0.5001536,0,6.6811664,-0.795576,300,0,3744.6,54.3498788571429,-0.00557568,0
1/28/20 11:44,141.166666666667,141.125,0,0,4662.7,20.35,0,0,1.1,0,781.7,0,0,-2048.9,66.7333992424243,0.4994296,0,6.6591224,-0.76464,300,0,3744.6,57.1971516582279,-0.00367104,0
1/28/20 11:49,141.25,141.208333333333,0,0,4662.7,20.35,0,0,1.1,0,781.7,0,0,-2048.9,59.8754698051948,0.4999968,0,6.6393448,-0.734424,300,0,3744.6,60.1769553417722,-0.00002048,0
1/28/20 11:54,141.333333333333,141.291666666667,0,0,4662.7,20.35,0,0,1.1,0,781.7,0,0,-2048.9,61.1088342857143,0.5004232,0,6.6485224,-0.739968,300,0,3744.6,59.941068,0,0
1/28/20 11:59,141.416666666667,141.375,0,0,4662.7,20.35,0,0,1.1,0,781.7,0,0,-2048.9,60.647316,0.5007852,0,6.64758,-0.74,300,0,3744.6,59.999664,0.00270848,0
1/28/20 12:04,141.5,141.458333333333,0,0,4662.7,20.35,0,0,1.1,0,781.7,0,0,-2048.9,60.450744,0.209909240692641,0,6.6478496,-0.74,300,0,3744.6,60.044436,0.00637952,0
1/28/20 12:09,141.583333333333,141.541666666667,0,0,4662.7,20.35,0,0,1.1,0.8425,781.7,0,0,-2048.9,60.176748,0.099528825974026,0,6.6494168,-0.74,300,0,3744.6,60.104664,0.00910848,0
1/28/20 12:14,141.666666666667,141.625,0,0,4662.7,20.35,0,0,1.1,1.5,781.7,0,0,-2048.9,60.326604,0.0981676,0,6.6512664,-0.74,300,0,3744.6,60.060564,0.01277952,0
1/28/20 12:19,141.75,141.708333333333,0,0,4662.7,20.35,0,0,1.1,1.5,781.7,0,0,-2048.9,60.372828,0.095864,0,6.65426,-0.74,300,0,3744.6,60.000336,-0.01699328,0
1/28/20 12:24,141.833333333333,141.791666666667,0,0,4662.7,20.35,0,0,1.1,1.5,781.7,0,0,-2048.9,60.273108,0.0972052,0,6.6568368,-0.74,300,0,3744.6,60.044436,-0.02758144,0
1/28/20 12:29,141.916666666667,141.875,0,0,4662.7,20.35,0,0,1.1,1.5,781.7,0,0,-2048.9,60.239868,0.0974984,0,6.6592632,-0.74,300,0,3744.6,60.060228,0.01257472,0
1/28/20 12:34,142,141.958333333333,0,0,4662.7,20.35,0,0,0.63448,1.5,781.7,0,0,-2048.9,60.172704,0.0972884,0,6.6614136,-0.74,300,0,3744.6,60.000336,0.00738304,0
1/28/20 12:39,142.083333333333,142.041666666667,0,0,4662.7,20.35,0,0,0.00352,1.5,781.7,0,0,-2048.9,60.12792,0.0972132,0,6.6628432,-0.74,300,0,3744.6,60,0.00004096,0
1/28/20 12:44,142.166666666667,142.125,0,0,4662.7,20.35,0,0,0,1.5,781.7,0,0,-2048.9,60.254604,0.096652,0,6.6652632,-0.74,300,0,3744.6,60,0,0
1/28/20 12:49,142.25,142.208333333333,0,0,4662.7,20.35,0,0,0,1.5,781.7,0,0,-2049.19624,60.195336,0.0976224,0,6.66826,-0.74,300,0,3744.6,60,0,0
1/28/20 12:54,142.333333333333,142.291666666667,0,0,4662.7,20.35,0,0,0,1.5,781.7,0,0,-2049.59776,60.195,0.0990028,0,6.6708368,-0.74,300,0,3744.6,60,0,0
1/28/20 12:59,142.416666666667,142.375,0,0,4662.7,20.35,0,0,0,1.5,781.7,0,0,-2049.6,60.195,0.0980692,0,6.6724168,-0.74,300,0,3744.6,60,0.00270848,0
1/28/20 13:04,142.5,142.458333333333,0,0,4662.7,20.35,0,0,0,1.5,781.7,0,0,-2049.6,60.195,0.098434,0,6.6742664,-0.74,300,0,3744.6,60,0.00367104,0
1/28/20 13:09,142.583333333333,142.541666666667,0,0,4662.7,20.35,0,0,0,1.5,781.7,0,0,-2049.6,60.195,0.0978544,0,6.6768368,-0.74,300,0,3744.6,60,0.00002048,0
1/28/20 13:14,142.666666666667,142.625,0,0,4662.7,20.35,0,0,0,1.5,781.7,0,0,-2049.6,60.195,0.098782,0,6.6784168,-0.74,300,0,3744.6,60,0.00270848,0
1/28/20 13:19,142.75,142.708333333333,0,0,4662.7,20.35,0,0,0,1.5,781.7,0,0,-2049.6,60.195,0.0970204,0,6.6798432,-0.74,300,0,3744.6,60,0.00637952,0
1/28/20 13:24,142.833333333333,142.791666666667,0,0,4662.7,20.35,0,0,0,1.5,781.7,0,0,-2049.6,60.195,0.0962808,0,6.6822632,-0.74,300,0,3744.6,60,0.0064,0
1/28/20 13:29,142.916666666667,142.875,0,0,4662.7,20.35,0,0,0,1.5,781.7,0,0,-2049.6,60.195,0.0977788,0,6.6844136,-0.74,300,0,3744.6,60,0.0064,0
1/28/20 13:34,143,142.958333333333,0,0,4662.7,20.35,0,0,0,1.5,781.7,0,0,-2049.6,60.195,0.0968668,0,6.6858432,-0.74,300,0,3744.6,60,0.0064,0
1/28/20 13:39,143.083333333333,143.041666666667,0,0,4662.7,20.35,0,0,0,1.5,781.7,0,0,-2049.6,60.195,0.0970628,0,6.6874168,-0.74,300,0,3744.6,60,0.0064,0
1/28/20 13:44,143.166666666667,143.125,0,0,4662.7,20.35,0,0,0,1.5,781.7,0,0,-2049.6,60.195,9.70E-02,0,6.68884038803987,-0.74,300,0,3744.6,60,0.0064,0
1/28/20 13:49,143.25,143.208333333333,0,0,4662.7,20.35,0,0,0,1.5,781.7,0,0,-2049.6,60.195,9.65E-02,0,6.69041321751569,-0.74,300,0,3744.6,60,0.0064,0
1/28/20 13:54,143.333333333333,143.291666666667,0,0,4662.7,20.35,0,0,0,1.5,781.7,0,0,-2049.6,60.195,9.91E-02,0,6.69183680555556,-0.74,300,0,3744.6,60,0.0064,0
1/28/20 13:59,143.416666666667,143.375,0,0,4662.7,20.35,0,0,0,1.5,781.7,0,0,-2049.6,60.195,9.79E-02,0,6.69383333333333,-0.74,300,0,3744.6,60,0.0064,0
1/28/20 14:04,143.5,143.458333333333,0,0,4662.7,20.35,0,0,0,1.5,781.7,0,0,-2049.6,60.195,9.77E-02,0,6.69625347222222,-0.74,300,0,3744.6,60,0.0064,0
1/28/20 14:09,143.583333333333,143.541666666667,0,0,4662.7,20.35,0,0,0,1.5,781.7,0,0,-2049.6,60.195,0.101267361111111,0,6.69840972222222,-0.74,300,0,3744.6,60,0.0064,0
1/28/20 14:14,143.666666666667,143.625,0,0,4662.7,20.35,0,0,0,1.5,781.7,0,0,-2049.6,60.195,9.89E-02,0,6.69899652777778,-0.74,300,0,3744.6,60,0.0064,0
1/28/20 14:19,143.75,143.708333333333,0,0,4662.7,20.35,0,0,0,1.5,781.7,0,0,-2049.6,60.195,9.69E-02,0,6.68093402777778,-0.74,300,0,3744.6,59.9180729166667,2.79E-02,0
1/28/20 14:24,143.833333333333,143.791666666667,0,0,4662.7,20.35,0,0,0,1.5,781.7,0,0,-2049.6,60.74779765625,9.84E-02,0,6.65782986111111,-0.74,300,0,3744.6,59.96953125,5.74E-02,0
1/28/20 14:29,143.916666666667,143.875,0,0,4662.7,20.35,0,0,0,1.5,781.7,0,0,-2049.6,59.8041731770833,9.96E-02,0,6.66166666666667,-0.74,300,0,3744.6,60.11171875,0.0576,0
1/28/20 14:34,144,143.958333333333,0,0,4662.7,20.35,0,0,0,1.5,781.7,0,0,-2049.6,60.02875,9.94E-02,0,6.66440625,-0.74,300,0,3744.6,60.0447916666667,0.0576,0
1/28/20 14:39,144.083333333333,144.041666666667,0,0,4662.7,20.35,0,0,0,1.5,781.7,0,0,-2049.6,59.9702083333333,9.86E-02,0,6.66583680555555,-0.74,300,0,3744.6,60.0605208333333,0.0576,0
1/28/20 14:44,144.166666666667,144.125,0,0,4662.7,20.35,0,0,0,1.5,781.7,0,0,-2049.6,60.1558333333333,9.89E-02,0,6.66699305555556,-0.74,300,0,3744.6,60.0003645833333,0.0576,0
1/28/20 14:49,144.25,144.208333333333,0,0,4662.7,20.35,0,0,0,1.5,781.7,0,0,-2049.6,60.1053125,9.78E-02,0,6.66784027777778,-0.74,300,0,3744.6,60,0.0576,0
1/28/20 14:54,144.333333333333,144.291666666667,0,0,4662.7,20.35,0,0,0,1.5,781.7,0,0,-2049.6,60.105,9.83E-02,0,6.66941319444444,-0.74,300,0,3744.6,60,0.0576,0
1/28/20 14:59,144.416666666667,144.375,0,0,4662.7,20.35,0,0,0,1.5,781.7,0,0,-2049.6,60.105,9.74E-02,0,6.67083680555556,-0.74,300,0,3744.6,60,0.0576,0
1/28/20 15:04,144.5,144.458333333333,0,0,4662.7,20.35,0,0,0,1.5,781.7,0,0,-2049.6,60.105,9.66E-02,0,6.67241319444444,-0.74,300,0,3744.6,60,0.0576,0
1/28/20 15:09,144.583333333333,144.541666666667,0,0,4662.7,20.35,0,0,0,1.5,781.7,0,0,-2049.6,60.105,0.0990625,0,6.67383680555556,-0.74,300,0,3744.6,60,5.49E-02,0
1/28/20 15:14,144.666666666667,144.625,0,0,4662.7,20.35,0,0,0,1.5,781.7,0,0,-2049.6,60.1365104166667,9.81E-02,0,6.67499305555556,-0.74,300,0,3744.6,60,5.39E-02,0
1/28/20 15:19,144.75,144.708333333333,0,0,4662.7,20.35,0,0,0,1.5,781.7,0,0,-2049.89409722222,60.1482291666667,9.79E-02,0,6.67542013888889,-0.74,300,0,3744.6,60,5.49E-02,0
1/28/20 15:24,144.833333333333,144.791666666667,0,0,4662.7,20.35,0,0,0,1.5,781.7,0,0,-2050.29756944444,60.1052604166667,9.79E-02,0,6.67683680555556,-0.74,300,0,3744.6,60,5.12E-02,0
1/28/20 15:29,144.916666666667,144.875,0,0,4662.7,20.35,0,0,0,1.5,781.7,0,0,-2050.3,60.105,9.66E-02,0,6.67799305555556,-0.74,300,0,3744.6,60,0.0512,0
1/28/20 15:34,145,144.958333333333,0,0,4662.7,20.35,0,0,0,1.5,781.7,0,0,-2050.3,60.105,9.66E-02,0,6.67842013888889,-0.74,300,0,3744.6,60,0.0512,0
1/28/20 15:39,145.083333333333,145.041666666667,0,0,4662.78402777778,20.35,0,0,0,1.5,781.7,0,0,-2050.3,60.105,9.75E-02,0,6.67983680555556,-0.74,300,0,3744.6,60,0.0512,0
1/28/20 15:44,145.166666666667,145.125,0,0,4663.02534722222,20.35,0,0,0,1.71006944444444,781.7,0,0,-2050.3,60.105,0.0975,0,6.68099305555556,-0.74,300,0,3744.6,60,0.0512,0
1/28/20 15:49,145.25,145.208333333333,0,0,4663.325,20.35,0,0,0,1.99826388888889,781.7,0,0,-2050.3,60.105,9.92E-02,0,6.68142013888889,-0.74,300,0,3744.6,60,0.0512,0
1/28/20 15:54,145.333333333333,145.291666666667,0,0,4663.625,20.35,0,0,0,2,781.7,0,0,-2050.3,60.105,0.100645833333333,0,6.68241666666667,-0.74,300,0,3744.6,60,5.39E-02,0
1/28/20 15:59,145.416666666667,145.375,0,0,4663.925,20.35,0,0,0,2,781.7,0,0,-2050.3,60.0608854166667,9.99E-02,0,6.68341666666667,-0.74,300,0,3744.6,60,5.49E-02,0
1/28/20 16:04,145.5,145.458333333333,0,0,4664.225,20.35,0,0,0,2,781.7,0,0,-2050.59409722222,60.01296875,9.84E-02,0,6.68441666666667,-0.74,300,0,3744.6,60,5.12E-02,0
1/28/20 16:09,145.583333333333,145.541666666667,0,0,4664.525,20.35,0,0,0,2,781.7,0,0,-2050.99756944444,60.0298958333333,9.72E-02,0,6.68499652777778,-0.74,300,0,3744.6,60,0.0512,0
1/28/20 16:14,145.666666666667,145.625,0,0,4664.825,20.35,0,0,0,2,781.7,0,0,-2051,60.0615104166667,0.098015625,0,6.68584027777778,-0.74,300,0,3744.6,60,0.0512,0
1/28/20 16:19,145.75,145.708333333333,0,0,4665.125,20.35,0,0,0,2,781.7,0,0,-2051,60.1047395833333,9.60E-02,0,6.68699305555556,-0.74,300,0,3744.6,60,0.0512,0
1/28/20 16:24,145.833333333333,145.791666666667,0,0,4665.425,20.35,0,0,0,2,781.7,0,0,-2051,60.0734895833333,9.58E-02,0,6.68742013888889,-0.74,300,0,3744.6,60,0.0512,0
1/28/20 16:29,145.916666666667,145.875,0,0,4665.725,20.35,0,0,0,2,781.7,0,0,-2051,60.0617708333333,9.70E-02,0,6.68799652777778,-0.74,300,0,3744.6,60,5.39E-02,0
1/28/20 16:34,146,145.958333333333,0,0,4666.025,20.35,0,0,0,2,781.7,0,0,-2051,60.060625,9.92E-02,0,6.68842013888889,-0.74,300,0,3744.6,60,5.49E-02,0
1/28/20 16:39,146.083333333333,146.041666666667,0,0,4666.325,20.35,0,0,0,2,781.7,0,0,-2051,60.0444791666667,9.95E-02,0,6.68941666666667,-0.74,300,0,3744.6,60,5.12E-02,0
1/28/20 16:44,146.166666666667,146.125,0,0,4666.625,20.35,0,0,0,2,781.7,0,0,-2051,60.1046354166667,9.93E-02,0,6.68999652777778,-0.74,300,0,3744.6,60,0.0512,0
1/28/20 16:49,146.25,146.208333333333,0,0,4666.925,20.35,0,0,0,2,781.7,0,0,-2050.70590277778,60.1428125,9.84E-02,0,6.69042013888889,-0.74,300,0,3744.6,60,0.0512,0
1/28/20 16:54,146.333333333333,146.291666666667,0,0,4667.225,20.35,0,0,0,2,781.7,0,0,-2050.59652777778,60.156875,9.71E-02,0,6.69099652777778,-0.74,300,0,3744.6,60,5.39E-02,0
1/28/20 16:59,146.416666666667,146.375,0,0,4667.525,20.35,0,0,0,2,781.7,0,0,-2050.99756944444,60.0611979166667,9.67E-02,0,6.691,-0.74,300,0,3744.6,60,5.76E-02,0
1/28/20 17:04,146.5,146.458333333333,0,0,4667.825,20.35,0,0,0,2,781.7,0,0,-2051,60.0444791666667,9.74E-02,0,6.69184027777778,-0.74,300,0,3744.6,60,0.0576,0
1/28/20 17:09,146.583333333333,146.541666666667,0,0,4668.125,20.35,0,0,0,2,781.7,0,0,-2051,60.1046354166667,9.84E-02,0,6.69299305555556,-0.74,300,0,3744.6,60,0.0576,0
1/28/20 17:14,146.666666666667,146.625,0,0,4668.425,20.35,0,0,0,2,781.7,0,0,-2051,60.105,9.86E-02,0,6.693,-0.74,300,0,3744.6,60,0.0576,0
1/28/20 17:19,146.75,146.708333333333,0,0,4668.72458125692,20.35,0,0,0,2,781.7,0,0,-2051,60.105,0.098422215300849,0,6.69383748615725,-0.74,300,0,3744.6,60,0.0576,0
1/28/20 17:24,146.833333333333,146.791666666667,0,0,4669.02400374308,20.35,0,0,0,2,781.7,0,0,-2051,60.105,9.96E-02,0,6.69499251384275,-0.74,300,0,3744.6,60,0.0576,0
1/28/20 17:29,146.916666666667,146.875,0,0,4669.324,20.35,0,0,0,2,781.7,0,0,-2051,60.0612056666667,9.90E-02,0,6.695,-0.74,300,0,3744.6,60,0.0576,0
1/28/20 17:34,147,146.958333333333,0,0,4669.624,20.35,0,0,0,2,781.7,0,0,-2051,60.0441886666667,9.72E-02,0,6.695,-0.74,300,0,3744.6,60,0.0576,0
1/28/20 17:39,147.083333333333,147.041666666667,0,0,4669.924,20.35,0,0,0,2,781.7,0,0,-2051,60.1046056666667,9.81E-02,0,6.69541708888889,-0.74,300,0,3744.6,60,0.0576,0
1/28/20 17:44,147.166666666667,147.125,0,0,4670.224,20.35,0,0,0,2,781.7,0,0,-2051,60.105,9.82E-02,0,6.69599624444444,-0.74,300,0,3744.6,60,0.0576,0
1/28/20 17:49,147.25,147.208333333333,0,0,4670.524,20.35,0,0,0,2,781.7,0,0,-2051,60.105,9.83E-02,0,6.696,-0.74,300,0,3744.6,60,0.0576,0
1/28/20 17:54,147.333333333333,147.291666666667,0,0,4670.824,20.35,0,0,0,2,781.7,0,0,-2051,60.142538,9.83E-02,0,6.696,-0.74,300,0,3744.6,60,0.0576,0
1/28/20 17:59,147.416666666667,147.375,0,0,4671.124,20.35,0,0,0,2,781.7,0,0,-2051,60.157124,9.75E-02,0,6.69683417777778,-0.74,300,0,3744.6,60,0.0576,0
1/28/20 18:04,147.5,147.458333333333,0,0,4671.424,20.35,0,0,0,2,781.7,0,0,-2051,60.105338,9.93E-02,0,6.69799248888889,-0.74,300,0,3744.6,60,0.0576,0
1/28/20 18:09,147.583333333333,147.541666666667,0,0,4671.724,20.35,0,0,0,2,781.7,0,0,-2051,60.105,9.73E-02,0,6.698,-0.74,300,0,3744.6,60,0.0576,0
1/28/20 18:14,147.666666666667,147.625,0,0,4672.024,20.35,0,0,0,2,781.7,0,0,-2051,60.105,9.75E-02,0,6.69841708888889,-0.74,300,0,3744.6,60,5.49E-02,0
1/28/20 18:19,147.75,147.708333333333,0,0,4672.324,20.35,0,0,0,2,781.7,0,0,-2051,60.1863323333333,9.95E-02,0,6.69857915555556,-0.74,300,0,3744.6,60,5.12E-02,0
1/28/20 18:24,147.833333333333,147.791666666667,0,0,4672.624,20.35,0,0,0,2,781.7,0,0,-2051,60.2554733333333,9.81E-02,0,6.69842084444444,-0.74,300,0,3744.6,60,5.39E-02,0
1/28/20 18:29,147.916666666667,147.875,0,0,4672.924,20.35,0,0,0,2,781.7,0,0,-2051,60.1578563333333,9.88E-02,0,6.69899624444445,-0.74,300,0,3744.6,60,5.76E-02,0
1/28/20 18:34,148,147.958333333333,0,0,4673.224,20.35,0,0,0,2,781.7,0,0,-2051,60.105338,9.85E-02,0,6.699,-0.74,300,0,3744.6,60,5.49E-02,0
1/28/20 18:39,148.083333333333,148.041666666667,0,0,4673.524,20.35,0,0,0,2,781.7,0,0,-2051,60.142538,9.75E-02,0,6.699,-0.74,300,0,3744.6,60,5.39E-02,0
1/28/20 18:44,148.166666666667,148.125,0,0,4673.824,20.35,0,0,0,2,781.7,0,0,-2051,60.157124,9.71E-02,0,6.69983417777778,-0.74,300,0,3744.6,60,5.76E-02,0
1/28/20 18:49,148.25,148.208333333333,0,0,4674.124,20.35,0,0,0,2,781.7,0,0,-2051,60.142876,9.79E-02,0,6.7005754,-0.74,300,0,3744.6,60,0.0576,0
1/28/20 18:54,148.333333333333,148.291666666667,0,0,4674.424,20.35,0,0,0,2,781.7,0,0,-2051,60.157124,9.80E-02,0,6.70042084444444,-0.74,300,0,3744.6,60,0.0576,0
1/28/20 18:59,148.416666666667,148.375,0,0,4674.724,20.35,0,0,0,2,781.7,0,0,-2051,60.105338,0.0980308,0,6.70099624444445,-0.74,300,0,3744.6,60,5.49E-02,0
1/28/20 19:04,148.5,148.458333333333,0,0,4675.024,20.35,0,0,0,2,781.7,0,0,-2051,60.142538,9.62E-02,0,6.701,-0.74,300,0,3744.6,60,5.12E-02,0
1/28/20 19:09,148.583333333333,148.541666666667,0,0,4675.324,20.35,0,0,0,2,781.7,0,0,-2051,60.194662,9.82E-02,0,6.701,-0.74,300,0,3744.6,60,5.39E-02,0
1/28/20 19:14,148.666666666667,148.625,0,0,4675.624,20.35,0,0,0,2,781.7,0,0,-2051,60.195,9.92E-02,0,6.701,-0.74,300,0,3744.6,60,5.49E-02,0
1/28/20 19:19,148.75,148.708333333333,0,0,4675.924,20.35,0,0,0,2,781.7,0,0,-2051.29196222222,60.195,9.83E-02,0,6.70141708888889,-0.74,300,0,3744.6,60,5.12E-02,0
1/28/20 19:24,148.833333333333,148.791666666667,0,0,4676.224,20.35,0,0,0,2,781.7,0,0,-2051.69737111111,60.157462,9.95E-02,0,6.70157915555556,-0.74,300,0,3744.6,60,0.0512,0
1/28/20 19:29,148.916666666667,148.875,0,0,4676.524,20.35,0,0,0,2,781.7,0,0,-2051.7,60.142876,9.78E-02,0,6.70142084444444,-0.74,300,0,3744.6,60,5.39E-02,0
1/28/20 19:34,149,148.958333333333,0,0,4676.824,20.35,0,0,0,2,781.7,0,0,-2051.7,60.157124,9.57E-02,0,6.70199624444444,-0.74,300,0,3744.6,60,5.49E-02,0
1/28/20 19:39,149.083333333333,149.041666666667,0,0,4677.124,20.35,0,0,0,2,781.7,0,0,-2051.7,60.142876,9.72E-02,0,6.702,-0.74,300,0,3744.6,60,5.12E-02,0
1/28/20 19:44,149.166666666667,149.125,0,0,4677.424,20.35,0,0,0,2,781.7,0,0,-2051.7,60.157124,0.0983631,0,6.702,-0.74,300,0,3744.6,60,0.0512,0
1/28/20 19:49,149.25,149.208333333333,0,0,4677.724,20.35,0,0,0,2,781.7,0,0,-2051.7,60.105338,9.81E-02,0,6.702,-0.74,300,0,3744.6,60,0.0512,0
1/28/20 19:54,149.333333333333,149.291666666667,0,0,4678.024,20.35,0,0,0,2,781.7,0,0,-2051.7,60.105,9.86E-02,0,6.702,-0.74,300,0,3744.6,60,0.0512,0
1/28/20 19:59,149.416666666667,149.375,0,0,4678.324,20.35,0,0,0,2,781.7,0,0,-2051.7,60.105,9.78E-02,0,6.702,-0.74,300,0,3744.6,60,0.0512,0
1/28/20 20:04,149.5,149.458333333333,0,0,4678.624,20.35,0,0,0,2,781.7,0,0,-2051.99196222222,60.142538,9.81E-02,0,6.702,-0.74,300,0,3744.6,60,0.0512,0
1/28/20 20:09,149.583333333333,149.541666666667,0,0,4678.924,20.35,0,0,0,2,781.7,0,0,-2052.39737111111,60.194662,9.90E-02,0,6.70241708888889,-0.74,300,0,3744.6,60,0.0512,0
1/28/20 20:14,149.666666666667,149.625,0,0,4679.224,20.35,0,0,0,2,781.7,0,0,-2052.4,60.157462,9.82E-02,0,6.70341333333333,-0.74,300,0,3744.6,60,0.0512,0
1/28/20 20:19,149.75,149.708333333333,0,0,4679.524,20.35,0,0,0,2,781.7,0,0,-2052.4,60.105338,9.72E-02,0,6.70399624444444,-0.74,300,0,3744.6,60,0.0512,0
1/28/20 20:24,149.833333333333,149.791666666667,0,0,4679.824,20.35,0,0,0,2,781.7,0,0,-2052.4,60.105,9.75E-02,0,6.704,-0.74,300,0,3744.6,60,0.0512,0
1/28/20 20:29,149.916666666667,149.875,0,0,4680.124,20.35,0,0,0,2,781.7,0,0,-2052.4,60.105,9.81E-02,0,6.704,-0.74,300,0,3744.6,60,0.0512,0
1/28/20 20:34,150,149.958333333333,0,0,4680.424,20.35,0,0,0,2,781.7,0,0,-2052.4,60.105,9.84E-02,0,6.704,-0.74,300,0,3744.6,60,0.0512,0
1/28/20 20:39,150.083333333333,150.041666666667,0,0,4680.724,20.35,0,0,0,2,781.7,0,0,-2052.4,60.142538,9.65E-02,0,6.704,-0.74,300,0,3744.6,60,0.0512,0
1/28/20 20:44,150.166666666667,150.125,0,0,4681.024,20.35,0,0,0,2,781.7,0,0,-2052.4,60.157124,9.56E-02,0,6.704,-0.74,300,0,3744.6,60,0.0512,0
1/28/20 20:49,150.25,150.208333333333,0,0,4681.324,20.35,0,0,0,2,781.7,0,0,-2052.4,60.142876,9.61E-02,0,6.704,-0.74,300,0,3744.6,60,0.0512,0
1/28/20 20:54,150.333333333333,150.291666666667,0,0,4681.624,20.35,0,0,0,2,781.7,0,0,-2052.4,60.157124,9.63E-02,0,6.704,-0.74,300,0,3744.6,60,0.0512,0
1/28/20 20:59,150.416666666667,150.375,0,0,4681.924,20.35,0,0,0,2,781.7,0,0,-2052.10803777778,60.142876,9.75E-02,0,6.704,-0.74,300,0,3744.6,60,0.0512,0
1/28/20 21:04,150.5,150.458333333333,0,0,4682.224,20.35,0,0,0,2,781.7,0,0,-2051.99459111111,60.157124,9.81E-02,0,6.704,-0.74,300,0,3744.6,60,0.0512,0
1/28/20 21:09,150.583333333333,150.541666666667,0,0,4682.524,20.35,0,0,0,2,781.7,0,0,-2052.39737111111,60.105338,0.09962,0,6.704,-0.74,300,0,3744.6,60,0.0512,0
1/28/20 21:14,150.666666666667,150.625,0,0,4682.824,20.35,0,0,0,2,781.7,0,0,-2052.4,60.142538,0.100285822222222,0,6.704,-0.74,300,0,3744.6,60,0.0512,0
1/28/20 21:19,150.75,150.708333333333,0,0,4683.124,20.35,0,0,0,2,781.7,0,0,-2052.4,60.157124,9.96E-02,0,6.704,-0.74,300,0,3744.6,60,0.0512,0
1/28/20 21:24,150.833333333333,150.791666666667,0,0,4683.424,20.35,0,0,0,2,781.7,0,0,-2052.4,60.105338,9.84E-02,0,6.704,-0.74,300,0,3744.6,60,0.0512,0
1/28/20 21:29,150.916666666667,150.875,0,0,4683.724,20.35,0,0,0,2,781.7,0,0,-2052.4,60.105,9.63E-02,0,6.704,-0.74,300,0,3744.6,60,0.0512,0
1/28/20 21:34,151,150.958333333333,0,0,4684.02358429679,20.35,0,0,0,2,781.7,0,0,-2052.4,60.1424132890365,9.62E-02,0,6.70441570321152,-0.74,300,0,3744.6,60,0.0512,0
1/28/20 21:39,151.083333333333,151.041666666667,0,0,4684.32300403654,20.35,0,0,0,2,781.7,0,0,-2052.4,60.1946367109635,0.097862778820598,0,6.70499596345515,-0.74,300,0,3744.6,60,0.0512,0
1/28/20 21:44,151.166666666667,151.125,0,0,4684.623,20.35,0,0,0,2,781.7,0,0,-2052.4,60.17636775,0.09845525,0,6.70458595,-0.74,300,0,3744.6,60,0.0512,0
1/28/20 21:49,151.25,151.208333333333,0,0,4684.923,20.35,0,0,0,2,781.7,0,0,-2052.4,60.1688145,0.0986226,0,6.7044181,-0.74,300,0,3744.6,60,0.0512,0
1/28/20 21:54,151.333333333333,151.291666666667,0,0,4685.223,20.35,0,0,0,2,781.7,0,0,-2052.4,60.15755325,0.095604175,0,6.70499595,-0.74,300,0,3744.6,60,0.05384992,0
1/28/20 21:59,151.416666666667,151.375,0,0,4685.523,20.35,0,0,0,2,781.7,0,0,-2052.4,60.1053645,0.09666025,0,6.70458595,-0.74,300,0,3744.6,60,0.05492416,0
1/28/20 22:04,151.5,151.458333333333,0,0,4685.823,20.35,0,0,0,2,781.7,0,0,-2052.4,60.1422645,0.098362725,0,6.70400405,-0.74,300,0,3744.6,60,0.05122592,0
1/28/20 22:09,151.583333333333,151.541666666667,0,0,4686.123,20.35,0,0,0,2,781.7,0,0,-2052.4,60.1946355,0.09812715,0,6.70441405,-0.74,300,0,3744.6,60,0.0512,0
1/28/20 22:14,151.666666666667,151.625,0,0,4686.423,20.35,0,0,0,2,781.7,0,0,-2052.4,60.1577355,0.098993925,0,6.70499595,-0.74,300,0,3744.6,60,0.0512,0
1/28/20 22:19,151.75,151.708333333333,0,0,4686.723,20.35,0,0,0,2,781.7,0,0,-2052.4,60.142629,0.097964875,0,6.705,-0.74,300,0,3744.6,60,0.0512,0
1/28/20 22:24,151.833333333333,151.791666666667,0,0,4687.023,20.35,0,0,0,2,781.7,0,0,-2052.4,60.157371,0.096924175,0,6.70458595,-0.74,300,0,3744.6,60,0.0512,0
1/28/20 22:29,151.916666666667,151.875,0,0,4687.323,20.35,0,0,0,2,781.7,0,0,-2052.4,60.1053645,0.0987381,0,6.70400405,-0.74,300,0,3744.6,60,0.0512,0
1/28/20 22:34,152,151.958333333333,0,0,4687.623,20.35,0,0,0,2,781.7,0,0,-2052.4,60.1422645,0.098624625,0,6.704,-0.74,300,0,3744.6,60,0.0512,0
1/28/20 22:39,152.083333333333,152.041666666667,0,0,4687.923,20.35,0,0,0,2,781.7,0,0,-2052.4,60.1946355,0.096018225,0,6.704,-0.74,300,0,3744.6,60,0.0512,0
1/28/20 22:44,152.166666666667,152.125,0,0,4688.223,20.35,0,0,0,2,781.7,0,0,-2052.4,60.195,0.09558595,0,6.704,-0.74,300,0,3744.6,60,0.0512,0
1/28/20 22:49,152.25,152.208333333333,0,0,4688.523,20.35,0,0,0,2,781.7,0,0,-2052.4,60.1577355,0.0962462,0,6.704,-0.74,300,0,3744.6,60,0.0512,0
1/28/20 22:54,152.333333333333,152.291666666667,0,0,4688.823,20.35,0,0,0,2,781.7,0,0,-2052.4,60.1053645,0.098194875,0,6.704,-0.74,300,0,3744.6,60,0.0512,0
1/28/20 22:59,152.416666666667,152.375,0,0,4689.123,20.35,0,0,0,2,781.7,0,0,-2052.4,60.1422645,0.0970488,0,6.704,-0.74,300,0,3744.6,60,0.0512,0
1/28/20 23:04,152.5,152.458333333333,0,0,4689.423,20.35,0,0,0,2,781.7,0,0,-2052.4,60.157371,0.0960493,0,6.704,-0.74,300,0,3744.6,60,0.0512,0
1/28/20 23:09,152.583333333333,152.541666666667,0,0,4689.723,20.35,0,0,0,2,781.7,0,0,-2052.4,60.142629,0.0976969,0,6.704,-0.74,300,0,3744.6,60,0.0512,0
1/28/20 23:14,152.666666666667,152.625,0,0,4690.023,20.35,0,0,0,2,781.7,0,0,-2052.689835,60.1946355,0.09861905,0,6.704,-0.74,300,0,3744.6,60,0.0512,0
1/28/20 23:19,152.75,152.708333333333,0,0,4690.323,20.35,0,0,0,2,781.7,0,0,-2053.097165,60.11426025,0.09804475,0,6.704,-0.74,300,0,3744.6,60,0.0512,0
1/28/20 23:24,152.833333333333,152.791666666667,0,0,4690.623,20.35,0,0,0,2,781.7,0,0,-2053.1,60.044265,0.09663525,0,6.70441405,-0.74,300,0,3744.6,60,0.0512,0
1/28/20 23:29,152.916666666667,152.875,0,0,4690.923,20.35,0,0,0,2,781.7,0,0,-2053.1,60.10457475,0.098115,0,6.7045819,-0.74,300,0,3744.6,60,0.0512,0
1/28/20 23:34,153,152.958333333333,0,0,4691.223,20.35,0,0,0,2,781.7,0,0,-2053.1,60.105,0.098165825,0,6.70400405,-0.74,300,0,3744.6,60,0.0512,0
1/28/20 23:39,153.083333333333,153.041666666667,0,0,4691.523,20.35,0,0,0,2,781.7,0,0,-2053.1,60.105,0.096387025,0,6.704,-0.74,300,0,3744.6,60,0.0512,0
1/28/20 23:44,153.166666666667,153.125,0,0,4691.698785,20.35,0,0,0,2,781.7,0,0,-2053.1,59.980785,0.096748225,0,6.704,-0.74,300,0,3744.6,60,0.04855008,0
1/28/20 23:49,153.25,153.208333333333,0,0,4691.7,20.35,0,0,0,2,781.7,0,0,-2053.1,59.93043,0.098694875,0,6.704,-0.74,300,0,3744.6,60,0.04482592,0
1/28/20 23:54,153.333333333333,153.291666666667,0,0,4691.7,20.35,0,0,0,2,781.7,0,0,-2053.1,60.06030975,0.099412025,0,6.704,-0.74,300,0,3744.6,60,0.0448,0
1/28/20 23:59,153.416666666667,153.375,0,0,4691.7,20.35,0,0,0,2,781.7,0,0,-2053.1,60.031479,0.0987538,0,6.704,-0.74,300,0,3744.6,60,0.0448,0
1/29/20 0:04,153.5,153.458333333333,0,0,4691.7,20.35,0,0,0,2,781.7,0,0,-2053.1,60.08711775,0.097219175,0,6.704,-0.74,300,0,3744.6,60,0.0448,0
1/29/20 0:09,153.583333333333,153.541666666667,0,0,4691.7,20.35,0,0,0,2,781.7,0,0,-2053.1,60.06140325,0.097912025,0,6.704,-0.74,300,0,3744.6,60,0.0448,0
1/29/20 0:14,153.666666666667,153.625,0,0,4691.7,20.35,0,0,0,2,781.7,0,0,-2053.1,60.0439005,0.0980819,0,6.704,-0.74,300,0,3744.6,60,0.0448,0
1/29/20 0:19,153.75,153.708333333333,0,0,4691.7,20.35,0,0,0,2,781.7,0,0,-2053.1,60.10457475,0.098125125,0,6.704,-0.74,300,0,3744.6,60,0.0448,0
1/29/20 0:24,153.833333333333,153.791666666667,0,0,4691.7,20.35,0,0,0,2,781.7,0,0,-2053.1,60.105,0.0987869,0,6.704,-0.74,300,0,3744.6,60,0.0448,0
1/29/20 0:29,153.916666666667,153.875,0,0,4691.7,20.35,0,0,0,2,781.7,0,0,-2053.1,60.105,0.098502025,0,6.704,-0.74,300,0,3744.6,60,0.0448,0
1/29/20 0:34,154,153.958333333333,0,0,4691.7,20.35,0,0,0,2,781.7,0,0,-2053.1,60.105,0.097878925,0,6.704,-0.74,300,0,3744.6,60,0.0448,0
1/29/20 0:39,154.083333333333,154.041666666667,0,0,4691.7,20.35,0,0,0,2,781.7,0,0,-2053.1,60.105,0.096592025,0,6.704,-0.74,300,0,3744.6,60,0.0448,0
1/29/20 0:44,154.166666666667,154.125,0,0,4691.7,20.35,0,0,0,2,781.7,0,0,-2053.1,60.105,0.096625125,0,6.704,-0.74,300,0,3744.6,60,0.0448,0
1/29/20 0:49,154.25,154.208333333333,0,0,4691.7,20.35,0,0,0,2,781.7,0,0,-2053.1,60.105,0.0972869,0,6.704,-0.74,300,0,3744.6,60,0.0448,0
1/29/20 0:54,154.333333333333,154.291666666667,0,0,4691.7,20.35,0,0,0,2,781.7,0,0,-2053.1,60.105,0.097830125,0,6.704,-0.74,300,0,3744.6,60,0.0448,0
1/29/20 0:59,154.416666666667,154.375,0,0,4691.7,20.35,0,0,0,2,781.7,0,0,-2053.1,60.105,0.0989919,0,6.704,-0.74,300,0,3744.6,60,0.0448,0
1/29/20 1:04,154.5,154.458333333333,0,0,4691.7,20.35,0,0,0,2,781.7,0,0,-2053.1,60.06152475,0.0981719,0,6.704,-0.74,300,0,3744.6,60,0.0448,0
1/29/20 1:09,154.583333333333,154.541666666667,0,0,4691.7,20.35,0,0,0,2,781.7,0,0,-2053.1,60.031479,0.097629175,0,6.704,-0.74,300,0,3744.6,60,0.0448,0
1/29/20 1:14,154.666666666667,154.625,0,0,4691.7,20.35,0,0,0,2,781.7,0,0,-2053.1,60.08711775,0.09870095,0,6.704,-0.74,300,0,3744.6,60,0.0448,0
1/29/20 1:19,154.75,154.708333333333,0,0,4691.7,20.35,0,0,0,2,781.7,0,0,-2053.1,60.1048785,0.099412025,0,6.70358595,-0.74,300,0,3744.6,60,0.0448,0
1/29/20 1:24,154.833333333333,154.791666666667,0,0,4691.7,20.35,0,0,0,2,781.7,0,0,-2053.1,60.105,0.09916785,0,6.70300405,-0.74,300,0,3744.6,60,0.0448,0
1/29/20 1:29,154.916666666667,154.875,0,0,4691.7,20.35,0,0,0,2,781.7,0,0,-2053.1,60.105,0.09925025,0,6.70258595,-0.74,300,0,3744.6,60,0.0448,0
1/29/20 1:34,155,154.958333333333,0,0,4691.7,20.35,0,0,0,2,781.7,0,0,-2053.1,60.105,0.1005738,0,6.70200405,-0.74,300,0,3744.6,60,0.0448,0
1/29/20 1:39,155.083333333333,155.041666666667,0,0,4691.7,20.35,0,0,0,2,781.7,0,0,-2053.1,60.06152475,0.0979338,0,6.702,-0.74,300,0,3744.6,60,0.0448,0
1/29/20 1:44,155.166666666667,155.125,0,0,4691.7,20.35,0,0,0,2,781.7,0,0,-2053.1,60.0439005,0.096883475,0,6.702,-0.74,300,0,3744.6,60,0.0448,0
1/29/20 1:49,155.25,155.208333333333,0,0,4691.7,20.35,0,0,0.041405,2,781.7,0,0,-2053.1,60.0610995,0.098653675,0,6.702,-0.74,300,0,3744.6,60,0.0448,0
1/29/20 1:54,155.333333333333,155.291666666667,0,0,4691.7,20.35,0,0,0.099595,2,781.7,0,0,-2053.1,60.00042525,0.0975081,0,6.702,-0.74,300,0,3744.6,60,0.0448,0
1/29/20 1:59,155.416666666667,155.375,0,0,4691.7,20.35,0,0,0.1,2,781.7,0,0,-2053.1,60.04347525,0.09791405,0,6.702,-0.74,300,0,3744.6,60,0.0448,0
1/29/20 2:04,155.5,155.458333333333,0,0,4691.7,20.35,0,0,0.1,2,781.7,0,0,-2053.1,60.0610995,0.0997381,0,6.702,-0.74,300,0,3744.6,60,0.0448,0
1/29/20 2:09,155.583333333333,155.541666666667,0,0,4691.7,20.35,0,0,0.1,2,781.7,0,0,-2053.1,60.0439005,0.099624625,0,6.702,-0.74,300,0,3744.6,60,0.0448,0
1/29/20 2:14,155.666666666667,155.625,0,0,4691.7,20.35,0,0,0.1,2,781.7,0,0,-2053.1,60.10457475,0.096604175,0,6.702,-0.74,300,0,3744.6,60,0.0448,0
1/29/20 2:19,155.75,155.708333333333,0,0,4691.7,20.35,0,0,0.1,2,781.7,0,0,-2053.1,60.105,0.09683215,0,6.702,-0.74,300,0,3744.6,60,0.04744992,0
1/29/20 2:24,155.833333333333,155.791666666667,0,0,4691.7,20.35,0,0,0.1,2,781.7,0,0,-2053.1,60.06152475,0.09757785,0,6.702,-0.74,300,0,3744.6,60,0.05117408,0
1/29/20 2:29,155.916666666667,155.875,0,0,4691.7,20.35,0,0,0.1,2,781.7,0,0,-2053.1,60.01284675,0.09783215,0,6.702,-0.74,300,0,3744.6,60,0.0512,0
1/29/20 2:34,156,155.958333333333,0,0,4691.7,20.35,0,0,0.1,2,781.7,0,0,-2053.1,60.06093225,0.0989919,0,6.702,-0.74,300,0,3744.6,60,0.0512,0
1/29/20 2:39,156.083333333333,156.041666666667,0,0,4691.7,20.35,0,0,0.1,2,781.7,0,0,-2053.1,60.10469625,0.0981719,0,6.702,-0.74,300,0,3744.6,60,0.0512,0
1/29/20 2:44,156.166666666667,156.125,0,0,4691.7,20.35,0,0,0.1,2,781.7,0,0,-2053.1,60.105,0.098043225,0,6.702,-0.74,300,0,3744.6,60,0.0512,0
1/29/20 2:49,156.25,156.208333333333,0,0,4691.7,20.35,0,0,0.1,2,781.7,0,0,-2053.1,60.105,0.09845475,0,6.702,-0.74,300,0,3744.6,60,0.0512,0
1/29/20 2:54,156.333333333333,156.291666666667,0,0,4691.7,20.35,0,0,0.1,2,781.7,0,0,-2053.1,60.105,0.097838225,0,6.702,-0.74,300,0,3744.6,60,0.0512,0
1/29/20 2:59,156.416666666667,156.375,0,0,4691.7,20.35,0,0,0.1,2,781.7,0,0,-2053.1,60.105,0.09774975,0,6.702,-0.74,300,0,3744.6,60,0.0512,0
1/29/20 3:04,156.5,156.458333333333,0,0,4691.7,20.35,0,0,0.1,2,781.7,0,0,-2053.1,60.06152475,0.097047275,0,6.702,-0.74,300,0,3744.6,60,0.0512,0
1/29/20 3:09,156.583333333333,156.541666666667,0,0,4691.7,20.35,0,0,0.141405,2,781.7,0,0,-2053.1,60.01284675,0.098489875,0,6.702,-0.74,300,0,3744.6,60,0.0512,0
1/29/20 3:14,156.666666666667,156.625,0,0,4691.7,20.35,0,0,0.199595,2,781.7,0,0,-2053.1,60.06093225,0.09725785,0,6.702,-0.74,300,0,3744.6,60,0.05384992,0
1/29/20 3:19,156.75,156.708333333333,0,0,4691.7,20.35,0,0,0.2,2,781.7,0,0,-2053.1,60.10469625,0.095305125,0,6.702,-0.74,300,0,3744.6,60,0.05492416,0
1/29/20 3:24,156.833333333333,156.791666666667,0,0,4691.7,20.35,0,0,0.2,2,781.7,0,0,-2053.1,60.06152475,0.09686525,0,6.702,-0.74,300,0,3744.6,60,0.05122592,0
1/29/20 3:29,156.916666666667,156.875,0,0,4691.7,20.35,0,0,0.2,2,781.7,0,0,-2053.1,60.0439005,0.098653675,0,6.702,-0.74,300,0,3744.6,60,0.0512,0
1/29/20 3:34,157,156.958333333333,0,0,4691.7,20.35,0,0,0.2,2,781.7,0,0,-2053.1,60.10457475,0.0975081,0,6.702,-0.74,300,0,3744.6,60,0.0512,0
1/29/20 3:39,157.083333333333,157.041666666667,0,0,4691.7,20.35,0,0,0.2,2,781.7,0,0,-2053.1,60.06152475,0.098121075,0,6.702,-0.74,300,0,3744.6,60,0.0512,0
1/29/20 3:44,157.166666666667,157.125,0,0,4691.7,20.35,0,0,0.2,2,781.7,0,0,-2053.1,60.00042525,0.099407975,0,6.702,-0.74,300,0,3744.6,60,0.0512,0
1/29/20 3:49,157.25,157.208333333333,0,0,4691.7,20.35,0,0,0.2,2,781.7,0,0,-2053.389835,60,0.09916785,0,6.70158595,-0.74,300,0,3744.6,60,0.0512,0
1/29/20 3:54,157.333333333333,157.291666666667,0,0,4691.7,20.35,0,0,0.2,2,781.7,0,0,-2053.797165,60,0.098215125,0,6.70100405,-0.74,300,0,3744.6,60,0.0512,0
1/29/20 3:59,157.416666666667,157.375,0,0,4691.7,20.35,0,0,0.2,2,781.7,0,0,-2053.8,60.08073975,0.097669875,0,6.701,-0.74,300,0,3744.6,60,0.0512,0
1/29/20 4:04,157.5,157.458333333333,0,0,4691.7,20.35,0,0,0.2,2,781.7,0,0,-2053.8,60.15694575,0.097957275,0,6.701,-0.74,300,0,3744.6,60,0.0512,0
1/29/20 4:09,157.583333333333,157.541666666667,0,0,4691.7,20.35,0,0,0.2,2,781.7,0,0,-2053.8,60.1053645,0.098329625,0,6.701,-0.74,300,0,3744.6,60,0.0512,0
1/29/20 4:14,157.666666666667,157.625,0,0,4691.7,20.35,0,0,0.2,2,781.7,0,0,-2053.8,60.105,0.096223225,0,6.701,-0.74,300,0,3744.6,60,0.0512,0
1/29/20 4:19,157.75,157.708333333333,0,0,4691.7,20.35,0,0,0.2,2,781.7,0,0,-2053.8,60.105,0.09711905,0,6.701,-0.74,300,0,3744.6,60,0.0512,0
1/29/20 4:24,157.833333333333,157.791666666667,0,0,4691.7,20.35,0,0,0.2,2,781.7,0,0,-2053.8,60.105,0.097579875,0,6.70058595,-0.74,300,0,3744.6,60,0.0512,0
1/29/20 4:29,157.916666666667,157.875,0,0,4691.7,20.35,0,0,0.2,2,781.7,0,0,-2053.8,60.105,0.098039175,0,6.7004181,-0.74,300,0,3744.6,60,0.0512,0
1/29/20 4:34,158,157.958333333333,0,0,4691.7,20.35,0,0,0.241405,2,781.7,0,0,-2053.8,60.105,0.100317975,0,6.70099595,-0.74,300,0,3744.6,60,0.04855008,0
1/29/20 4:39,158.083333333333,158.041666666667,0,0,4691.7,20.35,0,0,0.299595,2,781.7,0,0,-2053.8,60.105,0.100456775,0,6.7001719,-0.74,300,0,3744.6,60,0.04482592,0
1/29/20 4:44,158.166666666667,158.125,0,0,4691.7,20.35,0,0,0.3,2,781.7,0,0,-2053.8,60.105,0.097772101744186,0,6.6990081,-0.74,300,0,3744.6,60,0.0448,0
1/29/20 4:49,158.25,158.208333333333,0,0,4691.7,20.35,0,0,0.3,2,781.7,0,0,-2053.8,60.105,9.75E-02,0,6.699,-0.74,300,0,3744.6,60,0.0448,0
1/29/20 4:54,158.333333333333,158.291666666667,0,0,4691.7,20.35,0,0,0.3,2,781.7,0,0,-2053.8,60.105,9.95E-02,0,6.699,-0.74,300,0,3744.6,60,0.0448,0
1/29/20 4:59,158.416666666667,158.375,0,0,4691.7,20.35,0,0,0.3,2,781.7,0,0,-2053.8,60.105,9.81E-02,0,6.699,-0.74,300,0,3744.6,60,0.0448,0
1/29/20 5:04,158.5,158.458333333333,0,0,4691.7,20.35,0,0,0.3,2,781.7,0,0,-2053.8,60.0618426666667,9.60E-02,0,6.699,-0.74,300,0,3744.6,60,0.0448,0
1/29/20 5:09,158.583333333333,158.541666666667,0,0,4691.7,20.35,0,0,0.3,2,781.7,0,0,-2053.8,60.0004573333333,9.76E-02,0,6.699,-0.74,300,0,3744.6,60,0.0448,0
1/29/20 5:14,158.666666666667,158.625,0,0,4691.7,20.35,0,0,0.3,2,781.7,0,0,-2053.8,60.0431573333333,9.87E-02,0,6.699,-0.74,300,0,3744.6,60,0.0448,0
1/29/20 5:19,158.75,158.708333333333,0,0,4691.7,20.35,0,0,0.3,2,781.7,0,0,-2053.8,60.1045426666667,9.72E-02,0,6.699,-0.74,300,0,3744.6,60,0.0448,0
1/29/20 5:24,158.833333333333,158.791666666667,0,0,4691.7,20.35,0,0,0.3,2,781.7,0,0,-2053.8,60.105,9.79E-02,0,6.699,-0.74,300,0,3744.6,60,0.0448,0
1/29/20 5:29,158.916666666667,158.875,0,0,4691.7,20.35,0,0,0.3,2,781.7,0,0,-2053.8,60.105,9.75E-02,0,6.699,-0.74,300,0,3744.6,60,0.0448,0
1/29/20 5:34,159,158.958333333333,0,0,4691.7,20.35,0,0,0.3,2,781.7,0,0,-2053.8,60.105,9.64E-02,0,6.699,-0.74,300,0,3744.6,60,0.0448,0
1/29/20 5:39,159.083333333333,159.041666666667,0,0,4691.7,20.35,0,0,0.3,2,781.7,0,0,-2053.8,60.141992,9.70E-02,0,6.699,-0.74,300,0,3744.6,60,4.74E-02,0
1/29/20 5:44,159.166666666667,159.125,0,0,4691.7,20.35,0,0,0.3,2,781.7,0,0,-2053.8,60.157616,9.76E-02,0,6.699,-0.74,300,0,3744.6,60,5.12E-02,0
1/29/20 5:49,159.25,159.208333333333,0,0,4691.7,20.35,0,0,0.341102222222222,2,781.7,0,0,-2053.8,60.105392,9.85E-02,0,6.699,-0.74,300,0,3744.6,60,0.0512,0
1/29/20 5:54,159.333333333333,159.291666666667,0,0,4691.7,20.35,0,0,0.399564444444445,2,781.7,0,0,-2053.51228444444,60.0803386666667,9.87E-02,0,6.699,-0.74,300,0,3744.6,60,0.0512,0
1/29/20 5:59,159.416666666667,159.375,0,0,4691.7,20.35,0,0,0.4,2,781.7,0,0,-2053.39076444444,60.0699226666667,9.71E-02,0,6.699,-0.74,300,0,3744.6,60,0.0512,0
1/29/20 6:04,159.5,159.458333333333,0,0,4691.7,20.35,0,0,0.4,2,781.7,0,0,-2053.79695111111,60.1047386666667,0.0963692,0,6.699,-0.74,300,0,3744.6,60,0.0512,0
1/29/20 6:09,159.583333333333,159.541666666667,0,0,4691.7,20.35,0,0,0.4,2,781.7,0,0,-2053.8,60.123496,9.88E-02,0,6.69858897777778,-0.74,300,0,3744.6,60,0.0512,0
1/29/20 6:14,159.666666666667,159.625,0,0,4691.7,20.35,0,0,0.4,2,781.7,0,0,-2053.8,60.131308,9.79E-02,0,6.69800435555556,-0.74,300,0,3744.6,60,0.0512,0
1/29/20 6:19,159.75,159.708333333333,0,0,4691.7,20.35,0,0,0.4,2,781.7,0,0,-2053.8,60.105196,9.87E-02,0,6.698,-0.74,300,0,3744.6,60,0.0512,0
1/29/20 6:24,159.833333333333,159.791666666667,0,0,4691.7,20.35,0,0,0.4,2,781.7,0,0,-2053.8,60.105,1.00E-01,0,6.698,-0.74,300,0,3744.6,60,0.0512,0
1/29/20 6:29,159.916666666667,159.875,0,0,4691.7,20.35,0,0,0.4,2,781.7,0,0,-2053.8,60.105,9.79E-02,0,6.698,-0.74,300,0,3744.6,60,0.0512,0
1/29/20 6:34,160,159.958333333333,0,0,4691.7,20.35,0,0,0.4,2,781.7,0,0,-2053.8,60.105,9.70E-02,0,6.698,-0.74,300,0,3744.6,60,0.0512,0
1/29/20 6:39,160.083333333333,160.041666666667,0,0,4691.7,20.35,0,0,0.4,2,781.7,0,0,-2053.8,60.105,0.097,0,6.698,-0.74,300,0,3744.6,60,0.0512,0
1/29/20 6:44,160.166666666667,160.125,0,0,4691.7,20.35,0,0,0.4,2,781.7,0,0,-2053.8,60.105,9.78E-02,0,6.698,-0.74,300,0,3744.6,60,0.0512,0
1/29/20 6:49,160.25,160.208333333333,0,0,4691.7,20.35,0,0,0.4,2,781.7,0,0,-2053.8,60.105,9.88E-02,0,6.698,-0.74,300,0,3744.6,60,0.0512,0
1/29/20 6:54,160.333333333333,160.291666666667,0,0,4691.7,20.35,0,0,0.4,2,781.7,0,0,-2053.8,60.141992,9.87E-02,0,6.698,-0.74,300,0,3744.6,60,0.0512,0
1/29/20 6:59,160.416666666667,160.375,0,0,4691.7,20.35,0,0,0.4,2,781.7,0,0,-2053.8,60.157616,9.74E-02,0,6.698,-0.74,300,0,3744.6,60,0.0512,0
1/29/20 7:04,160.5,160.458333333333,0,0,4691.7,20.35,0,0,0.4,2,781.7,0,0,-2053.8,60.105392,9.73E-02,0,6.698,-0.74,300,0,3744.6,60,0.0512,0
1/29/20 7:09,160.583333333333,160.541666666667,0,0,4691.7,20.35,0,0,0.441102222222222,2,781.7,0,0,-2053.8,60.105,9.90E-02,0,6.698,-0.74,300,0,3744.6,60,0.0512,0
1/29/20 7:14,160.666666666667,160.625,0,0,4691.7,20.35,0,0,0.499564444444444,2,781.7,0,0,-2053.8,60.141992,9.72E-02,0,6.698,-0.74,300,0,3744.6,60,0.0512,0
1/29/20 7:19,160.75,160.708333333333,0,0,4691.7,20.35,0,0,0.5,2,781.7,0,0,-2053.8,60.157616,9.73E-02,0,6.698,-0.74,300,0,3744.6,60,0.0512,0
1/29/20 7:24,160.833333333333,160.791666666667,0,0,4691.7,20.35,0,0,0.5,2,781.7,0,0,-2053.8,60.105392,9.78E-02,0,6.69717795555556,-0.74,300,0,3744.6,60,0.0512,0
1/29/20 7:29,160.916666666667,160.875,0,0,4691.7,20.35,0,0,0.5,2,781.7,0,0,-2053.8,60.141992,9.94E-02,0,6.69683075555556,-0.74,300,0,3744.6,60,0.0512,0
1/29/20 7:34,161,160.958333333333,0,0,4691.7,20.35,0,0,0.5,2,781.7,0,0,-2053.8,60.194608,9.90E-02,0,6.69716924444444,-0.74,300,0,3744.6,60,0.0512,0
1/29/20 7:39,161.083333333333,161.041666666667,0,0,4691.7,20.35,0,0,0.5,2,781.7,0,0,-2053.8,60.195,9.73E-02,0,6.69600871111111,-0.74,300,0,3744.6,60,0.0512,0
1/29/20 7:44,161.166666666667,161.125,0,0,4691.7,20.35,0,0,0.5,2,781.7,0,0,-2053.8,60.158008,9.89E-02,0,6.696,-0.74,300,0,3744.6,60,0.0512,0
1/29/20 7:49,161.25,161.208333333333,0,0,4691.7,20.35,0,0,0.5,2,781.7,0,0,-2053.8,60.142384,0.1014804,0,6.696,-0.74,300,0,3744.6,60,0.0512,0
1/29/20 7:54,161.333333333333,161.291666666667,0,0,4691.7,20.35,0,0,0.5,2,781.7,0,0,-2053.8,60.157616,0.100472444444444,0,6.696,-0.74,300,0,3744.6,60,0.0512,0
1/29/20 7:59,161.416666666667,161.375,0,0,4691.7,20.35,0,0,0.5,2,781.7,0,0,-2053.8,60.105392,9.90E-02,0,6.696,-0.74,300,0,3744.6,60,0.0512,0
1/29/20 8:04,161.5,161.458333333333,0,0,4691.7,20.35,0,0,0.5,2,781.7,0,0,-2053.8,60.105,9.84E-02,0,6.696,-0.74,300,0,3744.6,60,0.0512,0
1/29/20 8:09,161.583333333333,161.541666666667,0,0,4691.7,20.35,0,0,0.5,2,781.7,0,0,-2053.8,60.1358266666667,0.09689,0,6.696,-0.74,300,0,3744.6,60,0.0512,0
1/29/20 8:14,161.666666666667,161.625,0,0,4691.7,20.35,0,0,0.5,2,781.7,0,0,-2053.8,60.1488466666667,9.66E-02,0,6.696,-0.74,300,0,3744.6,60,0.0512,0
1/29/20 8:19,161.75,161.708333333333,0,0,4691.7,20.35,0,0,0.541102222222222,2,781.7,0,0,-2053.8,60.1053266666667,9.79E-02,0,6.696,-0.74,300,0,3744.6,60,0.0512,0
1/29/20 8:24,161.833333333333,161.791666666667,0,0,4691.7,20.35,0,0,0.599564444444444,2,781.7,0,0,-2053.8,60.2652986666667,9.81E-02,0,6.696,-0.74,300,0,3744.6,60,0.0512,0
1/29/20 8:29,161.916666666667,161.875,0,0,4691.7,20.35,0,0,0.6,2,781.7,0,0,-2053.8,60.3330026666667,9.79E-02,0,6.696,-0.74,300,0,3744.6,60,0.0512,0
1/29/20 8:34,162,161.958333333333,0,0,4691.7,20.35,0,0,0.6,2,781.7,0,0,-2053.8,60.1251946666667,9.87E-02,0,6.696,-0.74,300,0,3744.6,60,0.0512,0
1/29/20 8:39,162.083333333333,162.041666666667,0,0,4691.7,20.35,0,0,0.6,2,781.7,0,0,-2054.08771555556,60.1683,9.94E-02,0,6.696,-0.74,300,0,3744.6,60,5.38E-02,0
1/29/20 8:44,162.166666666667,162.125,0,0,4691.7,20.35,0,0,0.6,2,781.7,0,0,-2054.49695111111,60.194804,9.94E-02,0,6.696,-0.74,300,0,3744.6,60,5.76E-02,0
1/29/20 8:49,162.25,162.208333333333,0,0,4691.7,20.35,0,0,0.6,2,781.7,0,0,-2054.5,60.195,0.09789,0,6.696,-0.74,300,0,3744.6,60,0.0576,0
1/29/20 8:54,162.333333333333,162.291666666667,0,0,4691.7,20.35,0,0,0.6,2,781.7,0,0,-2054.5,60.158008,9.80E-02,0,6.696,-0.74,300,0,3744.6,60,0.0576,0
1/29/20 8:59,162.416666666667,162.375,0,0,4691.7,20.35,0,0,0.6,2,781.7,0,0,-2054.5,60.1115368504983,9.81E-02,0,6.696,-0.74,290,0,3744.6,60,0.0576,0
1/29/20 9:04,162.5,162.458333333333,0,0,4691.7,20.35,0,0,0.6,2,781.7,0,0,-2054.5,60.1138100661683,9.62E-02,0,6.696,-0.74,300,0,3744.6,60,5.50E-02,0
1/29/20 9:09,162.583333333333,162.541666666667,0,0,4691.7,20.35,0,0,0.6,2,781.7,0,0,-2054.5,60.1050700833333,9.63E-02,0,6.696,-0.74,300,0,3744.6,60,5.12E-02,0
1/29/20 9:14,162.666666666667,162.625,0,0,4691.7,20.35,0,0,0.6,2,781.7,0,0,-2054.5,60.105,9.66E-02,0,6.696,-0.74,300,0,3744.6,60,0.0512,0
1/29/20 9:19,162.75,162.708333333333,0,0,4691.7,20.35,0,0,0.6,2,781.7,0,0,-2054.5,60.1417205,0.098105,0,6.69559199444444,-0.74,300,0,3744.6,60,0.0512,0
1/29/20 9:24,162.833333333333,162.791666666667,0,0,4691.7,20.35,0,0,0.6,2,781.7,0,0,-2054.5,60.1945795,0.097768975,0,6.69500467222222,-0.74,300,0,3744.6,60,0.0512,0
1/29/20 9:29,162.916666666667,162.875,0,0,4691.7,20.35,0,0,0.640800555555556,2,781.7,0,0,-2054.5,60.195,9.70E-02,0,6.695,-0.74,300,0,3744.6,60,0.0512,0
1/29/20 9:34,163,162.958333333333,0,0,4691.7,20.35,0,0,0.699532777777778,2,781.7,0,0,-2054.5,60.195,9.85E-02,0,6.695,-0.74,300,0,3744.6,60,0.0512,0
1/29/20 9:39,163.083333333333,163.041666666667,0,0,4691.7,20.35,0,0,0.7,2,781.7,0,0,-2054.5,60.195,9.75E-02,0,6.695,-0.74,300,0,3744.6,60,4.86E-02,0
1/29/20 9:44,163.166666666667,163.125,0,0,4691.7,20.35,0,0,0.7,2,781.7,0,0,-2054.5,60.195,9.64E-02,0,6.695,-0.74,300,0,3744.6,60,4.48E-02,0
1/29/20 9:49,163.25,163.208333333333,0,0,4691.7,20.35,0,0,0.7,2,781.7,0,0,-2054.5,60.195,9.76E-02,0,6.695,-0.74,300,0,3744.6,60,0.0448,0
1/29/20 9:54,163.333333333333,163.291666666667,0,0,4691.7,20.35,0,0,0.7,2,781.7,0,0,-2054.5,60.1582795,0.099105,0,6.695,-0.74,300,0,3744.6,60,0.0448,0
1/29/20 9:59,163.416666666667,163.375,0,0,4691.7,20.35,0,0,0.7,2,781.7,0,0,-2054.5,60.142141,9.94E-02,0,6.695,-0.74,300,0,3744.6,60,4.74E-02,0
1/29/20 10:04,163.5,163.458333333333,0,0,4691.7,20.35,0,0,0.7,2,781.7,0,0,-2054.5,60.3169811666667,9.77E-02,0,6.695,-0.74,300,0,3744.6,60,4.86E-02,0
1/29/20 10:09,163.583333333333,163.541666666667,0,0,4691.7,20.35,0,0,0.7,2,781.7,0,0,-2054.5,60.3711966666667,9.85E-02,0,6.69663202222222,-0.74,278.333333333333,0,3744.6,60,4.74E-02,0
1/29/20 10:14,163.666666666667,163.625,0,0,4691.7,20.35,0,0,0.7,2,781.7,0,0,-2054.5,59.9638385,0.100456625,0,6.69979732222222,-0.74,100,0,3744.6,60,5.12E-02,0
1/29/20 10:19,163.75,163.708333333333,0,0,4691.7,20.35,0,0,0.7,2,781.7,0,0,-2054.5,59.8235058333333,9.90E-02,0,6.69976663888889,-0.74,100,0,3744.6,60,0.0512,0
1/29/20 10:24,163.833333333333,163.791666666667,0,0,4691.7,20.35,0,0,0.7,2,781.7,0,0,-2054.5,60.1394778333333,9.84E-02,0,6.69719800555556,-0.74,100,0,3744.6,60,0.0512,0
1/29/20 10:29,163.916666666667,163.875,0,0,4691.7,20.35,0,0,0.7,2,781.7,0,0,-2054.5,60.157859,9.73E-02,0,6.69600934444444,-0.74,100,0,3744.6,60,0.0512,0
1/29/20 10:34,164,163.958333333333,0,0,4691.7,20.35,0,0,0.7,2,781.7,0,0,-2054.5,60.142141,9.72E-02,0,6.696,-0.74,100,0,3744.6,60,0.0512,0
1/29/20 10:39,164.083333333333,164.041666666667,0,0,4691.7,20.35,0,0,0.7,2,781.7,0,0,-2054.78560388889,60.157859,9.75E-02,0,6.71191221666667,-0.74,100,0,3744.6,60,0.078048,0
1/29/20 10:44,164.166666666667,164.125,0,0,4691.7,20.35,0,0,0.740800555555555,2,781.7,0,0,-2055.48233333333,60.142141,9.81E-02,0,6.77235429444444,-0.74,100,0,3744.6,60,0.0576,0
1/29/20 10:49,164.25,164.208333333333,0,0,4691.7,20.35,0,0,0.799532777777778,2,781.7,0,0,-2056.46793722222,60.1945795,9.88E-02,0,6.86614669444444,-0.74,100,0,3744.6,60,0.0576,0
1/29/20 10:54,164.333333333333,164.291666666667,0,0,4691.7,20.35,0,0,0.8,2,781.7,0,0,-2057.29345888889,60.195,9.81E-02,0,6.94027502222222,-0.74,100,0,3744.6,60,0.0576,0
1/29/20 10:59,164.416666666667,164.375,0,0,4691.7,20.35,0,0,0.8,2,781.7,0,0,-2057.3,60.195,9.79E-02,0,6.96603245555556,-0.74,100,0,3744.6,60,0.0576,0
1/29/20 11:04,164.5,164.458333333333,0,0,4691.7,20.35,0,0,0.8,2,781.7,0,0,-2057.3,60.1154389166667,9.89E-02,0,6.96921,-0.74,100,0,3744.6,60,0.0576,0
1/29/20 11:09,164.583333333333,164.541666666667,0,0,4691.7,20.35,0,0,0.8,2,781.7,0,0,-2057.3,60.0437516666667,9.79E-02,0,6.97098598333333,-0.74,100,0,3744.6,60,0.0576,0
1/29/20 11:14,164.666666666667,164.625,0,0,4691.7,20.35,0,0,0.8,2,781.7,0,0,-2057.3,60.1412299166667,9.67E-02,0,6.971,-0.74,100,0,3744.6,60,0.0576,0
1/29/20 11:19,164.75,164.708333333333,0,0,4691.7,20.35,0,0,0.8,2,781.7,0,0,-2057.3,60.157859,9.81E-02,0,6.971,-0.74,100,0,3744.6,60,0.0576,0
1/29/20 11:24,164.833333333333,164.791666666667,0,0,4691.7,20.35,0,0,0.8,2,781.7,0,0,-2057.3,60.1054205,9.71E-02,0,6.971,-0.74,100,0,3744.6,60,0.0576,0
1/29/20 11:29,164.916666666667,164.875,0,0,4691.7,20.35,0,0,0.8,2,781.7,0,0,-2057.3,60.105,9.61E-02,0,6.97018398888889,-0.74,100,0,3744.6,60,0.0576,0
1/29/20 11:34,165,164.958333333333,0,0,4691.7,20.35,0,0,0.8,2,781.7,0,0,-2057.01439611111,60.105,9.61E-02,0,6.96900934444444,-0.74,100,0,3744.6,60,0.0576,0
1/29/20 11:39,165.083333333333,165.041666666667,0,0,4691.7,20.35,0,0,0.8,2,781.7,0,0,-2056.60327055556,60.105,9.78E-02,0,6.969,-0.74,100,0,3744.6,60,0.0576,0
1/29/20 11:44,165.166666666667,165.125,0,0,4691.7,20.35,0,0,0.8,2,781.7,0,0,-2056.6,60.1417205,9.88E-02,0,6.96940800555555,-0.74,100,0,3744.6,60,0.0576,0
1/29/20 11:49,165.25,165.208333333333,0,0,4691.7,20.35,0,0,0.8,2,781.7,0,0,-2056.6,60.157859,9.85E-02,0,6.96917931666667,-0.74,100,0,3744.6,60,0.0576,0
1/29/20 11:54,165.333333333333,165.291666666667,0,0,4691.7,20.35,0,0,0.8,2,781.7,0,0,-2056.6,59.9891389166667,9.87E-02,0,6.96800934444444,-0.74,100,0,3744.6,60.0428405833333,0.0576,0
1/29/20 11:59,165.416666666667,165.375,0,0,4691.7,20.35,0,0,0.8,2,781.7,0,0,-2056.6,59.9376131666667,9.82E-02,0,6.96840800555556,-0.74,100,0,3744.6,60.0616688333333,0.0576,0
1/29/20 12:04,165.5,165.458333333333,0,0,4691.7,20.35,0,0,0.840800555555556,2,781.7,0,0,-2056.6,60.1036684166667,9.66E-02,0,6.96858732222222,-0.74,100,0,3744.6,60.0004905833333,0.0576,0
1/29/20 12:09,165.583333333333,165.541666666667,0,0,4691.7,20.35,0,0,0.899532777777778,2,781.7,0,0,-2056.6,60.105,9.64E-02,0,6.96841267777778,-0.74,100,0,3744.6,60,0.0576,0
1/29/20 12:14,165.666666666667,165.625,0,0,4691.7,20.35,0,0,0.9,2,781.7,0,0,-2056.6,60.105,9.70E-02,0,6.96858732222222,-0.74,100,0,3744.6,60,6.02E-02,0
1/29/20 12:19,165.75,165.708333333333,0,0,4691.7,20.35,0,0,0.9,2,781.7,0,0,-2056.6,60.105,9.86E-02,0,6.96800467222222,-0.74,100,0,3744.6,60,6.40E-02,0
1/29/20 12:24,165.833333333333,165.791666666667,0,0,4691.7,20.35,0,0,0.9,2,781.7,0,0,-2056.6,60.0621594166667,0.100369302777778,0,6.968,-0.74,100,0,3744.6,60,0.064,0
1/29/20 12:29,165.916666666667,165.875,0,0,4691.7,20.35,0,0,0.9,2,781.7,0,0,-2056.6,60.01273075,9.85E-02,0,6.968,-0.74,100,0,3744.6,60,0.064,0
1/29/20 12:34,166,165.958333333333,0,0,4691.7,20.35,0,0,0.9,2,781.7,0,0,-2056.6,60.06046025,9.72E-02,0,6.96718398888889,-0.74,100,0,3744.6,60,0.064,0
1/29/20 12:39,166.083333333333,166.041666666667,0,0,4691.7,20.35,0,0,0.9,2,781.7,0,0,-2056.6,60.1046495833333,9.69E-02,0,6.96682535555555,-0.74,100,0,3744.6,60,0.064,0
1/29/20 12:44,166.166666666667,166.125,0,0,4691.7,20.35,0,0,0.9,2,781.7,0,0,-2056.6,60.105,9.62E-02,0,6.96799065555556,-0.74,100,0,3744.6,60,0.064,0
1/29/20 12:49,166.25,166.208333333333,0,0,4691.7,20.35,0,0,0.9,2,781.7,0,0,-2056.6,60.105,9.67E-02,0,6.968,-0.74,100,0,3744.6,60,0.064,0
1/29/20 12:54,166.333333333333,166.291666666667,0,0,4691.7,20.35,0,0,0.9,2,781.7,0,0,-2056.6,60.105,9.86E-02,0,6.96718398888889,-0.74,100,0,3744.6,60,0.064,0
1/29/20 12:59,166.416666666667,166.375,0,0,4691.7,20.35,0,0,0.9,2,781.7,0,0,-2056.6,60.105,9.96E-02,0,6.96600934444445,-0.74,100,0,3744.6,60,0.064,0
1/29/20 13:04,166.5,166.458333333333,0,0,4691.7,20.35,0,0,0.9,2,781.7,0,0,-2056.6,60.105,9.65E-02,0,6.966,-0.74,100,0,3744.6,60,0.064,0
1/29/20 13:09,166.583333333333,166.541666666667,0,0,4691.7,20.35,0,0,0.9,2,781.7,0,0,-2056.6,60.105,9.62E-02,0,6.966,-0.74,100,0,3744.6,60,0.061408,0
1/29/20 13:14,166.666666666667,166.625,0,0,4691.7,20.35,0,0,0.9,2,781.7,0,0,-2056.6,60.074625,0.09839,0,6.966,-0.74,100,0,3744.6,60,0.057632,0
1/29/20 13:19,166.75,166.708333333333,0,0,4691.7,20.35,0,0,0.9,2,781.7,0,0,-2056.6,60.06075,0.09859,0,6.966,-0.74,100,0,3744.6,60,0.0576,0
1/29/20 13:24,166.833333333333,166.791666666667,0,0,4691.7,20.35,0,0,0.9,2,781.7,0,0,-2056.6,60.0621,0.0976,0,6.965595,-0.74,100,0,3744.6,60,0.0576,0
1/29/20 13:29,166.916666666667,166.875,0,0,4691.7,20.35,0,0,0.9,2,781.7,0,0,-2056.6,60.04305,0.0980175,0,6.965005,-0.74,100,0,3744.6,60,0.060192,0
1/29/20 13:34,167,166.958333333333,0,0,4691.7,20.35,0,0,0.9,2,781.7,0,0,-2056.6,60.104475,0.0986775,0,6.965,-0.74,100,0,3744.6,60,0.061376,0
1/29/20 13:39,167.083333333333,167.041666666667,0,0,4691.7,20.35,0,0,0.9405,2,781.7,0,0,-2056.6,60.105,0.097915,0,6.965,-0.74,100,0,3744.6,60,0.057632,0
1/29/20 13:44,167.166666666667,167.125,0,0,4691.7,20.35,0,0,0.9995,2,781.7,0,0,-2056.6,60.105,0.0982925,0,6.96419,-0.74,100,0,3744.6,60,0.0576,0
1/29/20 13:49,167.25,167.208333333333,0,0,4691.7,20.35,0,0,1,2,781.7,0,0,-2056.6,60.105,0.0978,0,6.96301,-0.74,100,0,3744.6,60,0.0576,0
1/29/20 13:54,167.333333333333,167.291666666667,0,0,4691.7,20.35,0,0,1,2,781.7,0,0,-2056.6,60.105,0.09892,0,6.96381,-0.74,100,0,3744.6,60,0.0576,0
1/29/20 13:59,167.416666666667,167.375,0,0,4691.7,20.35,0,0,1,2,781.7,0,0,-2056.6,60.062475,0.10078,0,6.96499,-0.74,100,0,3744.6,60,0.0576,0
1/29/20 14:04,167.5,167.458333333333,0,0,4691.7,20.35,0,0,1,2,781.7,0,0,-2056.3165,60.04305,0.1003,0,6.96419,-0.74,100,0,3744.6,60,0.0576,0
1/29/20 14:09,167.583333333333,167.541666666667,0,0,4691.7,20.35,0,0,1,2,781.7,0,0,-2055.9035,60.06195,0.0995975,0,6.96301,-0.74,100,0,3744.6,60,0.0576,0
1/29/20 14:14,167.666666666667,167.625,0,0,4691.7,20.35,0,0,1,2,781.7,0,0,-2055.9,60.000525,0.098195,0,6.963,-0.74,100,0,3744.6,60,0.0576,0
1/29/20 14:19,167.75,167.708333333333,0,0,4691.7,20.35,0,0,1,2,781.7,0,0,-2055.9,60,0.09701,0,6.963,-0.74,100,0,3744.6,60,0.0576,0
1/29/20 14:24,167.833333333333,167.791666666667,0,0,4691.7,20.35,0,0,1,2,781.7,0,0,-2055.9,60.042525,0.0967975,0,6.963,-0.74,100,0,3744.6,60,0.0576,0
1/29/20 14:29,167.916666666667,167.875,0,0,4691.7,20.35,0,0,1,2,781.7,0,0,-2055.9,60.06195,0.097515,0,6.963,-0.74,100,0,3744.6,60,0.060192,0
1/29/20 14:34,168,167.958333333333,0,0,4691.7,20.35,0,0,1,2,781.7,0,0,-2055.9,60.04305,0.0981775,0,6.963,-0.74,100,0,3744.6,60,0.063968,0
1/29/20 14:39,168.083333333333,168.041666666667,0,0,4691.7,20.35,0,0,1,2,781.7,0,0,-2055.9,60.104475,0.0959975,0,6.963,-0.74,100,0,3744.6,60,0.061408,0
1/29/20 14:44,168.166666666667,168.125,0,0,4691.7,20.35,0,0,1,2,781.7,0,0,-2055.9,60.105,0.096335,0,6.962595,-0.74,100,0,3744.6,60,0.057632,0
1/29/20 14:49,168.25,168.208333333333,0,0,4691.7,20.35,0,0,1,2,781.7,0,0,-2055.9,60.105,0.0993825,0,6.962005,-0.74,100,0,3744.6,60,0.0576,0
1/29/20 14:54,168.333333333333,168.291666666667,0,0,4691.7,20.35,0,0,1,2,781.7,0,0,-2055.9,60.105,0.09959,0,6.962405,-0.74,100,0,3744.6,60,0.060192,0
1/29/20 14:59,168.416666666667,168.375,0,0,4691.7,20.35,0,0,1,2,781.7,0,0,-2055.9,60.062475,0.0996125,0,6.96259,-0.74,100,0,3744.6,60,0.095072,0
1/29/20 15:04,168.5,168.458333333333,0,0,4691.7,20.35,0,0,1,2,781.7,0,0,-2055.9,60.000525,0.0992775,0,6.962005,-0.74,100,0,3744.6,60,0.140416,0
1/29/20 15:09,168.583333333333,168.541666666667,0,0,4691.7,20.35,0,0,1,2,781.7,0,0,-2055.9,60.042525,0.0985275,0,6.962,-0.74,100,0,3744.6,60,0.1408,0
1/29/20 15:14,168.666666666667,168.625,0,0,4691.7,20.35,0,0,1,2,781.7,0,0,-2055.9,60.06195,0.0987725,0,6.962,-0.74,100,0,3744.6,60,0.1408,0
1/29/20 15:19,168.75,168.708333333333,0,0,4691.7,20.35,0,0,1,2,781.7,0,0,-2055.9,60.000525,0.0976225,0,6.962,-0.74,100,0,3744.6,60,0.1408,0
1/29/20 15:24,168.833333333333,168.791666666667,0,0,4691.7,20.35,0,0,1,2,781.7,0,0,-2055.9,60.042525,0.0980875,0,6.962,-0.74,100,0,3744.6,60,0.1408,0
1/29/20 15:29,168.916666666667,168.875,0,0,4691.7,20.35,0,0,1.0405,2,781.7,0,0,-2055.9,60.104475,0.0985175,0,6.962,-0.74,100,0,3744.6,60,0.1408,0
1/29/20 15:34,169,168.958333333333,0,0,4691.7,20.35,0,0,1.0995,2,781.7,0,0,-2055.9,60.09285,0.0983675,0,6.962,-0.74,100,0,3744.6,60,0.1408,0
1/29/20 15:39,169.083333333333,169.041666666667,0,0,4691.7,20.35,0,0,1.1,2,781.7,0,0,-2055.9,60.0873,0.09602,0,6.961595,-0.74,100,0,3744.6,60,0.1408,0
1/29/20 15:44,169.166666666667,169.125,0,0,4691.7,20.35,0,0,1.1,2,781.7,0,0,-2056.1835,60.062325,0.097215,0,6.96141,-0.74,100,0,3744.6,60,0.1408,0
1/29/20 15:49,169.25,169.208333333333,0,0,4691.7,20.35,0,0,1.1,2,781.7,0,0,-2056.313,60.04305,0.098985,0,6.96159,-0.74,100,0,3744.6,60,0.1408,0
1/29/20 15:54,169.333333333333,169.291666666667,0,0,4691.7,20.35,0,0,1.1,2,781.7,0,0,-2055.9035,60.06195,0.0983925,0,6.96141,-0.74,100,0,3744.6,60,0.1408,0
1/29/20 15:59,169.416666666667,169.375,0,0,4691.7,20.35,0,0,1.1,2,781.7,0,0,-2055.9,60.04305,0.0983175,0,6.961995,-0.74,100,0,3744.6,60,0.1408,0
1/29/20 16:04,169.5,169.458333333333,0,0,4691.7,20.35,0,0,1.1,2,781.7,0,0,-2055.9,60.104475,0.0980725,0,6.962,-0.74,100,0,3744.6,60,0.1408,0
1/29/20 16:09,169.583333333333,169.541666666667,0,0,4691.7,20.35,0,0,1.1,2,781.7,0,0,-2055.9,60.09285,0.0964225,0,6.961595,-0.74,100,0,3744.6,60,0.1408,0
1/29/20 16:14,169.666666666667,169.625,0,0,4691.7,20.35,0,0,1.1,2,781.7,0,0,-2055.9,60.044775,0.0971975,0,6.9606,-0.74,100,0,3744.6,60,0.1408,0
1/29/20 16:19,169.75,169.708333333333,0,0,4691.7,20.35,0,0,1.1,2,781.7,0,0,-2055.9,60.0429,0.0979025,0,6.960005,-0.74,100,0,3744.6,60,0.1408,0
1/29/20 16:24,169.833333333333,169.791666666667,0,0,4691.7,20.35,0,0,1.1,2,781.7,0,0,-2055.9,60.104475,0.0995075,0,6.96,-0.74,100,0,3744.6,60,0.1408,0
1/29/20 16:29,169.916666666667,169.875,0,0,4691.7,20.35,0,0,1.1,2,781.7,0,0,-2055.6165,60.062475,0.1001775,0,6.96,-0.74,100,0,3744.6,60,0.1408,0
1/29/20 16:34,170,169.958333333333,0,0,4691.7,20.35,0,0,1.1,2,781.7,0,0,-2055.2035,60.04305,0.099415,0,6.96,-0.74,100,0,3744.6,60,0.1408,0
1/29/20 16:39,170.083333333333,170.041666666667,0,0,4691.7,20.35,0,0,1.1,2,781.7,0,0,-2055.2,60.0741,0.0997925,0,6.959595,-0.74,100,0,3744.6,60,0.1408,0
1/29/20 16:44,170.166666666667,170.125,0,0,4691.7,20.35,0,0,1.1,2,781.7,0,0,-2055.2,60.06075,0.0993,0,6.959005,-0.74,100,0,3744.6,60,0.1408,0
1/29/20 16:49,170.25,170.208333333333,0,0,4691.7,20.35,0,0,1.1,2,781.7,0,0,-2055.2,60.104625,0.098395,0,6.959405,-0.74,100,0,3744.6,60,0.1408,0
1/29/20 16:54,170.333333333333,170.291666666667,0,0,4691.7,20.35,0,0,1.1,2,781.7,0,0,-2055.2,60.062475,0.098925,0,6.959995,-0.74,100,0,3744.6,60,0.1408,0
1/29/20 16:59,170.416666666667,170.375,0,0,4691.7,20.35,0,0,1.1,2,781.7,0,0,-2055.2,60.000525,0.09997,0,6.96,-0.74,100,0,3744.6,60,0.1408,0
1/29/20 17:04,170.5,170.458333333333,0,0,4691.7,20.35,0,0,1.1,2,781.7,0,0,-2055.2,60,0.099525,0,6.96,-0.74,100,0,3744.6,60,0.1408,0
1/29/20 17:09,170.583333333333,170.541666666667,0,0,4691.7,20.35,0,0,1.1,2,781.7,0,0,-2055.2,60,0.09957,0,6.96,-0.74,100,0,3744.6,60,0.1408,0
1/29/20 17:14,170.666666666667,170.625,0,0,4691.7,20.35,0,0,1.1,2,781.7,0,0,-2055.2,60.042525,0.0979225,0,6.96,-0.74,100,0,3744.6,60,0.1408,0
1/29/20 17:19,170.75,170.708333333333,0,0,4691.7,20.35,0,0,1.1,2,781.7,0,0,-2055.2,60.104475,0.098495,0,6.959595,-0.74,100,0,3744.6,60,0.1408,0
1/29/20 17:24,170.833333333333,170.791666666667,0,0,4691.7,20.35,0,0,1.1,2,781.7,0,0,-2055.2,60.062475,0.0987025,0,6.959005,-0.74,100,0,3744.6,60,0.1408,0
1/29/20 17:29,170.916666666667,170.875,0,0,4691.7,20.35,0,0,1.1,2,781.7,0,0,-2055.2,60.04305,0.09839,0,6.959,-0.74,100,0,3744.6,60,0.1408,0
1/29/20 17:34,171,170.958333333333,0,0,4691.7,20.35,0,0,1.1,2,781.7,0,0,-2055.2,60.104475,0.098115,0,6.959,-0.74,100,0,3744.6,60,0.1408,0
1/29/20 17:39,171.083333333333,171.041666666667,0,0,4691.7,20.35,0,0,1.1,2,781.7,0,0,-2055.2,60.105,0.0989925,0,6.959,-0.74,100,0,3744.6,60,0.1408,0
1/29/20 17:44,171.166666666667,171.125,0,0,4691.7,20.35,0,0,1.1405,2,781.7,0,0,-2055.2,60.105,0.1000125,0,6.959,-0.74,100,0,3744.6,60,0.1408,0
1/29/20 17:49,171.25,171.208333333333,0,0,4691.7,20.35,0,0,1.1995,2,781.7,0,0,-2055.2,60.105,0.09926,0,6.959,-0.74,100,0,3744.6,60,0.1408,0
1/29/20 17:54,171.333333333333,171.291666666667,0,0,4691.7,20.35,0,0,1.2,2,781.7,0,0,-2055.2,60.105,0.0976475,0,6.959,-0.74,100,0,3744.6,60,0.1408,0
1/29/20 17:59,171.416666666667,171.375,0,0,4691.7,20.35,0,0,1.2,2,781.7,0,0,-2055.2,60.105,0.0989675,0,6.959,-0.74,100,0,3744.6,60,0.1408,0
1/29/20 18:04,171.5,171.458333333333,0,0,4691.7,20.35,0,0,1.2,2,781.7,0,0,-2055.2,60.105,0.0967025,0,6.959,-0.74,100,0,3744.6,60,0.1408,0
1/29/20 18:09,171.583333333333,171.541666666667,0,0,4691.7,20.35,0,0,1.2,2,781.7,0,0,-2055.2,60.105,0.0969275,0,6.959,-0.74,100,0,3744.6,60,0.1408,0
1/29/20 18:14,171.666666666667,171.625,0,0,4691.7,20.35,0,0,1.2,2,781.7,0,0,-2055.2,60.105,0.0989825,0,6.959,-0.74,100,0,3744.6,60,0.1408,0
1/29/20 18:19,171.75,171.708333333333,0,0,4691.7,20.35,0,0,1.2,2,781.7,0,0,-2055.2,60.105,0.09981,0,6.959,-0.74,100,0,3744.6,60,0.138208,0
1/29/20 18:24,171.833333333333,171.791666666667,0,0,4691.7,20.35,0,0,1.2,2,781.7,0,0,-2055.2,60.105,0.09937,0,6.959,-0.74,100,0,3744.6,60,0.134432,0
1/29/20 18:29,171.916666666667,171.875,0,0,4691.7,20.35,0,0,1.2,2,781.7,0,0,-2055.2,60.105,0.0972225,0,6.958595,-0.74,100,0,3744.6,60,0.1344,0
1/29/20 18:34,172,171.958333333333,0,0,4691.7,20.35,0,0,1.2,2,781.7,0,0,-2055.2,60.105,0.0974975,0,6.95841,-0.74,100,0,3744.6,60,0.1344,0
1/29/20 18:39,172.083333333333,172.041666666667,0,0,4691.7,20.35,0,0,1.2,2,781.7,0,0,-2055.2,60.105,0.09669,0,6.958995,-0.74,100,0,3744.6,60,0.136992,0
1/29/20 18:44,172.166666666667,172.125,0,0,4691.7,20.35,0,0,1.2,2,781.7,0,0,-2055.2,60.062475,0.096725,0,6.959,-0.74,100,0,3744.6,60,0.140768,0
1/29/20 18:49,172.25,172.208333333333,0,0,4691.7,20.35,0,0,1.2,2,781.7,0,0,-2055.2,60.04305,0.0986875,0,6.958595,-0.74,100,0,3744.6,60,0.1408,0
1/29/20 18:54,172.333333333333,172.291666666667,0,0,4691.7,20.35,0,0,1.2,2,781.7,0,0,-2055.4835,60.104475,0.0992,0,6.95841,-0.74,100,0,3744.6,60,0.138208,0
1/29/20 18:59,172.416666666667,172.375,0,0,4691.7,20.35,0,0,1.2,2,781.7,0,0,-2055.8965,60.105,0.0974725,0,6.958995,-0.74,100,0,3744.6,60,0.134432,0
1/29/20 19:04,172.5,172.458333333333,0,0,4691.7,20.35,0,0,1.2,2,781.7,0,0,-2055.9,60.105,0.0955375,0,6.959,-0.74,100,0,3744.6,60,0.1344,0
1/29/20 19:09,172.583333333333,172.541666666667,0,0,4691.7,20.35,0,0,1.2,2,781.7,0,0,-2055.9,60.105,0.0961775,0,6.95819,-0.74,100,0,3744.6,60,0.1344,0
1/29/20 19:14,172.666666666667,172.625,0,0,4691.7,20.35,0,0,1.2,2,781.7,0,0,-2055.9,60.062475,0.09582,0,6.957415,-0.74,100,0,3744.6,60,0.1344,0
1/29/20 19:19,172.75,172.708333333333,0,0,4691.7,20.35,0,0,1.2,2,781.7,0,0,-2055.9,60.04305,0.0978,0,6.95759,-0.74,100,0,3744.6,60,0.1344,0
1/29/20 19:24,172.833333333333,172.791666666667,0,0,4691.7,20.35,0,0,1.2,2,781.7,0,0,-2055.9,60.104475,0.0983825,0,6.957815,-0.74,100,0,3744.6,60,0.1344,0
1/29/20 19:29,172.916666666667,172.875,0,0,4691.7,20.35,0,0,1.2,2,781.7,0,0,-2055.9,60.105,0.097305,0,6.95899,-0.74,100,0,3744.6,60,0.1344,0
1/29/20 19:34,173,172.958333333333,0,0,4691.7,20.35,0,0,1.2,2,781.7,0,0,-2055.9,60.105,0.0970025,0,6.95819,-0.74,100,0,3744.6,60,0.1344,0
1/29/20 19:39,173.083333333333,173.041666666667,0,0,4691.7,20.35,0,0,1.2,2,781.7,0,0,-2055.9,60.105,0.097,0,6.95782,-0.74,100,0,3744.6,60,0.1344,0
1/29/20 19:44,173.166666666667,173.125,0,0,4691.7,20.35,0,0,1.2,2,781.7,0,0,-2055.9,60.062475,0.0972025,0,6.958585,-0.74,100,0,3744.6,60,0.1344,0
1/29/20 19:49,173.25,173.208333333333,0,0,4691.7,20.35,0,0,1.2,2,781.7,0,0,-2055.9,60.04305,0.0983075,0,6.95841,-0.74,100,0,3744.6,60,0.1344,0
1/29/20 19:54,173.333333333333,173.291666666667,0,0,4691.7,20.35,0,0,1.2,2,781.7,0,0,-2055.9,60.104475,0.0980725,0,6.958995,-0.74,100,0,3744.6,60,0.1344,0
1/29/20 19:59,173.416666666667,173.375,0,0,4691.7,20.35,0,0,1.2,2,781.7,0,0,-2055.9,60.105,0.0964225,0,6.959,-0.74,100,0,3744.6,60,0.1344,0
1/29/20 20:04,173.5,173.458333333333,0,0,4691.7,20.35,0,0,1.2,2,781.7,0,0,-2055.9,60.0747259136213,9.72E-02,0,6.9581926910299,-0.74,100,0,3744.6,60,0.1344,0
1/29/20 20:09,173.583333333333,173.541666666667,0,0,4691.7,20.35,0,0,1.2,2,781.7,0,0,-2055.9,60.0605495030454,9.65E-02,0,6.95781465341454,-0.74,100,0,3744.6,60,0.1344,0
1/29/20 20:14,173.666666666667,173.625,0,0,4691.7,20.35,0,0,1.2,2,781.7,0,0,-2055.9,60.1045995833333,9.74E-02,0,6.95818531111111,-0.74,100,0,3744.6,60,0.1344,0
1/29/20 20:19,173.75,173.708333333333,0,0,4691.7,20.35,0,0,1.2,2,781.7,0,0,-2055.9,60.105,0.100766963888889,0,6.95701067777778,-0.74,100,0,3744.6,60,0.1344,0
1/29/20 20:24,173.833333333333,173.791666666667,0,0,4691.7,20.35,0,0,1.24020055555556,2,781.7,0,0,-2055.9,60.105,9.99E-02,0,6.957,-0.74,100,0,3744.6,60,0.1344,0
1/29/20 20:29,173.916666666667,173.875,0,0,4691.7,20.35,0,0,1.29946611111111,2,781.7,0,0,-2055.9,60.0627894166667,9.78E-02,0,6.957,-0.74,100,0,3744.6,60,0.1344,0
1/29/20 20:34,174,173.958333333333,0,0,4691.7,20.35,0,0,1.3,2,781.7,0,0,-2055.9,60.0427711666667,9.80E-02,0,6.95740200555556,-0.74,100,0,3744.6,60,0.1344,0
1/29/20 20:39,174.083333333333,174.041666666667,0,0,4691.7,20.35,0,0,1.3,2,781.7,0,0,-2055.9,60.09237925,9.96E-02,0,6.95799466111111,-0.74,100,0,3744.6,60,0.1344,0
1/29/20 20:44,174.166666666667,174.125,0,0,4691.7,20.35,0,0,1.3,2,781.7,0,0,-2055.9,60.0872203333333,9.69E-02,0,6.958,-0.74,100,0,3744.6,60,0.1344,0
1/29/20 20:49,174.25,174.208333333333,0,0,4691.7,20.35,0,0,1.3,2,781.7,0,0,-2055.9,60.1048398333333,0.097214025,0,6.958,-0.74,100,0,3744.6,60,0.1344,0
1/29/20 20:54,174.333333333333,174.291666666667,0,0,4691.7,20.35,0,0,1.3,2,781.7,0,0,-2055.9,60.105,9.88E-02,0,6.95840200555556,-0.74,100,0,3744.6,60,0.1344,0
1/29/20 20:59,174.416666666667,174.375,0,0,4691.7,20.35,0,0,1.3,2,781.7,0,0,-2055.9,60.105,9.75E-02,0,6.95859265555556,-0.74,100,0,3744.6,60,0.1344,0
1/29/20 21:04,174.5,174.458333333333,0,0,4691.7,20.35,0,0,1.3,2,781.7,0,0,-2055.9,60.105,9.72E-02,0,6.95840734444444,-0.74,100,0,3744.6,60,0.1344,0
1/29/20 21:09,174.583333333333,174.541666666667,0,0,4691.7,20.35,0,0,1.3,2,781.7,0,0,-2056.18140388889,60.105,9.80E-02,0,6.95819065,-0.74,100,0,3744.6,60,0.1344,0
1/29/20 21:14,174.666666666667,174.625,0,0,4691.7,20.35,0,0,1.3,2,781.7,0,0,-2056.59626277778,60.105,9.61E-02,0,6.95781468888889,-0.74,100,0,3744.6,60,0.1344,0
1/29/20 21:19,174.75,174.708333333333,0,0,4691.7,20.35,0,0,1.3,2,781.7,0,0,-2056.6,60.0627894166667,9.73E-02,0,6.95818531111111,-0.74,100,0,3744.6,60,0.1344,0
1/29/20 21:24,174.833333333333,174.791666666667,0,0,4691.7,20.35,0,0,1.3,2,781.7,0,0,-2056.6,60.0427711666667,9.90E-02,0,6.95781468888889,-0.74,100,0,3744.6,60,0.1344,0
1/29/20 21:29,174.916666666667,174.875,0,0,4691.7,20.35,0,0,1.3,2,781.7,0,0,-2056.6,60.1044394166667,9.73E-02,0,6.95818531111111,-0.74,100,0,3744.6,60,0.1344,0
1/29/20 21:34,175,174.958333333333,0,0,4691.7,20.35,0,0,1.3,2,781.7,0,0,-2056.6,60.105,9.64E-02,0,6.95701067777778,-0.74,100,0,3744.6,60,0.1344,0
1/29/20 21:39,175.083333333333,175.041666666667,0,0,4691.7,20.35,0,0,1.3,2,781.7,0,0,-2056.31859611111,60.105,0.096714025,0,6.957,-0.74,100,0,3744.6,60,0.1344,0
1/29/20 21:44,175.166666666667,175.125,0,0,4691.7,20.35,0,0,1.3,2,781.7,0,0,-2055.90373722222,60.105,9.93E-02,0,6.957,-0.74,100,0,3744.6,60,0.1344,0
1/29/20 21:49,175.25,175.208333333333,0,0,4691.7,20.35,0,0,1.3,2,781.7,0,0,-2055.9,60.0748495833333,9.93E-02,0,6.95780401111111,-0.74,100,0,3744.6,60,0.1344,0
1/29/20 21:54,175.333333333333,175.291666666667,0,0,4691.7,20.35,0,0,1.3,2,781.7,0,0,-2055.9,60.0605508333333,9.95E-02,0,6.95898932222222,-0.74,100,0,3744.6,60,0.1344,0
1/29/20 21:59,175.416666666667,175.375,0,0,4691.7,20.35,0,0,1.3,2,781.7,0,0,-2055.9,60.1045995833333,0.100865283333333,0,6.95859799444444,-0.74,100,0,3744.6,60,0.1344,0
1/29/20 22:04,175.5,175.458333333333,0,0,4691.7,20.35,0,0,1.3,2,781.7,0,0,-2055.9,60.105,9.79E-02,0,6.95760333333333,-0.74,100,0,3744.6,60,0.1344,0
1/29/20 22:09,175.583333333333,175.541666666667,0,0,4691.7,20.35,0,0,1.3,2,781.7,0,0,-2055.9,60.105,9.68E-02,0,6.95700533888889,-0.74,100,0,3744.6,60,0.1344,0
1/29/20 22:14,175.666666666667,175.625,0,0,4691.7,20.35,0,0,1.3,2,781.7,0,0,-2055.9,60.105,9.73E-02,0,6.957,-0.74,100,0,3744.6,60,0.1344,0
1/29/20 22:19,175.75,175.708333333333,0,0,4691.7,20.35,0,0,1.3,2,781.7,0,0,-2055.9,60.0929398333333,9.85E-02,0,6.95780401111111,-0.74,100,0,3744.6,60,0.1344,0
1/29/20 22:24,175.833333333333,175.791666666667,0,0,4691.7,20.35,0,0,1.3,2,781.7,0,0,-2055.9,60.0872203333333,9.81E-02,0,6.95898932222222,-0.74,100,0,3744.6,60,0.1344,0
1/29/20 22:29,175.916666666667,175.875,0,0,4691.7,20.35,0,0,1.3,2,781.7,0,0,-2055.9,60.1048398333333,9.73E-02,0,6.959,-0.74,100,0,3744.6,60,0.1344,0
1/29/20 22:34,176,175.958333333333,0,0,4691.7,20.35,0,0,1.3,2,781.7,0,0,-2055.9,60.105,9.80E-02,0,6.959,-0.74,100,0,3744.6,60,0.1344,0
1/29/20 22:39,176.083333333333,176.041666666667,0,0,4691.7,20.35,0,0,1.3,2,781.7,0,0,-2055.9,60.105,9.83E-02,0,6.959,-0.74,100,0,3744.6,60,0.1344,0
1/29/20 22:44,176.166666666667,176.125,0,0,4691.7,20.35,0,0,1.3,2,781.7,0,0,-2055.9,60.0627894166667,9.75E-02,0,6.95819598888889,-0.74,100,0,3744.6,60,0.1344,0
1/29/20 22:49,176.25,176.208333333333,0,0,4691.7,20.35,0,0,1.3,2,781.7,0,0,-2055.61859611111,60.0427711666667,9.82E-02,0,6.95781468888889,-0.74,100,0,3744.6,60,0.1344,0
1/29/20 22:54,176.333333333333,176.291666666667,0,0,4691.7,20.35,0,0,1.3,2,781.7,0,0,-2055.20373722222,60.1044394166667,9.70E-02,0,6.95898932222222,-0.74,100,0,3744.6,60,0.1344,0
1/29/20 22:59,176.416666666667,176.375,0,0,4691.7,20.35,0,0,1.3,2,781.7,0,0,-2055.2,60.0627894166667,9.74E-02,0,6.959,-0.74,100,0,3744.6,60,0.1344,0
1/29/20 23:04,176.5,176.458333333333,0,0,4691.7,20.35,0,0,1.3,2,781.7,0,0,-2055.2,60.0427711666667,9.68E-02,0,6.959,-0.74,100,0,3744.6,60,0.1344,0
1/29/20 23:09,176.583333333333,176.541666666667,0,0,4691.7,20.35,0,0,1.3,2,781.7,0,0,-2055.2,60.1044394166667,9.70E-02,0,6.959,-0.74,100,0,3744.6,60,0.1344,0
1/29/20 23:14,176.666666666667,176.625,0,0,4691.7,20.35,0,0,1.3,2,781.7,0,0,-2055.2,60.105,9.88E-02,0,6.959,-0.74,100,0,3744.6,60,0.1344,0
1/29/20 23:19,176.75,176.708333333333,0,0,4691.7,20.35,0,0,1.3,2,781.7,0,0,-2055.2,60.105,9.82E-02,0,6.959,-0.74,100,0,3744.6,60,0.1344,0
1/29/20 23:24,176.833333333333,176.791666666667,0,0,4691.7,20.35,0,0,1.3,2,781.7,0,0,-2055.2,60.105,0.101592005555556,0,6.959,-0.74,100,0,3744.6,60,0.1344,0
1/29/20 23:29,176.916666666667,176.875,0,0,4691.7,20.35,0,0,1.34020055555556,2,781.7,0,0,-2055.2,60.105,0.101968616666667,0,6.959,-0.74,100,0,3744.6,60,0.1344,0
1/29/20 23:34,177,176.958333333333,0,0,4691.7,20.35,0,0,1.39946611111111,2,781.7,0,0,-2055.2,60.105,9.80E-02,0,6.959,-0.74,100,0,3744.6,60,0.1344,0
1/29/20 23:39,177.083333333333,177.041666666667,0,0,4691.7,20.35,0,0,1.4,2,781.7,0,0,-2055.2,60.105,0.09671435,0,6.959,-0.74,100,0,3744.6,60,0.1344,0
1/29/20 23:44,177.166666666667,177.125,0,0,4691.7,20.35,0,0,1.4,2,781.7,0,0,-2055.2,60.105,9.88E-02,0,6.959,-0.74,100,0,3744.6,60,0.1344,0
1/29/20 23:49,177.25,177.208333333333,0,0,4691.7,20.35,0,0,1.4,2,781.7,0,0,-2055.2,60.105,0.101274972222222,0,6.959,-0.74,100,0,3744.6,60,0.1344,0
1/29/20 23:54,177.333333333333,177.291666666667,0,0,4691.7,20.35,0,0,1.4,2,781.7,0,0,-2055.2,60.105,0.09959565,0,6.959,-0.74,100,0,3744.6,60,0.1344,0
1/29/20 23:59,177.416666666667,177.375,0,0,4691.7,20.35,0,0,1.4,2,781.7,0,0,-2055.2,60.105,9.83E-02,0,6.959,-0.74,100,0,3744.6,60,0.1344,0
1/30/20 0:04,177.5,177.458333333333,0,0,4691.7,20.35,0,0,1.4,2,781.7,0,0,-2055.2,60.105,9.87E-02,0,6.959,-0.74,100,0,3744.6,60,0.1344,0
1/30/20 0:09,177.583333333333,177.541666666667,0,0,4691.7,20.35,0,0,1.4,2,781.7,0,0,-2055.2,60.105,0.097309675,0,6.95940200555555,-0.74,100,0,3744.6,60,0.1344,0
1/30/20 0:14,177.666666666667,177.625,0,0,4691.7,20.35,0,0,1.4,2,781.7,0,0,-2055.2,60.105,9.70E-02,0,6.95959265555556,-0.74,100,0,3744.6,60,0.1344,0
1/30/20 0:19,177.75,177.708333333333,0,0,4691.7,20.35,0,0,1.4,2,781.7,0,0,-2055.2,60.105,9.72E-02,0,6.95900533888889,-0.74,100,0,3744.6,60,0.1344,0
1/30/20 0:24,177.833333333333,177.791666666667,0,0,4691.7,20.35,0,0,1.4,2,781.7,0,0,-2055.2,60.105,9.75E-02,0,6.959,-0.74,100,0,3744.6,60,0.1344,0
1/30/20 0:29,177.916666666667,177.875,0,0,4691.7,20.35,0,0,1.4,2,781.7,0,0,-2055.2,60.105,0.0975,0,6.959,-0.74,100,0,3744.6,60,0.1344,0
1/30/20 0:34,178,177.958333333333,0,0,4691.7,20.35,0,0,1.4,2,781.7,0,0,-2055.2,60.105,9.63E-02,0,6.959,-0.74,100,0,3744.6,60,0.1344,0
1/30/20 0:39,178.083333333333,178.041666666667,0,0,4691.7,20.35,0,0,1.4,2,781.7,0,0,-2055.2,60.105,9.61E-02,0,6.959,-0.74,100,0,3744.6,60,0.1344,0
1/30/20 0:44,178.166666666667,178.125,0,0,4691.7,20.35,0,0,1.4,2,781.7,0,0,-2055.48140388889,60.105,9.77E-02,0,6.959,-0.74,100,0,3744.6,60,0.1344,0
1/30/20 0:49,178.25,178.208333333333,0,0,4691.7,20.35,0,0,1.4,2,781.7,0,0,-2055.89626277778,60.105,9.69E-02,0,6.959,-0.74,100,0,3744.6,60,0.1344,0
1/30/20 0:54,178.333333333333,178.291666666667,0,0,4691.7,20.35,0,0,1.4,2,781.7,0,0,-2055.9,60.105,9.81E-02,0,6.959,-0.74,100,0,3744.6,60,0.1344,0
1/30/20 0:59,178.416666666667,178.375,0,0,4691.7,20.35,0,0,1.4,2,781.7,0,0,-2055.9,60.105,9.88E-02,0,6.959,-0.74,100,0,3744.6,60,0.1344,0
1/30/20 1:04,178.5,178.458333333333,0,0,4691.7,20.35,0,0,1.4,2,781.7,0,0,-2055.9,60.0748495833333,9.77E-02,0,6.959,-0.74,100,0,3744.6,60,0.1344,0
1/30/20 1:09,178.583333333333,178.541666666667,0,0,4691.7,20.35,0,0,1.4,2,781.7,0,0,-2055.9,60.0605508333333,9.65E-02,0,6.959,-0.74,100,0,3744.6,60,0.1344,0
1/30/20 1:14,178.666666666667,178.625,0,0,4691.7,20.35,0,0,1.4,2,781.7,0,0,-2055.9,60.1045995833333,9.63E-02,0,6.959,-0.74,100,0,3744.6,60,0.1344,0
1/30/20 1:19,178.75,178.708333333333,0,0,4691.7,20.35,0,0,1.4,2,781.7,0,0,-2055.9,60.105,9.70E-02,0,6.959,-0.74,100,0,3744.6,60,0.1344,0
1/30/20 1:24,178.833333333333,178.791666666667,0,0,4691.7,20.35,0,0,1.4,2,781.7,0,0,-2055.9,60.105,9.81E-02,0,6.959,-0.74,100,0,3744.6,60,0.1344,0
1/30/20 1:29,178.916666666667,178.875,0,0,4691.7,20.35,0,0,1.4,2,781.7,0,0,-2055.9,60.105,9.75E-02,0,6.959,-0.74,100,0,3744.6,60,0.131827164444444,0
1/30/20 1:34,179,178.958333333333,0,0,4691.7,20.35,0,0,1.4,2,781.7,0,0,-2055.9,60.0627894166667,9.81E-02,0,6.959,-0.74,100,0,3744.6,60,0.130607004444444,0
1/30/20 1:39,179.083333333333,179.041666666667,0,0,4691.7,20.35,0,0,1.4,2,781.7,0,0,-2055.9,60.0005605833333,0.097785975,0,6.959,-0.74,100,0,3744.6,60,0.134365831111111,0
1/30/20 1:44,179.166666666667,179.125,0,0,4691.7,20.35,0,0,1.4,2,781.7,0,0,-2055.9,60,9.70E-02,0,6.959,-0.74,100,0,3744.6,60,0.1344,0
1/30/20 1:49,179.25,179.208333333333,0,0,4691.7,20.35,0,0,1.4,2,781.7,0,0,-2055.9,60,9.85E-02,0,6.959,-0.74,100,0,3744.6,60,0.1344,0
1/30/20 1:54,179.333333333333,179.291666666667,0,0,4691.7,20.35,0,0,1.4,2,781.7,0,0,-2055.9,60.0422105833333,9.83E-02,0,6.959,-0.74,100,0,3744.6,60,0.1344,0
1/30/20 1:59,179.416666666667,179.375,0,0,4691.7,20.35,0,0,1.4,2,781.7,0,0,-2055.9,60.0622288333333,9.86E-02,0,6.959,-0.74,100,0,3744.6,60,0.1344,0
1/30/20 2:04,179.5,179.458333333333,0,0,4691.7,20.35,0,0,1.4,2,781.7,0,0,-2055.9,60.0005605833333,9.85E-02,0,6.959,-0.74,100,0,3744.6,60,0.1344,0
1/30/20 2:09,179.583333333333,179.541666666667,0,0,4691.7,20.35,0,0,1.4,2,781.7,0,0,-2055.9,60.0180301495017,9.66E-02,0,6.959,-0.74,100,0,3744.6,60,0.1344,0
1/30/20 2:14,179.666666666667,179.625,0,0,4691.7,20.35,0,0,1.4,2,781.7,0,0,-2055.9,60.0686861838317,9.72E-02,0,6.959,-0.74,100,0,3744.6,60,0.1344,0
1/30/20 2:19,179.75,179.708333333333,0,0,4691.7,20.35,0,0,1.4,2,781.7,0,0,-2055.9,60.1046586666667,9.82E-02,0,6.959,-0.74,100,0,3744.6,60,0.1344,0
1/30/20 2:24,179.833333333333,179.791666666667,0,0,4691.7,20.35,0,0,1.4,2,781.7,0,0,-2055.9,60.0631026666667,9.76E-02,0,6.95939902222222,-0.74,100,0,3744.6,60,0.1344,0
1/30/20 2:29,179.916666666667,179.875,0,0,4691.7,20.35,0,0,1.4,2,781.7,0,0,-2055.9,60.0424946666667,9.75E-02,0,6.95959528888889,-0.74,100,0,3744.6,60,0.1344,0
1/30/20 2:34,180,179.958333333333,0,0,4691.7,20.35,0,0,1.4,2,781.7,0,0,-2055.9,60.1044026666667,9.66E-02,0,6.95900568888889,-0.74,100,0,3744.6,60,0.1344,0
1/30/20 2:39,180.083333333333,180.041666666667,0,0,4691.7,20.35,0,0,1.4,2,781.7,0,0,-2055.9,60.105,9.83E-02,0,6.959,-0.74,100,0,3744.6,60,0.1344,0
1/30/20 2:44,180.166666666667,180.125,0,0,4691.7,20.35,0,0,1.4,2,781.7,0,0,-2055.9,60.0631026666667,9.93E-02,0,6.959,-0.74,100,0,3744.6,60,0.1344,0
1/30/20 2:49,180.25,180.208333333333,0,0,4691.7,20.35,0,0,1.4,2,781.7,0,0,-2055.9,60.0424946666667,0.0982048,0,6.959,-0.74,100,0,3744.6,60,0.1344,0
1/30/20 2:54,180.333333333333,180.291666666667,0,0,4691.7,20.35,0,0,1.4,2,781.7,0,0,-2055.9,60.0625053333333,9.60E-02,0,6.959,-0.74,100,0,3744.6,60,0.1344,0
1/30/20 2:59,180.416666666667,180.375,0,0,4691.7,20.35,0,0,1.4,2,781.7,0,0,-2055.9,60.0424946666667,9.49E-02,0,6.959,-0.74,100,0,3744.6,60,0.1344,0
1/30/20 3:04,180.5,180.458333333333,0,0,4691.7,20.35,0,0,1.43990222222222,2,781.7,0,0,-2055.9,60.1044026666667,9.67E-02,0,6.959,-0.74,100,0,3744.6,60,0.1344,0
1/30/20 3:09,180.583333333333,180.541666666667,0,0,4691.7,20.35,0,0,1.49943111111111,2,781.7,0,0,-2055.9,60.0631026666667,0.09968,0,6.959,-0.74,100,0,3744.6,60,0.1344,0
1/30/20 3:14,180.666666666667,180.625,0,0,4691.7,20.35,0,0,1.5,2,781.7,0,0,-2056.17931555556,60.030524,0.100485377777778,0,6.95939902222222,-0.74,100,0,3744.6,60,0.1344,0
1/30/20 3:19,180.75,180.708333333333,0,0,4691.7,20.35,0,0,1.5,2,781.7,0,0,-2056.59601777778,60.0566173333333,9.82E-02,0,6.95999431111111,-0.74,100,0,3744.6,60,0.1344,0
1/30/20 3:24,180.833333333333,180.791666666667,0,0,4691.7,20.35,0,0,1.5,2,781.7,0,0,-2056.6,60.0601826666667,9.78E-02,0,6.96,-0.74,100,0,3744.6,60,0.1344,0
1/30/20 3:29,180.916666666667,180.875,0,0,4691.7,20.35,0,0,1.5,2,781.7,0,0,-2056.6,60.1045733333333,9.88E-02,0,6.95960097777778,-0.74,100,0,3744.6,60,0.1344,0
1/30/20 3:34,181,180.958333333333,0,0,4691.7,20.35,0,0,1.5,2,781.7,0,0,-2056.6,60.105,9.65E-02,0,6.95940471111111,-0.74,100,0,3744.6,60,0.1344,0
1/30/20 3:39,181.083333333333,181.041666666667,0,0,4691.7,20.35,0,0,1.5,2,781.7,0,0,-2056.6,60.105,0.094526,0,6.95999431111111,-0.74,100,0,3744.6,60,0.1344,0
1/30/20 3:44,181.166666666667,181.125,0,0,4691.7,20.35,0,0,1.5,2,781.7,0,0,-2056.6,60.0631026666667,9.54E-02,0,6.96,-0.74,100,0,3744.6,60,0.1344,0
1/30/20 3:49,181.25,181.208333333333,0,0,4691.7,20.35,0,0,1.5,2,781.7,0,0,-2056.6,60.0424946666667,9.55E-02,0,6.96,-0.74,100,0,3744.6,60,0.1344,0
1/30/20 3:54,181.333333333333,181.291666666667,0,0,4691.7,20.35,0,0,1.5,2,781.7,0,0,-2056.6,60.1044026666667,9.64E-02,0,6.95960097777778,-0.74,100,0,3744.6,60,0.1344,0
1/30/20 3:59,181.416666666667,181.375,0,0,4691.7,20.35,0,0,1.5,2,781.7,0,0,-2056.6,60.105,9.61E-02,0,6.95940471111111,-0.74,100,0,3744.6,60,0.131846257777778,0
1/30/20 4:04,181.5,181.458333333333,0,0,4691.7,20.35,0,0,1.5,2,781.7,0,0,-2056.6,60.105,9.72E-02,0,6.95999431111111,-0.74,100,0,3744.6,60,0.128036408888889,0
1/30/20 4:09,181.583333333333,181.541666666667,0,0,4691.7,20.35,0,0,1.5,2,781.7,0,0,-2056.32068444444,60.0631026666667,9.73E-02,0,6.95960097777778,-0.74,100,0,3744.6,60,0.128,0
1/30/20 4:14,181.666666666667,181.625,0,0,4691.7,20.35,0,0,1.5,2,781.7,0,0,-2056.18329777778,60.0005973333333,0.0962048,0,6.95940471111111,-0.74,100,0,3744.6,60,0.130553742222222,0
1/30/20 4:19,181.75,181.708333333333,0,0,4691.7,20.35,0,0,1.5,2,781.7,0,0,-2056.31670222222,60.0418973333333,9.44E-02,0,6.95959528888889,-0.74,100,0,3744.6,60,0.134363591111111,0
1/30/20 4:24,181.833333333333,181.791666666667,0,0,4691.7,20.35,0,0,1.5,2,781.7,0,0,-2055.90398222222,60.0625053333333,9.59E-02,0,6.95940471111111,-0.74,100,0,3744.6,60,0.1344,0
1/30/20 4:29,181.916666666667,181.875,0,0,4691.7,20.35,0,0,1.5,2,781.7,0,0,-2055.9,60.0005973333333,0.1000644,0,6.95999431111111,-0.74,100,0,3744.6,60,0.1344,0
1/30/20 4:34,182,181.958333333333,0,0,4691.7,20.35,0,0,1.5,2,781.7,0,0,-2055.9,60.0418973333333,9.96E-02,0,6.95960097777778,-0.74,100,0,3744.6,60,0.1344,0
1/30/20 4:39,182.083333333333,182.041666666667,0,0,4691.7,20.35,0,0,1.5,2,781.7,0,0,-2055.9,60.0625053333333,9.75E-02,0,6.95900568888889,-0.74,100,0,3744.6,60,0.1344,0
1/30/20 4:44,182.166666666667,182.125,0,0,4691.7,20.35,0,0,1.5,2,781.7,0,0,-2055.9,60.0005973333333,0.0975,0,6.95939902222222,-0.74,100,0,3744.6,60,0.1344,0
1/30/20 4:49,182.25,182.208333333333,0,0,4691.7,20.35,0,0,1.5,2,781.7,0,0,-2055.9,60,0.0975,0,6.95959528888889,-0.74,100,0,3744.6,60,0.1344,0
1/30/20 4:54,182.333333333333,182.291666666667,0,0,4691.7,20.35,0,0,1.5,2,781.7,0,0,-2055.9,60,0.0975,0,6.95940471111111,-0.74,100,0,3744.6,60,0.1344,0
1/30/20 4:59,182.416666666667,182.375,0,0,4691.7,20.35,0,0,1.5,2,781.7,0,0,-2055.9,60,0.0957044,0,6.95999431111111,-0.74,100,0,3744.6,60,0.1344,0
1/30/20 5:04,182.5,182.458333333333,0,0,4691.7,20.35,0,0,1.5,2,781.7,0,0,-2055.9,60,9.52E-02,0,6.96,-0.74,100,0,3744.6,60,0.1344,0
1/30/20 5:09,182.583333333333,182.541666666667,0,0,4691.7,20.35,0,0,1.5,2,781.7,0,0,-2055.9,60,9.85E-02,0,6.96,-0.74,100,0,3744.6,60,0.1344,0
1/30/20 5:14,182.666666666667,182.625,0,0,4691.7,20.35,0,0,1.5,2,781.7,0,0,-2055.9,60,9.75E-02,0,6.96,-0.74,100,0,3744.6,60,0.1344,0
1/30/20 5:19,182.75,182.708333333333,0,0,4691.7,20.35,0,0,1.5,2,781.7,0,0,-2055.9,60.0418973333333,9.70E-02,0,6.96,-0.74,100,0,3744.6,60,0.1344,0
1/30/20 5:24,182.833333333333,182.791666666667,0,0,4691.7,20.35,0,0,1.5,2,781.7,0,0,-2055.9,60.164256,9.87E-02,0,6.96,-0.74,100,0,3744.6,59.9581026666667,0.1344,0
1/30/20 5:29,182.916666666667,182.875,0,0,4691.7,20.35,0,0,1.5,2,781.7,0,0,-2055.9,60.1942933333333,9.94E-02,0,6.95960097777778,-0.74,100,0,3744.6,59.9374946666667,0.1344,0
1/30/20 5:34,183,182.958333333333,0,0,4691.7,20.35,0,0,1.5,2,781.7,0,0,-2055.9,60.1058533333333,0.100393333333333,0,6.95900568888889,-0.74,100,0,3744.6,59.9994026666667,0.1344,0
1/30/20 5:39,183.083333333333,183.041666666667,0,0,4691.7,20.35,0,0,1.5,2,781.7,0,0,-2055.9,60.105,0.100196266666667,0,6.95939902222222,-0.74,100,0,3744.6,60,0.1344,0
1/30/20 5:44,183.166666666667,183.125,0,0,4691.7,20.35,0,0,1.5,2,781.7,0,0,-2055.9,60.105,9.84E-02,0,6.95959528888889,-0.74,100,0,3744.6,60,0.1344,0
1/30/20 5:49,183.25,183.208333333333,0,0,4691.7,20.35,0,0,1.5,2,781.7,0,0,-2055.9,60.0631026666667,9.75E-02,0,6.95940471111111,-0.74,100,0,3744.6,60,0.1344,0
1/30/20 5:54,183.333333333333,183.291666666667,0,0,4691.7,20.35,0,0,1.5,2,781.7,0,0,-2055.9,60.0005973333333,9.79E-02,0,6.95999431111111,-0.74,100,0,3744.6,60,0.1344,0
1/30/20 5:59,183.416666666667,183.375,0,0,4691.7,20.35,0,0,1.5,2,781.7,0,0,-2055.9,60,9.87E-02,0,6.95960097777778,-0.74,100,0,3744.6,60,0.1344,0
1/30/20 6:04,183.5,183.458333333333,0,0,4691.7,20.35,0,0,1.5,2,781.7,0,0,-2055.9,60,9.94E-02,0,6.95900568888889,-0.74,100,0,3744.6,60,0.1344,0
1/30/20 6:09,183.583333333333,183.541666666667,0,0,4691.7,20.35,0,0,1.5,2,781.7,0,0,-2055.9,60.0418973333333,9.90E-02,0,6.95939902222222,-0.74,100,0,3744.6,60,0.1344,0
1/30/20 6:14,183.666666666667,183.625,0,0,4691.7,20.35,0,0,1.5,2,781.7,0,0,-2055.9,60.1044026666667,0.0989108,0,6.95999431111111,-0.74,100,0,3744.6,60,0.1344,0
1/30/20 6:19,183.75,183.708333333333,0,0,4691.7,20.35,0,0,1.5,2,781.7,0,0,-2055.9,60.105,1.00E-01,0,6.95960097777778,-0.74,100,0,3744.6,60,0.131846257777778,0
1/30/20 6:24,183.833333333333,183.791666666667,0,0,4691.7,20.35,0,0,1.5,2,781.7,0,0,-2055.9,60.105,0.0981152,0,6.95940471111111,-0.74,100,0,3744.6,60,0.128036408888889,0
1/30/20 6:29,183.916666666667,183.875,0,0,4691.7,20.35,0,0,1.5,2,781.7,0,0,-2055.9,60.105,9.71E-02,0,6.95959528888889,-0.74,100,0,3744.6,60,0.130553742222222,0
1/30/20 6:34,184,183.958333333333,0,0,4691.7,20.35,0,0,1.5,2,781.7,0,0,-2055.9,60.0631026666667,9.69E-02,0,6.95940471111111,-0.74,100,0,3744.6,60,0.134363591111111,0
1/30/20 6:39,184.083333333333,184.041666666667,0,0,4691.7,20.35,0,0,1.5,2,781.7,0,0,-2055.9,60.0424946666667,9.75E-02,0,6.95999431111111,-0.74,100,0,3744.6,60,0.131846257777778,0
1/30/20 6:44,184.166666666667,184.125,0,0,4691.7,20.35,0,0,1.5,2,781.7,0,0,-2055.9,60.1044026666667,0.0975,0,6.95960097777778,-0.74,100,0,3744.6,60,0.128036408888889,0
1/30/20 6:49,184.25,184.208333333333,0,0,4691.7,20.35,0,0,1.5,2,781.7,0,0,-2055.9,60.105,9.83E-02,0,6.95900568888889,-0.74,100,0,3744.6,60,0.128,0
1/30/20 6:54,184.333333333333,184.291666666667,0,0,4691.7,20.35,0,0,1.5,2,781.7,0,0,-2055.9,60.105,9.99E-02,0,6.95939902222222,-0.74,100,0,3744.6,60,0.128,0
1/30/20 6:59,184.416666666667,184.375,0,0,4691.7,20.35,0,0,1.5,2,781.7,0,0,-2055.9,60.105,9.93E-02,0,6.95999431111111,-0.74,100,0,3744.6,60,0.128,0
1/30/20 7:04,184.5,184.458333333333,0,0,4691.7,20.35,0,0,1.5,2,781.7,0,0,-2055.62068444444,60.105,0.0981156,0,6.96,-0.74,100,0,3744.6,60,0.128,0
1/30/20 7:09,184.583333333333,184.541666666667,0,0,4691.7,20.35,0,0,1.5,2,781.7,0,0,-2055.20398222222,60.105,9.82E-02,0,6.96,-0.74,100,0,3744.6,60,0.128,0
1/30/20 7:14,184.666666666667,184.625,0,0,4691.7,20.35,0,0,1.5,2,781.7,0,0,-2055.2,60.105,9.72E-02,0,6.96,-0.74,100,0,3744.6,60,0.128,0
1/30/20 7:19,184.75,184.708333333333,0,0,4691.7,20.35,0,0,1.5,2,781.7,0,0,-2055.2,60.105,9.73E-02,0,6.96,-0.74,100,0,3744.6,60,0.128,0
1/30/20 7:24,184.833333333333,184.791666666667,0,0,4691.7,20.35,0,0,1.5,2,781.7,0,0,-2055.2,60.105,9.66E-02,0,6.96,-0.74,100,0,3744.6,60,0.128,0
1/30/20 7:29,184.916666666667,184.875,0,0,4691.7,20.35,0,0,1.5,2,781.7,0,0,-2055.2,60.105,9.76E-02,0,6.96,-0.74,100,0,3744.6,60,0.128,0
1/30/20 7:34,185,184.958333333333,0,0,4691.7,20.35,0,0,1.5,2,781.7,0,0,-2055.2,60.0631026666667,9.80E-02,0,6.96,-0.74,100,0,3744.6,60,0.128,0
1/30/20 7:39,185.083333333333,185.041666666667,0,0,4691.7,20.35,0,0,1.5,2,781.7,0,0,-2055.2,60.0424946666667,9.58E-02,0,6.96,-0.74,100,0,3744.6,60,0.128,0
1/30/20 7:44,185.166666666667,185.125,0,0,4691.7,20.35,0,0,1.53990222222222,2,781.7,0,0,-2055.2,60.1044026666667,9.72E-02,0,6.96,-0.74,100,0,3744.6,60,0.130553742222222,0
1/30/20 7:49,185.25,185.208333333333,0,0,4691.7,20.35,0,0,1.59943111111111,2,781.7,0,0,-2055.2,60.0750733333333,9.75E-02,0,6.96,-0.74,100,0,3744.6,60,0.134363591111111,0
1/30/20 7:54,185.333333333333,185.291666666667,0,0,4691.7,20.35,0,0,1.6,2,781.7,0,0,-2055.2,60.0603533333333,0.0975,0,6.96,-0.74,100,0,3744.6,60,0.1344,0
1/30/20 7:59,185.416666666667,185.375,0,0,4691.7,20.35,0,0,1.6,2,781.7,0,0,-2055.2,60.1045733333333,9.81E-02,0,6.96,-0.74,100,0,3744.6,60,0.1344,0
1/30/20 8:04,185.5,185.458333333333,0,0,4691.7,20.35,0,0,1.6,2,781.7,0,0,-2055.2,60.105,9.74E-02,0,6.96,-0.74,100,0,3744.6,60,0.1344,0
1/30/20 8:09,185.583333333333,185.541666666667,0,0,4691.7,20.35,0,0,1.6,2,781.7,0,0,-2055.2,60.0750733333333,9.64E-02,0,6.96,-0.74,100,0,3744.6,60,0.1344,0
1/30/20 8:14,185.666666666667,185.625,0,0,4691.7,20.35,0,0,1.6,2,781.7,0,0,-2055.2,60.0603533333333,9.83E-02,0,6.96,-0.74,100,0,3744.6,60,0.1344,0
1/30/20 8:19,185.75,185.708333333333,0,0,4691.7,20.35,0,0,1.6,2,781.7,0,0,-2055.2,60.062676,9.76E-02,0,6.96,-0.74,100,0,3744.6,60,0.1344,0
1/30/20 8:24,185.833333333333,185.791666666667,0,0,4691.7,20.35,0,0,1.6,2,781.7,0,0,-2055.2,60.0424946666667,9.74E-02,0,6.96,-0.74,100,0,3744.6,60,0.1344,0
1/30/20 8:29,185.916666666667,185.875,0,0,4691.7,20.35,0,0,1.6,2,781.7,0,0,-2055.2,60.1044026666667,9.70E-02,0,6.96,-0.74,100,0,3744.6,60,0.1344,0
1/30/20 8:34,186,185.958333333333,0,0,4691.7,20.35,0,0,1.6,2,781.7,0,0,-2055.2,60.105,9.67E-02,0,6.96,-0.74,100,0,3744.6,60,0.1344,0
1/30/20 8:39,186.083333333333,186.041666666667,0,0,4691.7,20.35,0,0,1.6,2,781.7,0,0,-2055.2,60.0631026666667,9.83E-02,0,6.96,-0.74,100,0,3744.6,60,0.1344,0
1/30/20 8:44,186.166666666667,186.125,0,0,4691.7,20.35,0,0,1.6,2,781.7,0,0,-2055.2,60.0424946666667,9.84E-02,0,6.96,-0.74,100,0,3744.6,60,0.131846257777778,0
1/30/20 8:49,186.25,186.208333333333,0,0,4691.7,20.35,0,0,1.6,2,781.7,0,0,-2055.2,60.1044026666667,9.76E-02,0,6.96,-0.74,100,0,3744.6,60,0.130590151111111,0
1/30/20 8:54,186.333333333333,186.291666666667,0,0,4691.7,20.35,0,0,1.6,2,781.7,0,0,-2054.92068444444,60.105,9.51E-02,0,6.96,-0.74,100,0,3744.6,60,0.134363591111111,0
1/30/20 8:59,186.416666666667,186.375,0,0,4691.7,20.35,0,0,1.6,2,781.7,0,0,-2054.50398222222,60.105,9.51E-02,0,6.96,-0.74,100,0,3744.6,60,0.1344,0
1/30/20 9:04,186.5,186.458333333333,0,0,4691.7,20.35,0,0,1.6,2,781.7,0,0,-2054.5,60.105,9.64E-02,0,6.96,-0.74,100,0,3744.6,60,0.1344,0
1/30/20 9:09,186.583333333333,186.541666666667,0,0,4691.7,20.35,0,0,1.6,2,781.7,0,0,-2054.5,60.105,9.66E-02,0,6.96,-0.74,100,0,3744.6,60,0.1344,0
1/30/20 9:14,186.666666666667,186.625,0,0,4691.7,20.35,0,0,1.6,2,781.7,0,0,-2054.5,60.105,9.68E-02,0,6.96,-0.74,100,0,3744.6,60,0.1344,0
1/30/20 9:19,186.75,186.708333333333,0,0,4691.7,20.35,0,0,1.6,2,781.7,0,0,-2054.5,60.105,9.80E-02,0,6.96,-0.74,100,0,3744.6,60,0.1344,0
1/30/20 9:24,186.833333333333,186.791666666667,0,0,4691.7,20.35,0,0,1.6,2,781.7,0,0,-2054.5,60.105,9.76E-02,0,6.96,-0.74,100,0,3744.6,60,0.1344,0
1/30/20 9:29,186.916666666667,186.875,0,0,4691.7,20.35,0,0,1.6,2,781.7,0,0,-2054.5,60.105,9.64E-02,0,6.96,-0.74,100,0,3744.6,60,0.1344,0
1/30/20 9:34,187,186.958333333333,0,0,4691.7,20.35,0,0,1.6,2,781.7,0,0,-2054.5,60.0631026666667,9.75E-02,0,6.96,-0.74,100,0,3744.6,60,0.1344,0
1/30/20 9:39,187.083333333333,187.041666666667,0,0,4691.7,20.35,0,0,1.6,2,781.7,0,0,-2054.5,60.0424946666667,9.93E-02,0,6.96039902222222,-0.74,100,0,3744.6,60,0.1344,0
1/30/20 9:44,187.166666666667,187.125,0,0,4691.7,20.35,0,0,1.6,2,781.7,0,0,-2054.5,60.1044026666667,9.75E-02,0,6.96059528888889,-0.74,100,0,3744.6,60,0.1344,0
1/30/20 9:49,187.25,187.208333333333,0,0,4691.7,20.35,0,0,1.6,2,781.7,0,0,-2054.5,60.105,9.81E-02,0,6.96080373333333,-0.74,100,0,3744.6,60,0.1344,0
1/30/20 9:54,187.333333333333,187.291666666667,0,0,4691.7,20.35,0,0,1.6,2,781.7,0,0,-2054.5,60.0631026666667,0.09959,0,6.96198862222222,-0.74,100,0,3744.6,60,0.1344,0
1/30/20 9:59,187.416666666667,187.375,0,0,4691.7,20.35,0,0,1.6,2,781.7,0,0,-2054.5,60.0424946666667,0.100092444444444,0,6.962,-0.74,100,0,3744.6,60,0.1344,0
1/30/20 10:04,187.5,187.458333333333,0,0,4691.7,20.35,0,0,1.6,2,781.7,0,0,-2054.5,60.1044026666667,9.81E-02,0,6.962,-0.74,100,0,3744.6,60,0.1344,0
1/30/20 10:09,187.583333333333,187.541666666667,0,0,4691.7,20.35,0,0,1.6,2,781.7,0,0,-2054.5,60.0631026666667,9.80E-02,0,6.96120195555556,-0.74,100,0,3744.6,60,0.1344,0
1/30/20 10:14,187.666666666667,187.625,0,0,4691.7,20.35,0,0,1.6,2,781.7,0,0,-2054.5,60.0424946666667,9.86E-02,0,6.96080942222222,-0.74,100,0,3744.6,60,0.1344,0
1/30/20 10:19,187.75,187.708333333333,0,0,4691.7,20.35,0,0,1.6,2,781.7,0,0,-2054.5,60.0625053333333,9.64E-02,0,6.96198862222222,-0.74,100,0,3744.6,60,0.1344,0
1/30/20 10:24,187.833333333333,187.791666666667,0,0,4691.7,20.35,0,0,1.6,2,781.7,0,0,-2054.5,60.0424946666667,9.71E-02,0,6.962,-0.74,100,0,3744.6,60,0.1344,0
1/30/20 10:29,187.916666666667,187.875,0,0,4691.7,20.35,0,0,1.6,2,781.7,0,0,-2054.5,60.0625053333333,0.096616,0,6.96120195555556,-0.74,100,0,3744.6,60,0.1344,0
1/30/20 10:34,188,187.958333333333,0,0,4691.7,20.35,0,0,1.6,2,781.7,0,0,-2054.5,60.0424946666667,9.80E-02,0,6.96080942222222,-0.74,100,0,3744.6,60,0.1344,0
1/30/20 10:39,188.083333333333,188.041666666667,0,0,4691.7,20.35,0,0,1.6,2,781.7,0,0,-2054.5,60.1044026666667,9.67E-02,0,6.96198862222222,-0.74,100,0,3744.6,60,0.1344,0
1/30/20 10:44,188.166666666667,188.125,0,0,4691.7,20.35,0,0,1.6,2,781.7,0,0,-2054.5,60.105,9.82E-02,0,6.962,-0.74,100,0,3744.6,60,0.1344,0
1/30/20 10:49,188.25,188.208333333333,0,0,4691.7,20.35,0,0,1.6,2,781.7,0,0,-2054.5,60.105,0.0993844,0,6.96239902222222,-0.74,100,0,3744.6,60,0.1344,0
1/30/20 10:54,188.333333333333,188.291666666667,0,0,4691.7,20.35,0,0,1.6,2,781.7,0,0,-2054.5,60.105,0.097911988482835,0,6.96259661454411,-0.74,100,0,3744.6,60,0.1344,0
1/30/20 10:59,188.416666666667,188.375,0,0,4691.7,20.35,0,0,1.6,2,781.7,0,0,-2054.5,60.105,9.66E-02,0,6.96200602990033,-0.74,100,0,3744.6,60,0.1344,0
1/30/20 11:04,188.5,188.458333333333,0,0,4691.7,20.35,0,0,1.6,2,781.7,0,0,-2054.5,60.06341475,0.0964021,0,6.962,-0.74,100,0,3744.6,60,0.1344,0
1/30/20 11:09,188.583333333333,188.541666666667,0,0,4691.7,20.35,0,0,1.6,2,781.7,0,0,-2054.5,60.0422205,0.096795925,0,6.962,-0.74,100,0,3744.6,60,0.1344,0
1/30/20 11:14,188.666666666667,188.625,0,0,4691.7,20.35,0,0,1.6,2,781.7,0,0,-2054.5,60.10436475,0.095710925,0,6.962,-0.74,100,0,3744.6,60,0.1344,0
1/30/20 11:19,188.75,188.708333333333,0,0,4691.7,20.35,0,0,1.6,2,781.7,0,0,-2054.5,60.105,0.0968884,0,6.962,-0.74,100,0,3744.6,60,0.1344,0
1/30/20 11:24,188.833333333333,188.791666666667,0,0,4691.7,20.35,0,0,1.6,2,781.7,0,0,-2054.5,60.105,0.10006765,0,6.962,-0.74,100,0,3744.6,60,0.1344,0
1/30/20 11:29,188.916666666667,188.875,0,0,4691.7,20.35,0,0,1.6,2,781.7,0,0,-2054.5,60.105,0.09871395,0,6.962,-0.74,100,0,3744.6,60,0.1344,0
1/30/20 11:34,189,188.958333333333,0,0,4691.7,20.35,0,0,1.6,2,781.7,0,0,-2054.5,60.105,0.0983042,0,6.962,-0.74,100,0,3744.6,60,0.1344,0
1/30/20 11:39,189.083333333333,189.041666666667,0,0,4691.7,20.35,0,0,1.6,2,781.7,0,0,-2054.5,60.105,0.10067605,0,6.962,-0.74,100,0,3744.6,60,0.1344,0
1/30/20 11:44,189.166666666667,189.125,0,0,4691.7,20.35,0,0,1.6,2,781.7,0,0,-2054.5,60.105,0.101095675,0,6.962,-0.74,100,0,3744.6,60,0.1344,0
1/30/20 11:49,189.25,189.208333333333,0,0,4691.7,20.35,0,0,1.6,2,781.7,0,0,-2054.5,60.105,0.0992192,0,6.96239605,-0.74,100,0,3744.6,60,0.1344,0
1/30/20 11:54,189.333333333333,189.291666666667,0,0,4691.7,20.35,0,0,1.6,2,781.7,0,0,-2054.5,60.105,0.099100925,0,6.9625979,-0.74,100,0,3744.6,60,0.1344,0
1/30/20 11:59,189.416666666667,189.375,0,0,4691.7,20.35,0,0,1.6,2,781.7,0,0,-2054.5,60.105,0.09850605,0,6.96200605,-0.74,100,0,3744.6,60,0.1344,0
1/30/20 12:04,189.5,189.458333333333,0,0,4691.7,20.35,0,0,1.6,2,781.7,0,0,-2054.5,60.105,0.0977079,0,6.96239605,-0.74,100,0,3744.6,60,0.1344,0
1/30/20 12:09,189.583333333333,189.541666666667,0,0,4691.7,20.35,0,0,1.6,2,781.7,0,0,-2054.5,60.105,0.095918025,0,6.9625979,-0.74,100,0,3744.6,60,0.1344,0
1/30/20 12:14,189.666666666667,189.625,0,0,4691.7,20.35,0,0,1.6,2,781.7,0,0,-2054.5,60.06341475,0.0952071,0,6.96200605,-0.74,100,0,3744.6,60,0.1344,0
1/30/20 12:19,189.75,189.708333333333,0,0,4691.7,20.35,0,0,1.6,2,781.7,0,0,-2054.5,60.0422205,0.097081175,0,6.96239605,-0.74,100,0,3744.6,60,0.1344,0
1/30/20 12:24,189.833333333333,189.791666666667,0,0,4691.7,20.35,0,0,1.6,2,781.7,0,0,-2054.5,60.10436475,0.0986837,0,6.96299395,-0.74,100,0,3744.6,60,0.1344,0
1/30/20 12:29,189.916666666667,189.875,0,0,4691.7,20.35,0,0,1.6,2,781.7,0,0,-2054.5,60.105,0.096918025,0,6.96260395,-0.74,100,0,3744.6,60,0.1344,0
1/30/20 12:34,190,189.958333333333,0,0,4691.7,20.35,0,0,1.6,2,781.7,0,0,-2054.5,60.105,0.096009075,0,6.96200605,-0.74,100,0,3744.6,60,0.1344,0
1/30/20 12:39,190.083333333333,190.041666666667,0,0,4691.7,20.35,0,0,1.6,2,781.7,0,0,-2054.5,60.105,0.096990125,0,6.96239605,-0.74,100,0,3744.6,60,0.1344,0
1/30/20 12:44,190.166666666667,190.125,0,0,4691.7,20.35,0,0,1.6,2,781.7,0,0,-2054.5,60.105,0.100069075,0,6.96299395,-0.74,100,0,3744.6,60,0.1344,0
1/30/20 12:49,190.25,190.208333333333,0,0,4691.7,20.35,0,0,1.6,2,781.7,0,0,-2054.5,60.105,0.099505425,0,6.963,-0.74,100,0,3744.6,60,0.1344,0
1/30/20 12:54,190.333333333333,190.291666666667,0,0,4691.7,20.35,0,0,1.6,2,781.7,0,0,-2054.5,60.105,0.0960355,0,6.963,-0.74,100,0,3744.6,60,0.1344,0
1/30/20 12:59,190.416666666667,190.375,0,0,4691.7,20.35,0,0,1.6,2,781.7,0,0,-2054.777235,60.105,0.09807895,0,6.963,-0.74,100,0,3744.6,60,0.1344,0
1/30/20 13:04,190.5,190.458333333333,0,0,4691.7,20.35,0,0,1.6,2,781.7,0,0,-2054.91853,60.06341475,0.099386975,0,6.963,-0.74,100,0,3744.6,60,0.1344,0
1/30/20 13:09,190.583333333333,190.541666666667,0,0,4691.7,20.35,0,0,1.6,2,781.7,0,0,-2054.78147,60.0422205,0.0995979,0,6.96260395,-0.74,100,0,3744.6,60,0.1344,0
1/30/20 13:14,190.666666666667,190.625,0,0,4691.7,20.35,0,0,1.6,2,781.7,0,0,-2054.91853,60.10436475,0.099204075,0,6.9624021,-0.74,100,0,3744.6,60,0.1344,0
1/30/20 13:19,190.75,190.708333333333,0,0,4691.7,20.35,0,0,1.6,2,781.7,0,0,-2054.504235,60.06341475,0.09850685,0,6.96299395,-0.74,100,0,3744.6,60,0.13186528,0
1/30/20 13:24,190.833333333333,190.791666666667,0,0,4691.7,20.35,0,0,1.6,2,781.7,0,0,-2054.5,60.0422205,0.097015125,0,6.963,-0.74,100,0,3744.6,60,0.13057344,0
1/30/20 13:29,190.916666666667,190.875,0,0,4691.7,20.35,0,0,1.6,2,781.7,0,0,-2054.5,60.074661,0.097198025,0,6.963,-0.74,100,0,3744.6,60,0.13436128,0
1/30/20 13:34,191,190.958333333333,0,0,4691.7,20.35,0,0,1.6,2,781.7,0,0,-2054.5,60.0601575,0.097496975,0,6.963,-0.74,100,0,3744.6,60,0.1344,0
1/30/20 13:39,191.083333333333,191.041666666667,0,0,4691.7,20.35,0,0,1.6,2,781.7,0,0,-2054.5,60.10454625,0.097301975,0,6.963,-0.74,100,0,3744.6,60,0.1344,0
1/30/20 13:44,191.166666666667,191.125,0,0,4691.7,20.35,0,0,1.6,2,781.7,0,0,-2054.5,60.06341475,0.0983892,0,6.963,-0.74,100,0,3744.6,60,0.1344,0
1/30/20 13:49,191.25,191.208333333333,0,0,4691.7,20.35,0,0,1.6,2,781.7,0,0,-2054.5,60.11945025,0.09909265,0,6.963,-0.74,100,0,3744.6,60,0.13186528,0
1/30/20 13:54,191.333333333333,191.291666666667,0,0,4691.7,20.35,0,0,1.6,2,781.7,0,0,-2054.5,60.25659975,0.096625125,0,6.963,-0.74,100,0,3744.6,60,0.13057344,0
1/30/20 13:59,191.416666666667,191.375,0,0,4691.7,20.35,0,0,1.639605,2,781.7,0,0,-2054.777235,60.15999075,0.0971942,0,6.963,-0.74,100,0,3744.6,60,0.13436128,0
1/30/20 14:04,191.5,191.458333333333,0,0,4691.7,20.35,0,0,1.699395,2,781.7,0,0,-2055.195765,60.1055445,0.0977937,0,6.963,-0.74,100,0,3744.6,60,0.1344,0
1/30/20 14:09,191.583333333333,191.541666666667,0,0,4691.7,20.35,0,0,1.7,2,781.7,0,0,-2055.2,60.105,0.0972063,0,6.963,-0.74,100,0,3744.6,60,0.1344,0
1/30/20 14:14,191.666666666667,191.625,0,0,4691.7,20.35,0,0,1.7,2,781.7,0,0,-2055.2,60.105,0.098783825,0,6.963,-0.74,100,0,3744.6,60,0.1344,0
1/30/20 14:19,191.75,191.708333333333,0,0,4691.7,20.35,0,0,1.7,2,781.7,0,0,-2054.922765,60.105,0.098106975,0,6.963,-0.74,100,0,3744.6,60,0.1344,0
1/30/20 14:24,191.833333333333,191.791666666667,0,0,4691.7,20.35,0,0,1.7,2,781.7,0,0,-2054.504235,60.105,0.0986942,0,6.963,-0.74,100,0,3744.6,60,0.1344,0
1/30/20 14:29,191.916666666667,191.875,0,0,4691.7,20.35,0,0,1.7,2,781.7,0,0,-2054.777235,60.105,0.099095675,0,6.963,-0.74,100,0,3744.6,60,0.1344,0
1/30/20 14:34,192,191.958333333333,0,0,4691.7,20.35,0,0,1.7,2,781.7,0,0,-2055.195765,60.105,0.096625125,0,6.963,-0.74,100,0,3744.6,60,0.1344,0
1/30/20 14:39,192.083333333333,192.041666666667,0,0,4691.7,20.35,0,0,1.7,2,781.7,0,0,-2055.2,60.105,0.096600125,0,6.963,-0.74,100,0,3744.6,60,0.1344,0
1/30/20 14:44,192.166666666667,192.125,0,0,4691.7,20.35,0,0,1.7,2,781.7,0,0,-2055.2,60.105,0.096698825,0,6.963,-0.74,100,0,3744.6,60,0.1344,0
1/30/20 14:49,192.25,192.208333333333,0,0,4691.7,20.35,0,0,1.7,2,781.7,0,0,-2055.2,60.105,0.096106175,0,6.963,-0.74,100,0,3744.6,60,0.1344,0
1/30/20 14:54,192.333333333333,192.291666666667,0,0,4691.7,20.35,0,0,1.7,2,781.7,0,0,-2055.2,60.1406445,0.096198825,0,6.963,-0.74,100,0,3744.6,60,0.1344,0
1/30/20 14:59,192.416666666667,192.375,0,0,4691.7,20.35,0,0,1.7,2,781.7,0,0,-2055.2,60.158811,0.097586425,0,6.9637921,-0.74,100,0,3744.6,60,0.1344,0
1/30/20 15:04,192.5,192.458333333333,0,0,4691.7,20.35,0,0,1.7,2,781.7,0,0,-2055.2,60.141189,0.099084375,0,6.9641958,-0.74,100,0,3744.6,60,0.13186528,0
1/30/20 15:09,192.583333333333,192.541666666667,0,0,4691.7,20.35,0,0,1.7,2,781.7,0,0,-2055.2,60.158811,0.096922475,0,6.96340815,-0.74,100,0,3744.6,60,0.13057344,0
1/30/20 15:14,192.666666666667,192.625,0,0,4691.7,20.35,0,0,1.7,0.81,781.7,0,0,-2055.2,60.141189,0.044758825,0,6.96240975,-0.74,212.333333333333,0,3744.6,60,0.13436128,0
1/30/20 15:19,192.75,192.708333333333,0,0,4691.7,20.35,0,9.12E-02,1.7,0,781.7,0,0,-2055.2,60.158811,0,0,6.9576479,-0.74,300,0,3744.6,59.95841475,0.1344,0
1/30/20 15:24,192.833333333333,192.791666666667,0,0,4691.7,20.35,0,1.99539724166667,1.7,0,781.7,0,0,-2055.2,60.9874256068702,0,0,6.95126395,-0.74,300,0,3744.6,59.89563525,0.12933056,0
1/30/20 15:29,192.916666666667,192.875,0,0,4691.7,20.35,0,2.001698825,1.7,0,781.7,0,0,-2055.2,61.2967973931298,0,0,6.94704235,-0.74,300,0,3744.6,59.895,0.12167744,0
1/30/20 15:34,193,192.958333333333,0,0,4691.7,20.35,0,2.001106175,1.7,0,781.7,0,0,-2055.2,61.180167,0,0,6.9462079,-0.74,300,0,3744.6,59.895,0.1216,0
1/30/20 15:39,193.083333333333,193.041666666667,0,0,4691.7,20.35,0,2.002585,1.7,0,781.7,0,0,-2055.2,61.3037295,0,0,6.94422,-0.74,300,0,3744.6,59.93658525,0.1216,0
1/30/20 15:44,193.166666666667,193.125,0,0,4691.7,20.35,0,2.003490925,1.7,0,781.7,0,0,-2055.2,61.38222975,0,0,6.94261605,-0.74,300,0,3744.6,59.99936475,0.1216,0
1/30/20 15:49,193.25,193.208333333333,0,0,4691.7,20.35,0,2.00231185,1.7,0,781.7,0,0,-2055.2,61.38000525,0,0,6.94121395,-0.74,300,0,3744.6,59.95841475,0.1216,0
1/30/20 15:54,193.333333333333,193.291666666667,0,0,4691.7,20.35,0,2.00131025,1.7,0,781.7,0,0,-2055.2,61.16022975,0,0,6.93961605,-0.74,300,0,3744.6,59.9372205,0.1216,0
1/30/20 15:59,193.416666666667,193.375,0,0,4691.7,20.35,0,2.0024879,1.7,0,781.7,0,0,-2055.2,61.21445025,0,0,6.93821395,-0.74,300,0,3744.6,59.99936475,0.1216,0
1/30/20 16:04,193.5,193.458333333333,0,0,4691.7,20.35,0,2.002698025,1.7,0,781.7,0,0,-2055.2,61.31595525,0,0,6.93661605,-0.74,300,0,3744.6,60,0.11906528,0
1/30/20 16:09,193.583333333333,193.541666666667,0,0,4691.7,20.35,0,2.002996975,1.7,0,781.7,0,0,-2055.2,61.1595945,0,0,6.93600605,-0.74,300,0,3744.6,60,0.11523872,0
1/30/20 16:14,193.666666666667,193.625,0,0,4691.7,20.35,0,2.00260395,1.7,0,781.7,0,0,-2055.2,61.1372205,0,0,6.9352079,-0.74,300,0,3744.6,59.97029625,0.1152,0
1/30/20 16:19,193.75,193.708333333333,0,0,4691.7,20.35,0,2.001808025,1.7,0,781.7,0,0,-2055.2,61.1577795,0,0,6.93361605,-0.74,300,0,3744.6,59.9551575,0.1152,0
1/30/20 16:24,193.833333333333,193.791666666667,0,0,4691.7,20.35,0,2.0020971,1.7,0,781.7,0,0,-2055.2,61.1372205,0,0,6.93300605,-0.74,300,0,3744.6,59.99954625,0.1152,0
1/30/20 16:29,193.916666666667,193.875,0,0,4691.7,20.35,0,2.00318895,1.7,0,781.7,0,0,-2055.2,61.19936475,0,0,6.9322079,-0.74,300,0,3744.6,60,0.1152,0
1/30/20 16:34,194,193.958333333333,0,0,4691.7,20.35,0,2.00250685,1.7,0,781.7,0,0,-2055.2,61.2,0,0,6.93061605,-0.74,300,0,3744.6,60,0.1152,0
1/30/20 16:39,194.083333333333,194.041666666667,0,0,4691.7,20.35,0,2.00121315,1.7,0,781.7,0,0,-2055.2,61.2,0,0,6.92961,-0.74,300,0,3744.6,60,0.1152,0
1/30/20 16:44,194.166666666667,194.125,0,0,4691.7,20.35,0,2.001893025,1.7,0,781.7,0,0,-2055.2,61.2,0,0,6.92861,-0.74,300,0,3744.6,60,0.1152,0
1/30/20 16:49,194.25,194.208333333333,0,0,4691.7,20.35,0,2.003088025,1.7,0,781.7,0,0,-2055.2,61.2,0,0,6.92761,-0.74,300,0,3744.6,60,0.1152,0
1/30/20 16:54,194.333333333333,194.291666666667,0,0,4691.7,20.35,0,2.003990925,1.7,0,781.7,0,0,-2055.2,61.2,0,0,6.92700605,-0.74,300,0,3744.6,60,0.1152,0
1/30/20 16:59,194.416666666667,194.375,0,0,4691.7,20.35,0,2.00281185,1.7,0,781.7,0,0,-2055.2,61.2,0,0,6.9262079,-0.74,300,0,3744.6,60,0.11266528,0
1/30/20 17:04,194.5,194.458333333333,0,0,4691.7,20.35,0,2.002008275,1.7,0,781.7,0,0,-2055.2,61.2,0,0,6.92461605,-0.74,300,0,3744.6,60,0.10883872,0
1/30/20 17:09,194.583333333333,194.541666666667,0,0,4691.7,20.35,0,2.00249475,1.7,0,781.7,0,0,-2055.2,61.27722975,0,0,6.92400605,-0.74,300,0,3744.6,60,0.1088,0
1/30/20 17:14,194.666666666667,194.625,0,0,4691.7,20.35,0,2.0024013,1.7,0,781.7,0,0,-2055.2,61.27500525,0,0,6.9232079,-0.74,300,0,3744.6,60,0.1088,0
1/30/20 17:19,194.75,194.708333333333,0,0,4691.7,20.35,0,2.00388475,1.7,0,781.7,0,0,-2055.2,61.13840025,0,0,6.92161605,-0.74,300,0,3744.6,60,0.1088,0
1/30/20 17:24,194.833333333333,194.791666666667,0,0,4691.7,20.35,0,2.003009075,1.7,0,781.7,0,0,-2055.2,61.19936475,0,0,6.92021395,-0.74,300,0,3744.6,60,0.1088,0
1/30/20 17:29,194.916666666667,194.875,0,0,4691.7,20.35,0,2.00260395,1.7,0,781.7,0,0,-2054.922765,61.2,0,0,6.9190121,-0.74,300,0,3744.6,59.97029625,0.1088,0
1/30/20 17:34,195,194.958333333333,0,0,4691.7,20.35,0,2.002996175,1.7,0,781.7,0,0,-2054.504235,61.2,0,0,6.91860395,-0.74,300,0,3744.6,59.9551575,0.1088,0
1/30/20 17:39,195.083333333333,195.041666666667,0,0,4691.7,20.35,0,2.004484875,1.7,0,781.7,0,0,-2054.5,61.2,0,0,6.91800605,-0.74,300,0,3744.6,59.99954625,0.1088,0
1/30/20 17:44,195.166666666667,195.125,0,0,4691.7,20.35,0,2.003905925,1.7,0,781.7,0,0,-2054.5,61.2,0,0,6.9172079,-0.74,300,0,3744.6,60,0.1088,0
1/30/20 17:49,195.25,195.208333333333,0,0,4691.7,20.35,0,2.00281105,1.7,0,781.7,0,0,-2054.5,61.2,0,0,6.91522,-0.74,300,0,3744.6,60,0.1088,0
1/30/20 17:54,195.333333333333,195.291666666667,0,0,4691.7,20.35,0,2.003295125,1.7,0,781.7,0,0,-2054.5,61.2,0,0,6.9140121,-0.74,300,0,3744.6,60,0.1088,0
1/30/20 17:59,195.416666666667,195.375,0,0,4691.7,20.35,0,2.00409185,1.7,0,781.7,0,0,-2054.5,61.2,0,0,6.91360395,-0.74,300,0,3744.6,60,0.1088,0
1/30/20 18:04,195.5,195.458333333333,0,0,4691.7,20.35,0,2.003308025,1.7,0,781.7,0,0,-2054.5,61.2,0,0,6.91221395,-0.74,300,0,3744.6,60,0.1088,0
1/30/20 18:09,195.583333333333,195.541666666667,0,0,4691.7,20.35,0,2.00320105,1.7,0,781.7,0,0,-2054.5,61.2,0,0,6.9110121,-0.74,300,0,3744.6,60,0.1088,0
1/30/20 18:14,195.666666666667,195.625,0,0,4691.7,20.35,0,2.002704875,1.7,0,781.7,0,0,-2054.5,61.2,0,0,6.91060395,-0.74,300,0,3744.6,60,0.10626528,0
1/30/20 18:19,195.75,195.708333333333,0,0,4691.7,20.35,0,2.00190815,1.7,0,781.7,0,0,-2054.5,61.2118815,0,0,6.91000605,-0.74,300,0,3744.6,60,0.10243872,0
1/30/20 18:24,195.833333333333,195.791666666667,0,0,4691.7,20.35,0,2.00289,1.7,0,781.7,0,0,-2054.5,61.217937,0,0,6.9092079,-0.74,300,0,3744.6,60,0.1024,0
1/30/20 18:29,195.916666666667,195.875,0,0,4691.7,20.35,0,2.00349395,1.7,0,781.7,0,0,-2054.5,61.2001815,0,0,6.9080121,-0.74,300,0,3744.6,60,0.1024,0
1/30/20 18:34,196,195.958333333333,0,0,4691.7,20.35,0,2.0035,1.7,0,781.7,0,0,-2054.5,61.2,0,0,6.90760395,-0.74,300,0,3744.6,60,0.1024,0
1/30/20 18:39,196.083333333333,196.041666666667,0,0,4691.7,20.35,0,2.00389605,1.7,0,781.7,0,0,-2054.5,61.2,0,0,6.90700605,-0.74,300,0,3744.6,60,0.1024,0
1/30/20 18:44,196.166666666667,196.125,0,0,4691.7,20.35,0,2.003899875,1.7,0,781.7,0,0,-2054.5,61.2,0,0,6.9062079,-0.74,300,0,3744.6,60,0.1024,0
1/30/20 18:49,196.25,196.208333333333,0,0,4691.7,20.35,0,2.0032071,1.7,0,781.7,0,0,-2054.5,61.2,0,0,6.90461605,-0.74,300,0,3744.6,60,0.1024,0
1/30/20 18:54,196.333333333333,196.291666666667,0,0,4691.7,20.35,0,2.00329895,1.7,0,781.7,0,0,-2054.5,61.22970375,0,0,6.90400605,-0.74,300,0,3744.6,60,0.09986528,0
1/30/20 18:59,196.416666666667,196.375,0,0,4691.7,20.35,0,2.00320105,1.7,0,781.7,0,0,-2054.5,61.28642775,0,0,6.904,-0.74,300,0,3744.6,60,0.09603872,0
1/30/20 19:04,196.5,196.458333333333,0,0,4691.7,20.35,0,2.003893025,1.7,0,781.7,0,0,-2054.5,61.26323325,0,0,6.9032079,-0.74,300,0,3744.6,60,0.096,0
1/30/20 19:09,196.583333333333,196.541666666667,0,0,4691.7,20.35,0,2.0040979,1.7,0,781.7,0,0,-2054.5,61.2422205,0,0,6.9020121,-0.74,300,0,3744.6,60,0.096,0
1/30/20 19:14,196.666666666667,196.625,0,0,4691.7,20.35,0,2.003308025,1.7,0,781.7,0,0,-2054.5,61.2627795,0,0,6.90160395,-0.74,300,0,3744.6,60,0.096,0
1/30/20 19:19,196.75,196.708333333333,0,0,4691.7,20.35,0,2.003795125,1.7,0,781.7,0,0,-2054.5,61.20063525,0,0,6.90061,-0.74,300,0,3744.6,60,0.096,0
1/30/20 19:24,196.833333333333,196.791666666667,0,0,4691.7,20.35,0,2.004393825,1.7,0,781.7,0,0,-2054.5,61.2,0,0,6.89961,-0.74,300,0,3744.6,60,0.096,0
1/30/20 19:29,196.916666666667,196.875,0,0,4691.7,20.35,0,2.003905125,1.7,0,781.7,0,0,-2054.5,61.24158525,0,0,6.89861,-0.74,300,0,3744.6,60,0.09346528,0
1/30/20 19:34,197,196.958333333333,0,0,4691.7,20.35,0,2.003503825,1.7,0,781.7,0,0,-2054.5,61.30436475,0,0,6.89800605,-0.74,300,0,3744.6,60,0.08963872,0
1/30/20 19:39,197.083333333333,197.041666666667,0,0,4691.7,20.35,0,2.00221315,1.7,0,781.7,0,0,-2054.5,61.281237,0,0,6.8972079,-0.74,300,0,3744.6,60,0.0896,0
1/30/20 19:44,197.166666666667,197.125,0,0,4691.7,20.35,0,2.0034871,1.7,0,781.7,0,0,-2054.5,61.22754075,0,0,6.8960121,-0.74,300,0,3744.6,60,0.0896,0
1/30/20 19:49,197.25,197.208333333333,0,0,4691.7,20.35,0,2.0043908,1.7,0,781.7,0,0,-2054.5,61.2418575,0,0,6.89560395,-0.74,300,0,3744.6,60,0.0896,0
1/30/20 19:54,197.333333333333,197.291666666667,0,0,4691.7,20.35,0,2.003113025,1.7,0,781.7,0,0,-2054.5,61.2627795,0,0,6.89500605,-0.74,300,0,3744.6,60,0.08706528,0
1/30/20 19:59,197.416666666667,197.375,0,0,4691.7,20.35,0,2.00250605,1.7,0,781.7,0,0,-2054.5,61.20063525,0,0,6.89460395,-0.74,300,0,3744.6,60,0.08323872,0
1/30/20 20:04,197.5,197.458333333333,0,0,4691.7,20.35,0,2.00289605,1.7,0,781.7,0,0,-2054.5,61.2,0,0,6.89361,-0.74,300,0,3744.6,60,0.0832,0
1/30/20 20:09,197.583333333333,197.541666666667,0,0,4691.7,20.35,0,2.00349395,1.7,0,781.7,0,0,-2054.5,61.21782225,0,0,6.89300605,-0.74,300,0,3744.6,60,0.0832,0
1/30/20 20:14,197.666666666667,197.625,0,0,4691.7,20.35,0,2.003301975,1.7,0,781.7,0,0,-2054.5,61.2269055,0,0,6.89260395,-0.74,300,0,3744.6,60,0.0832,0
1/30/20 20:19,197.75,197.708333333333,0,0,4691.7,20.35,0,2.002606975,1.7,0,781.7,0,0,-2054.5,61.2418575,0,0,6.89121395,-0.74,300,0,3744.6,60,0.0832,0
1/30/20 20:24,197.833333333333,197.791666666667,0,0,4691.7,20.35,0,2.002600125,1.7,0,781.7,0,0,-2054.5,61.2627795,0,0,6.8900121,-0.74,300,0,3744.6,60,0.0832,0
1/30/20 20:29,197.916666666667,197.875,0,0,4691.7,20.35,0,2.003094875,1.7,0,781.7,0,0,-2054.5,61.20063525,0,0,6.88960395,-0.74,300,0,3744.6,60,0.0832,0
1/30/20 20:34,198,197.958333333333,0,0,4691.7,20.35,0,2.00250605,1.7,0,781.7,0,0,-2054.5,61.2,0,0,6.88861,-0.74,300,0,3744.6,60,0.0832,0
1/30/20 20:39,198.083333333333,198.041666666667,0,0,4691.7,20.35,0,2.0025,1.7,0,781.7,0,0,-2054.5,61.24158525,0,0,6.88800605,-0.74,300,0,3744.6,60,0.0832,0
1/30/20 20:44,198.166666666667,198.125,0,0,4691.7,20.35,0,2.00289605,1.7,0,781.7,0,0,-2054.5,61.2627795,0,0,6.888,-0.74,300,0,3744.6,60,0.0832,0
1/30/20 20:49,198.25,198.208333333333,0,0,4691.7,20.35,0,2.00349395,1.7,0,781.7,0,0,-2054.5,61.2422205,0,0,6.88760395,-0.74,300,0,3744.6,60,0.0832,0
1/30/20 20:54,198.333333333333,198.291666666667,0,0,4691.7,20.35,0,2.0027079,1.7,0,781.7,0,0,-2054.5,61.274661,0,0,6.88700605,-0.74,300,0,3744.6,60,0.0832,0
1/30/20 20:59,198.416666666667,198.375,0,0,4691.7,20.35,0,2.002898275,1.7,0,781.7,0,0,-2054.5,61.2601575,0,0,6.8862079,-0.74,300,0,3744.6,60,0.0832,0
1/30/20 21:04,198.5,198.458333333333,0,0,4691.7,20.35,0,2.00438475,1.7,0,781.7,0,0,-2054.5,61.28078325,0,0,6.8850121,-0.74,300,0,3744.6,60,0.08066528,0
1/30/20 21:09,198.583333333333,198.541666666667,0,0,4691.7,20.35,0,2.00331170789037,1.7,0,781.7,0,0,-2054.5,61.2275999601329,0,0,6.88460526578073,-0.74,300,0,3744.6,60,0.07683872,0
1/30/20 21:14,198.666666666667,198.625,0,0,4691.7,20.35,0,2.00300320044297,1.7,0,781.7,0,0,-2054.5,61.2769403732004,0,0,6.88400640088594,-0.74,300,0,3744.6,60,0.0768,0
1/30/20 21:19,198.75,198.708333333333,0,0,4691.7,20.35,0,2.00339308888889,1.7,0,781.7,0,0,-2054.5,61.3170953333333,0,0,6.88321382222222,-0.74,300,0,3744.6,60,0.0768,0
1/30/20 21:24,198.833333333333,198.791666666667,0,0,4691.7,20.35,0,2.00399357777778,1.7,0,781.7,0,0,-2054.5,61.2425266666667,0,0,6.88201284444444,-0.74,300,0,3744.6,60,0.0768,0
1/30/20 21:29,198.916666666667,198.875,0,0,4691.7,20.35,0,2.00321382222222,1.7,0,781.7,0,0,-2054.5,61.3043256666667,0,0,6.882,-0.74,300,0,3744.6,59.9587256666667,0.0768,0
1/30/20 21:34,199,198.958333333333,0,0,4691.7,20.35,0,2.00299556666667,1.7,0,781.7,0,0,-2054.5,61.305,0,0,6.88160691111111,-0.74,300,0,3744.6,59.9369486666667,0.0768,0
1/30/20 21:39,199.083333333333,199.041666666667,0,0,4691.7,20.35,0,2.00310813333333,1.7,0,781.7,0,0,-2054.5,61.305,0,0,6.88100642222222,-0.74,300,0,3744.6,59.9993256666667,0.0768,0
1/30/20 21:44,199.166666666667,199.125,0,0,4691.7,20.35,0,2.0020052,1.7,0,781.7,0,0,-2054.5,61.305,0,0,6.88021382222222,-0.74,300,0,3744.6,60,0.0768,0
1/30/20 21:49,199.25,199.208333333333,0,0,4691.7,20.35,0,2.00309085555556,1.7,0,781.7,0,0,-2054.5,61.305,0,0,6.87901284444444,-0.74,300,0,3744.6,60,7.43E-02,0
1/30/20 21:54,199.333333333333,199.291666666667,0,0,4691.7,20.35,0,2.00230987777778,1.7,0,781.7,0,0,-2054.5,61.305,0,0,6.879,-0.74,300,0,3744.6,60,7.04E-02,0
1/30/20 21:59,199.416666666667,199.375,0,0,4691.7,20.35,0,2.00219975555556,1.7,0,781.7,0,0,-2054.5,61.305,0,0,6.87860691111111,-0.74,300,0,3744.6,60,0.0704,0
1/30/20 22:04,199.5,199.458333333333,0,0,4691.7,20.35,0,2.00190715555556,1.7,0,781.7,0,0,-2054.5,61.305,0,0,6.87800642222222,-0.74,300,0,3744.6,60,0.0704,0
1/30/20 22:09,199.583333333333,199.541666666667,0,0,4691.7,20.35,0,2.00199235555556,1.7,0,781.7,0,0,-2054.5,61.305,0,0,6.878,-0.74,300,0,3744.6,60,0.0704,0
1/30/20 22:14,199.666666666667,199.625,0,0,4691.7,20.35,0,2.00289431111111,1.7,0,781.7,0,0,-2054.5,61.305,0,0,6.87721382222222,-0.74,300,0,3744.6,60,0.0704,0
1/30/20 22:19,199.75,199.708333333333,0,0,4691.7,20.35,0,2.00200963333333,1.7,0,781.7,0,0,-2054.5,61.305,0,0,6.87601284444444,-0.74,300,0,3744.6,60,0.0704,0
1/30/20 22:24,199.833333333333,199.791666666667,0,0,4691.7,20.35,0,2.0025876744186,1.7,0,781.7,0,0,-2054.5,61.305,0,0,6.87560821705426,-0.74,300,0,3744.6,60,0.0704,0
1/30/20 22:29,199.916666666667,199.875,0,0,4691.7,20.35,0,2.00387996447028,1.7,0,781.7,0,0,-2054.5,61.305,0,0,6.87500678294574,-0.74,300,0,3744.6,60,0.0704,0
1/30/20 22:34,200,199.958333333333,0,0,4691.7,20.35,0,2.00449319444444,1.7,0,781.7,0,0,-2054.5,61.305,0,0,6.87421972222222,-0.74,300,0,3744.6,60,0.0704,0
1/30/20 22:39,200.083333333333,200.041666666667,0,0,4691.7,20.35,0,2.00313451388889,1.7,0,781.7,0,0,-2054.5,61.305,0,0,6.87301361111111,-0.74,300,0,3744.6,60,0.0704,0
1/30/20 22:44,200.166666666667,200.125,0,0,4691.7,20.35,0,2.00336465277778,1.7,0,781.7,0,0,-2054.5,61.305,0,0,6.873,-0.74,300,0,3744.6,60,0.0704,0
1/30/20 22:49,200.25,200.208333333333,0,0,4691.7,20.35,0,2.00539861111111,1.7,0,781.7,0,0,-2054.5,61.305,0,0,6.873,-0.74,300,0,3744.6,60,6.79E-02,0
1/30/20 22:54,200.333333333333,200.291666666667,0,0,4691.7,20.35,0,2.00322229166667,1.7,0,781.7,0,0,-2054.5,61.305,0,0,6.87260986111111,-0.74,300,0,3744.6,60,6.40E-02,0
1/30/20 22:59,200.416666666667,200.375,0,0,4691.7,20.35,0,2.00349659722222,1.7,0,781.7,0,0,-2054.5,61.305,0,0,6.87200680555556,-0.74,300,0,3744.6,60,0.064,0
1/30/20 23:04,200.5,200.458333333333,0,0,4691.7,20.35,0,2.00310986111111,1.7,0,781.7,0,0,-2054.5,61.305,0,0,6.872,-0.74,300,0,3744.6,60,0.064,0
1/30/20 23:09,200.583333333333,200.541666666667,0,0,4691.7,20.35,0,2.00211666666667,1.7,0,781.7,0,0,-2054.5,61.305,0,0,6.87121972222222,-0.74,300,0,3744.6,60,0.064,0
1/30/20 23:14,200.666666666667,200.625,0,0,4691.7,20.35,0,2.00248215277778,1.7,0,781.7,0,0,-2054.5,61.305,0,0,6.86962347222222,-0.74,300,0,3744.6,60,0.064,0
1/30/20 23:19,200.75,200.708333333333,0,0,4691.7,20.35,0,2.00417805555556,1.7,0,781.7,0,0,-2054.5,61.305,0,0,6.86900680555555,-0.74,300,0,3744.6,60,0.064,0
1/30/20 23:24,200.833333333333,200.791666666667,0,0,4691.7,20.35,0,2.00313111111111,1.7,0,781.7,0,0,-2054.5,61.3401125,0,0,6.86821972222222,-0.74,300,0,3744.6,60,0.064,0
1/30/20 23:29,200.916666666667,200.875,0,0,4691.7,20.35,0,2.00199916666667,1.7,0,781.7,0,0,-2054.5,61.3943875,0,0,6.86701361111111,-0.74,300,0,3744.6,60,0.064,0
1/30/20 23:34,201,200.958333333333,0,0,4691.7,20.35,0,2.00289777777778,1.7,0,781.7,0,0,-2054.5,61.395,0,0,6.86660986111111,-0.74,300,0,3744.6,60,6.15E-02,0
1/30/20 23:39,201.083333333333,201.041666666667,0,0,4691.7,20.35,0,2.00240034722222,1.7,0,781.7,0,0,-2054.5,61.395,0,0,6.86600680555556,-0.74,300,0,3744.6,60,5.76E-02,0
1/30/20 23:44,201.166666666667,201.125,0,0,4691.7,20.35,0,2.00299319444445,1.7,0,781.7,0,0,-2054.5,61.3598875,0,0,6.86521972222222,-0.74,300,0,3744.6,60,0.0576,0
1/30/20 23:49,201.25,201.208333333333,0,0,4691.7,20.35,0,2.00358520833333,1.7,0,781.7,0,0,-2054.5,61.3056125,0,0,6.86401361111111,-0.74,300,0,3744.6,60,0.0576,0
1/30/20 23:54,201.333333333333,201.291666666667,0,0,4691.7,20.35,0,2.00390458333333,1.7,0,781.7,0,0,-2054.5,61.3342604166667,0,0,6.864,-0.74,300,0,3744.6,60,0.0576,0
1/30/20 23:59,201.416666666667,201.375,0,0,4691.7,20.35,0,2.00320527777778,1.7,0,781.7,0,0,-2054.5,61.3502291666667,0,0,6.86360986111111,-0.74,300,0,3744.6,60,5.51E-02,0
1/31/20 0:04,201.5,201.458333333333,0,0,4691.7,20.35,0,2.00388673611111,1.7,0,781.7,0,0,-2054.5,61.3055104166667,0,0,6.86300680555556,-0.74,300,0,3744.6,60,5.12E-02,0
1/31/20 0:09,201.583333333333,201.541666666667,0,0,4691.7,20.35,0,2.00371291666667,1.7,0,781.7,0,0,-2054.5,61.305,0,0,6.86221972222222,-0.74,300,0,3744.6,60,0.0512,0
1/31/20 0:14,201.666666666667,201.625,0,0,4691.7,20.35,0,2.00309881944444,1.7,0,781.7,0,0,-2054.5,61.305,0,0,6.86101361111111,-0.74,300,0,3744.6,60,0.0512,0
1/31/20 0:19,201.75,201.708333333333,0,0,4691.7,20.35,0,2.00379472222222,1.7,0,781.7,0,0,-2054.5,61.305,0,0,6.86021972222222,-0.74,300,0,3744.6,60,0.0512,0
1/31/20 0:24,201.833333333333,201.791666666667,0,0,4691.7,20.35,0,2.00330833333333,1.7,0,781.7,0,0,-2054.5,61.305,0,0,6.85901361111111,-0.74,300,0,3744.6,60,0.0512,0
1/31/20 0:29,201.916666666667,201.875,0,0,4691.7,20.35,0,2.00319847222222,1.7,0,781.7,0,0,-2054.5,61.305,0,0,6.85860986111111,-0.74,300,0,3744.6,60,0.0512,0
1/31/20 0:34,202,201.958333333333,0,0,4691.7,20.35,0,2.00291138888889,1.7,0,781.7,0,0,-2054.5,61.3401125,0,0,6.85800680555556,-0.74,300,0,3744.6,60,0.0512,0
1/31/20 0:39,202.083333333333,202.041666666667,0,0,4691.7,20.35,0,2.00201020833333,1.7,0,781.7,0,0,-2054.5,61.3943875,0,0,6.85721972222222,-0.74,300,0,3744.6,60,0.0512,0
1/31/20 0:44,202.166666666667,202.125,0,0,4691.7,20.35,0,2.00239013888889,1.7,0,781.7,0,0,-2054.5,61.395,0,0,6.85601361111111,-0.74,300,0,3744.6,60,0.0512,0
1/31/20 0:49,202.25,202.208333333333,0,0,4691.7,20.35,0,2.002798125,1.7,0,781.7,0,0,-2054.5,61.3598875,0,0,6.85560986111111,-0.74,300,0,3744.6,60,0.0512,0
1/31/20 0:54,202.333333333333,202.291666666667,0,0,4691.7,20.35,0,2.00211326388889,1.7,0,781.7,0,0,-2054.5,61.340725,0,0,6.85500680555556,-0.74,300,0,3744.6,60,0.0512,0
1/31/20 0:59,202.416666666667,202.375,0,0,4691.7,20.35,0,2.00248215277778,1.7,0,781.7,0,0,-2054.5,61.3943875,0,0,6.85421972222222,-0.74,300,0,3744.6,60,0.0512,0
1/31/20 1:04,202.5,202.458333333333,0,0,4691.7,20.35,0,2.004373125,1.7,0,781.7,0,0,-2054.5,61.3598875,0,0,6.85301361111111,-0.74,300,0,3744.6,60,0.0512,0
1/31/20 1:09,202.583333333333,202.541666666667,0,0,4691.7,20.35,0,2.004798125,1.7,0,781.7,0,0,-2054.5,61.340725,0,0,6.85260986111111,-0.74,300,0,3744.6,60,0.0512,0
1/31/20 1:14,202.666666666667,202.625,0,0,4691.7,20.35,0,2.00352805555556,1.7,0,781.7,0,0,-2054.5,61.3943875,0,0,6.85122652777778,-0.74,300,0,3744.6,60,4.87E-02,0
1/31/20 1:19,202.75,202.708333333333,0,0,4691.7,20.35,0,2.00182194444444,1.7,0,781.7,0,0,-2054.5,61.3598875,0,0,6.85001361111111,-0.74,300,0,3744.6,60,4.48E-02,0
1/31/20 1:24,202.833333333333,202.791666666667,0,0,4691.7,20.35,0,2.00267381944444,1.7,0,781.7,0,0,-2054.5,61.340725,0,0,6.85,-0.74,300,0,3744.6,60,0.0448,0
1/31/20 1:29,202.916666666667,202.875,0,0,4691.7,20.35,0,2.00350423611111,1.7,0,781.7,0,0,-2054.5,61.359275,0,0,6.84960986111111,-0.74,300,0,3744.6,60,0.0448,0
1/31/20 1:34,203,202.958333333333,0,0,4691.7,20.35,0,2.00240715277778,1.7,0,781.7,0,0,-2054.5,61.340725,0,0,6.84861666666667,-0.74,300,0,3744.6,60,0.0448,0
1/31/20 1:39,203.083333333333,203.041666666667,0,0,4691.7,20.35,0,2.00299319444445,1.7,0,781.7,0,0,-2054.5,61.3943875,0,0,6.84761666666667,-0.74,300,0,3744.6,60,0.0448,0
1/31/20 1:44,203.166666666667,203.125,0,0,4691.7,20.35,0,2.00260986111111,1.7,0,781.7,0,0,-2054.5,61.395,0,0,6.84661666666667,-0.74,300,0,3744.6,60,0.0448,0
1/31/20 1:49,203.25,203.208333333333,0,0,4691.7,20.35,0,2.00259201388889,1.7,0,781.7,0,0,-2054.5,61.3598875,0,0,6.84600680555556,-0.74,300,0,3744.6,60,0.0448,0
1/31/20 1:54,203.333333333333,203.291666666667,0,0,4691.7,20.35,0,2.00348979166667,1.7,0,781.7,0,0,-2054.77309722222,61.3114645833333,0,0,6.846,-0.74,300,0,3744.6,60,0.0448,0
1/31/20 1:59,203.416666666667,203.375,0,0,4691.7,20.35,0,2.00369506944444,1.7,0,781.7,0,0,-2055.19523611111,61.3316020833333,0,0,6.84521972222222,-0.74,300,0,3744.6,60,0.0448,0
1/31/20 2:04,203.5,203.458333333333,0,0,4691.7,20.35,0,2.00497194444444,1.7,0,781.7,0,0,-2055.2,61.3497958333333,0,0,6.84401361111111,-0.74,300,0,3744.6,60,0.0448,0
1/31/20 2:09,203.583333333333,203.541666666667,0,0,4691.7,20.35,0,2.00609284722222,1.7,0,781.7,0,0,-2054.92690277778,61.36755625,0,0,6.84360986111111,-0.74,300,0,3744.6,60,4.23E-02,0
1/31/20 2:14,203.666666666667,203.625,0,0,4691.7,20.35,0,2.00531173611111,1.7,0,781.7,0,0,-2054.77786111111,61.3771375,0,0,6.84300680555556,-0.74,300,0,3744.6,60,3.84E-02,0
1/31/20 2:19,203.75,203.708333333333,0,0,4691.7,20.35,0,2.004223125,1.7,0,781.7,0,0,-2055.19523611111,61.3678625,0,0,6.84221972222222,-0.74,300,0,3744.6,60,0.0384,0
1/31/20 2:24,203.833333333333,203.791666666667,0,0,4691.7,20.35,0,2.00242840277778,1.7,0,781.7,0,0,-2055.2,61.39469375,0,0,6.84101361111111,-0.74,300,0,3744.6,60,0.0384,0
1/31/20 2:29,203.916666666667,203.875,0,0,4691.7,20.35,0,2.00112006944444,1.7,0,781.7,0,0,-2055.2,61.3657395833333,0,0,6.84060986111111,-0.74,300,0,3744.6,60,0.0384,0
1/31/20 2:34,204,203.958333333333,0,0,4691.7,20.35,0,2.00167722222222,1.7,0,781.7,0,0,-2055.2,61.3322145833333,0,0,6.83922652777778,-0.74,300,0,3744.6,60,0.0384,0
1/31/20 2:39,204.083333333333,204.041666666667,0,0,4691.7,20.35,0,2.00386972222222,1.7,0,781.7,0,0,-2055.2,61.3673520833333,0,0,6.83801361111111,-0.74,300,0,3744.6,60,0.0384,0
1/31/20 2:44,204.166666666667,204.125,0,0,4691.7,20.35,0,2.00527347222222,1.7,0,781.7,0,0,-2055.2,61.35958125,0,0,6.838,-0.74,300,0,3744.6,60,0.0384,0
1/31/20 2:49,204.25,204.208333333333,0,0,4691.7,20.35,0,2.00551104166667,1.7,0,781.7,0,0,-2054.92690277778,61.340725,0,0,6.83760986111111,-0.74,300,0,3744.6,60,0.0384,0
1/31/20 2:54,204.333333333333,204.291666666667,0,0,4691.7,20.35,0,2.00401701388889,1.7,0,781.7,0,0,-2054.77786111111,61.3943875,0,0,6.83622652777778,-0.74,300,0,3744.6,60,0.0384,0
1/31/20 2:59,204.416666666667,204.375,0,0,4691.7,20.35,0,2.00341479166667,1.7,0,781.7,0,0,-2055.19523611111,61.395,0,0,6.83501361111111,-0.74,300,0,3744.6,60,0.0384,0
1/31/20 3:04,204.5,204.458333333333,0,0,4691.7,20.35,0,2.00290034722222,1.7,0,781.7,0,0,-2055.2,61.3598875,0,0,6.835,-0.74,300,0,3744.6,60,0.0384,0
1/31/20 3:09,204.583333333333,204.541666666667,0,0,4691.7,20.35,0,2.00310305555556,1.7,0,781.7,0,0,-2055.2,61.340725,0,0,6.835,-0.74,300,0,3744.6,60,0.0384,0
1/31/20 3:14,204.666666666667,204.625,0,0,4691.7,20.35,0,2.002701875,1.7,0,781.7,0,0,-2055.2,61.359275,0,0,6.83460986111111,-0.74,300,0,3744.6,60,3.59E-02,0
1/31/20 3:19,204.75,204.708333333333,0,0,4691.7,20.35,0,2.00319166666667,1.7,0,781.7,0,0,-2055.2,61.3056125,0,0,6.83322652777778,-0.74,300,0,3744.6,60,3.20E-02,0
1/31/20 3:24,204.833333333333,204.791666666667,0,0,4691.7,20.35,0,2.00291138888889,1.7,0,781.7,0,0,-2055.2,61.3401125,0,0,6.83201361111111,-0.74,300,0,3744.6,60,0.032,0
1/31/20 3:29,204.916666666667,204.875,0,0,4691.7,20.35,0,2.00279048611111,1.7,0,781.7,0,0,-2055.2,61.3651270833333,0,0,6.83121972222222,-0.74,300,0,3744.6,60,0.032,0
1/31/20 3:34,205,204.958333333333,0,0,4691.7,20.35,0,2.00379131944444,1.7,0,781.7,0,0,-2055.2,61.3497708333333,0,0,6.83001361111111,-0.74,300,0,3744.6,60,0.032,0
1/31/20 3:39,205.083333333333,205.041666666667,0,0,4691.7,20.35,0,2.00350340277778,1.7,0,781.7,0,0,-2055.2,61.3593770833333,0,0,6.82960986111111,-0.74,300,0,3744.6,60,0.032,0
1/31/20 3:44,205.166666666667,205.125,0,0,4691.7,20.35,0,2.00291479166667,1.7,0,781.7,0,0,-2055.2,61.340725,0,0,6.82900680555555,-0.74,300,0,3744.6,60,0.032,0
1/31/20 3:49,205.25,205.208333333333,0,0,4691.7,20.35,0,2.00220527777778,1.7,0,781.7,0,0,-2055.2,61.359275,0,0,6.82821972222222,-0.74,300,0,3744.6,60,0.032,0
1/31/20 3:54,205.333333333333,205.291666666667,0,0,4691.7,20.35,0,2.00230152777778,1.7,0,781.7,0,0,-2055.2,61.3056125,0,0,6.82701361111111,-0.74,300,0,3744.6,60,0.032,0
1/31/20 3:59,205.416666666667,205.375,0,0,4691.7,20.35,0,2.00219847222222,1.7,0,781.7,0,0,-2055.2,61.305,0,0,6.82660986111111,-0.74,300,0,3744.6,60,2.95E-02,0
1/31/20 4:04,205.5,205.458333333333,0,0,4691.7,20.35,0,2.00249659722222,1.7,0,781.7,0,0,-2055.2,61.3401125,0,0,6.82600680555556,-0.74,300,0,3744.6,60,2.56E-02,0
1/31/20 4:09,205.583333333333,205.541666666667,0,0,4691.7,20.35,0,2.00289013888889,1.7,0,781.7,0,0,-2055.2,61.359275,0,0,6.82560986111111,-0.74,300,0,3744.6,60,0.0256,0
1/31/20 4:14,205.666666666667,205.625,0,0,4691.7,20.35,0,2.00310305555556,1.7,0,781.7,0,0,-2055.2,61.3056125,0,0,6.82461666666667,-0.74,300,0,3744.6,60,0.0256,0
1/31/20 4:19,205.75,205.708333333333,0,0,4691.7,20.35,0,2.00289694444444,1.7,0,781.7,0,0,-2055.2,61.305,0,0,6.82361666666667,-0.74,300,0,3744.6,60,0.0256,0
1/31/20 4:24,205.833333333333,205.791666666667,0,0,4691.7,20.35,0,2.003298125,1.7,0,781.7,0,0,-2055.2,61.3401125,0,0,6.82300680555556,-0.74,300,0,3744.6,60,0.0256,0
1/31/20 4:29,205.916666666667,205.875,0,0,4691.7,20.35,0,2.00378368055556,1.7,0,781.7,0,0,-2055.2,61.3943875,0,0,6.82221972222222,-0.74,300,0,3744.6,60,0.0256,0
1/31/20 4:34,206,205.958333333333,0,0,4691.7,20.35,0,2.00459625,1.7,0,781.7,0,0,-2055.2,61.3598875,0,0,6.82101361111111,-0.74,300,0,3744.6,60,0.0256,0
1/31/20 4:39,206.083333333333,206.041666666667,0,0,4691.7,20.35,0,2.00342159722222,1.7,0,781.7,0,0,-2055.2,61.3056125,0,0,6.82060986111111,-0.74,300,0,3744.6,60,2.31E-02,0
1/31/20 4:44,206.166666666667,206.125,0,0,4691.7,20.35,0,2.00290034722222,1.7,0,781.7,0,0,-2055.2,61.305,0,0,6.82000680555556,-0.74,300,0,3744.6,60,1.92E-02,0
1/31/20 4:49,206.25,206.208333333333,0,0,4691.7,20.35,0,2.00407840277778,1.7,0,781.7,0,0,-2055.2,61.3401125,0,0,6.82,-0.74,300,0,3744.6,60,0.0192,0
1/31/20 4:54,206.333333333333,206.291666666667,0,0,4691.7,20.35,0,2.00401444444444,1.7,0,781.7,0,0,-2055.2,61.359275,0,0,6.81921972222222,-0.74,300,0,3744.6,60,0.0192,0
1/31/20 4:59,206.416666666667,206.375,0,0,4691.7,20.35,0,2.00271208333333,1.7,0,781.7,0,0,-2055.2,61.340725,0,0,6.81762347222222,-0.74,300,0,3744.6,60,0.0192,0
1/31/20 5:04,206.5,206.458333333333,0,0,4691.7,20.35,0,2.00260645833333,1.7,0,781.7,0,0,-2055.2,61.359275,0,0,6.81700680555555,-0.74,300,0,3744.6,60,0.0192,0
1/31/20 5:09,206.583333333333,206.541666666667,0,0,4691.7,20.35,0,2.00239694444444,1.7,0,781.7,0,0,-2055.2,61.340725,0,0,6.81621972222222,-0.74,300,0,3744.6,60,0.0192,0
1/31/20 5:14,206.666666666667,206.625,0,0,4691.7,20.35,0,2.002798125,1.7,0,781.7,0,0,-2055.2,61.359275,0,0,6.81501361111111,-0.74,300,0,3744.6,60,0.0192,0
1/31/20 5:19,206.75,206.708333333333,0,0,4691.7,20.35,0,2.00289354166667,1.7,0,781.7,0,0,-2055.2,61.3056125,0,0,6.815,-0.74,300,0,3744.6,60,0.0192,0
1/31/20 5:24,206.833333333333,206.791666666667,0,0,4691.7,20.35,0,2.00349319444444,1.7,0,781.7,0,0,-2055.2,61.3401125,0,0,6.81460986111111,-0.74,300,0,3744.6,60,0.0192,0
1/31/20 5:29,206.916666666667,206.875,0,0,4691.7,20.35,0,2.00428027777778,1.7,0,781.7,0,0,-2055.2,61.359275,0,0,6.81400680555556,-0.74,300,0,3744.6,60,0.0192,0
1/31/20 5:34,207,206.958333333333,0,0,4691.7,20.35,0,2.00431597222222,1.7,0,781.7,0,0,-2055.2,61.3056125,0,0,6.81321972222222,-0.74,300,0,3744.6,60,1.67E-02,0
1/31/20 5:39,207.083333333333,207.041666666667,0,0,4691.7,20.35,0,2.003105625,1.7,0,781.7,0,0,-2055.2,61.3401125,0,0,6.81201361111111,-0.74,300,0,3744.6,60,1.28E-02,0
1/31/20 5:44,207.166666666667,207.125,0,0,4691.7,20.35,0,2.00262430555556,1.7,0,781.7,0,0,-2055.2,61.359275,0,0,6.81160986111111,-0.74,300,0,3744.6,60,0.0128,0
1/31/20 5:49,207.25,207.208333333333,0,0,4691.7,20.35,0,2.00266958333333,1.7,0,781.7,0,0,-2055.47309722222,61.340725,0,0,6.81022652777778,-0.74,300,0,3744.6,60,0.0128,0
1/31/20 5:54,207.333333333333,207.291666666667,0,0,4691.7,20.35,0,2.00440201388889,1.7,0,781.7,0,0,-2055.62213888889,61.3943875,0,0,6.80901361111111,-0.74,300,0,3744.6,60,0.0128,0
1/31/20 5:59,207.416666666667,207.375,0,0,4691.7,20.35,0,2.00222229166667,1.7,0,781.7,0,0,-2055.20476388889,61.3598875,0,0,6.809,-0.74,300,0,3744.6,60,0.0128,0
1/31/20 6:04,207.5,207.458333333333,0,0,4691.7,20.35,0,2.00249659722222,1.7,0,781.7,0,0,-2055.2,61.3056125,0,0,6.80860986111111,-0.74,300,0,3744.6,60,0.0128,0
1/31/20 6:09,207.583333333333,207.541666666667,0,0,4691.7,20.35,0,2.00289013888889,1.7,0,781.7,0,0,-2055.2,61.3108520833333,0,0,6.80800680555556,-0.74,300,0,3744.6,60,0.0128,0
1/31/20 6:14,207.666666666667,207.625,0,0,4691.7,20.35,0,2.00349319444444,1.7,0,781.7,0,0,-2055.2,61.3140458333333,0,0,6.808,-0.74,300,0,3744.6,60,0.0128,0
1/31/20 6:19,207.75,207.708333333333,0,0,4691.7,20.35,0,2.0035,1.7,0,781.7,0,0,-2055.2,61.3402145833333,0,0,6.80721972222222,-0.74,300,0,3744.6,60,0.0128,0
1/31/20 6:24,207.833333333333,207.791666666667,0,0,4691.7,20.35,0,2.00291479166667,1.7,0,781.7,0,0,-2055.2,61.359275,0,0,6.80601361111111,-0.74,300,0,3744.6,60,0.0128,0
1/31/20 6:29,207.916666666667,207.875,0,0,4691.7,20.35,0,2.00162006944444,1.7,0,781.7,0,0,-2055.2,61.3056125,0,0,6.80521972222222,-0.74,300,0,3744.6,60,0.0128,0
1/31/20 6:34,208,207.958333333333,0,0,4691.7,20.35,0,2.00159201388889,1.7,0,781.7,0,0,-2055.2,61.305,0,0,6.80362347222222,-0.74,300,0,3744.6,60,0.0128,0
1/31/20 6:39,208.083333333333,208.041666666667,0,0,4691.7,20.35,0,2.003075,1.7,0,781.7,0,0,-2055.2,61.3401125,0,0,6.80300680555556,-0.74,300,0,3744.6,60,0.0128,0
1/31/20 6:44,208.166666666667,208.125,0,0,4691.7,20.35,0,2.00359965277778,1.7,0,781.7,0,0,-2055.2,61.359275,0,0,6.80221972222222,-0.74,300,0,3744.6,60,0.0128,0
1/31/20 6:49,208.25,208.208333333333,0,0,4691.7,20.35,0,2.00281173611111,1.7,0,781.7,0,0,-2055.2,61.340725,0,0,6.80101361111111,-0.74,300,0,3744.6,60,1.03E-02,0
1/31/20 6:54,208.333333333333,208.291666666667,0,0,4691.7,20.35,0,2.00250340277778,1.7,0,781.7,0,0,-2055.47309722222,61.359275,0,0,6.801,-0.74,300,0,3744.6,60,6.44E-03,0
1/31/20 6:59,208.416666666667,208.375,0,0,4691.7,20.35,0,2.00171972222222,1.7,0,781.7,0,0,-2055.89523611111,61.340725,0,0,6.80060986111111,-0.74,300,0,3744.6,60,0.0064,0
1/31/20 7:04,208.5,208.458333333333,0,0,4691.7,20.35,0,2.00090375,1.7,0,781.7,0,0,-2055.9,61.359275,0,0,6.80000680555556,-0.74,300,0,3744.6,60,0.0064,0
1/31/20 7:09,208.583333333333,208.541666666667,0,0,4691.7,20.35,0,2.00227347222222,1.7,0,781.7,0,0,-2055.9,61.340725,0,0,6.79921972222222,-0.74,300,0,3744.6,60,0.0064,0
1/31/20 7:14,208.666666666667,208.625,0,0,4691.7,20.35,0,2.00407159722222,1.7,0,781.7,0,0,-2055.9,61.3943875,0,0,6.79801361111111,-0.74,300,0,3744.6,60,3.90E-03,0
1/31/20 7:19,208.75,208.708333333333,0,0,4691.7,20.35,0,2.003819375,1.7,0,781.7,0,0,-2055.9,61.395,0,0,6.79760986111111,-0.74,300,0,3744.6,60,4.36E-05,0
1/31/20 7:24,208.833333333333,208.791666666667,0,0,4691.7,20.35,0,2.002605625,1.7,0,781.7,0,0,-2055.9,61.395,0,0,6.79622652777778,-0.74,300,0,3744.6,60,0,0
1/31/20 7:29,208.916666666667,208.875,0,0,4691.7,20.35,0,2.00270951388889,1.7,0,781.7,0,0,-2055.9,61.395,0,0,6.79501361111111,-0.74,300,0,3744.6,60,0,0
1/31/20 7:34,209,208.958333333333,0,0,4691.7,20.35,0,2.00170868055556,1.7,0,781.7,0,0,-2055.62690277778,61.395,0,0,6.795,-0.74,300,0,3744.6,60,0,0
1/31/20 7:39,209.083333333333,209.041666666667,0,0,4691.7,20.35,0,2.00238673611111,1.7,0,781.7,0,0,-2055.47786111111,61.395,0,0,6.79460986111111,-0.74,300,0,3744.6,60,0,0
1/31/20 7:44,209.166666666667,209.125,0,0,4691.7,20.35,0,2.002798125,1.7,0,781.7,0,0,-2055.89523611111,61.395,0,0,6.79400680555556,-0.74,300,0,3744.6,60,0,0
1/31/20 7:49,209.25,209.208333333333,0,0,4691.7,20.35,0,2.00230833333333,1.7,0,781.7,0,0,-2055.9,61.37744375,0,0,6.79321972222222,-0.74,300,0,3744.6,60,0,0
1/31/20 7:54,209.333333333333,209.291666666667,0,0,4691.7,20.35,0,2.00317381944444,1.7,0,781.7,0,0,-2055.62690277778,61.33275,0,0,6.79201361111111,-0.74,300,0,3744.6,60,0,0
1/31/20 7:59,209.416666666667,209.375,0,0,4691.7,20.35,0,2.00400423611111,1.7,0,781.7,0,0,-2055.20476388889,61.30530625,0,0,6.79160986111111,-0.74,300,0,3744.6,60,0,0
1/31/20 8:04,209.5,209.458333333333,0,0,4691.7,20.35,0,2.00251701388889,1.7,0,781.7,0,0,-2055.2,61.305,0,0,6.79100680555556,-0.74,300,0,3744.6,60,0,0
1/31/20 8:09,209.583333333333,209.541666666667,0,0,4691.7,20.35,0,2.0025,1.7,0,781.7,0,0,-2055.2,61.3401125,0,0,6.79021972222222,-0.74,300,0,3744.6,60,-2.50E-03,0
1/31/20 8:14,209.666666666667,209.625,0,0,4691.7,20.35,0,2.00269506944444,1.7,0,781.7,0,0,-2055.2,61.359275,0,0,6.78901361111111,-0.74,300,0,3744.6,60,-6.36E-03,0
1/31/20 8:19,209.75,209.708333333333,0,0,4691.7,20.35,0,2.003776875,1.7,0,781.7,0,0,-2055.2,61.340725,0,0,6.789,-0.74,300,0,3744.6,60,-0.0064,0
1/31/20 8:24,209.833333333333,209.791666666667,0,0,4691.7,20.35,0,2.00440118055556,1.7,0,781.7,0,0,-2055.2,61.359275,0,0,6.78860986111111,-0.74,300,0,3744.6,60,-0.0064,0
1/31/20 8:29,209.916666666667,209.875,0,0,4691.7,20.35,0,2.00351020833333,1.7,0,781.7,0,0,-2055.2,61.3056125,0,0,6.78761666666667,-0.74,300,0,3744.6,60,-0.0064,0
1/31/20 8:34,210,209.958333333333,0,0,4691.7,20.35,0,2.00369506944444,1.7,0,781.7,0,0,-2055.2,61.3401125,0,0,6.78661666666667,-0.74,300,0,3744.6,60,-0.0064,0
1/31/20 8:39,210.083333333333,210.041666666667,0,0,4691.7,20.35,0,2.00419166666667,1.7,0,781.7,0,0,-2055.2,61.3943875,0,0,6.78600680555556,-0.74,300,0,3744.6,60,-0.0064,0
1/31/20 8:44,210.166666666667,210.125,0,0,4691.7,20.35,0,2.00449659722222,1.7,0,781.7,0,0,-2055.2,61.395,0,0,6.78560986111111,-0.74,300,0,3744.6,60,-0.0064,0
1/31/20 8:49,210.25,210.208333333333,0,0,4691.7,20.35,0,2.00352465277778,1.7,0,781.7,0,0,-2055.2,61.3598875,0,0,6.78500680555556,-0.74,300,0,3744.6,60,-0.0064,0
1/31/20 8:54,210.333333333333,210.291666666667,0,0,4691.7,20.35,0,2.00318743055556,1.7,0,781.7,0,0,-2055.2,61.340725,0,0,6.78421972222222,-0.74,300,0,3744.6,60,-0.0064,0
1/31/20 8:59,210.416666666667,210.375,0,0,4691.7,20.35,0,2.00322395833333,1.7,0,781.7,0,0,-2055.2,61.359275,0,0,6.78301361111111,-0.74,300,0,3744.6,60,-8.90E-03,0
1/31/20 9:04,210.5,210.458333333333,0,0,4691.7,20.35,0,2.00170104166667,1.7,0,781.7,0,0,-2055.2,61.3056125,0,0,6.78260986111111,-0.74,300,0,3744.6,60,-1.28E-02,0
1/31/20 9:09,210.583333333333,210.541666666667,0,0,4691.7,20.35,0,2.002894375,1.7,0,781.7,0,0,-2055.2,61.305,0,0,6.78200680555556,-0.74,300,0,3744.6,60,-0.0128,0
1/31/20 9:14,210.666666666667,210.625,0,0,4691.7,20.35,0,2.00201020833333,1.7,0,781.7,0,0,-2055.2,61.305,0,0,6.782,-0.74,300,0,3744.6,60,-0.0128,0
1/31/20 9:19,210.75,210.708333333333,0,0,4691.7,20.35,0,2.002,1.7,0,781.7,0,0,-2055.2,61.305,0,0,6.78121972222222,-0.74,300,0,3744.6,60,-0.0128,0
1/31/20 9:24,210.833333333333,210.791666666667,0,0,4691.7,20.35,0,2.00317041666667,1.7,0,781.7,0,0,-2055.2,61.305,0,0,6.77962347222222,-0.74,300,0,3744.6,60,-0.0128,0
1/31/20 9:29,210.916666666667,210.875,0,0,4691.7,20.35,0,2.004394375,1.7,0,781.7,0,0,-2055.2,61.305,0,0,6.77900680555556,-0.74,300,0,3744.6,60,-0.0128,0
1/31/20 9:34,211,210.958333333333,0,0,4691.7,20.35,0,2.00409541666667,1.7,0,781.7,0,0,-2055.2,61.3401125,0,0,6.77860986111111,-0.74,300,0,3744.6,60,-0.0128,0
1/31/20 9:39,211.083333333333,211.041666666667,0,0,4691.7,20.35,0,2.00440458333333,1.7,0,781.7,0,0,-2055.2,61.359275,0,0,6.77761666666667,-0.74,300,0,3744.6,60,-0.0128,0
1/31/20 9:44,211.166666666667,211.125,0,0,4691.7,20.35,0,2.002925,1.7,0,781.7,0,0,-2055.2,61.3056125,0,0,6.77700680555555,-0.74,300,0,3744.6,60,-0.0128,0
1/31/20 9:49,211.25,211.208333333333,0,0,4691.7,20.35,0,2.00259541666667,1.7,0,781.7,0,0,-2055.2,61.3401125,0,0,6.77621972222222,-0.74,300,0,3744.6,60,-0.0128,0
1/31/20 9:54,211.333333333333,211.291666666667,0,0,4691.7,20.35,0,2.00309965277778,1.7,0,781.7,0,0,-2055.2,61.3943875,0,0,6.77501361111111,-0.74,300,0,3744.6,60,-0.0128,0
1/31/20 9:59,211.416666666667,211.375,0,0,4691.7,20.35,0,2.00328708333333,1.7,0,781.7,0,0,-2054.92690277778,61.395,0,0,6.775,-0.74,300,0,3744.6,60,-0.0128,0
1/31/20 10:04,211.5,211.458333333333,0,0,4691.7,20.35,0,1.35942055555556,1.7,0,781.7,0,0,-2054.50476388889,61.1726208333333,0,0,6.75363228070175,-0.767309722222222,203.5,0,3744.6,59.4608192883895,-0.501235384615385,0
1/31/20 10:09,211.583333333333,211.541666666667,0,0,4691.7,20.35,0,0,1.7,0,781.7,0,0,-2054.5,60.1946541666667,0,0,5.51409938596491,-0.942170833333333,0,0,3744.6,42.6654607116105,-9.61685528205128,0
1/31/20 10:14,211.666666666667,211.625,0,0,4691.7,20.35,0,0,1.7,0,781.7,0,0,-2054.5,58.5898612903226,0,0,5.50835625,-1.19840416666667,0,0,3744.6,28.6734167213115,-13.5808,0
1/31/20 10:19,211.75,211.708333333333,0,0,4691.7,20.35,0,0,1.7,0,781.7,0,0,-2054.5,57.1028824596774,0,0,5.52905,-1.29862222222222,0,0,3744.6,25.3253750459299,-13.5808,0
1/31/20 10:24,211.833333333333,211.791666666667,0,0,4691.7,20.35,0,0,1.7,0,781.7,0,0,-2054.5,55.8006020833333,0,0,6.00556125,-1.34136388888889,0,0,3744.6,24.032080316092,-4.54640266666667,0
1/31/20 10:29,211.916666666667,211.875,0,0,4691.7,20.35,0,0,1.7,0,781.7,0,0,-2054.5,54.5456125,0,0,8.04349466397849,-1.36369722222222,0,0,3744.6,23.4066791666667,-2.79562577777778,0
1/31/20 10:34,212,211.958333333333,0,0,4691.7,20.35,0,0,1.7,0,781.7,0,0,-2054.5,53.345,0,0,7.76431283602151,-1.36993194444444,0,0,3744.6,23.0624041666667,-2.90446755555556,0
1/31/20 10:39,212.083333333333,212.041666666667,0,0,4691.7,20.35,0,0,1.7,0,781.7,0,0,-2054.5,52.145,0,0,7.764,-1.37390138888889,0,0,3744.6,22.9196375,-2.90809688888889,0
1/31/20 10:44,212.166666666667,212.125,0,0,4691.7,20.35,0,0,1.7,0,781.7,0,0,-2054.5,50.9801125,0,0,7.764,-1.37993194444444,0,0,3744.6,22.7603625,-3.19310417777778,0
1/31/20 10:49,212.25,212.208333333333,0,0,4691.7,20.35,0,0,1.7,0,781.7,0,0,-2054.5,49.9163166666667,0,0,7.52415666666667,-1.38,0,0,3744.6,22.70741875,-3.0232566346908,0
1/31/20 10:54,212.333333333333,212.291666666667,0,0,4691.7,20.35,0,0,1.7,0,781.7,0,0,-2054.77309722222,48.4405604166667,0,0,7.349,-1.38780277777778,0,0,3744.6,22.5199729166667,-2.71572635538012,0
1/31/20 10:59,212.416666666667,212.375,0,0,4691.7,20.35,0,0,1.7,0,781.7,0,0,-2054.64904166667,46.9935166666667,0,0,7.349,-1.39986388888889,0,0,3744.6,22.2445375,-2.81925060992908,0
1/31/20 11:04,212.5,212.458333333333,0,0,4691.7,20.35,0,0,1.7,0,781.7,0,0,-2054.082625,46.1133208333333,0,0,7.349,-1.4,0,0,3744.6,22.3042854166667,-2.83921155555556,0
1/31/20 11:09,212.583333333333,212.541666666667,0,0,4691.7,20.35,0,0,1.7,0,781.7,0,0,-2054.49523611111,45.0746375,0,0,7.349,-1.4,0,0,3744.6,22.305,-2.79727911111111,0
1/31/20 11:14,212.666666666667,212.625,0,0,4691.7,20.35,0,0,1.7,0,781.7,0,0,-2054.5,44.0153625,0,0,7.349,-1.4,0,0,3744.6,22.305,-2.7968,0
1/31/20 11:19,212.75,212.708333333333,0,0,4691.7,20.35,0,0,1.7,0,781.7,0,0,-2054.5,43.0156020833333,0,0,7.349,-1.4,0,0,3744.6,22.305,-2.78681244444444,0
1/31/20 11:24,212.833333333333,212.791666666667,0,0,4691.7,20.35,0,0,1.7,0,781.7,0,0,-2054.5,26.5487207278481,0.279681515912898,0,6.9073034264432,-1.4,146.5,0,3744.6,22.2230708333333,-1.43533952490421,0
1/31/20 11:29,212.916666666667,212.875,0,0,4691.7,20.35,0,0,1.7,0,781.7,0,0,-2054.5,18.3514313554852,0.499047164642658,0,7.7945665735568,-1.40390138888889,300,0,3744.6,21.9793875,-0.170605363984674,0
1/31/20 11:34,213,212.958333333333,0,0,4691.7,20.35,0,0,1.7,0,781.7,0,0,-2054.5,18.5213270833333,0.500678055555555,0,7.795,-1.40993194444444,300,0,3744.6,21.7970416666667,-0.1664,0
1/31/20 11:39,213.083333333333,213.041666666667,0,0,4691.7,20.35,0,0,1.7,0,781.7,0,0,-2054.5,18.7790354166667,0.500216319444444,0,8.064489,-1.41390138888889,300,0,3744.6,21.7598875,1.38E-02,0
1/31/20 11:44,213.166666666667,213.125,0,0,4691.7,20.35,0,0,1.7,0,781.7,0,0,-2054.22690277778,18.9396375,0.49940375,0,7.39215940098401,-1.41993194444444,300,0,3744.6,21.7056125,-0.108214634146341,0
1/31/20 11:49,213.25,213.208333333333,0,0,4691.7,20.35,0,0,1.7,0,781.7,0,0,-2053.80476388889,19.0393979166667,0.499993194444444,0,7.36298493234932,-1.42,300,0,3744.6,21.705,-0.1216,0
1/31/20 11:54,213.333333333333,213.291666666667,0,0,4691.7,20.35,0,0,1.7,0,781.7,0,0,-2053.8,19.0943875,0.500390138888889,0,7.363,-1.42,300,0,3744.6,21.705,-0.1216,0
1/31/20 11:59,213.416666666667,213.375,0,0,4691.7,20.35,0,0,1.7,0,781.7,0,0,-2053.8,19.1359645833333,0.500017847222222,0,7.363,-1.42,300,0,3744.6,21.705,-0.1216,0
1/31/20 12:04,213.5,213.458333333333,0,0,4691.7,20.35,0,0,1.7,0,781.7,0,0,-2053.52690277778,19.1992854166667,0.498907152777778,0,7.363,-1.41609861111111,300,0,3744.6,21.7401125,-0.1216,0
1/31/20 12:09,213.583333333333,213.541666666667,0,0,4691.7,20.35,0,0,1.7,0,781.7,0,0,-2053.10476388889,19.2,0.499883333333333,0,7.363,-1.41006805555556,300,0,3744.6,21.7943875,-0.1216,0
1/31/20 12:14,213.666666666667,213.625,0,0,4691.7,20.35,0,0,1.7,0,781.7,0,0,-2053.1,23.7681,0.500493194444444,0,7.10710163279133,-1.39049305555556,300,0,3744.6,22.4031986607143,-0.1216,0
1/31/20 12:19,213.75,213.708333333333,0,0,4691.7,20.35,0,0,1.7,0,781.7,0,0,-2053.1,40.493925,0.499134513888889,0,7.00399170054201,-1.27450972222222,300,0,3744.6,26.5113718948413,-0.126593777777778,0
1/31/20 12:24,213.833333333333,213.791666666667,0,0,4691.7,20.35,0,0,1.7,0,781.7,0,0,-2053.1,53.96896,0.497804097222222,0,7.56268666666667,-1.06737083333333,300,0,3744.6,35.7752344444444,-4.24E-02,0
1/31/20 12:29,213.916666666667,213.875,0,0,4691.7,20.35,0,0,1.7,0,781.7,0,0,-2053.1,64.501175,0.499961736111111,0,7.034,-0.900575,300,0,3744.6,46.2707438888889,-0.130846888888889,0
1/31/20 12:34,214,213.958333333333,0,0,4691.7,20.35,0,0,1.7,0,781.7,0,0,-2053.1,70.1635326829268,0.500702708333333,0,7.034,-0.789673611111111,300,0,3744.6,56.1035476797386,-0.129362666666667,0
1/31/20 12:39,214.083333333333,214.041666666667,0,0,4691.7,20.35,0,0,1.7,0,781.7,0,0,-2053.1,60.4279258285236,0.49990375,0,7.034,-0.740544444444444,300,0,3744.6,60.0164242647059,-0.124184,0
1/31/20 12:44,214.166666666667,214.125,0,0,4691.7,20.35,0,0,1.7,0,781.7,0,0,-2053.1,61.5354064885496,0.500688263888889,0,7.034,-0.74,300,0,3744.6,59.8427666666667,-0.127956444444444,0
1/31/20 12:49,214.25,214.208333333333,0,0,4691.7,20.35,0,0,1.7,0,781.7,0,0,-2053.1,60.8940833333333,0.500801527777778,0,7.03735866666667,-0.74,300,0,3744.6,59.9353520833333,-0.128,0
1/31/20 12:54,214.333333333333,214.291666666667,0,0,4691.7,20.35,0,0,1.7,0,781.7,0,0,-2053.1,60.8416395833333,0.499918194444444,0,10.0285896666667,-0.74,300,0,3744.6,59.9992854166667,-0.128,0
1/31/20 12:59,214.416666666667,214.375,0,0,4691.7,20.35,0,0,1.7,0,781.7,0,0,-2053.1,60.9130541666667,0.499595416666667,0,10.049,-0.74,300,0,3744.6,60,-0.128,0
1/31/20 13:04,214.5,214.458333333333,0,0,4691.7,20.35,0,0,1.7,0,781.7,0,0,-2053.37309722222,60.62541875,0.500099652777778,0,10.049,-0.74,300,0,3744.6,60,-0.128,0
1/31/20 13:09,214.583333333333,214.541666666667,0,0,4691.7,20.35,0,0,1.7,0,781.7,0,0,-2053.79523611111,60.5783583333333,0.499896944444444,0,10.049,-0.74,300,0,3744.6,60.0409645833333,-0.128,0
1/31/20 13:14,214.666666666667,214.625,0,0,4691.7,20.35,0,0,1.7,0,781.7,0,0,-2053.52690277778,60.66260625,0.500103055555556,0,10.0478583333333,-0.74,300,0,3744.6,60.0633208333333,-0.140484444444444,0
1/31/20 13:19,214.75,214.708333333333,0,0,4691.7,20.35,0,0,1.7,0,781.7,0,0,-2053.37786111111,60.5246375,0.499506805555556,0,7.81923333333333,-0.74,300,0,3744.6,60.0007145833333,-0.149794666666667,0
1/31/20 13:24,214.833333333333,214.791666666667,0,0,4691.7,20.35,0,0,1.7,0,781.7,0,0,-2053.79523611111,60.3653625,0.499890138888889,0,10,-0.74,300,0,3744.6,60.0409645833333,-0.134574222222222,0
1/31/20 13:29,214.916666666667,214.875,0,0,4691.7,20.35,0,0,1.7,0,781.7,0,0,-2053.8,60.3767916666667,0.500103055555556,0,7.819035,-0.74,300,0,3744.6,60.0633208333333,-0.1344,0
1/31/20 13:34,215,214.958333333333,0,0,4691.7,20.35,0,0,1.7,0,781.7,0,0,-2053.8,60.34151875,0.499896944444444,0,3.28096333333333,-0.74,300,0,3744.6,60.0007145833333,-0.131903111111111,0
1/31/20 13:39,215.083333333333,215.041666666667,0,0,4691.7,20.35,0,0,1.7,0,781.7,0,0,-2053.8,60.18373125,0.499907986111111,0,7.203,-0.74,300,0,3744.6,60.0409645833333,-0.130540444444444,0
1/31/20 13:44,215.166666666667,215.125,0,0,4691.7,20.35,0,0,1.7,0,781.7,0,0,-2053.8,60.3396375,0.499010208333333,0,7.203,-0.74,300,0,3744.6,60.0633208333333,-0.134356444444444,0
1/31/20 13:49,215.25,215.208333333333,0,0,4691.7,20.35,0,0,1.7,0,781.7,0,0,-2053.8,60.4042854166667,0.499195069444444,0,7.34650233333333,-0.74,300,0,3744.6,60.0007145833333,-0.1344,0
1/31/20 13:54,215.333333333333,215.291666666667,0,0,4691.7,20.35,0,0,1.7,0,781.7,0,0,-2053.8,60.2294375,0.498326180555556,0,4.03127766666667,-0.74,300,0,3744.6,60,-0.136896888888889,0
1/31/20 13:59,215.416666666667,215.375,0,0,4691.7,20.35,0,0,1.7,0,781.7,0,0,-2053.8,59.2615,0.498080972222222,0,5.89622666666667,-0.853140277777778,300,0,3744.6,56.19759375,-0.155737777777778,0
1/31/20 14:04,215.5,215.458333333333,0,0,4691.7,20.35,0,0,1.7,0,781.7,0,0,-2053.8,58.50118125,0.499887569444444,0,6.852,-1.10215277777778,300,0,3744.6,33.3653221590909,-0.178938666666667,0
1/31/20 14:09,215.583333333333,215.541666666667,0,0,4691.7,20.35,0,0,1.7,0,781.7,0,0,-2053.8,58.7556666666667,0.499985555555556,0,6.73044666666667,-1.25772083333333,300,0,3744.6,26.9116118306351,-0.176703111111111,0
1/31/20 14:14,215.666666666667,215.625,0,0,4691.7,20.35,0,0,1.7,0,781.7,0,0,-2053.8,58.6957145833333,0.500702708333333,0,7.08541638888889,-1.33102361111111,300,0,3744.6,24.4883201769406,-0.172843555555556,0
1/31/20 14:19,215.75,215.708333333333,0,0,4691.7,20.35,0,0,1.7,0,781.7,0,0,-2053.8,58.4859,0.499318541666667,0,9.60814499322493,-1.12351527777778,300,0,3744.6,25.8021520833333,-7.61E-02,0
1/31/20 14:24,215.833333333333,215.791666666667,0,0,4691.7,20.35,0,0,1.7,0,781.7,0,0,-2053.8,46.55890625,0.498182057748538,0,7.71546315492322,-0.785651388888889,300,0,3744.6,54.8713630434783,-6.97E-03,0
1/31/20 14:29,215.916666666667,215.875,0,0,4691.7,20.35,0,0,1.7,1.67E-02,781.7,0,0,-2053.8,64.00569375,0.128284539473684,0,7.41029712962963,-0.784190277777778,115,0,3744.6,55.0887286231884,1.01E-02,0
1/31/20 14:34,216,215.958333333333,0,0,4691.7,20.35,0,0,1.7,0,781.7,0,0,-2053.8,64.0760363636363,9.85E-02,0,7.31598027777778,-0.748568055555556,100,0,3744.6,59.4369058219178,8.94E-03,0
1/31/20 14:39,216.083333333333,216.041666666667,0,0,4691.7,20.35,0,0,1.7,0,781.739013888889,0,0,-2053.8,59.4144852655771,9.79E-02,0,7.22079625,-0.734105555555556,100,0,3744.6,60.2813858447488,1.28E-02,0
1/31/20 14:44,216.166666666667,216.125,0,0,4691.7,20.35,0,0,1.7,0,781.799319444444,0,0,-2054.07309722222,60.2519700374532,9.70E-02,0,7.13083916666667,-0.739931944444444,100,0,3744.6,60.1070416666667,0.0128,0
1/31/20 14:49,216.25,216.208333333333,0,0,4691.7,20.35,0,0,1.7,0,781.839013888889,0,0,-2054.49523611111,60.0980541666667,9.76E-02,0,7.05561805555556,-0.74,100,0,3744.6,60.105,0.0128,0
1/31/20 14:54,216.333333333333,216.291666666667,0,0,4691.7,20.35,0,0,1.7,0,781.899319444444,0,0,-2054.5,60.3196,9.83E-02,0,6.99435277777778,-0.74,100,0,3744.6,60.0640354166667,0.0128,0
1/31/20 14:59,216.416666666667,216.375,0,0,4691.7,20.35,0,0,1.7,0,781.9,0,0,-2054.5,60.0033104166667,9.82E-02,0,6.94716736111111,-0.74,100,0,3744.6,60.0007145833333,0.0128,0
1/31/20 15:04,216.5,216.458333333333,0,0,4691.7,20.35,0,0,1.7,0,781.939013888889,0,0,-2054.5,59.8964875,9.81E-02,0,6.90820513888889,-0.74,100,0,3744.6,60,0.0128,0
1/31/20 15:09,216.583333333333,216.541666666667,0,0,4691.7,20.35,0,0,1.7,0,781.999319444445,0,0,-2054.5,60.0394770833333,9.79E-02,0,6.87906736111111,-0.74,100,0,3744.6,60,0.0128,0
1/31/20 15:14,216.666666666667,216.625,0,0,4691.7,20.35,0,0,1.03676388888889,0,782,0,0,-2054.5,60.1178145833333,9.91E-02,0,6.84210944444444,-0.74,100,0,3744.6,59.84199375,7.81E-03,0
1/31/20 15:19,216.75,216.708333333333,0,0,4691.81704166667,20.35,0,0,1.16E-02,0,782.039013888889,0,0,-2055.04619444444,60.0854583333333,9.90E-02,0,6.83433638888889,-0.74,163.333333333333,0,3744.6,59.7967270833333,8.71E-05,0
1/31/20 15:24,216.833333333333,216.791666666667,0,0,4692.115,20.35,0,0,0,0,782.099319444444,0,0,-2056.16356944444,59.6959708333333,9.69E-02,0,6.88856013888889,-0.74,100,0,3744.6,60.0605645833333,-2.50E-03,0
1/31/20 15:29,216.916666666667,216.875,0,0,4692.415,20.35,0,0,0,0,782.1,0,0,-2056.86833333333,60.10589375,9.66E-02,0,6.92698569444444,-0.74,100,0,3744.6,60.0007145833333,-3.86E-03,0
1/31/20 15:34,217,216.958333333333,0,0,4692.715,20.35,0,0,0,0,782.139013888889,0,0,-2057.56833333333,59.96956875,9.71E-02,0,6.94308694444445,-0.74,100,0,3744.6,60,-4.36E-05,0
1/31/20 15:39,217.083333333333,217.041666666667,0,0,4693.015,20.35,0,0,0,0,782.199319444444,0,0,-2057.99523611111,60.07540625,9.79E-02,0,6.93998305555556,-0.74,100,0,3744.6,60,0,0
1/31/20 15:44,217.166666666667,217.125,0,0,4693.315,20.35,0,0,0,0,782.2,0,0,-2058.27309722222,59.9789708333333,9.94E-02,0,6.94320097222222,-0.74,100,0,3744.6,60,0,0
1/31/20 15:49,217.25,217.208333333333,0,0,4693.615,20.35,0,0,0,0,782.239013888889,0,0,-2061.15311111111,60.1035708333333,9.75E-02,0,6.94138847222222,-0.74,100,0,3744.6,60,2.50E-03,0
1/31/20 15:54,217.333333333333,217.291666666667,0,0,4693.915,20.35,0,0,0,0,782.299319444444,0,0,-2064.957125,60.12255625,9.52E-02,0,6.94417888888889,-0.74,100,0,3744.6,60,6.36E-03,0
1/31/20 15:59,217.416666666667,217.375,0,0,4694.215,20.35,0,0,0,0,782.339013888889,0,0,-2065.27309722222,60.1321375,9.60E-02,0,6.94496430555556,-0.74,100,0,3744.6,60,0.0064,0
1/31/20 16:04,217.5,217.458333333333,0,0,4694.515,20.35,0,0,0,0,782.399319444444,0,0,-2065.42213888889,60.10530625,0.097990625,0,6.94679555555556,-0.74,100,0,3744.6,60,0.0064,0
1/31/20 16:09,217.583333333333,217.541666666667,0,0,4694.815,20.35,0,0,0,0,782.4,0,0,-2065.00476388889,60.1401125,9.73E-02,0,6.94580069444445,-0.74,100,0,3744.6,60,0.0064,0
1/31/20 16:14,217.666666666667,217.625,0,0,4695.115,20.35,0,0,0,0,782.439013888889,0,0,-2065,60.1943875,9.79E-02,0,6.94698638888889,-0.74,100,0,3744.6,60,0.0064,0
1/31/20 16:19,217.75,217.708333333333,0,0,4695.415,20.35,0,0,0,0,782.499319444445,0,0,-2065,60.195,9.68E-02,0,6.94739013888889,-0.74,100,0,3744.6,60,0.0064,0
1/31/20 16:24,217.833333333333,217.791666666667,0,0,4695.715,20.35,0,0,0,0,782.5,0,0,-2064.72690277778,60.195,9.63E-02,0,6.94877347222222,-0.74,100,0,3744.6,60,0.0064,0
1/31/20 16:29,217.916666666667,217.875,0,0,4696.015,20.35,0,0,0,0,782.539013888889,0,0,-2064.30476388889,60.1598875,9.78E-02,0,6.94881597222222,-0.74,100,0,3744.6,60,0.0064,0
1/31/20 16:34,218,217.958333333333,0,0,4696.315,20.35,0,0,0,0,782.599319444444,0,0,-2064.57309722222,60.140725,0.100469375,0,6.94741055555556,-0.74,100,0,3744.6,60,0.0064,0
1/31/20 16:39,218.083333333333,218.041666666667,0,0,4696.615,20.35,0,0,0,0,782.6,0,0,-2065.26833333333,60.1943875,9.99E-02,0,6.94799319444444,-0.74,100,0,3744.6,60,0.0064,0
1/31/20 16:44,218.166666666667,218.125,0,0,4696.915,20.35,0,0,0,0,782.639013888889,0,0,-2065.69523611111,60.1598875,9.90E-02,0,6.94878027777778,-0.74,100,0,3744.6,60,0.0064,0
1/31/20 16:49,218.25,218.208333333333,0,0,4697.215,20.35,0,0,0,0,782.699319444444,0,0,-2065.7,60.140725,9.86E-02,0,6.94920611111111,-0.74,100,0,3744.6,60,0.0064,0
1/31/20 16:54,218.333333333333,218.291666666667,0,0,4697.515,20.35,0,0,0,0,782.7,0,0,-2065.97309722222,60.159275,9.74E-02,0,6.94801361111111,-0.74,100,0,3744.6,60,0.0064,0
1/31/20 16:59,218.416666666667,218.375,0,0,4697.815,20.35,0,0,0,0,782.739013888889,0,0,-2066.39523611111,60.140725,9.69E-02,0,6.948,-0.74,100,0,3744.6,60,0.0064,0
1/31/20 17:04,218.5,218.458333333333,0,0,4698.115,20.35,0,0,0,0,782.799319444444,0,0,-2066.4,60.159275,9.85E-02,0,6.948,-0.74,100,0,3744.6,60,0.0064,0
1/31/20 17:09,218.583333333333,218.541666666667,0,0,4698.415,20.35,0,0,0,0,782.839013888889,0,0,-2066.4,60.1056125,9.88E-02,0,6.94878027777778,-0.74,100,0,3744.6,60,0.0064,0
1/31/20 17:14,218.666666666667,218.625,0,0,4698.715,20.35,0,0,0,0,782.899319444444,0,0,-2066.12690277778,60.105,9.60E-02,0,6.94881597222222,-0.74,100,0,3744.6,60,0.0064,0
1/31/20 17:19,218.75,218.708333333333,0,0,4699.015,20.35,0,0,0,0,782.9,0,0,-2065.43166666667,60.1401125,9.55E-02,0,6.94819083333333,-0.74,100,0,3744.6,60,0.0064,0
1/31/20 17:24,218.833333333333,218.791666666667,0,0,4699.315,20.35,0,0,0,0,782.939013888889,0,0,-2065.00476388889,60.159275,9.66E-02,0,6.94919930555556,-0.74,100,0,3744.6,60,0.0064,0
1/31/20 17:29,218.916666666667,218.875,0,0,4699.615,20.35,0,0,0,0,782.999319444445,0,0,-2065.27309722222,60.1056125,9.60E-02,0,6.94801361111111,-0.74,100,0,3744.6,60,0.0064,0
1/31/20 17:34,219,218.958333333333,0,0,4699.915,20.35,0,0,0,0,783,0,0,-2065.14904166667,60.1108520833333,0.096,0,6.948,-0.74,100,0,3744.6,60,0.0064,0
1/31/20 17:39,219.083333333333,219.041666666667,0,0,4700.215,20.35,0,0,0,0,783.039013888889,0,0,-2064.30952777778,60.1491583333333,9.70E-02,0,6.94878027777778,-0.74,100,0,3744.6,60,0.0064,0
1/31/20 17:44,219.166666666667,219.125,0,0,4700.515,20.35,0,0,0,0,783.099319444444,0,0,-2064.57309722222,60.1944895833333,9.91E-02,0,6.94998638888889,-0.74,100,0,3744.6,60,8.90E-03,0
1/31/20 17:49,219.25,219.208333333333,0,0,4700.815,20.35,0,0,0,0,783.1,0,0,-2064.99523611111,60.195,1.00E-01,0,6.95,-0.74,100,0,3744.6,60,1.28E-02,0
1/31/20 17:54,219.333333333333,219.291666666667,0,0,4701.115,20.35,0,0,0,0,783.139013888889,0,0,-2065.27309722222,60.195,9.84E-02,0,6.95,-0.74,100,0,3744.6,60,1.03E-02,0
1/31/20 17:59,219.416666666667,219.375,0,0,4701.415,20.35,0,0,0,0,783.199319444444,0,0,-2065.69523611111,60.1598875,9.66E-02,0,6.95,-0.74,100,0,3744.6,60,6.44E-03,0
1/31/20 18:04,219.5,219.458333333333,0,0,4701.715,20.35,0,0,0,0,783.2,0,0,-2065.97309722222,60.140725,9.94E-02,0,6.94960986111111,-0.74,100,0,3744.6,60,0.0064,0
1/31/20 18:09,219.583333333333,219.541666666667,0,0,4702.015,20.35,0,0,0,0,783.239013888889,0,0,-2066.39523611111,60.1651270833333,9.95E-02,0,6.94939694444444,-0.74,100,0,3744.6,60,0.0064,0
1/31/20 18:14,219.666666666667,219.625,0,0,4702.315,20.35,0,0,0,0,783.299319444444,0,0,-2066.4,60.1497708333333,9.58E-02,0,6.94960305555556,-0.74,100,0,3744.6,60,0.0064,0
1/31/20 18:19,219.75,219.708333333333,0,0,4702.615,20.35,0,0,0,0,783.339013888889,0,0,-2066.4,60.1944895833333,9.74E-02,0,6.95017722222222,-0.74,100,0,3744.6,60,0.0064,0
1/31/20 18:24,219.833333333333,219.791666666667,0,0,4702.915,20.35,0,0,0,0,783.399319444444,0,0,-2066.4,60.1598875,9.82E-02,0,6.95119930555556,-0.74,100,0,3744.6,60,0.0064,0
1/31/20 18:29,219.916666666667,219.875,0,0,4703.215,20.35,0,0,0,0,783.4,0,0,-2066.67309722222,60.140725,9.77E-02,0,6.95079388888889,-0.74,100,0,3744.6,60,0.0064,0
1/31/20 18:34,220,219.958333333333,0,0,4703.515,20.35,0,0,0,0,783.439013888889,0,0,-2066.82213888889,60.159275,9.79E-02,0,6.95120611111111,-0.74,100,0,3744.6,60,0.0064,0
1/31/20 18:39,220.083333333333,220.041666666667,0,0,4703.815,20.35,0,0,0,0,783.499319444445,0,0,-2066.40476388889,60.1056125,9.94E-02,0,6.95079388888889,-0.74,100,0,3744.6,60,0.0064,0
1/31/20 18:44,220.166666666667,220.125,0,0,4704.115,20.35,0,0,0,0,783.5,0,0,-2066.4,60.12255625,9.73E-02,0,6.95042583333333,-0.74,100,0,3744.6,60,0.0064,0
1/31/20 18:49,220.25,220.208333333333,0,0,4704.415,20.35,0,0,0,0,783.539013888889,0,0,-2066.4,60.1321375,9.69E-02,0,6.9488075,-0.74,100,0,3744.6,60,0.0064,0
1/31/20 18:54,220.333333333333,220.291666666667,0,0,4704.715,20.35,0,0,0,0,783.599319444444,0,0,-2066.12690277778,60.14041875,9.84E-02,0,6.94920611111111,-0.74,100,0,3744.6,60,0.0064,0
1/31/20 18:59,220.416666666667,220.375,0,0,4705.015,20.35,0,0,0,0,783.6,0,0,-2065.97786111111,60.1943875,9.75E-02,0,6.94879388888889,-0.74,100,0,3744.6,60,0.0064,0
1/31/20 19:04,220.5,220.458333333333,0,0,4705.315,20.35,0,0,0,0,783.639013888889,0,0,-2066.12213888889,60.1598875,9.81E-02,0,6.94959625,-0.74,100,0,3744.6,60,0.0064,0
1/31/20 19:09,220.583333333333,220.541666666667,0,0,4705.615,20.35,0,0,0,0,783.699319444444,0,0,-2065.70476388889,60.1056125,9.84E-02,0,6.94939694444444,-0.74,100,0,3744.6,60,0.0064,0
1/31/20 19:14,220.666666666667,220.625,0,0,4705.915,20.35,0,0,0,0,783.7,0,0,-2065.7,60.105,9.83E-02,0,6.94921291666667,-0.74,100,0,3744.6,60,0.0064,0
1/31/20 19:19,220.75,220.708333333333,0,0,4706.215,20.35,0,0,0,0,783.739013888889,0,0,-2065.7,60.1401125,9.87E-02,0,6.94879388888889,-0.74,100,0,3744.6,60,0.0064,0
1/31/20 19:24,220.833333333333,220.791666666667,0,0,4706.515,20.35,0,0,0,0,783.799319444444,0,0,-2065.7,60.159275,9.65E-02,0,6.94920611111111,-0.74,100,0,3744.6,60,0.0064,0
1/31/20 19:29,220.916666666667,220.875,0,0,4706.815,20.35,0,0,0,0,783.839013888889,0,0,-2065.97309722222,60.1056125,9.58E-02,0,6.94879388888889,-0.74,100,0,3744.6,60,0.0064,0
1/31/20 19:34,221,220.958333333333,0,0,4707.115,20.35,0,0,0,0,783.899319444444,0,0,-2066.12213888889,60.105,9.76E-02,0,6.94998638888889,-0.74,100,0,3744.6,60,0.0064,0
1/31/20 19:39,221.083333333333,221.041666666667,0,0,4707.415,20.35,0,0,0,0,783.9,0,0,-2065.43166666667,60.105,9.87E-02,0,6.95,-0.74,100,0,3744.6,60,0.0064,0
1/31/20 19:44,221.166666666667,221.125,0,0,4707.715,20.35,0,0,0,0,783.939013888889,0,0,-2065.00476388889,60.105,9.90E-02,0,6.94921972222222,-0.74,100,0,3744.6,60,0.0064,0
1/31/20 19:49,221.25,221.208333333333,0,0,4708.015,20.35,0,0,0,0,783.999319444445,0,0,-2065.27309722222,60.105,9.88E-02,0,6.94879388888889,-0.74,100,0,3744.6,60,0.0064,0
1/31/20 19:54,221.333333333333,221.291666666667,0,0,4708.315,20.35,0,0,0,0,784,0,0,-2065.42213888889,60.105,9.79E-02,0,6.94998638888889,-0.74,100,0,3744.6,60,8.90E-03,0
1/31/20 19:59,221.416666666667,221.375,0,0,4708.615,20.35,0,0,0,0,784.039013888889,0,0,-2065.00476388889,60.1401125,9.60E-02,0,6.95,-0.74,100,0,3744.6,60,1.03E-02,0
1/31/20 20:04,221.5,221.458333333333,0,0,4708.915,20.35,0,0,0,0,784.099319444444,0,0,-2065,60.17683125,9.65E-02,0,6.94921972222222,-0.74,100,0,3744.6,60,6.44E-03,0
1/31/20 20:09,221.583333333333,221.541666666667,0,0,4709.215,20.35,0,0,0,0,784.1,0,0,-2064.72690277778,60.13275,9.81E-02,0,6.94879388888889,-0.74,100,0,3744.6,60,8.90E-03,0
1/31/20 20:14,221.666666666667,221.625,0,0,4709.515,20.35,0,0,0,0,784.139013888889,0,0,-2064.30476388889,60.14041875,9.72E-02,0,6.94920611111111,-0.74,100,0,3744.6,60,1.28E-02,0
1/31/20 20:19,221.75,221.708333333333,0,0,4709.815,20.35,0,0,0,0,784.199319444444,0,0,-2064.57309722222,60.159275,9.82E-02,0,6.94801361111111,-0.74,100,0,3744.6,60,0.0128,0
1/31/20 20:24,221.833333333333,221.791666666667,0,0,4710.115,20.35,0,0,0,0,784.239013888889,0,0,-2064.99523611111,60.140725,9.62E-02,0,6.94878027777778,-0.74,100,0,3744.6,60,0.0128,0
1/31/20 20:29,221.916666666667,221.875,0,0,4710.415,20.35,0,0,0,0,784.299319444444,0,0,-2064.72690277778,60.1943875,9.64E-02,0,6.94998638888889,-0.74,100,0,3744.6,60,0.0128,0
1/31/20 20:34,222,221.958333333333,0,0,4710.715,20.35,0,0,0,0,784.3,0,0,-2064.30476388889,60.1598875,9.77E-02,0,6.94921972222222,-0.74,100,0,3744.6,60,0.0128,0
1/31/20 20:39,222.083333333333,222.041666666667,0,0,4711.015,20.35,0,0,0,0,784.339013888889,0,0,-2064.57309722222,60.1114645833333,9.67E-02,0,6.94957416666667,-0.74,100,0,3744.6,60,0.0128,0
1/31/20 20:44,222.166666666667,222.125,0,0,4711.315,20.35,0,0,0,0,784.399319444444,0,0,-2064.99523611111,60.1140458333333,0.097776875,0,6.95041222222222,-0.74,100,0,3744.6,60,0.0128,0
1/31/20 20:49,222.25,222.208333333333,0,0,4711.615,20.35,0,0,0,0,784.4,0,0,-2064.72690277778,60.1402145833333,9.90E-02,0,6.9488075,-0.74,100,0,3744.6,60,0.0128,0
1/31/20 20:54,222.333333333333,222.291666666667,0,0,4711.915,20.35,0,0,0,0,784.439013888889,0,0,-2064.57786111111,60.1943875,9.82E-02,0,6.94920611111111,-0.74,100,0,3744.6,60,0.0128,0
1/31/20 20:59,222.416666666667,222.375,0,0,4712.215,20.35,0,0,0,0,784.499319444445,0,0,-2064.99523611111,60.1598875,9.66E-02,0,6.94879388888889,-0.74,100,0,3744.6,60,0.0128,0
1/31/20 21:04,222.5,222.458333333333,0,0,4712.515,20.35,0,0,0,0,784.5,0,0,-2065,60.1056125,9.70E-02,0,6.94920611111111,-0.74,100,0,3744.6,60,0.0128,0
1/31/20 21:09,222.583333333333,222.541666666667,0,0,4712.815,20.35,0,0,0,0,784.539013888889,0,0,-2065,60.1342604166667,9.87E-02,0,6.94879388888889,-0.74,100,0,3744.6,60,0.0128,0
1/31/20 21:14,222.666666666667,222.625,0,0,4713.115,20.35,0,0,0,0,784.599319444444,0,0,-2065.27309722222,60.1502291666667,9.84E-02,0,6.94881597222222,-0.74,100,0,3744.6,60,0.0128,0
1/31/20 21:19,222.75,222.708333333333,0,0,4713.415,20.35,0,0,0,0,784.6,0,0,-2065.42213888889,60.1406229166667,0.096925,0,6.94936125,-0.74,100,0,3744.6,60,0.0128,0
1/31/20 21:24,222.833333333333,222.791666666667,0,0,4713.715,20.35,0,0,0,0,784.639013888889,0,0,-2065.00476388889,60.1943875,9.58E-02,0,6.95100847222222,-0.74,100,0,3744.6,60,1.03E-02,0
1/31/20 21:29,222.916666666667,222.875,0,0,4714.015,20.35,0,0,0,0,784.699319444444,0,0,-2065.27309722222,60.1891479166667,9.73E-02,0,6.94881430555556,-0.74,100,0,3744.6,60,6.44E-03,0
1/31/20 21:34,223,222.958333333333,0,0,4714.315,20.35,0,0,0,0,784.739013888889,0,0,-2065.69523611111,60.1508416666667,9.90E-02,0,6.94881597222222,-0.74,100,0,3744.6,60,8.90E-03,0
1/31/20 21:39,223.083333333333,223.041666666667,0,0,4714.615,20.35,0,0,0,0,784.799319444444,0,0,-2065.42690277778,60.1406229166667,9.67E-02,0,6.94741055555556,-0.74,100,0,3744.6,60,1.03E-02,0
1/31/20 21:44,223.166666666667,223.125,0,0,4714.915,20.35,0,0,0,0,784.8,0,0,-2065.27786111111,60.159275,9.75E-02,0,6.94877347222222,-0.74,100,0,3744.6,60,8.94E-03,0
1/31/20 21:49,223.25,223.208333333333,0,0,4715.215,20.35,0,0,0,0,784.839013888889,0,0,-2065.42213888889,60.12316875,0.101831458333333,0,6.94920611111111,-0.74,100,0,3744.6,60,1.03E-02,0
1/31/20 21:54,223.333333333333,223.291666666667,0,0,4715.515,20.35,0,0,0,0,784.899319444444,0,0,-2065.00476388889,60.1321375,0.101245208333333,0,6.94801361111111,-0.74,100,0,3744.6,60,6.44E-03,0
1/31/20 21:59,223.416666666667,223.375,0,0,4715.815,20.35,0,0,0,0,784.9,0,0,-2065.27309722222,60.1345666666667,9.82E-02,0,6.94878027777778,-0.74,100,0,3744.6,60,0.0064,0
1/31/20 22:04,223.5,223.458333333333,0,0,4716.115,20.35,0,0,0,0,784.939013888889,0,0,-2065.69523611111,60.1853416666667,9.90E-02,0,6.94881597222222,-0.74,100,0,3744.6,60,0.0064,0
1/31/20 22:09,223.583333333333,223.541666666667,0,0,4716.415,20.35,0,0,0,0,784.999319444445,0,0,-2065.7,60.1948979166667,9.75E-02,0,6.94819083333333,-0.74,100,0,3744.6,60,0.0064,0
1/31/20 22:14,223.666666666667,223.625,0,0,4716.715,20.35,0,0,0,0,785,0,0,-2065.97309722222,60.195,9.81E-02,0,6.94880916666667,-0.74,100,0,3744.6,60,0.0064,0
1/31/20 22:19,223.75,223.708333333333,0,0,4717.015,20.35,0,0,0,0,785.039013888889,0,0,-2066.12213888889,60.195,9.82E-02,0,6.94819083333333,-0.74,100,0,3744.6,60,8.90E-03,0
1/31/20 22:24,223.833333333333,223.791666666667,0,0,4717.315,20.35,0,0,0,0,785.099319444444,0,0,-2065.43166666667,60.195,9.78E-02,0,6.94919930555556,-0.74,100,0,3744.6,60,1.28E-02,0
1/31/20 22:29,223.916666666667,223.875,0,0,4717.615,20.35,0,0,0,0,785.1,0,0,-2065.27786111111,60.195,9.84E-02,0,6.94879388888889,-0.74,100,0,3744.6,60,0.0128,0
1/31/20 22:34,224,223.958333333333,0,0,4717.91461115725,20.35,0,0,0,0,785.13888427464,0,0,-2065.69523611111,60.195,9.79E-02,0,6.94881986064969,-0.74,100,0,3744.6,60,0.0128,0
1/31/20 22:39,224.083333333333,224.041666666667,0,0,4718.21400717608,20.35,0,0,0,0,785.199282392027,0,0,-2065.42896,60.160152,9.79E-02,0,6.9485703282392,-0.74,100,0,3744.6,60,0.0128,0
1/31/20 22:44,224.166666666667,224.125,0,0,4718.514,20.35,0,0,0,0,785.23872,0,0,-2065.54712,60.105648,0.0972044,0,6.9498096,-0.74,100,0,3744.6,60,0.0128,0
1/31/20 22:49,224.25,224.208333333333,0,0,4718.814,20.35,0,0,0,0,785.29928,0,0,-2066.11888,60.105,0.0978836,0,6.948796,-0.74,100,0,3744.6,60,0.0128,0
1/31/20 22:54,224.333333333333,224.291666666667,0,0,4719.114,20.35,0,0,0,0,785.3,0,0,-2065.70504,60.110808,0.097912,0,6.948824,-0.74,100,0,3744.6,60,0.0128,0
1/31/20 22:59,224.416666666667,224.375,0,0,4719.414,20.35,0,0,0,0,785.33872,0,0,-2065.7,60.114084,0.0966236,0,6.9481832,-0.74,100,0,3744.6,60,0.0128,0
1/31/20 23:04,224.5,224.458333333333,0,0,4719.714,20.35,0,0,0,0,785.39928,0,0,-2065.7,60.105108,0.0962008,0,6.9484296,-0.74,100,0,3744.6,60,0.0128,0
1/31/20 23:09,224.583333333333,224.541666666667,0,0,4720.014,20.35,0,0,0,0,785.4,0,0,-2065.7,60.139848,0.09669,0,6.9475776,-0.74,100,0,3744.6,60,0.0128,0
1/31/20 23:14,224.666666666667,224.625,0,0,4720.314,20.35,0,0,0,0,785.43872,0,0,-2065.97104,60.159504,0.098158,0,6.9488096,-0.74,100,0,3744.6,60,0.0128,0
1/31/20 23:19,224.75,224.708333333333,0,0,4720.614,20.35,0,0,0,0,785.49928,0,0,-2066.12392,60.140496,0.0995912,0,6.9485704,-0.74,100,0,3744.6,60,0.0128,0
1/31/20 23:24,224.833333333333,224.791666666667,0,0,4720.914,20.35,0,0,0,0,785.5,0,0,-2065.97608,60.194352,0.0993944,0,6.948648,-0.74,100,0,3744.6,60,0.0128,0
1/31/20 23:29,224.916666666667,224.875,0,0,4721.214,20.35,0,0,0,0,785.53872,0,0,-2066.666,60.195,0.0990248,0,6.9469792,-0.74,100,0,3744.6,60,0.0128,0
1/31/20 23:34,225,224.958333333333,0,0,4721.514,20.35,0,0,0,0,785.59928,0,0,-2066.82392,60.160152,0.0969372,0,6.9488024,-0.74,100,0,3744.6,60,0.0128,0
1/31/20 23:39,225.083333333333,225.041666666667,0,0,4721.814,20.35,0,0,0,0,785.63872,0,0,-2066.40504,60.140496,0.0969788,0,6.9489576,-0.74,100,0,3744.6,60,0.0128,0
1/31/20 23:44,225.166666666667,225.125,0,0,4722.114,20.35,0,0,0,0,785.69928,0,0,-2066.4,60.194352,0.097514,0,6.9504152,-0.74,100,0,3744.6,60,0.0128,0
1/31/20 23:49,225.25,225.208333333333,0,0,4722.414,20.35,0,0,0,0,785.7,0,0,-2066.4,60.160152,0.0971796,0,6.9488032,-0.74,100,0,3744.6,60,0.0128,0
1/31/20 23:54,225.333333333333,225.291666666667,0,0,4722.714,20.35,0,0,0,0,785.73872,0,0,-2066.12896,60.140496,0.0993656,0,6.9495984,-0.74,100,0,3744.6,60,0.0128,0
1/31/20 23:59,225.416666666667,225.375,0,0,4723.014,20.35,0,0,0,0,785.79928,0,0,-2065.16296,60.194352,0.099412,0,6.94862,-0.74,100,0,3744.6,60,0.01527808,0
2/1/20 0:04,225.5,225.458333333333,0,0,4723.314,20.35,0,0,0,0,785.8,0,0,-2064.31008,60.119496,0.0981236,0,6.9480072,-0.74,100,0,3744.6,60,0.01915392,0
2/1/20 0:09,225.583333333333,225.541666666667,0,0,4723.614,20.35,0,0,0,0,785.83872,0,0,-2064.3,60.076908,0.098088,0,6.948,-0.74,100,0,3744.6,60,0.0192,0
2/1/20 0:14,225.666666666667,225.625,0,0,4723.914,20.35,0,0,0,0,785.89928,0,0,-2064.3,60.193596,0.0984084,0,6.9476128,-0.74,100,0,3744.6,60,0.0192,0
2/1/20 0:19,225.75,225.708333333333,0,0,4724.214,20.35,0,0,0,0,785.9,0,0,-2064.3,60.160152,0.0980916,0,6.9470072,-0.74,100,0,3744.6,60,0.0192,0
2/1/20 0:24,225.833333333333,225.791666666667,0,0,4724.514,20.35,0,0,0,0,785.93872,0,0,-2064.3,60.105648,0.0987956,0,6.9473872,-0.74,100,0,3744.6,60,0.0192,0
2/1/20 0:29,225.916666666667,225.875,0,0,4724.814,20.35,0,0,0,0,785.99928,0,0,-2064.57104,60.105,0.0996652,0,6.9479928,-0.74,100,0,3744.6,60,0.0192,0
2/1/20 0:34,226,225.958333333333,0,0,4725.114,20.35,0,0,0,0,786,0,0,-2065.80808,60.139848,0.099736,0,6.9476128,-0.74,100,0,3744.6,60,0.01672192,0
2/1/20 0:39,226.083333333333,226.041666666667,0,0,4725.414,20.35,0,0,0,0,786.03872,0,0,-2067.35592,60.159504,0.098194,0,6.9481688,-0.74,100,0,3744.6,60,0.01284608,0
2/1/20 0:44,226.166666666667,226.125,0,0,4725.714,20.35,0,0,0,0,786.09928,0,0,-2068.066,60.105648,0.0990104,0,6.9480424,-0.74,100,0,3744.6,60,0.0128,0
2/1/20 0:49,226.25,226.208333333333,0,0,4725.89784,20.35,0,0,0,0,786.13872,0,0,-2068.49496,60.105,0.0982924,0,6.946972,-0.74,100,0,3744.6,60,0.0128,0
2/1/20 0:54,226.333333333333,226.291666666667,0,0,4725.93872,20.35,0,0,0,0,786.19928,0,0,-2068.5,60.081768,0.0996792,0,6.9488024,-0.74,100,0,3744.6,60,0.0128,0
2/1/20 0:59,226.416666666667,226.375,0,0,4726.11544,20.35,0,0,0,0,786.2,0,0,-2068.5,60.068664,0.0998028,0,6.9474088,-0.74,100,0,3744.6,60,0.01032192,0
2/1/20 1:04,226.5,226.458333333333,0,0,4726.29784,20.35,0,0,0,0,786.23872,0,0,-2068.5,60.104568,0.0991164,0,6.9468312,-0.74,100,0,3744.6,60,0.00644608,0
2/1/20 1:09,226.583333333333,226.541666666667,0,0,4726.3,20.35,0,0,0,0,786.29928,0,0,-2068.77104,60.064344,0.0975392,0,6.9469576,-0.74,100,0,3744.6,60,0.0064,0
2/1/20 1:14,226.666666666667,226.625,0,0,4726.3,20.35,0,0,0,0,786.3,0,0,-2069.19496,60.000756,0.096986,0,6.9476408,-0.74,100,0,3744.6,60,0.0064,0
2/1/20 1:19,226.75,226.708333333333,0,0,4726.3,20.35,0,0,0,0,786.33872,0,0,-2069.2,60,0.097514,0,6.945592,-0.74,100,0,3744.6,60,0.0064,0
2/1/20 1:24,226.833333333333,226.791666666667,0,0,4726.3,20.35,0,0,0,0,786.39928,0,0,-2069.2,60.040656,0.0964052,0,6.947584,-0.74,100,0,3744.6,60,0.0064,0
2/1/20 1:29,226.916666666667,226.875,0,0,4726.3,20.35,0,0,0,0,786.4,0,0,-2069.47104,60.075204,0.0975736,0,6.9481688,-0.74,100,0,3744.6,60,0.0064,0
2/1/20 1:34,227,226.958333333333,0,0,4726.3,20.35,0,0,0,0,786.43872,0,0,-2069.62392,60.05958,0.0986828,0,6.9488168,-0.74,100,0,3744.6,60,0.0064,0
2/1/20 1:39,227.083333333333,227.041666666667,0,0,4726.3,20.35,0,0,0,0,786.49928,0,0,-2069.47608,60.10446,0.0980284,0,6.9474088,-0.74,100,0,3744.6,60,0.0064,0
2/1/20 1:44,227.166666666667,227.125,0,0,4726.3,20.35,0,0,0.03872,0,786.5,0,0,-2069.89496,60.064344,0.0972924,0,6.9476056,-0.74,100,0,3744.6,60,0.0064,0
2/1/20 1:49,227.25,227.208333333333,0,0,4726.3,20.35,0,0,0.09928,0,786.53872,0,0,-2069.9,60.041412,0.0986792,0,6.94662,-0.74,100,0,3744.6,60,0.0064,0
2/1/20 1:54,227.333333333333,227.291666666667,0,0,4726.3,20.35,0,0,0.1,0,786.59928,0,0,-2069.9,60.063588,0.0995772,0,6.9460072,-0.74,100,0,3744.6,60,0.0064,0
2/1/20 1:59,227.416666666667,227.375,0,0,4726.3,20.35,0,0,0.1,0,786.63872,0,0,-2070.17104,60.012372,0.0995212,0,6.9467744,-0.74,100,0,3744.6,60,0.0064,0
2/1/20 2:04,227.5,227.458333333333,0,0,4726.3,20.35,0,0,0.13872,0,786.69928,0,0,-2070.59496,60.058824,0.0976308,0,6.9475984,-0.74,100,0,3744.6,60,0.0064,0
2/1/20 2:09,227.583333333333,227.541666666667,0,0,4726.3,20.35,0,0,0.19928,0,786.7,0,0,-2070.87104,60.081228,0.0968136,0,6.9470072,-0.74,100,0,3744.6,60,0.0064,0
2/1/20 2:14,227.666666666667,227.625,0,0,4726.3,20.35,0,0,0.2,0,786.73872,0,0,-2071.02392,60.068664,0.097278,0,6.947,-0.74,100,0,3744.6,60,0.00887808,0
2/1/20 2:19,227.75,227.708333333333,0,0,4726.3,20.35,0,0,0.2,0,786.79928,0,0,-2070.60504,60.104568,0.0980984,0,6.9462256,-0.74,100,0,3744.6,60,0.01275392,0
2/1/20 2:24,227.833333333333,227.791666666667,0,0,4726.3,20.35,0,0,0.2,0,786.8,0,0,-2070.6,60.07596,0.098088,0,6.946176,-0.74,100,0,3744.6,60.040656,0.0128,0
2/1/20 2:29,227.916666666667,227.875,0,0,4726.3,20.35,0,0,0.2,0,786.83872,0,0,-2070.6,60.018924,0.0984084,0,6.9479784,-0.74,100,0,3744.6,60.063588,0.0128,0
2/1/20 2:34,228,227.958333333333,0,0,4726.3,20.35,0,0,0.2,0,786.89928,0,0,-2070.32896,60.000216,0.0980916,0,6.9476128,-0.74,100,0,3744.6,60.000756,0.0128,0
2/1/20 2:39,228.083333333333,228.041666666667,0,0,4726.3,20.35,0,0,0.2,0,786.9,0,0,-2069.90504,60,0.0987956,0,6.9473944,-0.74,100,0,3744.6,60,0.0128,0
2/1/20 2:44,228.166666666667,228.125,0,0,4726.3,20.35,0,0,0.2,0,786.93872,0,0,-2070.17104,60,0.0996652,0,6.9468312,-0.74,100,0,3744.6,60,0.0128,0
2/1/20 2:49,228.25,228.208333333333,0,0,4726.3,20.35,0,0,0.2,0,786.99928,0,0,-2070.59496,60.040656,0.0995424,0,6.9461832,-0.74,100,0,3744.6,60,0.0128,0
2/1/20 2:54,228.333333333333,228.291666666667,0,0,4726.3,20.35,0,0,0.2,0,787,0,0,-2070.32896,60.063588,0.0967296,0,6.9468168,-0.74,100,0,3744.6,60,0.0128,0
2/1/20 2:59,228.416666666667,228.375,0,0,4726.3,20.35,0,0,0.2,0,787.03872,0,0,-2070.44712,60.000756,0.0979644,0,6.9461832,-0.74,100,0,3744.6,60,0.0128,0
2/1/20 3:04,228.5,228.458333333333,0,0,4726.3,20.35,0,0,0.23872,0,787.09928,0,0,-2071.28992,60,0.0981268,0,6.9464296,-0.74,100,0,3744.6,60,0.0128,0
2/1/20 3:09,228.583333333333,228.541666666667,0,0,4726.3,20.35,0,0,0.29928,0,787.13872,0,0,-2071.02896,59.924496,0.0960252,0,6.9451904,-0.74,100,0,3744.6,60.040656,0.01527808,0
2/1/20 3:14,228.666666666667,228.625,0,0,4726.3,20.35,0,0,0.3,0,787.19928,0,0,-2070.60504,59.841252,0.0963872,0,6.946204,-0.74,100,0,3744.6,60.063588,0.01667584,0
2/1/20 3:19,228.75,228.708333333333,0,0,4726.3,20.35,0,0,0.3,0,787.2,0,0,-2070.6,59.894352,0.09738,0,6.946176,-0.74,100,0,3744.6,60.000756,0.01284608,0
2/1/20 3:24,228.833333333333,228.791666666667,0,0,4726.3,20.35,0,0,0.3,0,787.23872,0,0,-2070.87104,59.935656,0.0977992,0,6.9468168,-0.74,100,0,3744.6,60,0.01527808,0
2/1/20 3:29,228.916666666667,228.875,0,0,4726.3,20.35,0,0,0.3,0,787.29928,0,0,-2071.02392,59.999244,0.0969228,0,6.945796,-0.74,100,0,3744.6,60,0.01667584,0
2/1/20 3:34,229,228.958333333333,0,0,4726.3,20.35,0,0,0.3,0,787.3,0,0,-2070.87608,60,0.0977532,0,6.9462112,-0.74,100,0,3744.6,60,0.01532416,0
2/1/20 3:39,229.083333333333,229.041666666667,0,0,4726.3,20.35,0,0,0.3,0,787.33872,0,0,-2071.566,60,0.100274,0,6.9457888,-0.74,100,0,3744.6,60,0.01915392,0
2/1/20 3:44,229.166666666667,229.125,0,0,4726.3,20.35,0,0,0.3,0,787.39928,0,0,-2071.72392,60,0.0996164,0,6.945824,-0.74,100,0,3744.6,60,0.01672192,0
2/1/20 3:49,229.25,229.208333333333,0,0,4726.3,20.35,0,0,0.3,0,787.4,0,0,-2071.57608,59.959344,0.0984264,0,6.9451832,-0.74,100,0,3744.6,60,0.01284608,0
2/1/20 3:54,229.333333333333,229.291666666667,0,0,4726.3,20.35,0,0,0.3,0,787.43872,0,0,-2071.72392,59.936412,0.0975108,0,6.946204,-0.74,100,0,3744.6,60,0.0128,0
2/1/20 3:59,229.416666666667,229.375,0,0,4726.3,20.35,0,0,0.3,0,787.49928,0,0,-2071.57608,59.999244,0.0978872,0,6.9454016,-0.74,100,0,3744.6,60,0.0128,0
2/1/20 4:04,229.5,229.458333333333,0,0,4726.3,20.35,0,0,0.3,0,787.53872,0,0,-2071.99496,60,0.0990736,0,6.94638,-0.74,100,0,3744.6,60,0.0128,0
2/1/20 4:09,229.583333333333,229.541666666667,0,0,4726.3,20.35,0,0,0.3,0,787.59928,0,0,-2072.27104,60,0.0997956,0,6.94738,-0.74,100,0,3744.6,60,0.0128,0
2/1/20 4:14,229.666666666667,229.625,0,0,4726.37744,20.35,0,0,0.3,0,787.6,0,0,-2072.69496,60,0.0998908,0,6.9468312,-0.74,100,0,3744.6,60,0.0128,0
2/1/20 4:19,229.75,229.708333333333,0,0,4726.576,20.35,0,0,0.3,0,787.63872,0,0,-2072.7,60,0.0987504,0,6.9454088,-0.74,100,0,3744.6,60,0.0128,0
2/1/20 4:24,229.833333333333,229.791666666667,0,0,4726.69856,20.35,0,0,0.3,0,787.69928,0,0,-2072.7,60,0.098162,0,6.94638,-0.74,100,0,3744.6,60,0.0128,0
2/1/20 4:29,229.916666666667,229.875,0,0,4726.7,20.35,0,0,0.3,0,787.7,0,0,-2072.97104,59.959344,0.1014604,0,6.9462184,-0.74,100,0,3744.6,60,0.0128,0
2/1/20 4:34,230,229.958333333333,0,0,4726.7,20.35,0,0,0.3,0,787.73872,0,0,-2073.666,59.936412,0.1003384,0,6.9450144,-0.74,100,0,3744.6,60,0.0128,0
2/1/20 4:39,230.083333333333,230.041666666667,0,0,4726.7,20.35,0,0,0.3,0,787.79928,0,0,-2074.09496,59.80758,0.0979408,0,6.9453872,-0.74,100,0,3744.6,60,0.0128,0
2/1/20 4:44,230.166666666667,230.125,0,0,4726.7,20.35,0,0,0.3,0,787.8,0,0,-2074.1,59.659572,0.0979788,0,6.94638,-0.74,100,0,3744.6,60,0.0128,0
2/1/20 4:49,230.25,230.208333333333,0,0,4726.7,20.35,0,0,0.3,0,787.83872,0,0,-2074.37104,59.892192,0.1000628,0,6.9469928,-0.74,100,0,3744.6,60,0.0128,0
2/1/20 4:54,230.333333333333,230.291666666667,0,0,4726.7,20.35,0,0,0.3,0,787.89928,0,0,-2074.52392,59.895,0.1000212,0,6.9466128,-0.74,100,0,3744.6,60,0.0128,0
2/1/20 4:59,230.416666666667,230.375,0,0,4726.7,20.35,0,0,0.3,0,787.9,0,0,-2074.10504,59.895,0.0989052,0,6.9467816,-0.74,100,0,3744.6,60,0.0128,0
2/1/20 5:04,230.5,230.458333333333,0,0,4726.7,20.35,0,0,0.3,0,787.93872,0,0,-2073.82896,59.895,0.0992992,0,6.94876,-0.74,100,0,3744.6,60,0.0128,0
2/1/20 5:09,230.583333333333,230.541666666667,0,0,4726.7,20.35,0,0,0.3,0,787.99928,0,0,-2073.67608,59.895,0.0982292,0,6.9492112,-0.74,100,0,3744.6,60,0.0128,0
2/1/20 5:14,230.666666666667,230.625,0,0,4726.7,20.35,0,0,0.3,0,788.03872,0,0,-2074.366,59.819496,0.0979824,0,6.9476272,-0.74,100,0,3744.6,60.040656,0.0128,0
2/1/20 5:19,230.75,230.708333333333,0,0,4726.7,20.35,0,0,0.33872,0,788.09928,0,0,-2074.52392,59.776908,0.0977396,0,6.9470072,-0.74,100,0,3744.6,60.063588,0.0128,0
2/1/20 5:24,230.833333333333,230.791666666667,0,0,4726.7,20.35,0,0,0.39928,0,788.1,0,0,-2074.37608,59.893596,0.096194,0,6.9466128,-0.74,100,0,3744.6,60.000756,0.0128,0
2/1/20 5:29,230.916666666667,230.875,0,0,4726.7,20.35,0,0,0.4,0,788.13872,0,0,-2074.52392,59.895,0.0975912,0,6.9463944,-0.74,100,0,3744.6,60,0.01527808,0
2/1/20 5:34,231,230.958333333333,0,0,4726.73872,20.35,0,0,0.4,0,788.19928,0,0,-2074.64712,59.895,0.09662,0,6.9462184,-0.74,100,0,3744.6,60,0.01667584,0
2/1/20 5:39,231.083333333333,231.041666666667,0,0,4726.79928,20.35,0,0,0.4,0,788.2,0,0,-2075.48992,59.860152,0.0960072,0,6.9450144,-0.74,100,0,3744.6,60,0.01532416,0
2/1/20 5:44,231.166666666667,231.125,0,0,4726.8,20.35,0,0,0.4,0,788.23872,0,0,-2075.5,59.840496,0.097936,0,6.945,-0.74,100,0,3744.6,60,0.01915392,0
2/1/20 5:49,231.25,231.208333333333,0,0,4726.8,20.35,0,0,0.4,0,788.29928,0,0,-2075.77104,59.894352,0.0996088,0,6.9438384,-0.74,100,0,3744.6,60,0.01672192,0
2/1/20 5:54,231.333333333333,231.291666666667,0,0,4726.8,20.35,0,0,0.4,0,788.3,0,0,-2075.92392,59.895,0.098106,0,6.9443448,-0.74,100,0,3744.6,60,0.01532416,0
2/1/20 5:59,231.416666666667,231.375,0,0,4726.8,20.35,0,0,0.4,0,788.33872,0,0,-2075.77608,59.860152,0.0978276,0,6.9475696,-0.74,100,0,3744.6,60,0.01915392,0
2/1/20 6:04,231.5,231.458333333333,0,0,4726.8,20.35,0,0,0.4,0,788.39928,0,0,-2075.92392,59.840496,0.0964088,0,6.9462328,-0.74,100,0,3744.6,60,0.0192,0
2/1/20 6:09,231.583333333333,231.541666666667,0,0,4726.8,20.35,0,0,0.4,0,788.4,0,0,-2076.04531906977,59.8596197740864,0.0969928,0,6.94578622724253,-0.74,100,0,3744.6,60,0.0192,0
2/1/20 6:14,231.666666666667,231.625,0,0,4726.8,20.35,0,0,0.4,0,788.438427222222,0,0,-2076.62039704134,59.8402667259136,9.76E-02,0,6.94698483942414,-0.74,100,0,3744.6,60,0.0192,0
2/1/20 6:19,231.75,231.708333333333,0,0,4726.8,20.35,0,0,0.4,0,788.499239444444,0,0,-2076.20532388889,59.859731,9.93E-02,0,6.94738427222222,-0.74,100,0,3744.6,60,0.0192,0
2/1/20 6:24,231.833333333333,231.791666666667,0,0,4726.8,20.35,0,0,0.438427222222222,0,788.538427222222,0,0,-2076.2,59.6904028333333,9.95E-02,0,6.94683957777778,-0.74,100,0,3744.6,60,0.0192,0
2/1/20 6:29,231.916666666667,231.875,0,0,4726.8,20.35,0,0,0.499239444444445,0,788.599239444444,0,0,-2076.2,59.6225633333333,9.73E-02,0,6.94771272222222,-0.74,100,0,3744.6,60,0.0192,0
2/1/20 6:34,232,231.958333333333,0,0,4726.8,20.35,0,0,0.5,0,788.6,0,0,-2076.46899055556,59.8027183333333,9.68E-02,0,6.94848831111111,-0.74,100,0,3744.6,60,0.0192,0
2/1/20 6:39,232.083333333333,232.041666666667,0,0,4726.8,20.35,0,0,0.5,0,788.638427222222,0,0,-2076.62568555556,59.805,9.89E-02,0,6.94575835555556,-0.74,100,0,3744.6,60,0.0192,0
2/1/20 6:44,232.166666666667,232.125,0,0,4726.8,20.35,0,0,0.5,0,788.699239444444,0,0,-2076.20532388889,59.805,9.99E-02,0,6.94725685555556,-0.74,100,0,3744.6,60,0.0192,0
2/1/20 6:49,232.25,232.208333333333,0,0,4726.8,20.35,0,0,0.5,0,788.7,0,0,-2076.46899055556,59.805,9.71E-02,0,6.94651168888889,-0.74,100,0,3744.6,60,0.0192,0
2/1/20 6:54,232.333333333333,232.291666666667,0,0,4726.8,20.35,0,0,0.5,0,788.738427222222,0,0,-2076.89467611111,59.805,9.52E-02,0,6.94885737222222,-0.74,100,0,3744.6,60,0.0192,0
2/1/20 6:59,232.416666666667,232.375,0,0,4726.8,20.35,0,0,0.5,0,788.799239444444,0,0,-2076.9,59.7243028333333,9.77E-02,0,6.94713502222222,-0.74,100,0,3744.6,60,0.0192,0
2/1/20 7:04,232.5,232.458333333333,0,0,4726.8,20.35,0,0,0.5,0,788.8,0,0,-2076.9,59.6772943333333,9.88E-02,0,6.94886497777778,-0.74,100,0,3744.6,60,0.0192,0
2/1/20 7:09,232.583333333333,232.541666666667,0,0,4726.8,20.35,0,0,0.5,0,788.838427222222,0,0,-2077.16899055556,59.76305425,9.83E-02,0,6.94559793333333,-0.74,100,0,3744.6,60,0.0192,0
2/1/20 7:14,232.666666666667,232.625,0,0,4726.8,20.35,0,0,0.5,0,788.899239444444,0,0,-2077.86366666667,59.7411471666667,9.70E-02,0,6.94643248888889,-0.74,100,0,3744.6,60,0.0192,0
2/1/20 7:19,232.75,232.708333333333,0,0,4726.8,20.35,0,0,0.5,0,788.9,0,0,-2078.56366666667,59.8042014166667,9.67E-02,0,6.94595178333333,-0.74,100,0,3744.6,60,0.0192,0
2/1/20 7:24,232.833333333333,232.791666666667,0,0,4726.8,20.35,0,0,0.5,0,788.938427222222,0,0,-2078.72568555556,59.7646514166667,9.87E-02,0,6.94819342777778,-0.74,100,0,3744.6,60.0403485833333,0.0192,0
2/1/20 7:29,232.916666666667,232.875,0,0,4726.8,20.35,0,0,0.5,0,788.999239444444,0,0,-2078.57431444444,59.7007985833333,9.94E-02,0,6.94663093888889,-0.74,100,0,3744.6,60.0638528333333,0.0192,0
2/1/20 7:34,233,232.958333333333,0,0,4726.8,20.35,0,0,0.5,0,789.038427222222,0,0,-2079.26366666667,59.7403485833333,9.96E-02,0,6.94562333333333,-0.74,100,0,3744.6,60.0007985833333,0.0192,0
2/1/20 7:39,233.083333333333,233.041666666667,0,0,4726.8,20.35,0,0,0.538427222222222,0,789.099239444444,0,0,-2079.42568555556,59.72350425,0.0963177,0,6.94577615,-0.74,100,0,3744.6,60,0.0192,0
2/1/20 7:44,233.166666666667,233.125,0,0,4726.8,20.35,0,0,0.599239444444444,0,789.1,0,0,-2078.73633333333,59.5965971666667,9.47E-02,0,6.94660051666667,-0.74,100,0,3744.6,60,0.0192,0
2/1/20 7:49,233.25,233.208333333333,0,0,4726.8,20.35,0,0,0.6,0,789.138427222222,0,0,-2078.57431444444,59.595,0.098754625,0,6.94639187777778,-0.74,100,0,3744.6,60,0.0192,0
2/1/20 7:54,233.333333333333,233.291666666667,0,0,4726.8,20.35,0,0,0.6,0,789.199239444444,0,0,-2078.99467611111,59.6353485833333,9.79E-02,0,6.94583957777778,-0.74,100,0,3744.6,60,0.0192,0
2/1/20 7:59,233.416666666667,233.375,0,0,4726.8,20.35,0,0,0.6,0,789.2,0,0,-2079,59.6992014166667,9.62E-02,0,6.94517563333333,-0.74,100,0,3744.6,60,0.0192,0
2/1/20 8:04,233.5,233.458333333333,0,0,4726.8,20.35,0,0,0.6,0,789.238427222222,0,0,-2079.26899055556,59.7,9.69E-02,0,6.94620863888889,-0.74,100,0,3744.6,60,0.0192,0
2/1/20 8:09,233.583333333333,233.541666666667,0,0,4726.8,20.35,0,0,0.6,0,789.299239444444,0,0,-2079.42568555556,59.7,0.0995777,0,6.94578375555555,-0.74,100,0,3744.6,60,0.0192,0
2/1/20 8:14,233.666666666667,233.625,0,0,4726.8,20.35,0,0,0.6,0,789.3,0,0,-2079.00532388889,59.7,9.84E-02,0,6.94583197222222,-0.74,100,0,3744.6,60,0.0192,0
2/1/20 8:19,233.75,233.708333333333,0,0,4726.87685444445,20.35,0,0,0.6,0,789.338427222222,0,0,-2079,59.7,9.83E-02,0,6.94517563333333,-0.74,100,0,3744.6,60,0.0192,0
2/1/20 8:24,233.833333333333,233.791666666667,0,0,4726.99847888889,20.35,0,0,0.6,0,789.399239444444,0,0,-2079,59.6596514166667,9.87E-02,0,6.94697718333333,-0.74,100,0,3744.6,60,0.0192,0
2/1/20 8:29,233.916666666667,233.875,0,0,4727,20.35,0,0,0.6,0,789.4,0,0,-2079,59.5957985833333,9.87E-02,0,6.947,-0.74,100,0,3744.6,60,0.0192,0
2/1/20 8:34,234,233.958333333333,0,0,4727,20.35,0,0,0.6,0,789.438427222222,0,0,-2079,59.6238204166667,0.100477183333333,0,6.947,-0.74,100,0,3744.6,60,0.0192,0
2/1/20 8:39,234.083333333333,234.041666666667,0,0,4727,20.35,0,0,0.6,0,789.499239444444,0,0,-2078.73100944444,59.68095775,9.84E-02,0,6.94738427222222,-0.74,100,0,3744.6,60,0.0192,0
2/1/20 8:44,234.166666666667,234.125,0,0,4727,20.35,0,0,0.6,0,789.538427222222,0,0,-2078.57431444444,59.6997718333333,0.0975396,0,6.94760812222222,-0.74,100,0,3744.6,60,2.17E-02,0
2/1/20 8:49,234.25,234.208333333333,0,0,4727,20.35,0,0,0.6,0,789.599239444444,0,0,-2078.72568555556,59.7,9.97E-02,0,6.94700760555555,-0.74,100,0,3744.6,60,2.56E-02,0
2/1/20 8:54,234.333333333333,234.291666666667,0,0,4727,20.35,0,0,0.6,0,789.6,0,0,-2078.30532388889,59.7,0.09876345,0,6.94623145555556,-0.74,100,0,3744.6,60,0.0256,0
2/1/20 8:59,234.416666666667,234.375,0,0,4727.03842722222,20.35,0,0,0.6,0,789.638427222222,0,0,-2078.56899055556,59.7,0.09973655,0,6.94616802777778,-0.74,100,0,3744.6,60,0.0256,0
2/1/20 9:04,234.5,234.458333333333,0,0,4727.13766666667,20.35,0,0,0.6,0,789.699239444444,0,0,-2078.99467611111,59.7,9.78E-02,0,6.94759291111111,-0.74,100,0,3744.6,60,0.0256,0
2/1/20 9:09,234.583333333333,234.541666666667,0,0,4727.19923944444,20.35,0,0,0.6,0,789.7,0,0,-2079.26899055556,59.7,9.76E-02,0,6.94700760555555,-0.74,100,0,3744.6,60,0.0256,0
2/1/20 9:14,234.666666666667,234.625,0,0,4727.2,20.35,0,0,0.6,0,789.738427222222,0,0,-2079.69467611111,59.7,9.67E-02,0,6.94661572777778,-0.74,100,0,3744.6,60,0.0256,0
2/1/20 9:19,234.75,234.708333333333,0,0,4727.2,20.35,0,0,0.6,0,789.799239444444,0,0,-2079.96899055556,59.6596514166667,9.89E-02,0,6.94639187777778,-0.74,100,0,3744.6,60,0.0256,0
2/1/20 9:24,234.833333333333,234.791666666667,0,0,4727.2,20.35,0,0,0.6,0,789.8,0,0,-2080.66366666667,59.5957985833333,9.97E-02,0,6.94583957777778,-0.74,100,0,3744.6,60,2.31E-02,0
2/1/20 9:29,234.916666666667,234.875,0,0,4727.2,20.35,0,0,0.6,0,789.838427222222,0,0,-2080.82568555556,59.595,9.90E-02,0,6.94555990555555,-0.74,100,0,3744.6,60,2.17E-02,0
2/1/20 9:34,235,234.958333333333,0,0,4727.2,20.35,0,0,0.6,0,789.899239444444,0,0,-2080.13722698966,59.6352145348837,0.096561524963086,0,6.94758658220746,-0.74,100,0,3744.6,60,2.56E-02,0
2/1/20 9:39,235.083333333333,235.041666666667,0,0,4727.2,20.35,0,0,0.6,0,789.938135555556,0,0,-2079.70559689922,59.6591181317829,9.64E-02,0,6.94662664001476,-0.74,100,0,3744.6,60,0.0256,0
2/1/20 9:44,235.166666666667,235.125,0,0,4727.2,20.35,0,0,0.6,0,789.999197777778,0,0,-2079.7,59.5958423333333,9.90E-02,0,6.94638937777778,-0.74,100,0,3744.6,60,0.0256,0
2/1/20 9:49,235.25,235.208333333333,0,0,4727.2,20.35,0,0,0.6,0,790,0,0,-2079.96694888889,59.595,1.00E-01,0,6.94699197777778,-0.74,100,0,3744.6,60,0.0256,0
2/1/20 9:54,235.333333333333,235.291666666667,0,0,4727.2,20.35,0,0,0.638135555555556,0,790.038135555556,0,0,-2080.92828222222,59.5206356666667,9.96E-02,0,6.94623728888889,-0.74,100,0,3744.6,60,2.32E-02,0
2/1/20 9:59,235.416666666667,235.375,0,0,4727.2,20.35,0,0,0.699197777777778,0,790.099197777778,0,0,-2081.52182,59.4759286666667,9.94E-02,0,6.94577875555556,-0.74,100,0,3744.6,60,1.93E-02,0
2/1/20 10:04,235.5,235.458333333333,0,0,4727.2,20.35,0,0,0.7,0,790.1,0,0,-2081.37256444444,59.5934356666667,9.92E-02,0,6.94698395555556,-0.74,100,0,3744.6,60,0.0192,0
2/1/20 10:09,235.583333333333,235.541666666667,0,0,4727.2,20.35,0,0,0.7,0,790.138135555556,0,0,-2082.06133333333,59.595,9.90E-02,0,6.947,-0.74,100,0,3744.6,60,0.0192,0
2/1/20 10:14,235.666666666667,235.625,0,0,4727.2,20.35,0,0,0.7,0,790.199197777778,0,0,-2082.49438444444,59.560678,0.0991452,0,6.94585593333333,-0.74,100,0,3744.6,60,0.0192,0
2/1/20 10:19,235.75,235.708333333333,0,0,4727.2,20.35,0,0,0.7,0,790.2,0,0,-2082.5,59.505722,9.68E-02,0,6.9451643324474,-0.74,100,0,3744.6,60,0.0192,0
2/1/20 10:24,235.833333333333,235.791666666667,0,0,4727.2,20.35,0,0,0.7,0,790.237845,0,0,-2082.5,59.505,9.69E-02,0,6.94621783421927,-0.74,100,0,3744.6,60,0.0192,0
2/1/20 10:29,235.916666666667,235.875,0,0,4727.2,20.35,0,0,0.7,0,790.299155,0,0,-2082.5,59.5390605,0.09673465,0,6.9457738,-0.74,100,0,3744.6,60,0.0192,0
2/1/20 10:34,236,235.958333333333,0,0,4727.2,20.35,0,0,0.7,0,790.337845,0,0,-2082.5,59.560179,0.0962738,0,6.9462262,-0.74,100,0,3744.6,60,0.0192,0
2/1/20 10:39,236.083333333333,236.041666666667,0,0,4727.2,20.35,0,0,0.7,0,790.399155,0,0,-2082.235085,59.539821,0.097672325,0,6.9457738,-0.74,100,0,3744.6,60,0.0192,0
2/1/20 10:44,236.166666666667,236.125,0,0,4727.2,20.35,0,0,0.7,0,790.4,0,0,-2081.541,59.560179,0.09856345,0,6.9462262,-0.74,100,0,3744.6,60,0.0192,0
2/1/20 10:49,236.25,236.208333333333,0,0,4727.2,20.35,0,0,0.7,0,790.437845,0,0,-2081.105915,59.539821,0.097595075,0,6.9457738,-0.74,100,0,3744.6,60,0.02162208,0
2/1/20 10:54,236.333333333333,236.291666666667,0,0,4727.2,20.35,0,0,0.7,0,790.499155,0,0,-2081.1,59.560179,0.09529915,0,6.9469831,-0.74,100,0,3744.6,60,0.02554592,0
2/1/20 10:59,236.416666666667,236.375,0,0,4727.2,20.35,0,0,0.7,0,790.5,0,0,-2081.1,59.539821,0.096672325,0,6.94662155,-0.74,100,0,3744.6,60,0.0256,0
2/1/20 11:04,236.5,236.458333333333,0,0,4727.2,20.35,0,0,0.7,0,790.537845,0,0,-2080.835085,59.5942395,0.097185,0,6.94525155,-0.74,100,0,3744.6,60,0.0256,0
2/1/20 11:09,236.583333333333,236.541666666667,0,0,4727.2,20.35,0,0,0.7,0,790.599155,0,0,-2080.67083,59.595,0.097117325,0,6.9455307,-0.74,100,0,3744.6,60,0.0256,0
2/1/20 11:14,236.666666666667,236.625,0,0,4727.2,20.35,0,0,0.7,0,790.6,0,0,-2081.359,59.595,0.097454575,0,6.94758775,-0.74,100,0,3744.6,60,0.0256,0
2/1/20 11:19,236.75,236.708333333333,0,0,4727.2,20.35,0,0,0.7,0,790.637845,0,0,-2081.52917,59.595,0.098600425,0,6.9473869,-0.74,100,0,3744.6,60,0.0256,0
2/1/20 11:24,236.833333333333,236.791666666667,0,0,4727.2,20.35,0,0,0.7,0,790.699155,0,0,-2081.37083,59.5609395,0.097819225,0,6.9468562,-0.74,100,0,3744.6,60,0.0256,0
2/1/20 11:29,236.916666666667,236.875,0,0,4727.2,20.35,0,0,0.7,0,790.7,0,0,-2081.52917,59.539821,0.0980719,0,6.94578225,-0.74,100,0,3744.6,60,0.0256,0
2/1/20 11:34,237,236.958333333333,0,0,4727.2,20.35,0,0,0.7,0,790.737845,0,0,-2081.105915,59.560179,0.097851975,0,6.9469831,-0.74,100,0,3744.6,60,0.0256,0
2/1/20 11:39,237.083333333333,237.041666666667,0,0,4727.2,20.35,0,0,0.7,0,790.799155,0,0,-2081.364915,59.539821,0.096214575,0,6.9462431,-0.74,100,0,3744.6,60,0.02802208,0
2/1/20 11:44,237.166666666667,237.125,0,0,4727.2,20.35,0,0,0.7,0,790.837845,0,0,-2081.794085,59.560179,0.097631125,0,6.9450169,-0.74,100,0,3744.6,60,0.03194592,0
2/1/20 11:49,237.25,237.208333333333,0,0,4727.2,20.35,0,0,0.7,0,790.899155,0,0,-2081.8,59.539821,0.097771625,0,6.9457569,-0.74,100,0,3744.6,60,0.02957792,0
2/1/20 11:54,237.333333333333,237.291666666667,0,0,4727.2,20.35,0,0,0.737845,0,790.9,0,0,-2081.8,59.5942395,0.095038025,0,6.9462262,-0.74,100,0,3744.6,60,0.02807616,0
2/1/20 11:59,237.416666666667,237.375,0,0,4727.2,20.35,0,0,0.799155,0,790.937845,0,0,-2082.064915,59.5609395,0.097081475,0,6.94615225,-0.74,100,0,3744.6,60,0.03194592,0
2/1/20 12:04,237.5,237.458333333333,0,0,4727.27569,20.35,0,0,0.8,0,790.999155,0,0,-2082.759,59.7328305,0.099696625,0,6.9475962,-0.74,100,0,3744.6,59.96026275,0.02957792,0
2/1/20 12:09,237.583333333333,237.541666666667,0,0,4727.511845,20.35,0,0,0.8,0,791,0,0,-2083.723915,59.986395,0.097570775,0,6.94625155,-0.74,100,0,3744.6,59.9356245,0.02565408,0
2/1/20 12:14,237.666666666667,237.625,0,0,4727.811,20.35,0,0,0.8,0,791.037845,0,0,-2084.853085,59.76779775,0.09696725,0,6.9457738,-0.74,100,0,3744.6,59.99911275,0.02317792,0
2/1/20 12:19,237.75,237.708333333333,0,0,4728.111,20.35,0,0,0.8,0,791.099155,0,0,-2085.294085,59.70088725,0.0979112,0,6.9462262,-0.74,100,0,3744.6,60,0.01925408,0
2/1/20 12:24,237.833333333333,237.791666666667,0,0,4728.411,20.35,0,0,0.8,0,791.1,0,0,-2084.77017,59.7,0.097769575,0,6.9457738,-0.74,100,0,3744.6,60,0.0192,0
2/1/20 12:29,237.916666666667,237.875,0,0,4728.711,20.35,0,0,0.8,0,791.137845,0,0,-2083.91183,59.66026275,0.0974693,0,6.9462262,-0.74,100,0,3744.6,60,0.0192,0
2/1/20 12:34,238,237.958333333333,0,0,4729.011,20.35,0,0,0.8,0,791.199155,0,0,-2083.9,59.6356245,0.095223025,0,6.94539535,-0.74,100,0,3744.6,60,0.0192,0
2/1/20 12:39,238.083333333333,238.041666666667,0,0,4729.311,20.35,0,0,0.8,0,791.2,0,0,-2083.9,59.69911275,0.095685,0,6.9456131,-0.74,100,0,3744.6,60,0.0192,0
2/1/20 12:44,238.166666666667,238.125,0,0,4729.611,20.35,0,0,0.8,0,791.237845,0,0,-2083.9,59.7,0.096374225,0,6.94500845,-0.74,100,0,3744.6,60.03973725,0.0192,0
2/1/20 12:49,238.25,238.208333333333,0,0,4729.911,20.35,0,0,0.8,0,791.299155,0,0,-2084.164915,59.66026275,0.098316125,0,6.9457569,-0.74,100,0,3744.6,60.0643755,0.0192,0
2/1/20 12:54,238.333333333333,238.291666666667,0,0,4730.211,20.35,0,0,0.8,0,791.337845,0,0,-2084.32917,59.6356245,0.100470425,0,6.9462262,-0.74,100,0,3744.6,60.00088725,0.0192,0
2/1/20 12:59,238.416666666667,238.375,0,0,4730.511,20.35,0,0,0.8,0,791.399155,0,0,-2083.905915,59.69911275,0.098796975,0,6.94463845,-0.74,100,0,3744.6,60,0.0192,0
2/1/20 13:04,238.5,238.458333333333,0,0,4730.73531,20.35,0,0,0.8,0,791.4,0,0,-2084.164915,59.66026275,0.0966057,0,6.9451438,-0.74,100,0,3744.6,60,0.0192,0
2/1/20 13:09,238.583333333333,238.541666666667,0,0,4730.799155,20.35,0,0,0.8,0,791.437845,0,0,-2084.594085,59.59588725,0.097108875,0,6.94697465,-0.74,100,0,3744.6,60,0.0192,0
2/1/20 13:14,238.666666666667,238.625,0,0,4730.8,20.35,0,0,0.8,0,791.499155,0,0,-2084.864915,59.595,0.09613,0,6.9462431,-0.74,100,0,3744.6,60,0.0192,0
2/1/20 13:19,238.75,238.708333333333,0,0,4730.8,20.35,0,0,0.8,0,791.5,0,0,-2085.294085,59.5609395,0.0966438,0,6.94539535,-0.74,100,0,3744.6,60,0.0192,0
2/1/20 13:24,238.833333333333,238.791666666667,0,0,4730.8,20.35,0,0,0.8,0,791.537845,0,0,-2085.035085,59.539821,0.098663875,0,6.9456131,-0.74,100,0,3744.6,60,0.0192,0
2/1/20 13:29,238.916666666667,238.875,0,0,4730.8,20.35,0,0,0.8,0,791.599155,0,0,-2085.40066,59.5942395,0.0984281,0,6.9453869,-0.74,100,0,3744.6,60,0.0192,0
2/1/20 13:34,239,238.958333333333,0,0,4730.8,20.35,0,0,0.8,0,791.6,0,0,-2086.682255,59.595,0.09656655,0,6.94674845,-0.74,100,0,3744.6,60,0.0192,0
2/1/20 13:39,239.083333333333,239.041666666667,0,0,4730.8,20.35,0,0,0.8,0,791.637845,0,0,-2086.964915,59.595,0.096534925,0,6.94760465,-0.74,100,0,3744.6,60,0.0192,0
2/1/20 13:44,239.166666666667,239.125,0,0,4730.8,20.35,0,0,0.8,0,791.699155,0,0,-2086.864255,59.595,0.09858775,0,6.94700845,-0.74,100,0,3744.6,60,0.0192,0
2/1/20 13:49,239.25,239.208333333333,0,0,4730.8,20.35,0,0,0.8,0,791.7,0,0,-2085.746915,59.595,0.097819225,0,6.947,-0.74,100,0,3744.6,60,0.0192,0
2/1/20 13:54,239.333333333333,239.291666666667,0,0,4730.8,20.35,0,0,0.8,0,791.737845,0,0,-2085.57083,59.595,0.097315,0,6.9462431,-0.74,100,0,3744.6,60,0.0192,0
2/1/20 13:59,239.416666666667,239.375,0,0,4730.8,20.35,0,0,0.8,0,791.799155,0,0,-2085.994085,59.595,0.097761125,0,6.94615225,-0.74,100,0,3744.6,60,0.0192,0
2/1/20 14:04,239.5,239.458333333333,0,0,4730.8,20.35,0,0,0.8,0,791.837845,0,0,-2086,59.595,0.0982262,0,6.9475962,-0.74,100,0,3744.6,60,0.0192,0
2/1/20 14:09,239.583333333333,239.541666666667,0,0,4730.8,20.35,0,0,0.8,0,791.899155,0,0,-2086,59.595,0.0977738,0,6.9481438,-0.74,100,0,3744.6,60,0.0192,0
2/1/20 14:14,239.666666666667,239.625,0,0,4730.8,20.35,0,0,0.8,0,791.9,0,0,-2086,59.595,0.09974,0,6.94770395,-0.74,100,0,3744.6,60,0.02162208,0
2/1/20 14:19,239.75,239.708333333333,0,0,4730.8,20.35,0,0,0.8,0,791.937845,0,0,-2086.264915,59.595,0.099658525,0,6.9463214,-0.74,100,0,3744.6,60,0.02554592,0
2/1/20 14:24,239.833333333333,239.791666666667,0,0,4730.8,20.35,0,0,0.8,0,791.999155,0,0,-2086.694085,59.5609395,0.098664925,0,6.9476786,-0.74,100,0,3744.6,60,0.0256,0
2/1/20 14:29,239.916666666667,239.875,0,0,4730.8,20.35,0,0,0.8,0,792,0,0,-2086.964915,59.539821,0.099528525,0,6.9463214,-0.74,100,0,3744.6,60,0.0256,0
2/1/20 14:34,240,239.958333333333,0,0,4730.8,20.35,0,0,0.8,0,792.037845,0,0,-2087.394085,59.5942395,0.0978319,0,6.9476786,-0.74,100,0,3744.6,60,0.0256,0
2/1/20 14:39,240.083333333333,240.041666666667,0,0,4730.8,20.35,0,0,0.8,0,792.099155,0,0,-2087.4,59.595,0.0965581,0,6.9463214,-0.74,100,0,3744.6,60,0.0256,0
2/1/20 14:44,240.166666666667,240.125,0,0,4730.8,20.35,0,0,0.8,0,792.1,0,0,-2087.4,59.595,0.095399575,0,6.9476786,-0.74,100,0,3744.6,60,0.0256,0
2/1/20 14:49,240.25,240.208333333333,0,0,4730.8,20.35,0,0,0.837845,0,792.137845,0,0,-2087.4,59.595,0.0971269,0,6.9463214,-0.74,100,0,3744.6,60,0.0256,0
2/1/20 14:54,240.333333333333,240.291666666667,0,0,4730.8,20.35,0,0,0.899155,0,792.199155,0,0,-2087.664915,59.595,0.098785425,0,6.9476786,-0.74,100,0,3744.6,60,0.0256,0
2/1/20 14:59,240.416666666667,240.375,0,0,4730.8,20.35,0,0,0.9,0,792.2,0,0,-2088.094085,59.595,0.09793655,0,6.9463214,-0.74,100,0,3744.6,60,0.0256,0
2/1/20 15:04,240.5,240.458333333333,0,0,4730.8,20.35,0,0,0.9,0,792.237845,0,0,-2087.835085,59.595,0.097012675,0,6.94730015,-0.74,100,0,3744.6,60,0.0256,0
2/1/20 15:09,240.583333333333,240.541666666667,0,0,4730.8,20.35,0,0,0.9,0,792.299155,0,0,-2087.405915,59.56661625,0.09813535,0,6.94532985,-0.74,100,0,3744.6,60,0.0256,0
2/1/20 15:14,240.666666666667,240.625,0,0,4730.8,20.35,0,0,0.9,0,792.337845,0,0,-2087.664915,59.5490175,0.099785425,0,6.94705705,-0.74,100,0,3744.6,60,0.0256,0
2/1/20 15:19,240.75,240.708333333333,0,0,4730.8,20.35,0,0,0.9,0,792.399155,0,0,-2087.82917,59.59436625,0.098368875,0,6.94631295,-0.74,100,0,3744.6,60,0.0256,0
2/1/20 15:24,240.833333333333,240.791666666667,0,0,4730.8,20.35,0,0,0.9,0,792.4,0,0,-2087.405915,59.5609395,0.09728225,0,6.9476786,-0.74,100,0,3744.6,60,0.0256,0
2/1/20 15:29,240.916666666667,240.875,0,0,4730.837845,20.35,0,0,0.9,0,792.437845,0,0,-2087.664915,59.5057605,0.0969693,0,6.9463214,-0.74,100,0,3744.6,60,0.0256,0
2/1/20 15:34,241,240.958333333333,0,0,4730.899155,20.35,0,0,0.9,0,792.499155,0,0,-2088.094085,59.5390605,0.0968045,0,6.94805705,-0.74,100,0,3744.6,60,0.0256,0
2/1/20 15:39,241.083333333333,241.041666666667,0,0,4730.9,20.35,0,0,0.9,0,792.5,0,0,-2088.364915,59.560179,0.0996924,0,6.9469345,-0.74,100,0,3744.6,60,0.0256,0
2/1/20 15:44,241.166666666667,241.125,0,0,4730.9,20.35,0,0,0.9,0,792.537845,0,0,-2088.794085,59.5057605,0.097949225,0,6.9473086,-0.74,100,0,3744.6,60,0.0256,0
2/1/20 15:49,241.25,241.208333333333,0,0,4730.9,20.35,0,0,0.9,0,792.599155,0,0,-2088.8,59.505,0.097012675,0,6.9464652,-0.74,100,0,3744.6,60,0.0256,0
2/1/20 15:54,241.333333333333,241.291666666667,0,0,4730.9,20.35,0,0,0.9,0,792.6,0,0,-2088.8,59.4255255,0.09813535,0,6.94889635,-0.74,100,0,3744.6,60,0.0256,0
2/1/20 15:59,241.416666666667,241.375,0,0,4730.9,20.35,0,0,0.9,0,792.637845,0,0,-2088.8,59.376249,0.0988393,0,6.9463383,-0.74,100,0,3744.6,60,0.0256,0
2/1/20 16:04,241.5,241.458333333333,0,0,4730.9,20.35,0,0,0.9,0,792.699155,0,0,-2089.064915,59.5032255,0.0966469,0,6.9476786,-0.74,100,0,3744.6,60,0.0256,0
2/1/20 16:09,241.583333333333,241.541666666667,0,0,4730.9,20.35,0,0,0.9,0,792.737845,0,0,-2089.494085,59.505,0.0971438,0,6.94669985,-0.74,100,0,3744.6,60,0.0256,0
2/1/20 16:14,241.666666666667,241.625,0,0,4730.9,20.35,0,0,0.9,0,792.799155,0,0,-2089.5,59.505,0.098028525,0,6.9482917,-0.74,100,0,3744.6,60,0.0256,0
2/1/20 16:19,241.75,241.708333333333,0,0,4730.9,20.35,0,0,0.9,0,792.8,0,0,-2089.235085,59.505,0.09671035,0,6.94708675,-0.74,100,0,3744.6,60,0.0256,0
2/1/20 16:24,241.833333333333,241.791666666667,0,0,4730.9,20.35,0,0,0.9,0,792.837845,0,0,-2089.07083,59.505,0.097752675,0,6.9489048,-0.74,100,0,3744.6,60,0.0256,0
2/1/20 16:29,241.916666666667,241.875,0,0,4730.9,20.35,0,0,0.9,0,792.899155,0,0,-2089.494085,59.505,0.09936155,0,6.9463383,-0.74,100,0,3744.6,60,0.0256,0
2/1/20 16:34,242,241.958333333333,0,0,4730.9,20.35,0,0,0.9,0,792.9,0,0,-2089.5,59.505,0.09847775,0,6.9476786,-0.74,100,0,3744.6,60,0.0256,0
2/1/20 16:39,242.083333333333,242.041666666667,0,0,4730.9,20.35,0,0,0.937845,0,792.937845,0,0,-2089.5,59.505,0.096223025,0,6.9463214,-0.74,100,0,3744.6,60,0.0256,0
2/1/20 16:44,242.166666666667,242.125,0,0,4730.9,20.35,0,0,0.999155,0,792.999155,0,0,-2089.764915,59.5390605,0.096874225,0,6.9476786,-0.74,100,0,3744.6,60,0.0256,0
2/1/20 16:49,242.25,242.208333333333,0,0,4730.9,20.35,0,0,1,0,793,0,0,-2090.194085,59.5942395,0.09824845,0,6.9463214,-0.74,100,0,3744.6,60,0.0256,0
2/1/20 16:54,242.333333333333,242.291666666667,0,0,4730.9,20.35,0,0,1,0,793.037845,0,0,-2090.2,59.5609395,0.09834775,0,6.94805705,-0.74,100,0,3744.6,60,0.0256,0
2/1/20 16:59,242.416666666667,242.375,0,0,4730.9,20.35,0,0,1,0,793.099155,0,0,-2090.2,59.5057605,0.09728225,0,6.9461776,-0.74,100,0,3744.6,60,0.0256,0
2/1/20 17:04,242.5,242.458333333333,0,0,4730.9,20.35,0,0,1,0,793.1,0,0,-2090.464915,59.505,0.098672325,0,6.9460824,-0.74,100,0,3744.6,60,0.0256,0
2/1/20 17:09,242.583333333333,242.541666666667,0,0,4730.9,20.35,0,0,1,0,793.137845,0,0,-2090.894085,59.505,0.098238875,0,6.9464483,-0.74,100,0,3744.6,60,0.0256,0
2/1/20 17:14,242.666666666667,242.625,0,0,4730.9,20.35,0,0,1,0,793.199155,0,0,-2090.635085,59.505,0.097963025,0,6.94889635,-0.74,100,0,3744.6,60,0.0256,0
2/1/20 17:19,242.75,242.708333333333,0,0,4730.9,20.35,0,0,1,0,793.237845,0,0,-2090.47083,59.505,0.09928965,0,6.9463383,-0.74,100,0,3744.6,60,0.0256,0
2/1/20 17:24,242.833333333333,242.791666666667,0,0,4730.9,20.35,0,0,1,0,793.299155,0,0,-2090.62917,59.53338375,0.097111975,0,6.94805705,-0.74,100,0,3744.6,60,0.0256,0
2/1/20 17:29,242.916666666667,242.875,0,0,4730.9,20.35,0,0,1,0,793.3,0,0,-2090.205915,59.51124525,0.094231475,0,6.9476914,-0.74,100,0,3744.6,60,0.0256,0
2/1/20 17:34,243,242.958333333333,0,0,4730.9,20.35,0,0,1,0,793.337845,0,0,-2090.2,59.44125825,0.09506345,0,6.9492917,-0.74,100,0,3744.6,60,0.0256,0
2/1/20 17:39,243.083333333333,243.041666666667,0,0,4730.9,20.35,0,0,1,0,793.399155,0,0,-2090.464915,59.50411275,0.096365775,0,6.9461945,-0.74,100,0,3744.6,60,0.0256,0
2/1/20 17:44,243.166666666667,243.125,0,0,4730.9,20.35,0,0,1,0,793.4,0,0,-2090.894085,59.505,0.09774845,0,6.9468393,-0.74,100,0,3744.6,60,0.0256,0
2/1/20 17:49,243.25,243.208333333333,0,0,4730.9,20.35,0,0,1,0,793.437845,0,0,-2091.164915,59.505,0.098415425,0,6.9469176,-0.74,100,0,3744.6,60,0.0256,0
2/1/20 17:54,243.333333333333,243.291666666667,0,0,4730.9,20.35,0,0,1,0,793.499155,0,0,-2091.594085,59.505,0.09808035,0,6.9480655,-0.74,100,0,3744.6,60,0.0256,0
2/1/20 17:59,243.416666666667,243.375,0,0,4730.9,20.35,0,0,1,0,793.5,0,0,-2091.6,59.46526275,0.09841965,0,6.94731295,-0.74,100,0,3744.6,60,0.02802208,0
2/1/20 18:04,243.5,243.458333333333,0,0,4730.9,20.35,0,0,1,0,793.537845,0,0,-2091.6,59.4406245,0.097512675,0,6.94830015,-0.74,100,0,3744.6,60,0.02952384,0
2/1/20 18:09,243.583333333333,243.541666666667,0,0,4730.9,20.35,0,0,1,0,793.599155,0,0,-2091.6,59.475729,0.096553875,0,6.94632985,-0.74,100,0,3744.6,60,0.02807616,0
2/1/20 18:14,243.666666666667,243.625,0,0,4730.9,20.35,0,0,1,0,793.6,0,0,-2091.6,59.4590175,0.0963457,0,6.9476786,-0.74,100,0,3744.6,60,0.02952384,0
2/1/20 18:19,243.75,243.708333333333,0,0,4730.9,20.35,0,0,1,0,793.637845,0,0,-2091.6,59.50436625,0.098470425,0,6.9463214,-0.74,100,0,3744.6,60,0.02807616,0
2/1/20 18:24,243.833333333333,243.791666666667,0,0,4730.9,20.35,0,0,1,0,793.699155,0,0,-2091.6,59.505,0.098689225,0,6.94805705,-0.74,100,0,3744.6,60,0.03194592,0
2/1/20 18:29,243.916666666667,243.875,0,0,4730.9,20.35,0,0,1,0,793.737845,0,0,-2091.6,59.505,0.09880655,0,6.9469345,-0.74,100,0,3744.6,60,0.032,0
2/1/20 18:34,244,243.958333333333,0,0,4730.9,20.35,0,0,1,0,793.799155,0,0,-2091.6,59.505,0.098504225,0,6.94768705,-0.74,100,0,3744.6,60,0.032,0
2/1/20 18:39,244.083333333333,244.041666666667,0,0,4730.9,20.35,0,0,1.037845,0,793.8,0,0,-2091.6,59.505,0.097932325,0,6.9463214,-0.74,100,0,3744.6,60,0.032,0
2/1/20 18:44,244.166666666667,244.125,0,0,4730.9,20.35,0,0,1.099155,0,793.837845,0,0,-2091.335085,59.505,0.097012675,0,6.9476786,-0.74,100,0,3744.6,60,0.032,0
2/1/20 18:49,244.25,244.208333333333,0,0,4730.9,20.35,0,0,1.1,0,793.899155,0,0,-2091.17083,59.505,0.098324575,0,6.9455645,-0.74,100,0,3744.6,60,0.032,0
2/1/20 18:54,244.333333333333,244.291666666667,0,0,4730.9,20.35,0,0,1.1,0,793.9,0,0,-2091.594085,59.46526275,0.0987674,0,6.94683085,-0.74,100,0,3744.6,60,0.032,0
2/1/20 18:59,244.416666666667,244.375,0,0,4730.9,20.35,0,0,1.1,0,793.937845,0,0,-2091.864915,59.4406245,0.096794925,0,6.9469176,-0.74,100,0,3744.6,60,0.032,0
2/1/20 19:04,244.5,244.458333333333,0,0,4730.9,20.35,0,0,1.1,0,793.999155,0,0,-2092.559,59.4643755,0.097415425,0,6.94768705,-0.74,100,0,3744.6,60,0.032,0
2/1/20 19:09,244.583333333333,244.541666666667,0,0,4730.9,20.35,0,0,1.1,0,794,0,0,-2092.72917,59.4406245,0.09783725,0,6.9470783,-0.74,100,0,3744.6,60,0.032,0
2/1/20 19:14,244.666666666667,244.625,0,0,4730.9,20.35,0,0,1.1,0,794.037845,0,0,-2092.57083,59.50411275,0.0990243,0,6.9489048,-0.74,100,0,3744.6,60,0.032,0
2/1/20 19:19,244.75,244.708333333333,0,0,4730.9,20.35,0,0,1.1,0,794.099155,0,0,-2092.994085,59.505,0.098278025,0,6.9463383,-0.74,100,0,3744.6,60,0.032,0
2/1/20 19:24,244.833333333333,244.791666666667,0,0,4730.9,20.35,0,0,1.1,0,794.137845,0,0,-2093.264915,59.505,0.099293875,0,6.9476786,-0.74,100,0,3744.6,60,0.032,0
2/1/20 19:29,244.916666666667,244.875,0,0,4730.9,20.35,0,0,1.1,0,794.199155,0,0,-2093.164255,59.505,0.09843655,0,6.9463214,-0.74,100,0,3744.6,60,0.032,0
2/1/20 19:34,245,244.958333333333,0,0,4730.9,20.35,0,0,1.1,0,794.2,0,0,-2092.576745,59.505,0.096945,0,6.9476786,-0.74,100,0,3744.6,60,0.032,0
2/1/20 19:39,245.083333333333,245.041666666667,0,0,4730.9,20.35,0,0,1.1,0,794.237845,0,0,-2092.994085,59.505,0.09658035,0,6.9463214,-0.74,100,0,3744.6,60,0.032,0
2/1/20 19:44,245.166666666667,245.125,0,0,4730.9,20.35,0,0,1.1,0,794.299155,0,0,-2093,59.505,0.099001125,0,6.9469217,-0.74,100,0,3744.6,60,0.032,0
2/1/20 19:49,245.25,245.208333333333,0,0,4730.9,20.35,0,0,1.1,0,794.3,0,0,-2093,59.505,0.099763175,0,6.9450952,-0.74,100,0,3744.6,60,0.032,0
2/1/20 19:54,245.333333333333,245.291666666667,0,0,4730.9,20.35,0,0,1.1,0,794.337845,0,0,-2093,59.505,0.097416475,0,6.9476617,-0.74,100,0,3744.6,60,0.032,0
2/1/20 19:59,245.416666666667,245.375,0,0,4730.9,20.35,0,0,1.1,0,794.399155,0,0,-2093,59.505,0.097802325,0,6.9463214,-0.74,100,0,3744.6,60,0.032,0
2/1/20 20:04,245.5,245.458333333333,0,0,4730.9,20.35,0,0,1.1,0,794.4,0,0,-2093.264915,59.46526275,0.095990425,0,6.9476786,-0.74,100,0,3744.6,60,0.032,0
2/1/20 20:09,245.583333333333,245.541666666667,0,0,4730.9,20.35,0,0,1.1,0,794.437845,0,0,-2093.694085,59.40088725,0.09618295,0,6.9455645,-0.74,100,0,3744.6,60,0.032,0
2/1/20 20:14,245.666666666667,245.625,0,0,4730.9,20.35,0,0,1.1,0,794.499155,0,0,-2093.964915,59.43973725,0.098737825,0,6.9464524,-0.74,100,0,3744.6,60,0.032,0
2/1/20 20:19,245.75,245.708333333333,0,0,4730.9,20.35,0,0,1.1,0,794.5,0,0,-2094.394085,59.4643755,0.0973626,0,6.9463045,-0.74,100,0,3744.6,60,0.032,0
2/1/20 20:24,245.833333333333,245.791666666667,0,0,4730.9,20.35,0,0,1.1,0,794.537845,0,0,-2094.4,59.40088725,0.09890275,0,6.9476786,-0.74,100,0,3744.6,60,0.032,0
2/1/20 20:29,245.916666666667,245.875,0,0,4730.9,20.35,0,0,1.1,0,794.599155,0,0,-2094.4,59.43973725,0.098769575,0,6.9463214,-0.74,100,0,3744.6,60,0.032,0
2/1/20 20:34,246,245.958333333333,0,0,4730.9,20.35,0,0,1.1,0,794.637845,0,0,-2094.4,59.50411275,0.0992262,0,6.94805705,-0.74,100,0,3744.6,60,0.032,0
2/1/20 20:39,246.083333333333,246.041666666667,0,0,4730.9,20.35,0,0,1.1,0,794.699155,0,0,-2094.4,59.505,0.097827675,0,6.94731295,-0.74,100,0,3744.6,60,0.032,0
2/1/20 20:44,246.166666666667,246.125,0,0,4730.9,20.35,0,0,1.1,0,794.7,0,0,-2094.4,59.505,0.098261125,0,6.9479217,-0.74,100,0,3744.6,60,0.032,0
2/1/20 20:49,246.25,246.208333333333,0,0,4730.9,20.35,0,0,1.1,0,794.737845,0,0,-2094.4,59.505,0.09910465,0,6.94495985,-0.74,100,0,3744.6,60,0.032,0
2/1/20 20:54,246.333333333333,246.291666666667,0,0,4730.9,20.35,0,0,1.1,0,794.799155,0,0,-2094.4,59.505,0.097562325,0,6.94644395,-0.74,100,0,3744.6,60,0.032,0
2/1/20 20:59,246.416666666667,246.375,0,0,4730.9,20.35,0,0,1.1,0,794.8,0,0,-2094.4,59.482293,0.0965888,0,6.9455476,-0.74,100,0,3744.6,60,0.032,0
2/1/20 21:04,246.5,246.458333333333,0,0,4730.9,20.35,0,0,1.1,0,794.837845,0,0,-2094.664915,59.42847675,0.098055,0,6.9464524,-0.74,100,0,3744.6,60,0.032,0
2/1/20 21:09,246.583333333333,246.541666666667,0,0,4730.9,20.35,0,0,1.1,0,794.899155,0,0,-2095.094085,59.4401175,0.098987325,0,6.9463045,-0.74,100,0,3744.6,60,0.032,0
2/1/20 21:14,246.666666666667,246.625,0,0,4730.9,20.35,0,0,1.1,0,794.9,0,0,-2095.364915,59.4643755,0.098432325,0,6.9476786,-0.74,100,0,3744.6,60,0.032,0
2/1/20 21:19,246.75,246.708333333333,0,0,4730.9,20.35,0,0,1.1,0,794.937719269103,0,0,-2095.794085,59.4404924825581,9.79E-02,0,6.94631385614618,-0.74,100,0,3744.6,60,0.032,0
2/1/20 21:24,246.833333333333,246.791666666667,0,0,4730.9,20.35,0,0,1.1,0,794.99911406423,0,0,-2095.8,59.5040697674419,9.70E-02,0,6.94731795496493,-0.74,100,0,3744.6,60,0.032,0
2/1/20 21:29,246.916666666667,246.875,0,0,4730.9,20.35,0,0,1.1,0,795,0,0,-2095.8,59.4655666666667,9.66E-02,0,6.94569111111111,-0.74,100,0,3744.6,60,0.032,0
2/1/20 21:34,247,246.958333333333,0,0,4730.9,20.35,0,0,1.1,0,795.037555555556,0,0,-2096.06288888889,59.4403666666667,9.98E-02,0,6.94768444444444,-0.74,100,0,3744.6,60,0.032,0
2/1/20 21:39,247.083333333333,247.041666666667,0,0,4730.9,20.35,0,0,1.1,0,795.099111111111,0,0,-2096.23088888889,59.5040666666667,9.95E-02,0,6.94593111111111,-0.74,100,0,3744.6,60,0.032,0
2/1/20 21:44,247.166666666667,247.125,0,0,4730.9,20.35,0,0,1.1,0,795.137555555556,0,0,-2095.80622222222,59.505,9.97E-02,0,6.94707777777778,-0.74,100,0,3744.6,60,0.032,0
2/1/20 21:49,247.25,247.208333333333,0,0,4730.9,20.35,0,0,1.1,0,795.199111111111,0,0,-2096.06288888889,59.505,9.98E-02,0,6.94629777777778,-0.74,100,0,3744.6,60,0.032,0
2/1/20 21:54,247.333333333333,247.291666666667,0,0,4730.9,20.35,0,0,1.13755555555556,0,795.2,0,0,-2096.23088888889,59.4824666666667,9.86E-02,0,6.94769333333333,-0.74,100,0,3744.6,60,0.032,0
2/1/20 21:59,247.416666666667,247.375,0,0,4730.9,20.35,0,0,1.19911111111111,0,795.237555555556,0,0,-2095.80622222222,59.4680666666667,9.83E-02,0,6.94668222222222,-0.74,100,0,3744.6,60,0.032,0
2/1/20 22:04,247.5,247.458333333333,0,0,4730.9,20.35,0,0,1.2,0,795.299111111111,0,0,-2096.06288888889,59.5044666666667,9.92E-02,0,6.94830888888889,-0.74,100,0,3744.6,60,0.032,0
2/1/20 22:09,247.583333333333,247.541666666667,0,0,4730.9,20.35,0,0,1.2,0,795.3,0,0,-2096.23088888889,59.505,9.70E-02,0,6.94631555555556,-0.74,100,0,3744.6,60,0.032,0
2/1/20 22:14,247.666666666667,247.625,0,0,4730.9,20.35,0,0,1.2,0,795.337555555555,0,0,-2096.06911111111,59.505,0.097,0,6.94769333333333,-0.74,100,0,3744.6,60,0.032,0
2/1/20 22:19,247.75,247.708333333333,0,0,4730.9,20.35,0,0,1.2,0,795.399111111111,0,0,-2096.49377777778,59.505,9.72E-02,0,6.94630666666667,-0.74,100,0,3744.6,60,0.032,0
2/1/20 22:24,247.833333333333,247.791666666667,0,0,4730.9,20.35,0,0,1.2,0,795.4,0,0,-2096.5,59.505,9.73E-02,0,6.94769333333333,-0.74,100,0,3744.6,60,0.032,0
2/1/20 22:29,247.916666666667,247.875,0,0,4730.9,20.35,0,0,1.2,0,795.437555555556,0,0,-2097.02577777778,59.505,9.64E-02,0,6.94630666666667,-0.74,100,0,3744.6,60,0.032,0
2/1/20 22:34,248,247.958333333333,0,0,4730.9,20.35,0,0,1.2,0,795.499111111111,0,0,-2097.62466666667,59.505,9.74E-02,0,6.94731777777778,-0.74,100,0,3744.6,60,0.032,0
2/1/20 22:39,248.083333333333,248.041666666667,0,0,4730.9,20.35,0,0,1.2,0,795.5,0,0,-2097.46911111111,59.4655666666667,9.95E-02,0,6.94606666666667,-0.74,100,0,3744.6,60,0.032,0
2/1/20 22:44,248.166666666667,248.125,0,0,4730.9,20.35,0,0,1.2,0,795.537555555556,0,0,-2097.89377777778,59.4403666666667,9.84E-02,0,6.9483,-0.74,100,0,3744.6,60,0.032,0
2/1/20 22:49,248.25,248.208333333333,0,0,4730.9,20.35,0,0,1.2,0,795.599111111111,0,0,-2097.9,59.4646333333333,9.84E-02,0,6.94631555555556,-0.74,100,0,3744.6,60,3.44E-02,0
2/1/20 22:54,248.333333333333,248.291666666667,0,0,4730.9,20.35,0,0,1.2,0,795.637555555556,0,0,-2097.9,59.4403666666667,9.85E-02,0,6.94806888888889,-0.74,100,0,3744.6,60,3.83E-02,0
2/1/20 22:59,248.416666666667,248.375,0,0,4730.9,20.35,0,0,1.2,0,795.699111111111,0,0,-2098.16288888889,59.5040666666667,9.94E-02,0,6.94729777777778,-0.74,100,0,3744.6,60,0.0384,0
2/1/20 23:04,248.5,248.458333333333,0,0,4730.9,20.35,0,0,1.2,0,795.7,0,0,-2098.85666666667,59.505,9.87E-02,0,6.94831777777778,-0.74,100,0,3744.6,60,3.60E-02,0
2/1/20 23:09,248.583333333333,248.541666666667,0,0,4730.9,20.35,0,0,1.2,0,795.737555555556,0,0,-2099.03088888889,59.505,9.77E-02,0,6.94631555555556,-0.74,100,0,3744.6,60,3.21E-02,0
2/1/20 23:14,248.666666666667,248.625,0,0,4730.9,20.35,0,0,1.2,0,795.799111111111,0,0,-2098.60622222222,59.4655666666667,9.57E-02,0,6.94769333333333,-0.74,100,0,3744.6,60,0.032,0
2/1/20 23:19,248.75,248.708333333333,0,0,4730.9,20.35,0,0,1.2,0,795.8,0,0,-2098.6,59.4403666666667,9.69E-02,0,6.94630666666667,-0.74,100,0,3744.6,60,0.032,0
2/1/20 23:24,248.833333333333,248.791666666667,0,0,4730.9,20.35,0,0,1.2,0,795.837555555555,0,0,-2098.6,59.5040666666667,9.81E-02,0,6.94769333333333,-0.74,100,0,3744.6,60,0.032,0
2/1/20 23:29,248.916666666667,248.875,0,0,4730.9,20.35,0,0,1.2,0,795.899111111111,0,0,-2098.86288888889,59.4824666666667,9.88E-02,0,6.94630666666667,-0.74,100,0,3744.6,60,3.44E-02,0
2/1/20 23:34,249,248.958333333333,0,0,4730.9,20.35,0,0,1.2,0,795.9,0,0,-2099.03088888889,59.4680666666667,9.87E-02,0,6.94806888888889,-0.74,100,0,3744.6,60,3.83E-02,0
2/1/20 23:39,249.083333333333,249.041666666667,0,0,4730.9,20.35,0,0,1.2,0,795.937555555556,0,0,-2098.60622222222,59.5044666666667,9.56E-02,0,6.94692222222222,-0.74,100,0,3744.6,60,0.0384,0
2/1/20 23:44,249.166666666667,249.125,0,0,4730.9,20.35,0,0,1.2,0,795.999111111111,0,0,-2098.6,59.4768333333333,9.72E-02,0,6.94770222222222,-0.74,100,0,3744.6,60,0.0384,0
2/1/20 23:49,249.25,249.208333333333,0,0,4730.9,20.35,0,0,1.2,0,796.037555555556,0,0,-2098.86288888889,59.4588333333333,9.72E-02,0,6.94630666666667,-0.74,100,0,3744.6,60,0.0384,0
2/1/20 23:54,249.333333333333,249.291666666667,0,0,4730.9,20.35,0,0,1.2,0,796.099111111111,0,0,-2099.55666666667,59.4649,0.09597,0,6.94769333333333,-0.74,100,0,3744.6,60,3.60E-02,0
2/1/20 23:59,249.416666666667,249.375,0,0,4730.9,20.35,0,0,1.2,0,796.1,0,0,-2099.73088888889,59.4403666666667,9.79E-02,0,6.94705777777778,-0.74,100,0,3744.6,60,3.45E-02,0
2/2/20 0:04,249.5,249.458333333333,0,0,4730.9,20.35,0,0,1.2,0,796.137555555556,0,0,-2099.30622222222,59.5040666666667,9.83E-02,0,6.94892444444444,-0.74,100,0,3744.6,60,3.83E-02,0
2/2/20 0:09,249.583333333333,249.541666666667,0,0,4730.9,20.35,0,0,1.2,0,796.199111111111,0,0,-2099.3,59.4655666666667,0.09838,0,6.94632444444444,-0.74,100,0,3744.6,60,0.0384,0
2/2/20 0:14,249.666666666667,249.625,0,0,4730.9,20.35,0,0,1.2,0,796.2,0,0,-2099.3,59.4403666666667,9.84E-02,0,6.94694222222222,-0.74,100,0,3744.6,60,0.0384,0
2/2/20 0:19,249.75,249.708333333333,0,0,4730.9,20.35,0,0,1.2,0,796.237555555556,0,0,-2099.56288888889,59.5040666666667,0.09864,0,6.94507555555556,-0.74,100,0,3744.6,60,0.0384,0
2/2/20 0:24,249.833333333333,249.791666666667,0,0,4730.9,20.35,0,0,1.2,0,796.299111111111,0,0,-2099.99377777778,59.505,9.92E-02,0,6.94805111111111,-0.74,100,0,3744.6,60,0.0384,0
2/2/20 0:29,249.916666666667,249.875,0,0,4730.9,20.35,0,0,1.2,0,796.3,0,0,-2100,59.505,9.78E-02,0,6.94767333333333,-0.74,100,0,3744.6,60,0.0384,0
2/2/20 0:34,250,249.958333333333,0,0,4730.9,20.35,0,0,1.2,0,796.337555555555,0,0,-2100,59.505,9.80E-02,0,6.94893333333333,-0.74,100,0,3744.6,60,0.0384,0
2/2/20 0:39,250.083333333333,250.041666666667,0,0,4730.9,20.35,0,0,1.2,0,796.399111111111,0,0,-2100,59.505,0.09671,0,6.9467,-0.74,100,0,3744.6,60,0.0384,0
2/2/20 0:44,250.166666666667,250.125,0,0,4730.9,20.35,0,0,1.2,0,796.4,0,0,-2100,59.505,0.09662,0,6.94830888888889,-0.74,100,0,3744.6,60,0.0384,0
2/2/20 0:49,250.25,250.208333333333,0,0,4730.9,20.35,0,0,1.2,0,796.437555555556,0,0,-2100.52577777778,59.4824666666667,9.77E-02,0,6.94706666666667,-0.74,100,0,3744.6,60,0.0384,0
2/2/20 0:54,250.333333333333,250.291666666667,0,0,4730.9,20.35,0,0,1.2,0,796.499111111111,0,0,-2101.12466666667,59.4680666666667,0.100084444444444,0,6.9493,-0.74,100,0,3744.6,60,0.0384,0
2/2/20 0:59,250.416666666667,250.375,0,0,4730.9,20.35,0,0,1.2,0,796.537555555556,0,0,-2100.70622222222,59.4763,9.88E-02,0,6.94618888888889,-0.74,100,0,3744.6,60,0.0384,0
2/2/20 1:04,250.5,250.458333333333,0,0,4730.9,20.35,0,0,1.2,0,796.599111111111,0,0,-2100.96288888889,59.4588333333333,9.66E-02,0,6.94647111111111,-0.74,100,0,3744.6,60,0.0384,0
2/2/20 1:09,250.583333333333,250.541666666667,0,0,4730.9,20.35,0,0,1.2,0,796.6,0,0,-2101.13088888889,59.4649,0.09521,0,6.94704,-0.74,100,0,3744.6,60,0.0384,0
2/2/20 1:14,250.666666666667,250.625,0,0,4730.9,20.35,0,0,1.2,0,796.637555555556,0,0,-2100.96911111111,59.4403666666667,9.66E-02,0,6.9493,-0.74,100,0,3744.6,60,0.0384,0
2/2/20 1:19,250.75,250.708333333333,0,0,4730.9,20.35,0,0,1.2,0,796.699111111111,0,0,-2101.39377777778,59.5040666666667,9.92E-02,0,6.94618888888889,-0.74,100,0,3744.6,60,0.0384,0
2/2/20 1:24,250.833333333333,250.791666666667,0,0,4730.9,20.35,0,0,1.2,0,796.7,0,0,-2101.13711111111,59.5106333333333,9.97E-02,0,6.94684666666667,-0.74,100,0,3744.6,60,0.0384,0
2/2/20 1:29,250.916666666667,250.875,0,0,4730.9,20.35,0,0,1.2,0,796.737555555556,0,0,-2100.96911111111,59.5142333333333,9.87E-02,0,6.94615333333334,-0.74,100,0,3744.6,60,0.0384,0
2/2/20 1:34,251,250.958333333333,0,0,4730.9,20.35,0,0,1.2,0,796.799111111111,0,0,-2101.39377777778,59.5051333333333,9.84E-02,0,6.94647111111111,-0.74,100,0,3744.6,60,0.0384,0
2/2/20 1:39,251.083333333333,251.041666666667,0,0,4730.9,20.35,0,0,1.2,0,796.8,0,0,-2101.92577777778,59.505,0.09695,0,6.94666444444444,-0.74,100,0,3744.6,60,0.0384,0
2/2/20 1:44,251.166666666667,251.125,0,0,4730.9,20.35,0,0,1.2,0,796.837555555555,0,0,-2102.52466666667,59.505,9.75E-02,0,6.94868444444444,-0.74,100,0,3744.6,60,0.0384,0
2/2/20 1:49,251.25,251.208333333333,0,0,4730.9,20.35,0,0,1.2,0,796.899111111111,0,0,-2101.84333333333,59.505,9.88E-02,0,6.94768222222222,-0.74,100,0,3744.6,60,0.0384,0
2/2/20 1:54,251.333333333333,251.291666666667,0,0,4730.9,20.35,0,0,1.2,0,796.9,0,0,-2101.66911111111,59.505,9.78E-02,0,6.94893333333333,-0.74,100,0,3744.6,60,0.0384,0
2/2/20 1:59,251.416666666667,251.375,0,0,4730.9,20.35,0,0,1.2,0,796.937555555556,0,0,-2101.83088888889,59.5219,9.84E-02,0,6.94557333333333,-0.74,100,0,3744.6,60,0.0384,0
2/2/20 2:04,251.5,251.458333333333,0,0,4730.9,20.35,0,0,1.2,0,796.999111111111,0,0,-2101.66911111111,59.5665,9.85E-02,0,6.94683777777778,-0.74,100,0,3744.6,60,0.0384,0
2/2/20 2:09,251.583333333333,251.541666666667,0,0,4730.9,20.35,0,0,1.2,0,797.037555555556,0,0,-2102.09377777778,59.5946,9.85E-02,0,6.94690444444444,-0.74,100,0,3744.6,60,0.0384,0
2/2/20 2:14,251.666666666667,251.625,0,0,4730.9,20.35,0,0,1.2,0,797.099111111111,0,0,-2102.1,59.5612,9.72E-02,0,6.94807777777778,-0.74,100,0,3744.6,60,0.0384,0
2/2/20 2:19,251.75,251.708333333333,0,0,4730.9,20.35,0,0,1.2,0,797.1,0,0,-2102.1,59.5058,9.92E-02,0,6.94617111111111,-0.74,100,0,3744.6,60,0.0384,0
2/2/20 2:24,251.833333333333,251.791666666667,0,0,4730.9,20.35,0,0,1.2,0,797.137555555556,0,0,-2102.1,59.5388,9.76E-02,0,6.94684666666667,-0.74,100,0,3744.6,60,0.0384,0
2/2/20 2:29,251.916666666667,251.875,0,0,4730.9,20.35,0,0,1.2,0,797.199111111111,0,0,-2102.62577777778,59.5604,9.47E-02,0,6.94577777777778,-0.74,100,0,3744.6,60,0.0384,0
2/2/20 2:34,252,251.958333333333,0,0,4730.9,20.35,0,0,1.23755555555556,0,797.2,0,0,-2103.22466666667,59.5058,9.71E-02,0,6.94698222222222,-0.74,100,0,3744.6,60,0.0384,0
2/2/20 2:39,252.083333333333,252.041666666667,0,0,4730.9,20.35,0,0,1.29911111111111,0,797.237555555556,0,0,-2102.80622222222,59.505,9.88E-02,0,6.947,-0.74,100,0,3744.6,60,0.0384,0
2/2/20 2:44,252.166666666667,252.125,0,0,4730.9,20.35,0,0,1.3,0,797.299111111111,0,0,-2103.06288888889,59.505,9.64E-02,0,6.94737555555556,-0.74,100,0,3744.6,60,0.0384,0
2/2/20 2:49,252.25,252.208333333333,0,0,4730.9,20.35,0,0,1.3,0,797.3,0,0,-2103.49377777778,59.5219,9.70E-02,0,6.94761555555556,-0.74,100,0,3744.6,60,0.0384,0
2/2/20 2:54,252.333333333333,252.291666666667,0,0,4730.9,20.35,0,0,1.3,0,797.337555555555,0,0,-2103.5,59.5327,9.72E-02,0,6.94700888888889,-0.74,100,0,3744.6,60,0.0384,0
2/2/20 2:59,252.416666666667,252.375,0,0,4730.9,20.35,0,0,1.3,0,797.399111111111,0,0,-2103.5,59.5392,9.77E-02,0,6.947,-0.74,100,0,3744.6,60,0.0384,0
2/2/20 3:04,252.5,252.458333333333,0,0,4730.9,20.35,0,0,1.3,0,797.437555555556,0,0,-2104.02577777778,59.5604,9.74E-02,0,6.947,-0.74,100,0,3744.6,60,0.0384,0
2/2/20 3:09,252.583333333333,252.541666666667,0,0,4730.9,20.35,0,0,1.3,0,797.499111111111,0,0,-2104.62466666667,59.5058,9.63E-02,0,6.947,-0.74,100,0,3744.6,60,0.0384,0
2/2/20 3:14,252.666666666667,252.625,0,0,4730.9,20.35,0,0,1.3,0,797.5,0,0,-2104.20622222222,59.505,9.73E-02,0,6.947,-0.74,100,0,3744.6,60,0.0384,0
2/2/20 3:19,252.75,252.708333333333,0,0,4730.9,20.35,0,0,1.3,0,797.537555555556,0,0,-2103.93711111111,59.505,9.89E-02,0,6.947,-0.74,100,0,3744.6,60,0.0384,0
2/2/20 3:24,252.833333333333,252.791666666667,0,0,4730.9,20.35,0,0,1.3,0,797.599111111111,0,0,-2103.50622222222,59.505,9.71E-02,0,6.94624888888889,-0.74,100,0,3744.6,60,0.0384,0
2/2/20 3:29,252.916666666667,252.875,0,0,4730.9,20.35,0,0,1.3,0,797.6,0,0,-2103.76288888889,59.505,9.63E-02,0,6.94539333333333,-0.74,100,0,3744.6,60,0.0384,0
2/2/20 3:34,253,252.958333333333,0,0,4730.9,20.35,0,0,1.3,0,797.637555555556,0,0,-2104.19377777778,59.505,9.73E-02,0,6.94636666666667,-0.74,100,0,3744.6,60,0.0384,0
2/2/20 3:39,253.083333333333,253.041666666667,0,0,4730.9,20.35,0,0,1.3,0,797.699111111111,0,0,-2104.2,59.3923333333333,9.72E-02,0,6.94699111111111,-0.74,100,0,3744.6,60,0.0384,0
2/2/20 3:44,253.166666666667,253.125,0,0,4730.9,20.35,0,0,1.3,0,797.7,0,0,-2104.2,59.3203333333333,9.75E-02,0,6.94624888888889,-0.74,100,0,3744.6,60,0.0384,0
2/2/20 3:49,253.25,253.208333333333,0,0,4730.9,20.35,0,0,1.3,0,797.737555555556,0,0,-2104.2,59.5023333333333,0.0975,0,6.94501777777778,-0.74,100,0,3744.6,60,0.0384,0
2/2/20 3:54,253.333333333333,253.291666666667,0,0,4730.9,20.35,0,0,1.3,0,797.799111111111,0,0,-2104.2,59.505,9.81E-02,0,6.94575111111111,-0.74,100,0,3744.6,60,0.0384,0
2/2/20 3:59,253.416666666667,253.375,0,0,4730.9,20.35,0,0,1.3,0,797.8,0,0,-2104.46288888889,59.505,0.09786,0,6.94698222222222,-0.74,100,0,3744.6,60,0.0384,0
2/2/20 4:04,253.5,253.458333333333,0,0,4730.9,20.35,0,0,1.3,0,797.837555555555,0,0,-2105.15666666667,59.505,9.73E-02,0,6.947,-0.74,100,0,3744.6,60,0.0384,0
2/2/20 4:09,253.583333333333,253.541666666667,0,0,4730.9,20.35,0,0,1.3,0,797.899111111111,0,0,-2105.33088888889,59.505,9.97E-02,0,6.94737555555556,-0.74,100,0,3744.6,60,0.0384,0
2/2/20 4:14,253.666666666667,253.625,0,0,4730.9,20.35,0,0,1.3,0,797.937555555556,0,0,-2105.16911111111,59.4655666666667,9.94E-02,0,6.94686444444445,-0.74,100,0,3744.6,60,0.0384,0
2/2/20 4:19,253.75,253.708333333333,0,0,4730.9,20.35,0,0,1.3,0,797.999111111111,0,0,-2105.59377777778,59.4403666666667,9.78E-02,0,6.94577777777778,-0.74,100,0,3744.6,60,0.0384,0
2/2/20 4:24,253.833333333333,253.791666666667,0,0,4730.9,20.35,0,0,1.3,0,798,0,0,-2105.6,59.5040666666667,9.73E-02,0,6.94735777777778,-0.74,100,0,3744.6,60,0.0384,0
2/2/20 4:29,253.916666666667,253.875,0,0,4730.9,20.35,0,0,1.3,0,798.037555555556,0,0,-2105.86288888889,59.5388,9.74E-02,0,6.94799111111111,-0.74,100,0,3744.6,60,0.0384,0
2/2/20 4:34,254,253.958333333333,0,0,4730.9,20.35,0,0,1.3,0,798.099111111111,0,0,-2106.03088888889,59.5773,9.74E-02,0,6.948,-0.74,100,0,3744.6,60,4.08E-02,0
2/2/20 4:39,254.083333333333,254.041666666667,0,0,4730.9,20.35,0,0,1.3,0,798.1,0,0,-2105.60622222222,59.5335,9.95E-02,0,6.94762444444444,-0.74,100,0,3744.6,60,4.47E-02,0
2/2/20 4:44,254.166666666667,254.125,0,0,4730.9,20.35,0,0,1.3,0,798.137555555556,0,0,-2105.6,59.5223,9.88E-02,0,6.94700888888889,-0.74,100,0,3744.6,60,0.0448,0
2/2/20 4:49,254.25,254.208333333333,0,0,4730.9,20.35,0,0,1.3,0,798.199111111111,0,0,-2105.6,59.5327,1.00E-01,0,6.947,-0.74,100,0,3744.6,60,0.0448,0
2/2/20 4:54,254.333333333333,254.291666666667,0,0,4730.9,20.35,0,0,1.3,0,798.2,0,0,-2105.6,59.5223,9.89E-02,0,6.947,-0.74,100,0,3744.6,60,0.0448,0
2/2/20 4:59,254.416666666667,254.375,0,0,4730.9,20.35,0,0,1.3,0,798.237555555556,0,0,-2105.6,59.4932666666667,9.63E-02,0,6.94737555555556,-0.74,100,0,3744.6,60.0394333333333,0.0448,0
2/2/20 5:04,254.5,254.458333333333,0,0,4730.9,20.35,0,0,1.3,0,798.299111111111,0,0,-2105.86288888889,59.4407666666667,0.09652,0,6.94761555555556,-0.74,100,0,3744.6,60.0646333333333,4.24E-02,0
2/2/20 5:09,254.583333333333,254.541666666667,0,0,4730.9,20.35,0,0,1.3,0,798.3,0,0,-2106.03088888889,59.5040666666667,9.75E-02,0,6.94700888888889,-0.74,100,0,3744.6,60.0009333333333,4.09E-02,0
2/2/20 5:14,254.666666666667,254.625,0,0,4730.9,20.35,0,0,1.3,0,798.337555555555,0,0,-2105.60622222222,59.505,9.58E-02,0,6.947,-0.74,100,0,3744.6,60,4.47E-02,0
2/2/20 5:19,254.75,254.708333333333,0,0,4730.9,20.35,0,0,1.3,0,798.399111111111,0,0,-2105.6,59.505,9.77E-02,0,6.947,-0.74,100,0,3744.6,60,0.0448,0
2/2/20 5:24,254.833333333333,254.791666666667,0,0,4730.9,20.35,0,0,1.3,0,798.437555555556,0,0,-2105.86288888889,59.505,0.100108888888889,0,6.947,-0.74,100,0,3744.6,60,0.0448,0
2/2/20 5:29,254.916666666667,254.875,0,0,4730.9,20.35,0,0,1.3,0,798.499111111111,0,0,-2106.29377777778,59.505,0.100288947951274,0,6.947,-0.74,100,0,3744.6,60,0.0448,0
2/2/20 5:34,255,254.958333333333,0,0,4730.9,20.35,0,0,1.3,0,798.5,0,0,-2106.3,59.505,9.85E-02,0,6.947,-0.74,100,0,3744.6,60,0.0448,0
2/2/20 5:39,255.083333333333,255.041666666667,0,0,4730.9,20.35,0,0,1.3,0,798.537267222222,0,0,-2106.82174111111,59.4658694166667,9.81E-02,0,6.94737267222222,-0.74,100,0,3744.6,60,0.0448,0
2/2/20 5:44,255.166666666667,255.125,0,0,4730.9,20.35,0,0,1.3,0,798.599066111111,0,0,-2107.68692555556,59.4401111666667,9.50E-02,0,6.94687264444444,-0.74,100,0,3744.6,60,0.0448,0
2/2/20 5:49,255.25,255.208333333333,0,0,4730.9,20.35,0,0,1.3,0,798.6,0,0,-2107.7,59.5040194166667,0.095,0,6.94577336111111,-0.74,100,0,3744.6,60,0.0448,0
2/2/20 5:54,255.333333333333,255.291666666667,0,0,4730.9,20.35,0,0,1.3,0,798.637267222222,0,0,-2107.7,59.505,9.63E-02,0,6.94698132222222,-0.74,100,0,3744.6,60,0.0448,0
2/2/20 5:59,255.416666666667,255.375,0,0,4730.9,20.35,0,0,1.3,0,798.699066111111,0,0,-2107.17825888889,59.505,9.77E-02,0,6.94737267222222,-0.74,100,0,3744.6,60,0.0448,0
2/2/20 6:04,255.5,255.458333333333,0,0,4730.9,20.35,0,0,1.3,0,798.7,0,0,-2107.09568611111,59.505,9.71E-02,0,6.94799066111111,-0.74,100,0,3744.6,60,0.0448,0
2/2/20 6:09,255.583333333333,255.541666666667,0,0,4730.9,20.35,0,0,1.3,0,798.737267222222,0,0,-2107.85864722222,59.505,9.76E-02,0,6.948,-0.74,100,0,3744.6,60,0.0448,0
2/2/20 6:14,255.666666666667,255.625,0,0,4730.9,20.35,0,0,1.3,0,798.799066111111,0,0,-2107.273945,59.505,9.68E-02,0,6.94762732777778,-0.74,100,0,3744.6,60,0.0448,0
2/2/20 6:19,255.75,255.708333333333,0,0,4730.9,20.35,0,0,1.3,0,798.8,0,0,-2107.95433333333,59.505,9.67E-02,0,6.94700933888889,-0.74,100,0,3744.6,60,0.0448,0
2/2/20 6:24,255.833333333333,255.791666666667,0,0,4730.9,20.35,0,0,1.3,0,798.837267222222,0,0,-2108.13259222222,59.505,9.76E-02,0,6.94737267222222,-0.74,100,0,3744.6,60,0.0448,0
2/2/20 6:29,255.916666666667,255.875,0,0,4730.9,20.35,0,0,1.3,0,798.899066111111,0,0,-2107.70653722222,59.505,9.66E-02,0,6.94799066111111,-0.74,100,0,3744.6,60,0.0448,0
2/2/20 6:34,256,255.958333333333,0,0,4730.9,20.35,0,0,1.3,0,798.937267222222,0,0,-2107.7,59.505,9.41E-02,0,6.94762732777778,-0.74,100,0,3744.6,60,0.0448,0
2/2/20 6:39,256.083333333333,256.041666666667,0,0,4730.9,20.35,0,0,1.3,0,798.999066111111,0,0,-2107.7,59.505,9.59E-02,0,6.94700933888889,-0.74,100,0,3744.6,60,0.0448,0
2/2/20 6:44,256.166666666667,256.125,0,0,4730.9,20.35,0,0,1.3,0,799,0,0,-2107.96087055556,59.505,9.75E-02,0,6.947,-0.74,100,0,3744.6,60,0.0448,0
2/2/20 6:49,256.25,256.208333333333,0,0,4730.9,20.35,0,0,1.3,0,799.037267222222,0,0,-2108.13259222222,59.505,9.79E-02,0,6.947,-0.74,100,0,3744.6,60,0.0448,0
2/2/20 6:54,256.333333333333,256.291666666667,0,0,4730.9,20.35,0,0,1.3,0,799.099066111111,0,0,-2107.96740777778,59.505,9.79E-02,0,6.94625465555556,-0.74,100,0,3744.6,60,0.0448,0
2/2/20 6:59,256.416666666667,256.375,0,0,4730.9,20.35,0,0,1.3,0,799.1,0,0,-2108.39346277778,59.505,9.83E-02,0,6.94613669444444,-0.74,100,0,3744.6,60,0.0448,0
2/2/20 7:04,256.5,256.458333333333,0,0,4730.9,20.35,0,0,1.3,0,799.137267222222,0,0,-2108.4,59.505,9.95E-02,0,6.94722663888889,-0.74,100,0,3744.6,60,0.0448,0
2/2/20 7:09,256.583333333333,256.541666666667,0,0,4730.9,20.35,0,0,1.3,0,799.199066111111,0,0,-2108.66087055556,59.505,0.097650675,0,6.94825471111111,-0.74,100,0,3744.6,60,0.0448,0
2/2/20 7:14,256.666666666667,256.625,0,0,4730.9,20.35,0,0,1.3,0,799.2,0,0,-2109.09346277778,59.4658694166667,9.74E-02,0,6.95008060555556,-0.74,100,0,3744.6,60,0.0448,0
2/2/20 7:19,256.75,256.708333333333,0,0,4730.9,20.35,0,0,1.3,0,799.237267222222,0,0,-2109.36087055556,59.4401111666667,9.69E-02,0,6.94816471111111,-0.74,100,0,3744.6,60,0.0448,0
2/2/20 7:24,256.833333333333,256.791666666667,0,0,4730.9,20.35,0,0,1.3,0,799.299066111111,0,0,-2109.53259222222,59.5040194166667,9.58E-02,0,6.94885396666667,-0.74,100,0,3744.6,60,0.0448,0
2/2/20 7:29,256.916666666667,256.875,0,0,4730.9,20.35,0,0,1.3,0,799.3,0,0,-2109.10653722222,59.505,9.70E-02,0,6.94777336111111,-0.74,100,0,3744.6,60,0.0448,0
2/2/20 7:34,257,256.958333333333,0,0,4730.9,20.35,0,0,1.3,0,799.337267222222,0,0,-2109.1,59.505,9.74E-02,0,6.94823597777778,-0.74,100,0,3744.6,60,0.0448,0
2/2/20 7:39,257.083333333333,257.041666666667,0,0,4730.9,20.35,0,0,1.3,0,799.399066111111,0,0,-2109.36087055556,59.505,9.82E-02,0,6.94739135,-0.74,100,0,3744.6,60,0.0448,0
2/2/20 7:44,257.166666666667,257.125,0,0,4730.9,20.35,0,0,1.3,0,799.437267222222,0,0,-2110.05433333333,59.505,9.87E-02,0,6.94687264444444,-0.74,100,0,3744.6,60,0.0448,0
2/2/20 7:49,257.25,257.208333333333,0,0,4730.9,20.35,0,0,1.3,0,799.499066111111,0,0,-2110.49346277778,59.4658694166667,9.84E-02,0,6.94651870555556,-0.74,100,0,3744.6,60,0.0448,0
2/2/20 7:54,257.333333333333,257.291666666667,0,0,4730.9,20.35,0,0,1.3,0,799.5,0,0,-2110.76087055556,59.4401111666667,0.098632025,0,6.94858997222222,-0.74,100,0,3744.6,60,0.0448,0
2/2/20 7:59,257.416666666667,257.375,0,0,4730.9,20.35,0,0,1.3,0,799.537267222222,0,0,-2110.67172166667,59.5040194166667,9.88E-02,0,6.94763666666667,-0.74,100,0,3744.6,60,0.0448,0
2/2/20 8:04,257.5,257.458333333333,0,0,4730.9,20.35,0,0,1.3,0,799.599066111111,0,0,-2110.33481555556,59.505,9.64E-02,0,6.94700933888889,-0.74,100,0,3744.6,60,0.0448,0
2/2/20 8:09,257.583333333333,257.541666666667,0,0,4730.9,20.35,0,0,1.3,0,799.6,0,0,-2110.926055,59.505,9.77E-02,0,6.94737267222222,-0.74,100,0,3744.6,60,0.0448,0
2/2/20 8:14,257.666666666667,257.625,0,0,4730.9,20.35,0,0,1.3,0,799.637267222222,0,0,-2110.76740777778,59.505,9.84E-02,0,6.94761798888889,-0.74,100,0,3744.6,60,0.0448,0
2/2/20 8:19,257.75,257.708333333333,0,0,4730.9,20.35,0,0,1.3,0,799.699066111111,0,0,-2111.19346277778,59.505,9.73E-02,0,6.94738077299742,-0.74,100,0,3744.6,60,0.0448,0
2/2/20 8:24,257.833333333333,257.791666666667,0,0,4730.9,20.35,0,0,1.3,0,799.7,0,0,-2111.45886,59.466171,9.77E-02,0,6.94762043255814,-0.74,100,0,3744.6,60,0.0448,0
2/2/20 8:29,257.916666666667,257.875,0,0,4730.9,20.35,0,0,1.3,0,799.73698,0,0,-2112.152,59.439858,0.0984257,0,6.9470098,-0.74,100,0,3744.6,60,0.0448,0
2/2/20 8:34,258,257.958333333333,0,0,4730.9,20.35,0,0,1.3,0,799.79902,0,0,-2112.59314,59.614911,0.0976996,0,6.947,-0.74,100,0,3744.6,60,0.0448,0
2/2/20 8:39,258.083333333333,258.041666666667,0,0,4730.9,20.35,0,0,1.3,0,799.83698,0,0,-2112.85886,59.69112,0.0974404,0,6.947,-0.74,100,0,3744.6,60,0.0448,0
2/2/20 8:44,258.166666666667,258.125,0,0,4730.9,20.35,0,0,1.33698,0,799.89902,0,0,-2113.552,59.50794,0.0968845,0,6.947,-0.74,100,0,3744.6,60,0.0448,0
2/2/20 8:49,258.25,258.208333333333,0,0,4730.9,20.35,0,0,1.39902,0,799.9,0,0,-2114.252,59.505,0.0971204,0,6.9473698,-0.74,100,0,3744.6,60,0.0448,0
2/2/20 8:54,258.333333333333,258.291666666667,0,0,4730.9,20.35,0,0,1.4,0,799.93698,0,0,-2114.69314,59.505,0.0974343,0,6.9476204,-0.74,100,0,3744.6,60,0.0448,0
2/2/20 8:59,258.416666666667,258.375,0,0,4730.9,20.35,0,0,1.4,0,799.99902,0,0,-2114.7,59.505,0.0987906,0,6.9473796,-0.74,100,0,3744.6,60,0.0448,0
2/2/20 9:04,258.5,258.458333333333,0,0,4730.9,20.35,0,0,1.4,0,800,0,0,-2114.95886,59.505,0.0986898,0,6.9468808,-0.74,100,0,3744.6,60,0.0448,0
2/2/20 9:09,258.583333333333,258.541666666667,0,0,4730.9,20.35,0,0,1.4,0,800.03698,0,0,-2115.13428,59.505,0.0982555,0,6.9468784,-0.74,100,0,3744.6,60,0.0448,0
2/2/20 9:14,258.666666666667,258.625,0,0,4730.9,20.35,0,0,1.4,0,800.09902,0,0,-2115.22458,59.505,0.0986837,0,6.9488416,-0.74,100,0,3744.6,60,0.0448,0
2/2/20 9:19,258.75,258.708333333333,0,0,4730.9,20.35,0,0,1.4,0,800.1,0,0,-2116.34514,59.505,0.0997918,0,6.9473992,-0.74,100,0,3744.6,60,0.0448,0
2/2/20 9:24,258.833333333333,258.791666666667,0,0,4730.9,20.35,0,0,1.4,0,800.13698,0,0,-2116.79314,59.505,0.0979686,0,6.9476204,-0.74,100,0,3744.6,60,0.0448,0
2/2/20 9:29,258.916666666667,258.875,0,0,4730.9,20.35,0,0,1.4,0,800.19902,0,0,-2117.31772,59.505,0.098551,0,6.9473796,-0.74,100,0,3744.6,60,0.04243328,0
2/2/20 9:34,259,258.958333333333,0,0,4730.9,20.35,0,0,1.4,0,800.2,0,0,-2117.92742,59.505,0.0975792,0,6.9468808,-0.74,100,0,3744.6,60,0.03846272,0
2/2/20 9:39,259.083333333333,259.041666666667,0,0,4730.9,20.35,0,0,1.4,0,800.23698,0,0,-2117.50686,59.505,0.0981155,0,6.9468784,-0.74,100,0,3744.6,60,0.0384,0
2/2/20 9:44,259.166666666667,259.125,0,0,4730.9,20.35,0,0,1.4,0,800.29902,0,0,-2117.24114,59.538282,0.0986192,0,6.9488416,-0.74,100,0,3744.6,60,0.0384,0
2/2/20 9:49,259.25,259.208333333333,0,0,4730.9,20.35,0,0,1.4,0,800.33698,0,0,-2116.80686,59.594118,0.0993612,0,6.9481388,-0.74,100,0,3744.6,60,0.0384,0
2/2/20 9:54,259.333333333333,259.291666666667,0,0,4730.9,20.35,0,0,1.4,0,800.39902,0,0,-2116.8,59.595,0.0975294,0,6.949231,-0.74,100,0,3744.6,60,0.04076672,0
2/2/20 9:59,259.416666666667,259.375,0,0,4730.9,20.35,0,0,1.4,0,800.4,0,0,-2116.54114,59.561718,0.0969453,0,6.9480196,-0.74,100,0,3744.6,60,0.04473728,0
2/2/20 10:04,259.5,259.458333333333,0,0,4730.9,20.35,0,0,1.4,0,800.43698,0,0,-2116.62458,59.505882,0.0965694,0,6.9476302,-0.74,100,0,3744.6,60,0.0448,0
2/2/20 10:09,259.583333333333,259.541666666667,0,0,4730.9,20.35,0,0,1.4,0,800.49902,0,0,-2117.22742,59.505,0.0971155,0,6.9473796,-0.74,100,0,3744.6,60,0.0448,0
2/2/20 10:14,259.666666666667,259.625,0,0,4730.9,20.35,0,0,1.4,0,800.5,0,0,-2116.28914,59.505,0.097989,0,6.9468808,-0.74,100,0,3744.6,60,0.0448,0
2/2/20 10:19,259.75,259.708333333333,0,0,4730.9,20.35,0,0,1.4,0,800.53698,0,0,-2115.93144,59.538282,0.0997212,0,6.9461388,-0.74,100,0,3744.6,60,0.0448,0
2/2/20 10:24,259.833333333333,259.791666666667,0,0,4730.9,20.35,0,0,1.4,0,800.59902,0,0,-2117.04514,59.594118,0.0974102,0,6.9476008,-0.74,100,0,3744.6,60,0.0448,0
2/2/20 10:29,259.916666666667,259.875,0,0,4730.9,20.35,0,0,1.4,0,800.6,0,0,-2117.23428,59.595,0.096269,0,6.9481192,-0.74,100,0,3744.6,60,0.0448,0
2/2/20 10:34,260,259.958333333333,0,0,4730.9,20.35,0,0,1.4,0,800.63698,0,0,-2116.80686,59.595,0.0984049,0,6.9488612,-0.74,100,0,3744.6,60,0.0448,0
2/2/20 10:39,260.083333333333,260.041666666667,0,0,4730.9,20.35,0,0,1.4,0,800.69902,0,0,-2117.05886,59.595,0.0988661,0,6.9473992,-0.74,100,0,3744.6,60,0.0448,0
2/2/20 10:44,260.166666666667,260.125,0,0,4730.9,20.35,0,0,1.4,0,800.7,0,0,-2117.49314,59.595,0.0975841,0,6.9468808,-0.74,100,0,3744.6,60,0.0448,0
2/2/20 10:49,260.25,260.208333333333,0,0,4730.9,20.35,0,0,1.4,0,800.73698,0,0,-2117.75886,59.561718,0.0984853,0,6.9468784,-0.74,100,0,3744.6,60,0.0448,0
2/2/20 10:54,260.333333333333,260.291666666667,0,0,4730.9,20.35,0,0,1.4,0,800.79902,0,0,-2118.452,59.505882,0.0981302,0,6.9488416,-0.74,100,0,3744.6,60,0.0448,0
2/2/20 10:59,260.416666666667,260.375,0,0,4730.9,20.35,0,0,1.4,0,800.83698,0,0,-2118.63428,59.505,0.0973249,0,6.9473992,-0.74,100,0,3744.6,60,0.0448,0
2/2/20 11:04,260.5,260.458333333333,0,0,4730.9,20.35,0,0,1.4,0,800.89902,0,0,-2118.46572,59.676957,0.09682,0,6.9479902,-0.74,100,0,3744.6,59.961171,0.04243328,0
2/2/20 11:09,260.583333333333,260.541666666667,0,0,4730.9,20.35,0,0,1.4,0,800.9,0,0,-2118.89314,59.865597,0.0972445,0,6.9476302,-0.74,100,0,3744.6,59.934858,0.03846272,0
2/2/20 11:14,260.666666666667,260.625,0,0,4730.9,20.35,0,0,1.4,0,800.93698,0,0,-2119.15886,59.702646,0.0990351,0,6.9470098,-0.74,100,0,3744.6,59.998971,0.0384,0
2/2/20 11:19,260.75,260.708333333333,0,0,4730.9,20.35,0,0,1.4,0,800.99902,0,0,-2119.33428,59.661171,0.10054,0,6.9473698,-0.74,100,0,3744.6,60,0.0384,0
2/2/20 11:24,260.833333333333,260.791666666667,0,0,4730.9,20.35,0,0,1.4,0,801,0,0,-2119.42458,59.596029,0.1009306,0,6.9479902,-0.74,100,0,3744.6,60,0.0384,0
2/2/20 11:29,260.916666666667,260.875,0,0,4730.9,20.35,0,0,1.4,0,801.03698,0,0,-2120.02742,59.633829,0.1001996,0,6.948,-0.74,100,0,3744.6,60,0.0384,0
2/2/20 11:34,261,260.958333333333,0,0,4730.9,20.35,0,0,1.4,0,801.09902,0,0,-2120.12458,59.588031,0.0997555,0,6.948,-0.74,100,0,3744.6,60.038829,0.0384,0
2/2/20 11:39,261.083333333333,261.041666666667,0,0,4730.9,20.35,0,0,1.4,0,801.1,0,0,-2120.72742,59.475051,0.0983347,0,6.9487396,-0.74,100,0,3744.6,60.065142,0.0384,0
2/2/20 11:44,261.166666666667,261.125,0,0,4730.9,20.35,0,0,1.4,0,801.13698,0,0,-2120.56572,59.520978,0.0976351,0,6.948871,-0.74,100,0,3744.6,60.039858,0.0384,0
2/2/20 11:49,261.25,261.208333333333,0,0,4730.9,20.35,0,0,1.4,0,801.19902,0,0,-2120.99314,59.474022,0.0959004,0,6.9473992,-0.74,100,0,3744.6,60.065142,0.0384,0
2/2/20 11:54,261.333333333333,261.291666666667,0,0,4730.9,20.35,0,0,1.4,0,801.23698,0,0,-2121,59.559807,0.0964331,0,6.9476204,-0.74,100,0,3744.6,60.001029,0.0384,0
2/2/20 11:59,261.416666666667,261.375,0,0,4730.9,20.35,0,0,1.4,0,801.29902,0,0,-2121.25886,59.522523,0.0989571,0,6.9473796,-0.74,100,0,3744.6,60,0.0384,0
2/2/20 12:04,261.5,261.458333333333,0,0,4730.9,20.35,0,0,1.4,0,801.3,0,0,-2121.43428,59.532918,0.0965392,0,6.9479902,-0.74,100,0,3744.6,60,0.0384,0
2/2/20 12:09,261.583333333333,261.541666666667,0,0,4730.9,20.35,0,0,1.4,0,801.33698,0,0,-2121.26572,59.505441,0.0966849,0,6.948,-0.74,100,0,3744.6,60,0.0384,0
2/2/20 12:14,261.666666666667,261.625,0,0,4730.9,20.35,0,0,1.4,0,801.39902,0,0,-2121.69314,59.538282,0.0977347,0,6.9476302,-0.74,100,0,3744.6,60,0.0384,0
2/2/20 12:19,261.75,261.708333333333,0,0,4730.9,20.35,0,0,1.4,0,801.4,0,0,-2121.7,59.560836,0.0991653,0,6.9473796,-0.74,100,0,3744.6,60,0.0384,0
2/2/20 12:24,261.833333333333,261.791666666667,0,0,4730.9,20.35,0,0,1.4,0,801.43698,0,0,-2121.7,59.505882,0.0993102,0,6.9476204,-0.74,100,0,3744.6,60,0.0384,0
2/2/20 12:29,261.916666666667,261.875,0,0,4730.9,20.35,0,0,1.4,0,801.49902,0,0,-2121.7,59.505,0.0990049,0,6.9473796,-0.74,100,0,3744.6,60,0.0384,0
2/2/20 12:34,262,261.958333333333,0,0,4730.9,20.35,0,0,1.4,0,801.5,0,0,-2121.7,59.538282,0.0980755,0,6.9468808,-0.74,100,0,3744.6,60,0.0384,0
2/2/20 12:39,262.083333333333,262.041666666667,0,0,4730.9,20.35,0,0,1.4,0,801.53698,0,0,-2121.7,59.594118,0.0959698,0,6.945769,-0.74,100,0,3744.6,60,0.0384,0
2/2/20 12:44,262.166666666667,262.125,0,0,4730.9,20.35,0,0,1.4,0,801.59902,0,0,-2121.95886,59.595,0.0970486,0,6.9469804,-0.74,100,0,3744.6,60,0.0384,0
2/2/20 12:49,262.25,262.208333333333,0,0,4730.9,20.35,0,0,1.4,0,801.6,0,0,-2122.13428,59.561718,0.0997065,0,6.9481094,-0.74,100,0,3744.6,60,0.0384,0
2/2/20 12:54,262.333333333333,262.291666666667,0,0,4730.9,20.35,0,0,1.4,0,801.63698,0,0,-2121.70686,59.539164,0.0985196,0,6.9488612,-0.74,100,0,3744.6,60,0.0384,0
2/2/20 12:59,262.416666666667,262.375,0,0,4730.9,20.35,0,0,1.4,0,801.69902,0,0,-2121.7,59.560836,0.0988698,0,6.9473992,-0.74,100,0,3744.6,60,0.0384,0
2/2/20 13:04,262.5,262.458333333333,0,0,4730.9,20.35,0,0,1.4,0,801.73698,0,0,-2121.7,59.505882,0.0987506,0,6.9479902,-0.74,100,0,3744.6,60,0.0384,0
2/2/20 13:09,262.583333333333,262.541666666667,0,0,4730.9,20.35,0,0,1.4,0,801.79902,0,0,-2121.95886,59.505,0.0984441,0,6.948,-0.74,100,0,3744.6,60,0.0384,0
2/2/20 13:14,262.666666666667,262.625,0,0,4730.9,20.35,0,0,1.4,0,801.8,0,0,-2122.39314,59.505,0.0996057,0,6.9487396,-0.74,100,0,3744.6,60,0.0384,0
2/2/20 13:19,262.75,262.708333333333,0,0,4730.9,20.35,0,0,1.4,0,801.83698,0,0,-2121.88228,59.505,0.0995645,0,6.9499804,-0.74,100,0,3744.6,60,0.0384,0
2/2/20 13:24,262.833333333333,262.791666666667,0,0,4730.9,20.35,0,0,1.4,0,801.89902,0,0,-2121.01372,59.505,0.1004853,0,6.9488906,-0.74,100,0,3744.6,60,0.0384,0
2/2/20 13:29,262.916666666667,262.875,0,0,4730.9,20.35,0,0,1.43698,0,801.9,0,0,-2121.25886,59.505,0.0990208,0,6.9473992,-0.74,100,0,3744.6,60,0.0384,0
2/2/20 13:34,263,262.958333333333,0,0,4730.9,20.35,0,0,1.49902,0,801.93698,0,0,-2121.43428,59.505,0.0982033,0,6.9479902,-0.74,100,0,3744.6,60,0.0384,0
2/2/20 13:39,263.083333333333,263.041666666667,0,0,4730.9,20.35,0,0,1.5,0,801.99902,0,0,-2121.00686,59.538282,0.1004012,0,6.948,-0.74,100,0,3744.6,60,0.04076672,0
2/2/20 13:44,263.166666666667,263.125,0,0,4730.9,20.35,0,0,1.5,0,802,0,0,-2120.74114,59.560836,0.0991449,0,6.9476302,-0.74,100,0,3744.6,60,0.04473728,0
2/2/20 13:49,263.25,263.208333333333,0,0,4730.9,20.35,0,0,1.5,0,802.03698,0,0,-2120.30686,59.505882,0.0977702,0,6.9481192,-0.74,100,0,3744.6,60,0.0448,0
2/2/20 13:54,263.333333333333,263.291666666667,0,0,4730.9,20.35,0,0,1.5,0,802.09902,0,0,-2120.81772,59.538282,0.097629,0,6.9488612,-0.74,100,0,3744.6,60,0.04243328,0
2/2/20 13:59,263.416666666667,263.375,0,0,4730.9,20.35,0,0,1.5,0,802.1,0,0,-2121.42742,59.560836,0.098731,0,6.9473992,-0.74,100,0,3744.6,60,0.04082944,0
2/2/20 14:04,263.5,263.458333333333,0,0,4730.9,20.35,0,0,1.5,0,802.13698,0,0,-2121.00686,59.505882,0.0977045,0,6.9479902,-0.74,100,0,3744.6,60,0.04473728,0
2/2/20 14:09,263.583333333333,263.541666666667,0,0,4730.9,20.35,0,0,1.5,0,802.19902,0,0,-2121,59.505,0.0992894,0,6.9487396,-0.74,100,0,3744.6,60,0.04243328,0
2/2/20 14:14,263.666666666667,263.625,0,0,4730.9,20.35,0,0,1.5,0,802.23698,0,0,-2121.25886,59.521641,0.0996167,0,6.9481314,-0.74,100,0,3744.6,60,0.03846272,0
2/2/20 14:19,263.75,263.708333333333,0,0,4730.9,20.35,0,0,1.5,0,802.29902,0,0,-2121.952,59.5662,0.0969188,0,6.9457886,-0.74,100,0,3744.6,60,0.0384,0
2/2/20 14:24,263.833333333333,263.791666666667,0,0,4730.9,20.35,0,0,1.5,0,802.3,0,0,-2122.13428,59.561277,0.0973053,0,6.9480898,-0.74,100,0,3744.6,60,0.0384,0
2/2/20 14:29,263.916666666667,263.875,0,0,4730.9,20.35,0,0,1.5,0,802.33698,0,0,-2121.70686,59.356113,0.0977445,0,6.949231,-0.74,100,0,3744.6,60,0.0384,0
2/2/20 14:34,264,263.958333333333,0,0,4730.9,20.35,0,0,1.5,0,802.39902,0,0,-2121.95886,59.214909,0.0984257,0,6.9476498,-0.74,100,0,3744.6,60,0.0384,0
2/2/20 14:39,264.083333333333,264.041666666667,0,0,4730.9,20.35,0,0,1.5,0,802.4,0,0,-2122.13428,59.435889,0.0964053,0,6.9488588,-0.74,100,0,3744.6,60,0.0384,0
2/2/20 14:44,264.166666666667,264.125,0,0,4730.9,20.35,0,0,1.5,0,802.43698,0,0,-2121.70686,59.481783,0.097118,0,6.950102,-0.74,100,0,3744.6,60,0.0384,0
2/2/20 14:49,264.25,264.208333333333,0,0,4730.9,20.35,0,0,1.5,0,802.49902,0,0,-2121.95886,59.467776,0.0999522,0,6.948898,-0.74,100,0,3744.6,60,0.0384,0
2/2/20 14:54,264.333333333333,264.291666666667,0,0,4730.9,20.35,0,0,1.5,0,802.5,0,0,-2122.39314,59.504412,0.0973543,0,6.9493624,-0.74,100,0,3744.6,60,0.0384,0
2/2/20 14:59,264.416666666667,264.375,0,0,4730.9,20.35,0,0,1.5,0,802.53698,0,0,-2122.4,59.493906,0.0981143,0,6.9472874,-0.74,100,0,3744.6,60,0.0384,0
2/2/20 15:04,264.5,264.458333333333,0,0,4730.9,20.35,0,0,1.5,0,802.59902,0,0,-2122.4,59.486388,0.1001555,0,6.949462,-0.74,100,0,3744.6,60,0.04076672,0
2/2/20 15:09,264.583333333333,264.541666666667,0,0,4730.9,20.35,0,0,1.5,0,802.6,0,0,-2122.65886,59.504706,0.0992008,0,6.9488882,-0.74,100,0,3744.6,60,0.04473728,0
2/2/20 15:14,264.666666666667,264.625,0,0,4730.9,20.35,0,0,1.5,0,802.63698,0,0,-2122.83428,59.505,0.0977739,0,6.950102,-0.74,100,0,3744.6,60,0.04243328,0
2/2/20 15:19,264.75,264.708333333333,0,0,4730.9,20.35,0,0,1.5,0,802.69902,0,0,-2122.66572,59.505,0.0987955,0,6.948898,-0.74,100,0,3744.6,60,0.03846272,0
2/2/20 15:24,264.833333333333,264.791666666667,0,0,4730.9,20.35,0,0,1.5,0,802.73698,0,0,-2123.09314,59.505,0.0994294,0,6.950102,-0.74,100,0,3744.6,60,0.0384,0
2/2/20 15:29,264.916666666667,264.875,0,0,4730.9,20.35,0,0,1.5,0,802.79902,0,0,-2123.1,59.466171,0.100051,0,6.948898,-0.74,100,0,3744.6,60,0.04076672,0
2/2/20 15:34,265,264.958333333333,0,0,4730.9,20.35,0,0,1.5,0,802.8,0,0,-2123.35886,59.412123,0.0977849,0,6.950102,-0.74,100,0,3744.6,60,0.04473728,0
2/2/20 15:39,265.083333333333,265.041666666667,0,0,4730.9,20.35,0,0,1.5,0,802.83698,0,0,-2123.53428,59.457441,0.0978139,0,6.948898,-0.74,100,0,3744.6,60,0.0448,0
2/2/20 15:44,265.166666666667,265.125,0,0,4730.9,20.35,0,0,1.5,0,802.89902,0,0,-2123.10686,59.504265,0.0990412,0,6.9497322,-0.74,100,0,3744.6,60,0.0448,0
2/2/20 15:49,265.25,265.208333333333,0,0,4730.9,20.35,0,0,1.5,0,802.9,0,0,-2123.1,59.466171,0.0978943,0,6.947538,-0.74,100,0,3744.6,59.983359,0.0448,0
2/2/20 15:54,265.333333333333,265.291666666667,0,0,4730.9,20.35,0,0,1.5,0,802.93698,0,0,-2123.1,59.439858,0.09886,0,6.9488514,-0.74,100,0,3744.6,59.972082,0.0448,0
2/2/20 15:59,265.416666666667,265.375,0,0,4730.9,20.35,0,0,1.5,0,802.99902,0,0,-2123.35886,59.465142,0.0993053,0,6.9485086,-0.74,100,0,3744.6,59.999559,0.0448,0
2/2/20 16:04,265.5,265.458333333333,0,0,4730.9,20.35,0,0,1.5,0,803,0,0,-2124.052,59.401029,0.0980804,0,6.9494816,-0.74,100,0,3744.6,60,0.04243328,0
2/2/20 16:09,265.583333333333,265.541666666667,0,0,4730.9,20.35,0,0,1.5,0,803.03698,0,0,-2124.752,59.438829,0.0968943,0,6.9481486,-0.74,100,0,3744.6,60,0.03846272,0
2/2/20 16:14,265.666666666667,265.625,0,0,4730.9,20.35,0,0,1.5,0,803.09902,0,0,-2125.452,59.503971,0.09786,0,6.9488612,-0.74,100,0,3744.6,60,0.0384,0
2/2/20 16:19,265.75,265.708333333333,0,0,4730.9,20.35,0,0,1.5,0,803.13698,0,0,-2125.63428,59.505,0.0986751,0,6.9488784,-0.74,100,0,3744.6,60,0.0384,0
2/2/20 16:24,265.833333333333,265.791666666667,0,0,4730.9,20.35,0,0,1.5,0,803.19902,0,0,-2125.20686,59.505,0.0977008,0,6.9497322,-0.74,100,0,3744.6,60,0.0384,0
2/2/20 16:29,265.916666666667,265.875,0,0,4730.9,20.35,0,0,1.5,0,803.2,0,0,-2125.2,59.505,0.0966437,0,6.9467984,-0.74,100,0,3744.6,60,0.0384,0
2/2/20 16:34,266,265.958333333333,0,0,4730.9,20.35,0,0,1.5,0,803.23698,0,0,-2125.2,59.505,0.0982857,0,6.9479804,-0.74,100,0,3744.6,60,0.0384,0
2/2/20 16:39,266.083333333333,266.041666666667,0,0,4730.9,20.35,0,0,1.5,0,803.29902,0,0,-2124.94114,59.505,0.0976351,0,6.948,-0.74,100,0,3744.6,60,0.0384,0
2/2/20 16:44,266.166666666667,266.125,0,0,4730.9,20.35,0,0,1.5,0,803.3,0,0,-2124.50686,59.466171,0.0981192,0,6.9476302,-0.74,100,0,3744.6,60,0.0384,0
2/2/20 16:49,266.25,266.208333333333,0,0,4730.9,20.35,0,0,1.5,0,803.33698,0,0,-2124.5,59.439858,0.0996008,0,6.9477494,-0.74,100,0,3744.6,60,0.0384,0
2/2/20 16:54,266.333333333333,266.291666666667,0,0,4730.9,20.35,0,0,1.5,0,803.39902,0,0,-2124.75886,59.503971,0.0988249,0,6.9482408,-0.74,100,0,3744.6,60,0.0384,0
2/2/20 16:59,266.416666666667,266.375,0,0,4730.9,20.35,0,0,1.5,0,803.4,0,0,-2124.93428,59.466171,0.09832,0,6.9473894,-0.74,100,0,3744.6,60,0.0384,0
2/2/20 17:04,266.5,266.458333333333,0,0,4730.9,20.35,0,0,1.5,0,803.43698,0,0,-2124.76572,59.439858,0.0974502,0,6.9479902,-0.74,100,0,3744.6,60,0.0384,0
2/2/20 17:09,266.583333333333,266.541666666667,0,0,4730.9,20.35,0,0,1.5,0,803.49902,0,0,-2124.93428,59.465142,0.0961449,0,6.948,-0.74,100,0,3744.6,60,0.0384,0
2/2/20 17:14,266.666666666667,266.625,0,0,4730.9,20.35,0,0,1.5,0,803.5,0,0,-2124.50686,59.439858,0.0962494,0,6.9476302,-0.74,100,0,3744.6,60,0.0384,0
2/2/20 17:19,266.75,266.708333333333,0,0,4730.9,20.35,0,0,1.5,0,803.53698,0,0,-2124.5,59.503971,0.0969257,0,6.9473796,-0.74,100,0,3744.6,60,0.0384,0
2/2/20 17:24,266.833333333333,266.791666666667,0,0,4730.9,20.35,0,0,1.5,0,803.59902,0,0,-2124.5,59.505,0.097309,0,6.9476204,-0.74,100,0,3744.6,60,0.0384,0
2/2/20 17:29,266.916666666667,266.875,0,0,4730.9,20.35,0,0,1.5,0,803.63698,0,0,-2125.01772,59.505,0.0987261,0,6.9481192,-0.74,100,0,3744.6,60,0.04076672,0
2/2/20 17:34,267,266.958333333333,0,0,4730.9,20.35,0,0,1.5,0,803.69902,0,0,-2125.88628,59.505,0.0982592,0,6.9488612,-0.74,100,0,3744.6,60,0.04473728,0
2/2/20 17:39,267.083333333333,267.041666666667,0,0,4730.9,20.35,0,0,1.5,0,803.7,0,0,-2125.38228,59.577111,0.0991106,0,6.9481388,-0.74,100,0,3744.6,60,0.0448,0
2/2/20 17:44,267.166666666667,267.125,0,0,4730.9,20.35,0,0,1.5,0,803.73698,0,0,-2124.77258,59.625978,0.0975853,0,6.949231,-0.74,100,0,3744.6,60,0.0448,0
2/2/20 17:49,267.25,267.208333333333,0,0,4730.9,20.35,0,0,1.5,0,803.79902,0,0,-2124.93428,59.506911,0.0971339,0,6.9480196,-0.74,100,0,3744.6,60,0.0448,0
2/2/20 17:54,267.333333333333,267.291666666667,0,0,4730.9,20.35,0,0,1.5,0,803.8,0,0,-2124.76572,59.505,0.0986008,0,6.948,-0.74,100,0,3744.6,60,0.0448,0
2/2/20 17:59,267.416666666667,267.375,0,0,4730.9,20.35,0,0,1.5,0,803.83698,0,0,-2125.19314,59.505,0.09764,0,6.948,-0.74,100,0,3744.6,60,0.0448,0
2/2/20 18:04,267.5,267.458333333333,0,0,4730.9,20.35,0,0,1.5,0,803.89902,0,0,-2125.45886,59.505,0.09664,0,6.9476302,-0.74,100,0,3744.6,60,0.0448,0
2/2/20 18:09,267.583333333333,267.541666666667,0,0,4730.9,20.35,0,0,1.5,0,803.9,0,0,-2125.89314,59.505,0.0961947,0,6.9473796,-0.74,100,0,3744.6,60,0.0448,0
2/2/20 18:14,267.666666666667,267.625,0,0,4730.9,20.35,0,0,1.5,0,803.93698,0,0,-2125.64114,59.505,0.0979743,0,6.9476204,-0.74,100,0,3744.6,60,0.0448,0
2/2/20 18:19,267.75,267.708333333333,0,0,4730.9,20.35,0,0,1.5,0,803.99902,0,0,-2125.46572,59.505,0.0987967,0,6.9481192,-0.74,100,0,3744.6,60,0.0448,0
2/2/20 18:24,267.833333333333,267.791666666667,0,0,4730.9,20.35,0,0,1.5,0,804,0,0,-2125.89314,59.505,0.0964139,0,6.9488612,-0.74,100,0,3744.6,60,0.0448,0
2/2/20 18:29,267.916666666667,267.875,0,0,4730.9,20.35,0,0,1.5,0,804.03698,0,0,-2125.9,59.505,0.0971751,0,6.9481388,-0.74,100,0,3744.6,60,0.0448,0
2/2/20 18:34,268,267.958333333333,0,0,4730.9,20.35,0,0,1.5,0,804.09902,0,0,-2126.15886,59.505,0.0971253,0,6.949231,-0.74,100,0,3744.6,60,0.0448,0
2/2/20 18:39,268.083333333333,268.041666666667,0,0,4730.9,20.35,0,0,1.5,0,804.13698,0,0,-2126.33428,59.505,0.0959551,0,6.9480196,-0.74,100,0,3744.6,60,0.0448,0
2/2/20 18:44,268.166666666667,268.125,0,0,4730.9,20.35,0,0,1.5,0,804.19902,0,0,-2126.16572,59.505,0.096309,0,6.9472604,-0.74,100,0,3744.6,60,0.0448,0
2/2/20 18:49,268.25,268.208333333333,0,0,4730.9,20.35,0,0,1.5,0,804.2,0,0,-2126.59314,59.505,0.0973563,0,6.9478686,-0.74,100,0,3744.6,60,0.0448,0
2/2/20 18:54,268.333333333333,268.291666666667,0,0,4730.9,20.35,0,0,1.5,0,804.23698,0,0,-2126.85886,59.505,0.0960841,0,6.9494718,-0.74,100,0,3744.6,60,0.0448,0
2/2/20 18:59,268.416666666667,268.375,0,0,4730.9,20.35,0,0,1.5,0,804.29902,0,0,-2127.29314,59.505,0.0964306,0,6.9481486,-0.74,100,0,3744.6,60,0.0448,0
2/2/20 19:04,268.5,268.458333333333,0,0,4730.9,20.35,0,0,1.5,0,804.3,0,0,-2127.3,59.61594,0.0973637,0,6.9488612,-0.74,100,0,3744.6,60,0.0448,0
2/2/20 19:09,268.583333333333,268.541666666667,0,0,4730.9,20.35,0,0,1.5,0,804.33698,0,0,-2127.3,59.724402,0.0993416,0,6.9488784,-0.74,100,0,3744.6,60,0.0448,0
2/2/20 19:14,268.666666666667,268.625,0,0,4730.9,20.35,0,0,1.5,0,804.39902,0,0,-2126.78228,59.597058,0.0986388,0,6.950102,-0.74,100,0,3744.6,60,0.0448,0
2/2/20 19:19,268.75,268.708333333333,0,0,4730.9,20.35,0,0,1.5,0,804.4,0,0,-2126.17172,59.595,9.97E-02,0,6.94889185714286,-0.74,100,0,3744.6,60,0.0448,0
2/2/20 19:24,268.833333333333,268.791666666667,0,0,4730.9,20.35,0,0,1.5,0,804.436693888889,0,0,-2126.59283333333,59.595,9.82E-02,0,6.95011411507936,-0.74,100,0,3744.6,60,0.0448,0
2/2/20 19:29,268.916666666667,268.875,0,0,4730.9,20.35,0,0,1.5,0,804.498972777778,0,0,-2126.6,59.595,0.09824415,0,6.94815217777778,-0.74,100,0,3744.6,60,0.0448,0
2/2/20 19:34,269,268.958333333333,0,0,4730.9,20.35,0,0,1.5,0,804.536693888889,0,0,-2126.6,59.5619755,9.86E-02,0,6.94886836666667,-0.74,100,0,3744.6,60,0.0448,0
2/2/20 19:39,269.083333333333,269.041666666667,0,0,4730.9,20.35,0,0,1.5,0,804.598972777778,0,0,-2126.85685722222,59.538949,9.70E-02,0,6.94813163333333,-0.74,100,0,3744.6,60,0.0448,0
2/2/20 19:44,269.166666666667,269.125,0,0,4730.9,20.35,0,0,1.5,0,804.6,0,0,-2127.54966666667,59.57756325,0.097,0,6.94813448888889,-0.74,100,0,3744.6,60,0.0448,0
2/2/20 19:49,269.25,269.208333333333,0,0,4730.9,20.35,0,0,1.5,0,804.636693888889,0,0,-2127.73595222222,59.5669745,9.72E-02,0,6.94688605555556,-0.74,100,0,3744.6,60,0.0448,0
2/2/20 19:54,269.333333333333,269.291666666667,0,0,4730.9,20.35,0,0,1.5,0,804.698972777778,0,0,-2127.30719055556,59.59453775,9.84E-02,0,6.94848088333333,-0.74,100,0,3744.6,60,0.0448,0
2/2/20 19:59,269.416666666667,269.375,0,0,4730.9,20.35,0,0,1.5,0,804.7,0,0,-2127.3,59.5619755,9.96E-02,0,6.94787578333333,-0.74,100,0,3744.6,60,0.0448,0
2/2/20 20:04,269.5,269.458333333333,0,0,4730.9,20.35,0,0,1.5,0,804.736693888889,0,0,-2127.3,59.52243675,9.92E-02,0,6.94948088333333,-0.74,100,0,3744.6,60,0.0448,0
2/2/20 20:09,269.583333333333,269.541666666667,0,0,4730.9,20.35,0,0,1.5,0,804.798972777778,0,0,-2127.04314277778,59.56605,9.93E-02,0,6.94887578333333,-0.74,100,0,3744.6,60,0.0448,0
2/2/20 20:14,269.666666666667,269.625,0,0,4730.9,20.35,0,0,1.5,0,804.8,0,0,-2126.60719055556,59.56151325,9.83E-02,0,6.95011394444444,-0.74,100,0,3744.6,60,0.0448,0
2/2/20 20:19,269.75,269.708333333333,0,0,4730.9,20.35,0,0,1.5,0,804.836693888889,0,0,-2126.85685722222,59.5059245,9.78E-02,0,6.94815217777778,-0.74,100,0,3744.6,60,0.0448,0
2/2/20 20:24,269.833333333333,269.791666666667,0,0,4730.9,20.35,0,0,1.5,0,804.898972777778,0,0,-2127.03595222222,59.5380245,9.82E-02,0,6.94886836666667,-0.74,100,0,3744.6,60,0.0448,0
2/2/20 20:29,269.916666666667,269.875,0,0,4730.9,20.35,0,0,1.5,0,804.9,0,0,-2127.120905,59.561051,9.81E-02,0,6.94813163333333,-0.74,100,0,3744.6,60,0.0448,0
2/2/20 20:34,270,269.958333333333,0,0,4730.9,20.35,0,0,1.5,0,804.936693888889,0,0,-2127.72876166667,59.5059245,9.91E-02,0,6.94886836666667,-0.74,100,0,3744.6,60,0.0448,0
2/2/20 20:39,270.083333333333,270.041666666667,0,0,4730.9,20.35,0,0,1.5,0,804.998972777778,0,0,-2127.30719055556,59.5380245,9.75E-02,0,6.94886551111111,-0.74,100,0,3744.6,60,0.0448,0
2/2/20 20:44,270.166666666667,270.125,0,0,4730.9,20.35,0,0,1.5,0,805.036693888889,0,0,-2127.04314277778,59.561051,9.84E-02,0,6.95011394444444,-0.74,100,0,3744.6,60,0.0448,0
2/2/20 20:49,270.25,270.208333333333,0,0,4730.9,20.35,0,0,1.5,0,805.098972777778,0,0,-2127.120905,59.5059245,9.89E-02,0,6.94888605555556,-0.74,100,0,3744.6,60,0.0448,0
2/2/20 20:54,270.333333333333,270.291666666667,0,0,4730.9,20.35,0,0,1.5,0,805.1,0,0,-2127.98561888889,59.505,9.78E-02,0,6.94938006666667,-0.74,100,0,3744.6,60,0.0448,0
2/2/20 20:59,270.416666666667,270.375,0,0,4730.9,20.35,0,0,1.5,0,805.136693888889,0,0,-2127.74314277778,59.505,9.95E-02,0,6.9469066,-0.74,100,0,3744.6,60,0.0448,0
2/2/20 21:04,270.5,270.458333333333,0,0,4730.9,20.35,0,0,1.5,0,805.198972777778,0,0,-2127.30719055556,59.505,9.98E-02,0,6.94811394444444,-0.74,100,0,3744.6,60,0.0448,0
2/2/20 21:09,270.583333333333,270.541666666667,0,0,4730.9,20.35,0,0,1.5,0,805.2,0,0,-2127.3,59.505,9.89E-02,0,6.94688605555556,-0.74,100,0,3744.6,60,0.0448,0
2/2/20 21:14,270.666666666667,270.625,0,0,4730.9,20.35,0,0,1.5,0,805.236693888889,0,0,-2127.81371444444,59.505,9.97E-02,0,6.94884782222222,-0.74,100,0,3744.6,60,0.0448,0
2/2/20 21:19,270.75,270.708333333333,0,0,4730.9,20.35,0,0,1.5,0,805.298972777778,0,0,-2128.42876166667,59.5380245,9.85E-02,0,6.94849857222222,-0.74,100,0,3744.6,60,0.0448,0
2/2/20 21:24,270.833333333333,270.791666666667,0,0,4730.9,20.35,0,0,1.5,0,805.3,0,0,-2127.75033333333,59.5940755,0.097325375,0,6.94949115555556,-0.74,100,0,3744.6,60,0.0448,0
2/2/20 21:29,270.916666666667,270.875,0,0,4730.9,20.35,0,0,1.5,0,805.336693888889,0,0,-2127.30719055556,59.595,0.100748333333333,0,6.94887578333333,-0.74,100,0,3744.6,60,0.0448,0
2/2/20 21:34,271,270.958333333333,0,0,4730.9,20.35,0,0,1.5,0,805.398972777778,0,0,-2127.3,59.595,0.100945883333333,0,6.95011394444444,-0.74,100,0,3744.6,60,0.0448,0
2/2/20 21:39,271.083333333333,271.041666666667,0,0,4730.9,20.35,0,0,1.5,0,805.4,0,0,-2127.55685722222,59.595,9.90E-02,0,6.94888605555556,-0.74,100,0,3744.6,60,0.0448,0
2/2/20 21:44,271.166666666667,271.125,0,0,4730.9,20.35,0,0,1.5,0,805.436693888889,0,0,-2127.73595222222,59.5619755,1.00E-01,0,6.94938006666667,-0.74,100,0,3744.6,60,0.0448,0
2/2/20 21:49,271.25,271.208333333333,0,0,4730.9,20.35,0,0,1.5,0,805.498972777778,0,0,-2127.30719055556,59.538949,9.79E-02,0,6.94727353888889,-0.74,100,0,3744.6,60,0.0448,0
2/2/20 21:54,271.333333333333,271.291666666667,0,0,4730.9,20.35,0,0,1.5,0,805.536693888889,0,0,-2127.55685722222,59.5940755,9.92E-02,0,6.94947061111111,-0.74,100,0,3744.6,60,0.0448,0
2/2/20 21:59,271.416666666667,271.375,0,0,4730.9,20.35,0,0,1.5,0,805.598972777778,0,0,-2127.99280944444,59.595,9.99E-02,0,6.94850884444445,-0.74,100,0,3744.6,60,0.0448,0
2/2/20 22:04,271.5,271.458333333333,0,0,4730.9,20.35,0,0,1.5,0,805.6,0,0,-2127.74314277778,59.595,9.83E-02,0,6.94949115555556,-0.74,100,0,3744.6,60,0.0448,0
2/2/20 22:09,271.583333333333,271.541666666667,0,0,4730.9,20.35,0,0,1.5,0,805.636693888889,0,0,-2127.56404777778,59.595,9.79E-02,0,6.94887578333333,-0.74,100,0,3744.6,60,0.0448,0
2/2/20 22:14,271.666666666667,271.625,0,0,4730.9,20.35,0,0,1.5,0,805.698972777778,0,0,-2127.99280944444,59.6335285833333,9.87E-02,0,6.94974700555555,-0.74,100,0,3744.6,60,0.0448,0
2/2/20 22:19,271.75,271.708333333333,0,0,4730.9,20.35,0,0,1.5,0,805.7,0,0,-2128,59.6603928333333,9.75E-02,0,6.94752938888889,-0.74,100,0,3744.6,60,0.0448,0
2/2/20 22:24,271.833333333333,271.791666666667,0,0,4730.9,20.35,0,0,1.5,0,805.736693888889,0,0,-2128,59.5630540833333,9.82E-02,0,6.94849115555556,-0.74,100,0,3744.6,60,0.0448,0
2/2/20 22:29,271.916666666667,271.875,0,0,4730.9,20.35,0,0,1.5,0,805.798972777778,0,0,-2128.25685722222,59.538949,0.100029863888889,0,6.94750884444445,-0.74,100,0,3744.6,60,0.0448,0
2/2/20 22:34,272,271.958333333333,0,0,4730.9,20.35,0,0,1.5,0,805.8,0,0,-2128.69280944444,59.5940755,0.101535,0,6.94885809444444,-0.74,100,0,3744.6,60,0.0448,0
2/2/20 22:39,272.083333333333,272.041666666667,0,0,4730.9,20.35,0,0,1.5,0,805.836693888889,0,0,-2128.95685722222,59.5619755,0.101016836111111,0,6.94886551111111,-0.74,100,0,3744.6,60,0.0448,0
2/2/20 22:44,272.166666666667,272.125,0,0,4730.9,20.35,0,0,1.5,0,805.898972777778,0,0,-2129.13595222222,59.538949,9.71E-02,0,6.95011394444444,-0.74,100,0,3744.6,60,0.0448,0
2/2/20 22:49,272.25,272.208333333333,0,0,4730.9,20.35,0,0,1.5,0,805.9,0,0,-2128.70719055556,59.5940755,9.55E-02,0,6.94888605555556,-0.74,100,0,3744.6,60,0.0448,0
2/2/20 22:54,272.333333333333,272.291666666667,0,0,4730.9,20.35,0,0,1.5,0,805.936693888889,0,0,-2128.44314277778,59.595,9.77E-02,0,6.94938006666667,-0.74,100,0,3744.6,60,0.0448,0
2/2/20 22:59,272.416666666667,272.375,0,0,4730.9,20.35,0,0,1.5,0,805.998972777778,0,0,-2128.26404777778,59.595,9.84E-02,0,6.9469066,-0.74,100,0,3744.6,60,0.0448,0
2/2/20 23:04,272.5,272.458333333333,0,0,4730.9,20.35,0,0,1.5,0,806.036693888889,0,0,-2128.69280944444,59.595,9.82E-02,0,6.94811394444444,-0.74,100,0,3744.6,60,0.0448,0
2/2/20 23:09,272.583333333333,272.541666666667,0,0,4730.9,20.35,0,0,1.5,0,806.098972777778,0,0,-2128.7,59.595,9.91E-02,0,6.94688605555556,-0.74,100,0,3744.6,60,0.0448,0
2/2/20 23:14,272.666666666667,272.625,0,0,4730.9,20.35,0,0,1.5,0,806.1,0,0,-2128.95685722222,59.595,9.78E-02,0,6.94848088333333,-0.74,100,0,3744.6,60,0.0448,0
2/2/20 23:19,272.75,272.708333333333,0,0,4730.9,20.35,0,0,1.5,0,806.136693888889,0,0,-2129.39280944444,59.595,0.0979883,0,6.94787578333333,-0.74,100,0,3744.6,60,0.0448,0
2/2/20 23:24,272.833333333333,272.791666666667,0,0,4730.9,20.35,0,0,1.53669388888889,0,806.198972777778,0,0,-2129.4,59.5619755,9.95E-02,0,6.94948088333333,-0.74,100,0,3744.6,60,0.0448,0
2/2/20 23:29,272.916666666667,272.875,0,0,4730.9,20.35,0,0,1.59897277777778,0,806.2,0,0,-2129.4,59.538949,9.78E-02,0,6.94887578333333,-0.74,100,0,3744.6,60,0.0448,0
2/2/20 23:34,273,272.958333333333,0,0,4730.9,20.35,0,0,1.6,0,806.236693888889,0,0,-2129.4,59.5940755,9.70E-02,0,6.95048088333333,-0.74,100,0,3744.6,60,0.0448,0
2/2/20 23:39,273.083333333333,273.041666666667,0,0,4730.9,20.35,0,0,1.6,0,806.298972777778,0,0,-2129.65685722222,59.595,9.66E-02,0,6.94877496666667,-0.74,100,0,3744.6,60,0.0448,0
2/2/20 23:44,273.166666666667,273.125,0,0,4730.9,20.35,0,0,1.6,0,806.3,0,0,-2130.09280944444,59.5894959166667,9.75E-02,0,6.9485117,-0.74,100,0,3744.6,60,0.0448,0
2/2/20 23:49,273.25,273.208333333333,0,0,4730.9,20.35,0,0,1.6,0,806.336693888889,0,0,-2130.1,59.5856581666667,9.86E-02,0,6.94750884444445,-0.74,100,0,3744.6,60,0.0448,0
2/2/20 23:54,273.333333333333,273.291666666667,0,0,4730.9,20.35,0,0,1.6,0,806.398972777778,0,0,-2130.1,59.5783336666667,9.97E-02,0,6.94885809444444,-0.74,100,0,3744.6,60,0.0448,0
2/2/20 23:59,273.416666666667,273.375,0,0,4730.9,20.35,0,0,1.6,0,806.4,0,0,-2130.1,59.5669745,9.89E-02,0,6.94739775555556,-0.74,100,0,3744.6,60,0.0448,0
2/3/20 0:04,273.5,273.458333333333,0,0,4730.9,20.35,0,0,1.6,0,806.436571982281,0,0,-2130.1,59.59453775,9.88E-02,0,6.94798972777778,-0.74,100,0,3744.6,60,0.0448,0
2/3/20 0:09,273.583333333333,273.541666666667,0,0,4730.9,20.35,0,0,1.6,0,806.498928017719,0,0,-2129.84513777778,59.595,9.86E-02,0,6.948,-0.74,100,0,3744.6,60,0.0448,0
2/3/20 0:14,273.666666666667,273.625,0,0,4730.9,20.35,0,0,1.6,0,806.536408888889,0,0,-2129.66239111111,59.562232,0.100467733333333,0,6.94763591111111,-0.74,100,0,3744.6,60,0.0448,0
2/3/20 0:19,273.75,273.708333333333,0,0,4730.9,20.35,0,0,1.6,0,806.598924444444,0,0,-2129.83760888889,59.538736,0.100135911111111,0,6.94737484444445,-0.74,100,0,3744.6,60,0.0448,0
2/3/20 0:24,273.833333333333,273.791666666667,0,0,4730.9,20.35,0,0,1.6,0,806.6,0,0,-2129.66239111111,59.594032,9.95E-02,0,6.94798924444444,-0.74,100,0,3744.6,60,0.0448,0
2/3/20 0:29,273.916666666667,273.875,0,0,4730.9,20.35,0,0,1.6,0,806.636408888889,0,0,-2130.34733333333,59.562232,9.90E-02,0,6.948,-0.74,100,0,3744.6,60,0.0448,0
2/3/20 0:34,274,273.958333333333,0,0,4730.9,20.35,0,0,1.6,0,806.698924444445,0,0,-2130.79247111111,59.5332746666667,9.80E-02,0,6.948,-0.74,100,0,3744.6,60,0.0448,0
2/3/20 0:39,274.083333333333,274.041666666667,0,0,4730.9,20.35,0,0,1.6,0,806.7,0,0,-2131.05486222222,59.5846546666667,9.78E-02,0,6.948,-0.74,100,0,3744.6,59.9617706666667,0.0448,0
2/3/20 0:44,274.166666666667,274.125,0,0,4730.9,20.35,0,0,1.6,0,806.736408888889,0,0,-2130.98274666667,59.5948386666667,9.66E-02,0,6.948,-0.74,100,0,3744.6,59.9343586666667,0.0448,0
2/3/20 0:49,274.25,274.208333333333,0,0,4730.9,20.35,0,0,1.6,0,806.798924444444,0,0,-2130.36992,59.595,9.54E-02,0,6.94872817777778,-0.74,100,0,3744.6,59.9988706666667,0.0448,0
2/3/20 0:54,274.333333333333,274.291666666667,0,0,4730.9,20.35,0,0,1.6,0,806.8,0,0,-2130.53760888889,59.595,9.71E-02,0,6.94815804444444,-0.74,100,0,3744.6,60,0.0448,0
2/3/20 0:59,274.416666666667,274.375,0,0,4730.9,20.35,0,0,1.6,0,806.836408888889,0,0,-2130.36239111111,59.595,9.90E-02,0,6.94796648888889,-0.74,100,0,3744.6,60,0.0448,0
2/3/20 1:04,274.5,274.458333333333,0,0,4730.9,20.35,0,0,1.6,0,806.898924444444,0,0,-2130.79247111111,59.595,9.86E-02,0,6.95072942222222,-0.74,100,0,3744.6,60,0.0448,0
2/3/20 1:09,274.583333333333,274.541666666667,0,0,4730.9,20.35,0,0,1.6,0,806.936408888889,0,0,-2130.8,59.595,9.89E-02,0,6.94742862222222,-0.74,100,0,3744.6,60,0.0448,0
2/3/20 1:14,274.666666666667,274.625,0,0,4730.9,20.35,0,0,1.6,0,806.998924444444,0,0,-2131.05486222222,59.595,9.94E-02,0,6.94835333333333,-0.74,100,0,3744.6,60,0.0448,0
2/3/20 1:19,274.75,274.708333333333,0,0,4730.9,20.35,0,0,1.6,0,807,0,0,-2131.23760888889,59.562232,9.74E-02,0,6.94935333333333,-0.74,100,0,3744.6,60,0.0448,0
2/3/20 1:24,274.833333333333,274.791666666667,0,0,4730.9,20.35,0,0,1.6,0,807.036408888889,0,0,-2131.06239111111,59.538736,9.72E-02,0,6.94889697777778,-0.74,100,0,3744.6,60,0.0448,0
2/3/20 1:29,274.916666666667,274.875,0,0,4730.9,20.35,0,0,1.6,0,807.098924444444,0,0,-2131.49247111111,59.4520373333333,9.69E-02,0,6.94812453333333,-0.74,100,0,3744.6,60.0109226666667,0.0448,0
2/3/20 1:34,275,274.958333333333,0,0,4730.9,20.35,0,0,1.6,0,807.1,0,0,-2131.5,59.3184213333333,9.64E-02,0,6.94887546666667,-0.74,100,0,3744.6,60.0187546666667,0.0448,0
2/3/20 1:39,275.083333333333,275.041666666667,0,0,4730.9,20.35,0,0,1.6,0,807.136408888889,0,0,-2131.5,59.5345413333333,9.74E-02,0,6.94739635555556,-0.74,100,0,3744.6,60.0003226666667,0.0448,0
2/3/20 1:44,275.166666666667,275.125,0,0,4730.9,20.35,0,0,1.6,0,807.198924444445,0,0,-2131.24513777778,59.561264,9.82E-02,0,6.94726106666667,-0.74,100,0,3744.6,60,0.0448,0
2/3/20 1:49,275.25,275.208333333333,0,0,4730.9,20.35,0,0,1.6,0,807.2,0,0,-2131.31725333333,59.538736,9.85E-02,0,6.94747786666667,-0.74,100,0,3744.6,60,0.0448,0
2/3/20 1:54,275.333333333333,275.291666666667,0,0,4730.9,20.35,0,0,1.6,0,807.236408888889,0,0,-2131.93008,59.594032,9.87E-02,0,6.94886471111111,-0.74,100,0,3744.6,60,0.0448,0
2/3/20 1:59,275.416666666667,275.375,0,0,4730.9,20.35,0,0,1.6,0,807.298924444444,0,0,-2131.50752888889,59.562232,9.77E-02,0,6.94739635555556,-0.74,100,0,3744.6,60,0.0448,0
2/3/20 2:04,275.5,275.458333333333,0,0,4730.9,20.35,0,0,1.6,0,807.3,0,0,-2131.75486222222,59.505968,9.64E-02,0,6.94798924444444,-0.74,100,0,3744.6,60,0.0448,0
2/3/20 2:09,275.583333333333,275.541666666667,0,0,4730.9,20.35,0,0,1.6,0,807.336408888889,0,0,-2132.19247111111,59.505,9.87E-02,0,6.94836408888889,-0.74,100,0,3744.6,60,0.0448,0
2/3/20 2:14,275.666666666667,275.625,0,0,4730.9,20.35,0,0,1.6,0,807.398924444444,0,0,-2132.2,59.537768,0.0996144,0,6.94862515555556,-0.74,100,0,3744.6,60,0.0448,0
2/3/20 2:19,275.75,275.708333333333,0,0,4730.9,20.35,0,0,1.6,0,807.436408888889,0,0,-2132.2,59.594032,9.86E-02,0,6.94837484444444,-0.74,100,0,3744.6,60,0.0448,0
2/3/20 2:24,275.833333333333,275.791666666667,0,0,4730.9,20.35,0,0,1.6,0,807.498924444444,0,0,-2132.45486222222,59.562232,9.75E-02,0,6.94862515555556,-0.74,100,0,3744.6,60,0.0448,0
2/3/20 2:29,275.916666666667,275.875,0,0,4730.9,20.35,0,0,1.6,0,807.5,0,0,-2132.63760888889,59.505968,9.62E-02,0,6.94801075555556,-0.74,100,0,3744.6,60,0.0448,0
2/3/20 2:34,276,275.958333333333,0,0,4730.9,20.35,0,0,1.6,0,807.536408888889,0,0,-2132.20752888889,59.505,9.66E-02,0,6.948,-0.74,100,0,3744.6,60,0.0448,0
2/3/20 2:39,276.083333333333,276.041666666667,0,0,4730.9,20.35,0,0,1.6,0,807.598924444444,0,0,-2132.2,59.505,9.85E-02,0,6.94836408888889,-0.74,100,0,3744.6,60,0.0448,0
2/3/20 2:44,276.166666666667,276.125,0,0,4730.9,20.35,0,0,1.6,0,807.6,0,0,-2132.45486222222,59.537768,9.90E-02,0,6.94789697777778,-0.74,100,0,3744.6,60,0.0448,0
2/3/20 2:49,276.25,276.208333333333,0,0,4730.9,20.35,0,0,1.6,0,807.636408888889,0,0,-2132.89247111111,59.594032,9.71E-02,0,6.94676044444444,-0.74,100,0,3744.6,60,0.0448,0
2/3/20 2:54,276.333333333333,276.291666666667,0,0,4730.9,20.35,0,0,1.6,0,807.698924444445,0,0,-2132.9,59.595,0.094081880546327,0,6.94797848888889,-0.74,100,0,3744.6,60,0.0448,0
2/3/20 2:59,276.416666666667,276.375,0,0,4730.9,20.35,0,0,1.6,0,807.7,0,0,-2132.9,59.58958125,9.73E-02,0,6.948,-0.74,100,0,3744.6,60,0.0448,0
2/3/20 3:04,276.5,276.458333333333,0,0,4730.9,20.35,0,0,1.6,0,807.736125,0,0,-2132.9,59.553075,0.096644375,0,6.948,-0.74,100,0,3744.6,60,0.0448,0
2/3/20 3:09,276.583333333333,276.541666666667,0,0,4730.9,20.35,0,0,1.6,0,807.798875,0,0,-2132.9,59.50584375,0.097095,0,6.948,-0.74,100,0,3744.6,60,0.0448,0
2/3/20 3:14,276.666666666667,276.625,0,0,4730.9,20.35,0,0,1.6,0,807.8,0,0,-2133.152875,59.5375125,0.09716,0,6.9472775,-0.74,100,0,3744.6,60,0.0448,0
2/3/20 3:19,276.75,276.708333333333,0,0,4730.9,20.35,0,0,1.6,0,807.836125,0,0,-2133.33925,59.56689375,0.095681875,0,6.94710625,-0.74,100,0,3744.6,60,0.0448,0
2/3/20 3:24,276.833333333333,276.791666666667,0,0,4730.9,20.35,0,0,1.6,0,807.898875,0,0,-2133.413625,59.5479375,0.098088125,0,6.9478825,-0.74,100,0,3744.6,60,0.0448,0
2/3/20 3:29,276.916666666667,276.875,0,0,4730.9,20.35,0,0,1.6,0,807.936125,0,0,-2133.7785,59.56164375,0.0978725,0,6.94820125,-0.74,100,0,3744.6,60,0.0448,0
2/3/20 3:34,277,276.958333333333,0,0,4730.9,20.35,0,0,1.6,0,807.998875,0,0,-2133.168625,59.538525,0.09704375,0,6.95012625,-0.74,100,0,3744.6,60,0.0448,0
2/3/20 3:39,277.083333333333,277.041666666667,0,0,4730.9,20.35,0,0,1.6,0,808,0,0,-2133.592125,59.561475,0.095448125,0,6.94814,-0.74,100,0,3744.6,60,0.0448,0
2/3/20 3:44,277.166666666667,277.125,0,0,4730.9,20.35,0,0,1.6,0,808.036125,0,0,-2133.6,59.538525,0.0971525,0,6.9488825,-0.74,100,0,3744.6,60,0.0448,0
2/3/20 3:49,277.25,277.208333333333,0,0,4730.9,20.35,0,0,1.6,0,808.098875,0,0,-2133.852875,59.5939875,0.097494375,0,6.94884,-0.74,100,0,3744.6,60,0.0448,0
2/3/20 3:54,277.333333333333,277.291666666667,0,0,4730.9,20.35,0,0,1.6,0,808.1,0,0,-2134.292125,59.595,0.0982225,0,6.9501375,-0.74,100,0,3744.6,60,0.0448,0
2/3/20 3:59,277.416666666667,277.375,0,0,4730.9,20.35,0,0,1.6,0,808.136125,0,0,-2134.047125,59.595,0.09911625,0,6.9488625,-0.74,100,0,3744.6,60,0.0448,0
2/3/20 4:04,277.5,277.458333333333,0,0,4730.9,20.35,0,0,1.6,0,808.198875,0,0,-2134.113625,59.595,0.097969375,0,6.949415,-0.74,100,0,3744.6,60,0.0448,0
2/3/20 4:09,277.583333333333,277.541666666667,0,0,4730.9,20.35,0,0,1.6,0,808.2,0,0,-2134.731375,59.595,0.096655625,0,6.946885,-0.74,100,0,3744.6,60,0.0448,0
2/3/20 4:14,277.666666666667,277.625,0,0,4730.9,20.35,0,0,1.6,0,808.236125,0,0,-2134.56075,59.595,0.096914375,0,6.94886,-0.74,100,0,3744.6,60,0.0448,0
2/3/20 4:19,277.75,277.708333333333,0,0,4730.9,20.35,0,0,1.6,0,808.298875,0,0,-2134.73925,59.595,0.098110625,0,6.947395,-0.74,100,0,3744.6,60,0.0448,0
2/3/20 4:24,277.833333333333,277.791666666667,0,0,4730.9,20.35,0,0,1.6,0,808.336125,0,0,-2134.307875,59.595,0.098775625,0,6.9476275,-0.74,100,0,3744.6,60,0.0448,0
2/3/20 4:29,277.916666666667,277.875,0,0,4730.9,20.35,0,0,1.6,0,808.398875,0,0,-2134.552875,59.595,0.099515625,0,6.9473725,-0.74,100,0,3744.6,60,0.0448,0
2/3/20 4:34,278,277.958333333333,0,0,4730.9,20.35,0,0,1.6,0,808.4,0,0,-2134.992125,59.5624875,0.0977675,0,6.9476275,-0.74,100,0,3744.6,60,0.0448,0
2/3/20 4:39,278.083333333333,278.041666666667,0,0,4730.9,20.35,0,0,1.6,0,808.436125,0,0,-2135,59.538525,0.099519375,0,6.9473725,-0.74,100,0,3744.6,60,0.0448,0
2/3/20 4:44,278.166666666667,278.125,0,0,4730.9,20.35,0,0,1.6,0,808.498875,0,0,-2135,59.5939875,0.09921875,0,6.9476275,-0.74,100,0,3744.6,60,0.0448,0
2/3/20 4:49,278.25,278.208333333333,0,0,4730.9,20.35,0,0,1.6,0,808.5,0,0,-2135,59.595,0.097400625,0,6.9473725,-0.74,100,0,3744.6,60,0.0448,0
2/3/20 4:54,278.333333333333,278.291666666667,0,0,4730.9,20.35,0,0,1.6,0,808.536125,0,0,-2135,59.595,0.097446875,0,6.9476275,-0.74,100,0,3744.6,60,0.0448,0
2/3/20 4:59,278.416666666667,278.375,0,0,4730.9,20.35,0,0,1.6,0,808.598875,0,0,-2135,59.595,0.09705875,0,6.9473725,-0.74,100,0,3744.6,60,0.0448,0
2/3/20 5:04,278.5,278.458333333333,0,0,4730.9,20.35,0,0,1.6,0,808.6,0,0,-2135.252875,59.595,0.09816375,0,6.9476275,-0.74,100,0,3744.6,60,0.0448,0
2/3/20 5:09,278.583333333333,278.541666666667,0,0,4730.9,20.35,0,0,1.6,0,808.636125,0,0,-2135.186375,59.595,0.099216875,0,6.948095,-0.74,100,0,3744.6,60,0.0448,0
2/3/20 5:14,278.666666666667,278.625,0,0,4730.9,20.35,0,0,1.6,0,808.698875,0,0,-2134.8215,59.595,0.10011625,0,6.9488825,-0.74,100,0,3744.6,60,0.0448,0
2/3/20 5:19,278.75,278.708333333333,0,0,4730.9,20.35,0,0,1.6,0,808.7,0,0,-2135.68425,59.595,0.098608125,0,6.947395,-0.74,100,0,3744.6,60,0.0448,0
2/3/20 5:24,278.833333333333,278.791666666667,0,0,4730.9,20.35,0,0,1.6,0,808.736125,0,0,-2135.7,59.595,0.09720875,0,6.9476275,-0.74,100,0,3744.6,60,0.047112,0
2/3/20 5:29,278.916666666667,278.875,0,0,4730.9,20.35,0,0,1.6,0,808.798875,0,0,-2136.20575,59.595,0.097494375,0,6.9473725,-0.74,100,0,3744.6,60,0.048816,0
2/3/20 5:34,279,278.958333333333,0,0,4730.9,20.35,0,0,1.6,0,808.836125,0,0,-2136.5785,59.595,0.098041875,0,6.94835,-0.74,100,0,3744.6,60,0.044872,0
2/3/20 5:39,279.083333333333,279.041666666667,0,0,4730.9,20.35,0,0,1.6,0,808.898875,0,0,-2135.968625,59.595,0.098621875,0,6.9486275,-0.74,100,0,3744.6,60,0.0448,0
2/3/20 5:44,279.166666666667,279.125,0,0,4730.9,20.35,0,0,1.6,0,808.9,0,0,-2135.88805523256,59.595,0.097651200166113,0,6.94765120016611,-0.74,100,0,3744.6,60,0.0448,0
2/3/20 5:49,279.25,279.208333333333,0,0,4730.9,20.35,0,0,1.6,0,808.935842222222,0,0,-2135.26729865633,59.595,9.83E-02,0,6.94808698316722,-0.74,100,0,3744.6,60,0.0448,0
2/3/20 5:54,279.333333333333,279.291666666667,0,0,4730.9,20.35,0,0,1.6,0,808.998824444444,0,0,-2135.69177111111,59.595,9.94E-02,0,6.94888946666667,-0.74,100,0,3744.6,60,0.0448,0
2/3/20 5:59,279.416666666667,279.375,0,0,4730.9,20.35,0,0,1.6,0,809,0,0,-2135.7,59.578871,9.75E-02,0,6.94739368888889,-0.74,100,0,3744.6,60,0.0448,0
2/3/20 6:04,279.5,279.458333333333,0,0,4730.9,20.35,0,0,1.6,0,809.035842222222,0,0,-2135.95089555556,59.5344,0.0975,0,6.94798824444445,-0.74,100,0,3744.6,60,0.0448,0
2/3/20 6:09,279.583333333333,279.541666666667,0,0,4730.9,20.35,0,0,1.6,0,809.098824444444,0,0,-2136.39177111111,59.505529,9.82E-02,0,6.948,-0.74,100,0,3744.6,60,0.0448,0
2/3/20 6:14,279.666666666667,279.625,0,0,4730.9,20.35,0,0,1.6,0,809.1,0,0,-2136.14910444444,59.505,9.82E-02,0,6.948,-0.74,100,0,3744.6,60,0.0448,0
2/3/20 6:19,279.75,279.708333333333,0,0,4730.9,20.35,0,0,1.6,0,809.135842222222,0,0,-2135.95912444445,59.537258,9.68E-02,0,6.948,-0.74,100,0,3744.6,60,0.0448,0
2/3/20 6:24,279.833333333333,279.791666666667,0,0,4730.9,20.35,0,0,1.6,0,809.198824444445,0,0,-2136.39177111111,59.561684,9.78E-02,0,6.94764157777778,-0.74,100,0,3744.6,60,0.0448,0
2/3/20 6:29,279.916666666667,279.875,0,0,4730.9,20.35,0,0,1.6,0,809.2,0,0,-2136.65089555556,59.506058,0.100194044444444,0,6.94737017777778,-0.74,100,0,3744.6,60,4.71E-02,0
2/3/20 6:34,280,279.958333333333,0,0,4730.9,20.35,0,0,1.6,0,809.235842222222,0,0,-2136.84087555556,59.505,0.102582088888889,0,6.94762982222222,-0.74,100,0,3744.6,60,5.11E-02,0
2/3/20 6:39,280.083333333333,280.041666666667,0,0,4730.9,20.35,0,0,1.6,0,809.298824444444,0,0,-2136.65912444444,59.505,9.80E-02,0,6.9477286,-0.74,100,0,3744.6,60,0.0512,0
2/3/20 6:44,280.166666666667,280.125,0,0,4730.9,20.35,0,0,1.6,0,809.335842222222,0,0,-2136.84087555556,59.505,9.76E-02,0,6.94825964444444,-0.74,100,0,3744.6,60,0.0512,0
2/3/20 6:49,280.25,280.208333333333,0,0,4730.9,20.35,0,0,1.6,0,809.398824444444,0,0,-2136.40822888889,59.505,9.87E-02,0,6.94702351111111,-0.74,100,0,3744.6,60,4.89E-02,0
2/3/20 6:54,280.333333333333,280.291666666667,0,0,4730.9,20.35,0,0,1.6,0,809.4,0,0,-2136.65089555556,59.505,0.100069388888889,0,6.94807526666667,-0.74,100,0,3744.6,60,4.72E-02,0
2/3/20 6:59,280.416666666667,280.375,0,0,4730.9,20.35,0,0,1.6,0,809.435842222222,0,0,-2136.58998,59.505,9.95E-02,0,6.94924788888889,-0.74,100,0,3744.6,60,5.11E-02,0
2/3/20 7:04,280.5,280.458333333333,0,0,4730.9,20.35,0,0,1.6,0,809.498824444444,0,0,-2135.96735333333,59.505,9.63E-02,0,6.94802351111111,-0.74,100,0,3744.6,60,4.89E-02,0
2/3/20 7:09,280.583333333333,280.541666666667,0,0,4730.9,20.35,0,0,1.6,0,809.5,0,0,-2136.39177111111,59.505,9.83E-02,0,6.948,-0.74,100,0,3744.6,60,4.72E-02,0
2/3/20 7:14,280.666666666667,280.625,0,0,4730.9,20.35,0,0,1.6,0,809.535842222222,0,0,-2136.4,59.505,9.78E-02,0,6.94764157777778,-0.74,100,0,3744.6,60,5.11E-02,0
2/3/20 7:19,280.75,280.708333333333,0,0,4730.9,20.35,0,0,1.6,0,809.598824444444,0,0,-2136.65089555556,59.505,0.0978643,0,6.94701175555556,-0.74,100,0,3744.6,60,0.0512,0
2/3/20 7:24,280.833333333333,280.791666666667,0,0,4730.9,20.35,0,0,1.6,0,809.6,0,0,-2136.84087555556,59.505,9.88E-02,0,6.94735842222222,-0.74,100,0,3744.6,60,0.0512,0
2/3/20 7:29,280.916666666667,280.875,0,0,4730.9,20.35,0,0,1.6,0,809.635842222222,0,0,-2136.65912444444,59.505,9.91E-02,0,6.94798824444445,-0.74,100,0,3744.6,60,0.0512,0
2/3/20 7:34,281,280.958333333333,0,0,4730.9,20.35,0,0,1.6,0,809.698824444445,0,0,-2137.09177111111,59.537258,9.78E-02,0,6.948,-0.74,100,0,3744.6,60,4.89E-02,0
2/3/20 7:39,281.083333333333,281.041666666667,0,0,4730.9,20.35,0,0,1.6,0,809.7,0,0,-2137.1,59.561684,9.56E-02,0,6.948,-0.74,100,0,3744.6,60,4.72E-02,0
2/3/20 7:44,281.166666666667,281.125,0,0,4730.9,20.35,0,0,1.6,0,809.735842222222,0,0,-2137.35089555556,59.506058,9.65E-02,0,6.94764157777778,-0.74,100,0,3744.6,60,5.11E-02,0
2/3/20 7:49,281.25,281.208333333333,0,0,4730.9,20.35,0,0,1.6,0,809.798824444444,0,0,-2137.54087555556,59.505,9.89E-02,0,6.94701175555556,-0.74,100,0,3744.6,60,0.0512,0
2/3/20 7:54,281.333333333333,281.291666666667,0,0,4730.9,20.35,0,0,1.6,0,809.835842222222,0,0,-2137.35912444444,59.505,9.66E-02,0,6.94735842222222,-0.74,100,0,3744.6,60,0.0512,0
2/3/20 7:59,281.416666666667,281.375,0,0,4730.9,20.35,0,0,1.6,0,809.898824444444,0,0,-2137.54087555556,59.505,9.88E-02,0,6.94798824444445,-0.74,100,0,3744.6,60,0.0512,0
2/3/20 8:04,281.5,281.458333333333,0,0,4730.9,20.35,0,0,1.6,0,809.9,0,0,-2137.10822888889,59.505,9.93E-02,0,6.94764157777778,-0.74,100,0,3744.6,60,0.0512,0
2/3/20 8:09,281.583333333333,281.541666666667,0,0,4730.9,20.35,0,0,1.6,0,809.935842222222,0,0,-2136.84910444444,59.505,9.79E-02,0,6.9477286,-0.74,100,0,3744.6,60,0.0512,0
2/3/20 8:14,281.666666666667,281.625,0,0,4730.9,20.35,0,0,1.6,0,809.998824444444,0,0,-2136.65912444444,59.537258,9.62E-02,0,6.94861806666667,-0.74,100,0,3744.6,60,0.0512,0
2/3/20 8:19,281.75,281.708333333333,0,0,4730.9,20.35,0,0,1.6,0,810,0,0,-2137.09177111111,59.593942,9.74E-02,0,6.9487286,-0.74,100,0,3744.6,60,0.0512,0
2/3/20 8:24,281.833333333333,281.791666666667,0,0,4730.9,20.35,0,0,1.6,0,810.035842222222,0,0,-2137.1,59.595,0.0987914,0,6.94925964444445,-0.74,100,0,3744.6,60,0.0512,0
2/3/20 8:29,281.916666666667,281.875,0,0,4730.9,20.35,0,0,1.6,0,810.098824444444,0,0,-2137.1,59.595,9.76E-02,0,6.94802351111111,-0.74,100,0,3744.6,60,0.0512,0
2/3/20 8:34,282,281.958333333333,0,0,4730.9,20.35,0,0,1.6,0,810.1,0,0,-2136.84910444444,59.562742,9.67E-02,0,6.94764157777778,-0.74,100,0,3744.6,60,0.0512,0
2/3/20 8:39,282.083333333333,282.041666666667,0,0,4730.9,20.35,0,0,1.6,0,810.135842222222,0,0,-2136.65912444444,59.538316,9.87E-02,0,6.94808702222222,-0.74,100,0,3744.6,60,0.0512,0
2/3/20 8:44,282.166666666667,282.125,0,0,4730.9,20.35,0,0,1.6,0,810.198824444445,0,0,-2137.09177111111,59.561684,9.94E-02,0,6.94924788888889,-0.74,100,0,3744.6,60,0.0512,0
2/3/20 8:49,282.25,282.208333333333,0,0,4730.9,20.35,0,0,1.6,0,810.235842222222,0,0,-2136.84910444444,59.538316,9.82E-02,0,6.94874035555556,-0.74,100,0,3744.6,60,0.0512,0
2/3/20 8:54,282.333333333333,282.291666666667,0,0,4730.9,20.35,0,0,1.6,0,810.298824444444,0,0,-2136.40822888889,59.593942,0.0966157,0,6.94890122222222,-0.74,100,0,3744.6,60,0.0512,0
2/3/20 8:59,282.416666666667,282.375,0,0,4730.9,20.35,0,0,1.6,0,810.3,0,0,-2136.4,59.595,9.63E-02,0,6.94775211111111,-0.74,100,0,3744.6,60,0.0512,0
2/3/20 9:04,282.5,282.458333333333,0,0,4730.9,20.35,0,0,1.6,0,810.335842222222,0,0,-2136.4,59.562742,9.83E-02,0,6.94790122222222,-0.74,100,0,3744.6,60,0.0512,0
2/3/20 9:09,282.583333333333,282.541666666667,0,0,4730.9,20.35,0,0,1.6,0,810.398824444444,0,0,-2136.14910444444,59.5329396666667,9.76E-02,0,6.9481858,-0.74,100,0,3744.6,60,0.0512,0
2/3/20 9:14,282.666666666667,282.625,0,0,4730.9,20.35,0,0,1.6,0,810.4,0,0,-2135.95912444445,59.5844946666667,9.79E-02,0,6.94942051111111,-0.74,100,0,3744.6,60,0.0512,0
2/3/20 9:19,282.75,282.708333333333,0,0,4730.9,20.35,0,0,1.6,0,810.435842222222,0,0,-2136.39177111111,59.5948236666667,9.96E-02,0,6.9468744,-0.74,100,0,3744.6,60,5.35E-02,0
2/3/20 9:24,282.833333333333,282.791666666667,0,0,4730.9,20.35,0,0,1.6,0,810.498824444444,0,0,-2136.65089555556,59.595,9.86E-02,0,6.94814911111111,-0.74,100,0,3744.6,60,5.75E-02,0
2/3/20 9:29,282.916666666667,282.875,0,0,4730.9,20.35,0,0,1.6,0,810.5,0,0,-2137.09177111111,59.595,9.69E-02,0,6.94756773333333,-0.74,100,0,3744.6,60,0.0576,0
2/3/20 9:34,283,282.958333333333,0,0,4730.9,20.35,0,0,1.6,0,810.535842222222,0,0,-2136.84910444444,59.595,9.85E-02,0,6.9501256,-0.74,100,0,3744.6,60,0.0576,0
2/3/20 9:39,283.083333333333,283.041666666667,0,0,4730.9,20.35,0,0,1.6,0,810.598824444444,0,0,-2136.65912444444,59.595,9.87E-02,0,6.94813404444444,-0.74,100,0,3744.6,60,0.0576,0
2/3/20 9:44,283.166666666667,283.125,0,0,4730.9,20.35,0,0,1.6,0,810.6,0,0,-2136.58998,59.595,9.83E-02,0,6.94888946666667,-0.74,100,0,3744.6,60,0.0576,0
2/3/20 9:49,283.25,283.208333333333,0,0,4730.9,20.35,0,0,1.6,0,810.635842222222,0,0,-2135.71645777778,59.595,9.79E-02,0,6.94739368888889,-0.74,100,0,3744.6,60,0.0576,0
2/3/20 9:54,283.333333333333,283.291666666667,0,0,4730.9,20.35,0,0,1.6,0,810.698824444445,0,0,-2136.20179111111,59.595,9.96E-02,0,6.94762982222222,-0.74,100,0,3744.6,60,0.0576,0
2/3/20 9:59,283.416666666667,283.375,0,0,4730.9,20.35,0,0,1.6,0,810.735842222222,0,0,-2137.08354222222,59.595,9.87E-02,0,6.94808702222222,-0.74,100,0,3744.6,60,0.0576,0
2/3/20 10:04,283.5,283.458333333333,0,0,4730.9,20.35,0,0,1.6,0,810.798824444444,0,0,-2137.1,59.562742,9.71E-02,0,6.94924788888889,-0.74,100,0,3744.6,60,0.0576,0
2/3/20 10:09,283.583333333333,283.541666666667,0,0,4730.9,20.35,0,0,1.6,0,810.8,0,0,-2137.60179111111,59.538316,9.89E-02,0,6.94874035555556,-0.74,100,0,3744.6,60,0.0576,0
2/3/20 10:14,283.666666666667,283.625,0,0,4730.9,20.35,0,0,1.6,0,810.835842222222,0,0,-2138.23264666667,59.561684,9.94E-02,0,6.94818437777778,-0.74,100,0,3744.6,60,0.0576,0
2/3/20 10:19,283.75,283.708333333333,0,0,4730.9,20.35,0,0,1.6,0,810.898824444444,0,0,-2138.05912444444,59.538316,0.0980729,0,6.94685088888889,-0.74,100,0,3744.6,60,0.0576,0
2/3/20 10:24,283.833333333333,283.791666666667,0,0,4730.9,20.35,0,0,1.6,0,810.9,0,0,-2138.24087555556,59.561684,9.88E-02,0,6.94886595555556,-0.74,100,0,3744.6,60,0.0576,0
2/3/20 10:29,283.916666666667,283.875,0,0,4730.9,20.35,0,0,1.6,0,810.935842222222,0,0,-2137.80822888889,59.506058,9.92E-02,0,6.94882737777778,-0.74,100,0,3744.6,60,0.0576,0
2/3/20 10:34,284,283.958333333333,0,0,4730.9,20.35,0,0,1.6,0,810.998824444444,0,0,-2137.8,59.505,0.100118066666667,0,6.94943226666667,-0.74,100,0,3744.6,60,0.0576,0
2/3/20 10:39,284.083333333333,284.041666666667,0,0,4730.9,20.35,0,0,1.6,0,811,0,0,-2137.8,59.537258,0.0986157,0,6.9468744,-0.74,100,0,3744.6,60,0.0576,0
2/3/20 10:44,284.166666666667,284.125,0,0,4730.9,20.35,0,0,1.6,0,811.035842222222,0,0,-2137.8,59.593942,9.70E-02,0,6.94886595555556,-0.74,100,0,3744.6,60,0.0576,0
2/3/20 10:49,284.25,284.208333333333,0,0,4730.9,20.35,0,0,1.6,0,811.098824444444,0,0,-2138.05089555556,59.562742,9.83E-02,0,6.94775211111111,-0.74,100,0,3744.6,60,0.0576,0
2/3/20 10:54,284.333333333333,284.291666666667,0,0,4730.9,20.35,0,0,1.6,0,811.1,0,0,-2138.49177111111,59.506058,9.94E-02,0,6.94825964444444,-0.74,100,0,3744.6,60,0.0576,0
2/3/20 10:59,284.416666666667,284.375,0,0,4730.9,20.35,0,0,1.6,0,811.135842222222,0,0,-2138.5,59.505,9.79E-02,0,6.94809877777778,-0.74,100,0,3744.6,60,0.0576,0
2/3/20 11:04,284.5,284.458333333333,0,0,4730.9,20.35,0,0,1.6,0,811.198824444445,0,0,-2138.5,59.521129,9.76E-02,0,6.94888946666667,-0.74,100,0,3744.6,60,0.0576,0
2/3/20 11:09,284.583333333333,284.541666666667,0,0,4730.9,20.35,0,0,1.6,0,811.235842222222,0,0,-2138.75089555556,59.533342,9.64E-02,0,6.94811053333333,-0.74,100,0,3744.6,60,0.0576,0
2/3/20 11:14,284.666666666667,284.625,0,0,4730.9,20.35,0,0,1.6,0,811.298824444444,0,0,-2138.94087555556,59.537787,9.68E-02,0,6.94888946666667,-0.74,100,0,3744.6,60,0.0576,0
2/3/20 11:19,284.75,284.708333333333,0,0,4730.9,20.35,0,0,1.6,0,811.3,0,0,-2138.75912444444,59.593942,9.76E-02,0,6.94811053333333,-0.74,100,0,3744.6,60,0.0576,0
2/3/20 11:24,284.833333333333,284.791666666667,0,0,4730.9,20.35,0,0,1.6,0,811.335842222222,0,0,-2138.94087555556,59.595,9.93E-02,0,6.94853104444445,-0.74,100,0,3744.6,60,0.0576,0
2/3/20 11:29,284.916666666667,284.875,0,0,4730.9,20.35,0,0,1.6,0,811.398824444444,0,0,-2138.75912444444,59.595,9.92E-02,0,6.94748071111111,-0.74,100,0,3744.6,60,0.0576,0
2/3/20 11:34,285,284.958333333333,0,0,4730.9,20.35,0,0,1.6,0,811.4,0,0,-2139.19177111111,59.562742,9.88E-02,0,6.94887771111111,-0.74,100,0,3744.6,60,0.0576,0
2/3/20 11:39,285.083333333333,285.041666666667,0,0,4730.9,20.35,0,0,1.6,0,811.435842222222,0,0,-2139.2,59.538316,9.81E-02,0,6.94846895555555,-0.74,100,0,3744.6,60,0.0576,0
2/3/20 11:44,285.166666666667,285.125,0,0,4730.9,20.35,0,0,1.6,0,811.498824444444,0,0,-2139.45089555556,59.593942,9.75E-02,0,6.94916086666667,-0.74,100,0,3744.6,60,0.0576,0
2/3/20 11:49,285.25,285.208333333333,0,0,4730.9,20.35,0,0,1.6,0,811.5,0,0,-2139.89177111111,59.562742,9.70E-02,0,6.94785088888889,-0.74,100,0,3744.6,60,0.0576,0
2/3/20 11:54,285.333333333333,285.291666666667,0,0,4730.9,20.35,0,0,1.6,0,811.535842222222,0,0,-2140.15089555556,59.506058,0.0997185,0,6.94879068888889,-0.74,100,0,3744.6,60,0.0576,0
2/3/20 11:59,285.416666666667,285.375,0,0,4730.9,20.35,0,0,1.6,0,811.598824444444,0,0,-2141.09356222222,59.5103763333333,9.85E-02,0,6.94686264444445,-0.74,100,0,3744.6,60,0.0576,0
2/3/20 12:04,285.5,285.458333333333,0,0,4730.9,20.35,0,0,1.6,0,811.635842222222,0,0,-2141.73264666667,59.5467053333333,0.0985,0,6.94886595555556,-0.74,100,0,3744.6,60,0.0576,0
2/3/20 12:09,285.583333333333,285.541666666667,0,0,4730.9,20.35,0,0,1.6,0,811.698824444445,0,0,-2141.30822888889,59.5618603333333,9.81E-02,0,6.94811053333333,-0.74,100,0,3744.6,60,5.53E-02,0
2/3/20 12:14,285.666666666667,285.625,0,0,4730.9,20.35,0,0,1.6,0,811.7,0,0,-2141.3,59.538316,9.70E-02,0,6.94853104444445,-0.74,100,0,3744.6,60,5.13E-02,0
2/3/20 12:19,285.75,285.708333333333,0,0,4730.9,20.35,0,0,1.6,0,811.735842222222,0,0,-2141.3,59.561684,9.60E-02,0,6.94676386666667,-0.74,100,0,3744.6,60,5.35E-02,0
2/3/20 12:24,285.833333333333,285.791666666667,0,0,4730.9,20.35,0,0,1.6,0,811.798824444444,0,0,-2141.3,59.699606,0.096,0,6.94905175555556,-0.74,100,0,3744.6,59.9623656666667,5.52E-02,0
2/3/20 12:29,285.916666666667,285.875,0,0,4730.9,20.35,0,0,1.6,0,811.8,0,0,-2141.3,59.9149963333333,9.65E-02,0,6.94845577777778,-0.74,100,0,3744.6,59.9338686666667,5.13E-02,0
2/3/20 12:34,286,285.958333333333,0,0,4730.9,20.35,0,0,1.6,0,811.835842222222,0,0,-2141.55089555555,59.7040556666667,9.73E-02,0,6.94623282222222,-0.74,100,0,3744.6,59.9987656666667,0.0512,0
2/3/20 12:39,286.083333333333,286.041666666667,0,0,4730.9,20.35,0,0,1.6,0,811.898824444444,0,0,-2141.99177111111,59.5924733333333,9.79E-02,0,6.94992946666667,-0.74,100,0,3744.6,60,0.0512,0
2/3/20 12:44,286.166666666667,286.125,0,0,4730.9,20.35,0,0,1.6,0,811.9,0,0,-2142,59.5110533333333,9.91E-02,0,6.94820788888889,-0.74,100,0,3744.6,60,0.0512,0
2/3/20 12:49,286.25,286.208333333333,0,0,4730.9,20.35,0,0,1.6,0,811.935842222222,0,0,-2142,59.6964733333333,9.89E-02,0,6.94649246666667,-0.74,100,0,3744.6,60,0.0512,0
2/3/20 12:54,286.333333333333,286.291666666667,0,0,4730.9,20.35,0,0,1.6,0,811.998824444444,0,0,-2142,59.6623656666667,9.86E-02,0,6.94859455555556,-0.74,100,0,3744.6,60,0.0512,0
2/3/20 12:59,286.416666666667,286.375,0,0,4730.9,20.35,0,0,1.6,0,812,0,0,-2142,59.5962343333333,9.61E-02,0,6.94801175555556,-0.74,100,0,3744.6,60,0.0512,0
2/3/20 13:04,286.5,286.458333333333,0,0,4730.9,20.35,0,0,1.6,0,812.035842222222,0,0,-2142.25089555556,59.595,9.58E-02,0,6.94764157777778,-0.74,100,0,3744.6,60,0.0512,0
2/3/20 13:09,286.583333333333,286.541666666667,0,0,4730.9,20.35,0,0,1.63584222222222,0,812.098824444444,0,0,-2142.69177111111,59.4874733333333,9.81E-02,0,6.94808702222222,-0.74,100,0,3744.6,60.0376343333333,0.0512,0
2/3/20 13:14,286.666666666667,286.625,0,0,4730.9,20.35,0,0,1.69882444444444,0,812.135842222222,0,0,-2142.7,59.4060533333333,9.83E-02,0,6.94888946666667,-0.74,100,0,3744.6,60.0661313333333,0.0512,0
2/3/20 13:19,286.75,286.708333333333,0,0,4730.9,20.35,0,0,1.7,0,812.198824444445,0,0,-2142.7,59.5914733333333,9.78E-02,0,6.94811053333333,-0.74,100,0,3744.6,60.0012343333333,0.0512,0
2/3/20 13:24,286.833333333333,286.791666666667,0,0,4730.9,20.35,0,0,1.7,0,812.2,0,0,-2142.7,59.595,0.0978643,0,6.94924788888889,-0.74,100,0,3744.6,60,0.0512,0
2/3/20 13:29,286.916666666667,286.875,0,0,4730.9,20.35,0,0,1.7,0,812.235842222222,0,0,-2142.95089555556,59.595,9.96E-02,0,6.94802351111111,-0.74,100,0,3744.6,60,0.0512,0
2/3/20 13:34,287,286.958333333333,0,0,4730.9,20.35,0,0,1.7,0,812.298824444444,0,0,-2143.39177111111,59.595,0.100031044444444,0,6.94764157777778,-0.74,100,0,3744.6,60,0.0512,0
2/3/20 13:39,287.083333333333,287.041666666667,0,0,4730.9,20.35,0,0,1.7,0,812.3,0,0,-2143.65089555556,59.595,9.81E-02,0,6.94737017777778,-0.74,100,0,3744.6,60,0.0512,0
2/3/20 13:44,287.166666666667,287.125,0,0,4730.9,20.35,0,0,1.7,0,812.335842222222,0,0,-2143.84087555556,59.562742,9.81E-02,0,6.94798824444445,-0.74,100,0,3744.6,60,0.0512,0
2/3/20 13:49,287.25,287.208333333333,0,0,4730.9,20.35,0,0,1.7,0,812.398824444444,0,0,-2143.65912444444,59.506058,9.76E-02,0,6.94871684444445,-0.74,100,0,3744.6,60,0.0512,0
2/3/20 13:54,287.333333333333,287.291666666667,0,0,4730.9,20.35,0,0,1.7,0,812.4,0,0,-2144.09177111111,59.505,9.82E-02,0,6.94925964444445,-0.74,100,0,3744.6,60,0.0512,0
2/3/20 13:59,287.416666666667,287.375,0,0,4730.9,20.35,0,0,1.7,0,812.435842222222,0,0,-2143.84910444444,59.537258,0.0969372,0,6.94802351111111,-0.74,100,0,3744.6,60,0.0512,0
2/3/20 14:04,287.5,287.458333333333,0,0,4730.9,20.35,0,0,1.7,0,812.498824444444,0,0,-2143.65912444444,59.593942,9.81E-02,0,6.94764157777778,-0.74,100,0,3744.6,60,0.0512,0
2/3/20 14:09,287.583333333333,287.541666666667,0,0,4730.9,20.35,0,0,1.7,0,812.5,0,0,-2143.84087555556,59.595,9.88E-02,0,6.94808702222222,-0.74,100,0,3744.6,60,0.0512,0
2/3/20 14:14,287.666666666667,287.625,0,0,4730.9,20.35,0,0,1.7,0,812.535842222222,0,0,-2143.65912444444,59.595,0.1000628,0,6.94817262222222,-0.74,100,0,3744.6,60,0.0512,0
2/3/20 14:19,287.75,287.708333333333,0,0,4730.9,20.35,0,0,1.7,0,812.598824444444,0,0,-2144.09177111111,59.595,0.0987086,0,6.94685088888889,-0.74,100,0,3744.6,60,0.0512,0
2/3/20 14:24,287.833333333333,287.791666666667,0,0,4730.9,20.35,0,0,1.7,0,812.635842222222,0,0,-2144.1,59.595,9.83E-02,0,6.94850753333334,-0.74,100,0,3744.6,60,0.0512,0
2/3/20 14:29,287.916666666667,287.875,0,0,4730.9,20.35,0,0,1.7,0,812.698824444445,0,0,-2144.1,59.595,9.72E-02,0,6.94748071111111,-0.74,100,0,3744.6,60,0.0512,0
2/3/20 14:34,288,287.958333333333,0,0,4730.9,20.35,0,0,1.7,0,812.7,0,0,-2144.1,59.595,0.0987486,0,6.94887771111111,-0.74,100,0,3744.6,60,0.0512,0
2/3/20 14:39,288.083333333333,288.041666666667,0,0,4730.9,20.35,0,0,1.7,0,812.735842222222,0,0,-2144.1,59.595,9.95E-02,0,6.94811053333333,-0.74,100,0,3744.6,60,0.0512,0
2/3/20 14:44,288.166666666667,288.125,0,0,4730.9,20.35,0,0,1.7,0,812.798824444444,0,0,-2144.1,59.595,9.72E-02,0,6.94888946666667,-0.74,100,0,3744.6,60,0.0512,0
2/3/20 14:49,288.25,288.208333333333,0,0,4730.9,20.35,0,0,1.7,0,812.8,0,0,-2144.60179111111,59.595,9.70E-02,0,6.94811053333333,-0.74,100,0,3744.6,60,0.0512,0
2/3/20 14:54,288.333333333333,288.291666666667,0,0,4730.9,20.35,0,0,1.7,0,812.835842222222,0,0,-2145.23264666667,59.595,0.0970929,0,6.94924788888889,-0.74,100,0,3744.6,60,0.0512,0
2/3/20 14:59,288.416666666667,288.375,0,0,4730.9,20.35,0,0,1.7,0,812.898824444444,0,0,-2144.55733333333,59.595,9.74E-02,0,6.94838193333333,-0.74,100,0,3744.6,60,0.0512,0
2/3/20 15:04,288.5,288.458333333333,0,0,4730.9,20.35,0,0,1.7,0,812.9,0,0,-2144.35912444444,59.595,9.63E-02,0,6.94791297777778,-0.74,100,0,3744.6,60,0.0512,0
2/3/20 15:09,288.583333333333,288.541666666667,0,0,4730.9,20.35,0,0,1.7,0,812.935842222222,0,0,-2144.79177111111,59.562742,9.85E-02,0,6.94675211111111,-0.74,100,0,3744.6,60,0.0512,0
2/3/20 15:14,288.666666666667,288.625,0,0,4730.9,20.35,0,0,1.7,0,812.998824444444,0,0,-2145.0500620155,59.532850358804,0.096850773163529,0,6.94761925743817,-0.74,100,0,3744.6,60,0.0512,0
2/3/20 15:19,288.75,288.708333333333,0,0,4730.9,20.35,0,0,1.7,0,813,0,0,-2145.4914379845,59.5844167245293,9.74E-02,0,6.94736783700628,-0.74,100,0,3744.6,60,0.0512,0
2/3/20 15:24,288.833333333333,288.791666666667,0,0,4730.9,20.35,0,0,1.7,0,813.035560555555,0,0,-2145.5,59.5628114166667,9.91E-02,0,6.94869893888889,-0.74,100,0,3744.6,60,0.0512,0
2/3/20 15:29,288.916666666667,288.875,0,0,4730.9,20.35,0,0,1.7,0,813.098772777778,0,0,-2145.5,59.5061045,0.09860485,0,6.94926424444445,-0.74,100,0,3744.6,60,0.0512,0
2/3/20 15:34,289,288.958333333333,0,0,4730.9,20.35,0,0,1.7,0,813.135560555556,0,0,-2145.74892388889,59.5370045,9.72E-02,0,6.94802454444444,-0.74,100,0,3744.6,60,0.0512,0
2/3/20 15:39,289.083333333333,289.041666666667,0,0,4730.9,20.35,0,0,1.7,0,813.198772777778,0,0,-2146.44033333333,59.561891,0.098205075,0,6.948,-0.74,100,0,3744.6,60,0.0512,0
2/3/20 15:44,289.166666666667,289.125,0,0,4730.9,20.35,0,0,1.7,0,813.2,0,0,-2146.89140944444,59.5061045,9.86E-02,0,6.94764439444444,-0.74,100,0,3744.6,60,4.89E-02,0
2/3/20 15:49,289.25,289.208333333333,0,0,4730.9,20.35,0,0,1.7,0,813.235560555556,0,0,-2146.9,59.505,9.77E-02,0,6.94807908888889,-0.74,100,0,3744.6,60,4.49E-02,0
2/3/20 15:54,289.333333333333,289.291666666667,0,0,4730.9,20.35,0,0,1.7,0,813.298772777778,0,0,-2146.9,59.5370045,9.88E-02,0,6.94925197222222,-0.74,100,0,3744.6,60,4.71E-02,0
2/3/20 15:59,289.416666666667,289.375,0,0,4730.9,20.35,0,0,1.7,0,813.3,0,0,-2146.9,59.5938955,9.92E-02,0,6.94838015,-0.74,100,0,3744.6,60,5.11E-02,0
2/3/20 16:04,289.5,289.458333333333,0,0,4730.9,20.35,0,0,1.7,0,813.335560555556,0,0,-2146.9,59.5629955,9.94E-02,0,6.94827651666667,-0.74,100,0,3744.6,60,0.0512,0
2/3/20 16:09,289.583333333333,289.541666666667,0,0,4730.9,20.35,0,0,1.7,0,813.398772777778,0,0,-2146.9,59.5061045,9.77E-02,0,6.94738015,-0.74,100,0,3744.6,60,0.0512,0
2/3/20 16:14,289.666666666667,289.625,0,0,4730.9,20.35,0,0,1.7,0,813.4,0,0,-2146.9,59.5370045,9.78E-02,0,6.94763212222222,-0.74,100,0,3744.6,60,0.0512,0
2/3/20 16:19,289.75,289.708333333333,0,0,4730.9,20.35,0,0,1.7,0,813.435560555556,0,0,-2146.9,59.5672250833333,9.75E-02,0,6.94736787777778,-0.74,100,0,3744.6,60,0.0512,0
2/3/20 16:24,289.833333333333,289.791666666667,0,0,4730.9,20.35,0,0,1.7,0,813.498772777778,0,0,-2146.9,59.5155863333333,0.0975,0,6.94798772777778,-0.74,100,0,3744.6,60,0.0512,0
2/3/20 16:29,289.916666666667,289.875,0,0,4730.9,20.35,0,0,1.7,0,813.535560555555,0,0,-2147.14892388889,59.5051840833333,9.84E-02,0,6.948,-0.74,100,0,3744.6,60,0.0512,0
2/3/20 16:34,290,289.958333333333,0,0,4730.9,20.35,0,0,1.7,0,813.598772777778,0,0,-2147.59140944444,59.5370045,9.98E-02,0,6.948,-0.74,100,0,3744.6,60,0.0512,0
2/3/20 16:39,290.083333333333,290.041666666667,0,0,4730.9,20.35,0,0,1.7,0,813.6,0,0,-2147.35107611111,59.561891,9.95E-02,0,6.94871121111111,-0.74,100,0,3744.6,60,0.0512,0
2/3/20 16:44,290.166666666667,290.125,0,0,4730.9,20.35,0,0,1.7,0,813.635560555556,0,0,-2147.15751444444,59.5061045,9.91E-02,0,6.94926424444445,-0.74,100,0,3744.6,60,0.0512,0
2/3/20 16:49,290.25,290.208333333333,0,0,4730.9,20.35,0,0,1.7,0,813.698772777778,0,0,-2147.59140944444,59.505,9.85E-02,0,6.94873575555556,-0.74,100,0,3744.6,60,0.0512,0
2/3/20 16:54,290.333333333333,290.291666666667,0,0,4730.9,20.35,0,0,1.7,0,813.7,0,0,-2147.6,59.505,9.80E-02,0,6.94926424444445,-0.74,100,0,3744.6,60,0.0512,0
2/3/20 16:59,290.416666666667,290.375,0,0,4730.9,20.35,0,0,1.7,0,813.735560555556,0,0,-2147.6,59.5316704166667,9.76E-02,0,6.94873575555556,-0.74,100,0,3744.6,60,0.0512,0
2/3/20 17:04,290.5,290.458333333333,0,0,4730.9,20.35,0,0,1.7,0,813.798772777778,0,0,-2147.6,59.5790795833333,9.85E-02,0,6.94890863888889,-0.74,100,0,3744.6,60,0.0512,0
2/3/20 17:09,290.583333333333,290.541666666667,0,0,4730.9,20.35,0,0,1.7,0,813.8,0,0,-2147.6,59.5853340833333,9.78E-02,0,6.94881484444444,-0.74,100,0,3744.6,60,0.0512,0
2/3/20 17:14,290.666666666667,290.625,0,0,4730.9,20.35,0,0,1.7,0,813.835560555556,0,0,-2147.35107611111,59.5628114166667,0.09688015,0,6.95051621666667,-0.74,100,0,3744.6,60,0.0512,0
2/3/20 17:19,290.75,290.708333333333,0,0,4730.9,20.35,0,0,1.7,0,813.898772777778,0,0,-2147.15751444444,59.5061045,9.75E-02,0,6.9487603,-0.74,100,0,3744.6,60,0.0512,0
2/3/20 17:24,290.833333333333,290.791666666667,0,0,4730.9,20.35,0,0,1.7,0,813.9,0,0,-2147.34248555556,59.505,9.79E-02,0,6.94855303333333,-0.74,100,0,3744.6,60,0.0512,0
2/3/20 17:29,290.916666666667,290.875,0,0,4730.9,20.35,0,0,1.7,0,813.935560555556,0,0,-2146.90859055556,59.5370045,9.81E-02,0,6.94747151111111,-0.74,100,0,3744.6,60,0.0512,0
2/3/20 17:34,291,290.958333333333,0,0,4730.9,20.35,0,0,1.7,0,813.998772777778,0,0,-2147.14892388889,59.5938955,9.70E-02,0,6.9492397,-0.74,100,0,3744.6,60,0.0512,0
2/3/20 17:39,291.083333333333,291.041666666667,0,0,4730.9,20.35,0,0,1.7,0,814.035560555555,0,0,-2147.59140944444,59.5629955,9.66E-02,0,6.94944696666667,-0.74,100,0,3744.6,60,0.0512,0
2/3/20 17:44,291.166666666667,291.125,0,0,4730.9,20.35,0,0,1.7,0,814.098772777778,0,0,-2147.84892388889,59.538109,9.84E-02,0,6.95017288333333,-0.74,100,0,3744.6,60,0.0512,0
2/3/20 17:49,291.25,291.208333333333,0,0,4730.9,20.35,0,0,1.7,0,814.1,0,0,-2148.54033333333,59.561891,9.93E-02,0,6.94741696666667,-0.74,100,0,3744.6,60,0.0512,0
2/3/20 17:54,291.333333333333,291.291666666667,0,0,4730.9,20.35,0,0,1.7,0,814.135560555556,0,0,-2148.74248555556,59.5061045,9.82E-02,0,6.94798772777778,-0.74,100,0,3744.6,60,0.0512,0
2/3/20 17:59,291.416666666667,291.375,0,0,4730.9,20.35,0,0,1.7,0,814.198772777778,0,0,-2148.30859055555,59.5370045,9.80E-02,0,6.94871121111111,-0.74,100,0,3744.6,60,0.0512,0
2/3/20 18:04,291.5,291.458333333333,0,0,4730.9,20.35,0,0,1.7,0,814.2,0,0,-2148.3,59.561891,9.79E-02,0,6.94890863888889,-0.74,100,0,3744.6,60,0.0512,0
2/3/20 18:09,291.583333333333,291.541666666667,0,0,4730.9,20.35,0,0,1.7,0,814.235560555556,0,0,-2148.3,59.538109,0.0982247,0,6.94774802777778,-0.74,100,0,3744.6,60,0.0512,0
2/3/20 18:14,291.666666666667,291.625,0,0,4730.9,20.35,0,0,1.7,0,814.298772777778,0,0,-2148.3,59.5938955,9.80E-02,0,6.94826424444444,-0.74,100,0,3744.6,60,0.0512,0
2/3/20 18:19,291.75,291.708333333333,0,0,4730.9,20.35,0,0,1.7,0,814.3,0,0,-2148.05107611111,59.5896659166667,9.98E-02,0,6.94738015,-0.74,100,0,3744.6,60,0.0512,0
2/3/20 18:24,291.833333333333,291.791666666667,0,0,4730.9,20.35,0,0,1.7,0,814.335560555556,0,0,-2147.85751444444,59.5855181666667,0.097055225,0,6.94798772777778,-0.74,100,0,3744.6,60,0.0512,0
2/3/20 18:29,291.916666666667,291.875,0,0,4730.9,20.35,0,0,1.7,0,814.398772777778,0,0,-2148.04248555556,59.5628114166667,9.72E-02,0,6.948,-0.74,100,0,3744.6,60,0.0512,0
2/3/20 18:34,292,291.958333333333,0,0,4730.9,20.35,0,0,1.7,0,814.4,0,0,-2147.85751444444,59.5061045,9.84E-02,0,6.948,-0.74,100,0,3744.6,60,0.0512,0
2/3/20 18:39,292.083333333333,292.041666666667,0,0,4730.9,20.35,0,0,1.7,0,814.435560555556,0,0,-2147.79356166667,59.505,9.91E-02,0,6.948,-0.74,100,0,3744.6,60,0.0512,0
2/3/20 18:44,292.166666666667,292.125,0,0,4730.9,20.35,0,0,1.7,0,814.498772777778,0,0,-2147.166105,59.5370045,9.86E-02,0,6.94764439444444,-0.74,100,0,3744.6,60,0.0512,0
2/3/20 18:49,292.25,292.208333333333,0,0,4730.9,20.35,0,0,1.7,0,814.535560555555,0,0,-2147.59140944444,59.561891,9.98E-02,0,6.94807908888889,-0.74,100,0,3744.6,60,0.0512,0
2/3/20 18:54,292.333333333333,292.291666666667,0,0,4730.9,20.35,0,0,1.7,0,814.598772777778,0,0,-2147.6,59.5061045,9.80E-02,0,6.94854076111111,-0.74,100,0,3744.6,60,0.0512,0
2/3/20 18:59,292.416666666667,292.375,0,0,4730.9,20.35,0,0,1.7,0,814.6,0,0,-2147.6,59.505,9.72E-02,0,6.94747151111111,-0.74,100,0,3744.6,60,0.0512,0
2/3/20 19:04,292.5,292.458333333333,0,0,4730.9,20.35,0,0,1.7,0,814.635560555556,0,0,-2147.35107611111,59.505,9.86E-02,0,6.94888409444444,-0.74,100,0,3744.6,60,0.0512,0
2/3/20 19:09,292.583333333333,292.541666666667,0,0,4730.9,20.35,0,0,1.7,0,814.698772777778,0,0,-2146.90859055556,59.5370045,9.96E-02,0,6.94739242222222,-0.74,100,0,3744.6,60,0.0512,0
2/3/20 19:14,292.666666666667,292.625,0,0,4730.9,20.35,0,0,1.7,0,814.7,0,0,-2146.9,59.561891,9.89E-02,0,6.94727651666667,-0.74,100,0,3744.6,60,0.0512,0
2/3/20 19:19,292.75,292.708333333333,0,0,4730.9,20.35,0,0,1.7,0,814.735560555556,0,0,-2146.9,59.5061045,9.90E-02,0,6.94744696666667,-0.74,100,0,3744.6,60,5.35E-02,0
2/3/20 19:24,292.833333333333,292.791666666667,0,0,4730.9,20.35,0,0,1.7,0,814.798772777778,0,0,-2146.9,59.5370045,9.65E-02,0,6.9492397,-0.74,100,0,3744.6,60,5.75E-02,0
2/3/20 19:29,292.916666666667,292.875,0,0,4730.9,20.35,0,0,1.7,0,814.8,0,0,-2147.14892388889,59.561891,9.79E-02,0,6.94838015,-0.74,100,0,3744.6,60,5.53E-02,0
2/3/20 19:34,293,292.958333333333,0,0,4730.9,20.35,0,0,1.7,0,814.835560555556,0,0,-2147.59140944444,59.5061045,9.92E-02,0,6.94863212222222,-0.74,100,0,3744.6,60,5.13E-02,0
2/3/20 19:39,293.083333333333,293.041666666667,0,0,4730.9,20.35,0,0,1.7,0,814.898772777778,0,0,-2147.6,59.505,9.78E-02,0,6.94836787777778,-0.74,100,0,3744.6,60,0.0512,0
2/3/20 19:44,293.166666666667,293.125,0,0,4730.9,20.35,0,0,1.7,0,814.9,0,0,-2147.35107611111,59.5370045,9.97E-02,0,6.94863212222222,-0.74,100,0,3744.6,59.98399775,0.0512,0
2/3/20 19:49,293.25,293.208333333333,0,0,4730.9,20.35,0,0,1.7,0,814.935560555556,0,0,-2147.15751444444,59.5938955,9.97E-02,0,6.94872348333333,-0.74,100,0,3744.6,59.9715545,0.0512,0
2/3/20 19:54,293.333333333333,293.291666666667,0,0,4730.9,20.35,0,0,1.7,0,814.998772777778,0,0,-2147.34248555556,59.595,0.09736515,0,6.94890863888889,-0.74,100,0,3744.6,59.99944775,0.0512,0
2/3/20 19:59,293.416666666667,293.375,0,0,4730.9,20.35,0,0,1.7,0,815.035560555555,0,0,-2146.90859055556,59.595,9.72E-02,0,6.94810363333333,-0.74,100,0,3744.6,60,0.0512,0
2/3/20 20:04,293.5,293.458333333333,0,0,4730.9,20.35,0,0,1.7,0,815.098772777778,0,0,-2147.14892388889,59.5629955,9.78E-02,0,6.94889636666667,-0.74,100,0,3744.6,60,0.0512,0
2/3/20 20:09,293.583333333333,293.541666666667,0,0,4730.9,20.35,0,0,1.7,0,815.1,0,0,-2147.59140944444,59.5114385833333,9.80E-02,0,6.94881484444444,-0.74,100,0,3744.6,60,0.0512,0
2/3/20 20:14,293.666666666667,293.625,0,0,4730.9,20.35,0,0,1.7,0,815.135442414175,0,0,-2147.35190310078,59.5144995545404,9.67E-02,0,6.95016651818014,-0.74,100,0,3744.6,60,5.35E-02,0
2/3/20 20:19,293.75,293.708333333333,0,0,4730.9,20.35,0,0,1.7,0,815.198724252492,0,0,-2146.90893023256,59.5369433621262,0.096012757475083,0,6.94812218737542,-0.74,100,0,3744.6,60,5.75E-02,0
2/3/20 20:24,293.833333333333,293.791666666667,0,0,4730.9,20.35,0,0,1.7,0,815.2,0,0,-2147.14696,59.562096,0.0970584,0,6.9481976,-0.74,100,0,3744.6,60,0.05534208,0
2/3/20 20:29,293.916666666667,293.875,0,0,4730.9,20.35,0,0,1.7,0,815.23528,0,0,-2147.59104,59.506152,0.0989616,0,6.9475336,-0.74,100,0,3744.6,60,0.05128192,0
2/3/20 20:34,294,293.958333333333,0,0,4730.9,20.35,0,0,1.7,0,815.29872,0,0,-2147.6,59.536752,0.0984708,0,6.9504992,-0.74,100,0,3744.6,60,0.0512,0
2/3/20 20:39,294.083333333333,294.041666666667,0,0,4730.9,20.35,0,0,1.7,0,815.3,0,0,-2147.6,59.593848,0.0976956,0,6.9480512,-0.74,100,0,3744.6,60,0.0512,0
2/3/20 20:44,294.166666666667,294.125,0,0,4730.9,20.35,0,0,1.7,0,815.33528,0,0,-2147.35304,59.595,0.0985228,0,6.9476472,-0.74,100,0,3744.6,60,0.0512,0
2/3/20 20:49,294.25,294.208333333333,0,0,4730.9,20.35,0,0,1.7,0,815.39872,0,0,-2146.90896,59.563248,0.0998336,0,6.9480712,-0.74,100,0,3744.6,60,0.0512,0
2/3/20 20:54,294.333333333333,294.291666666667,0,0,4730.9,20.35,0,0,1.7,0,815.43528,0,0,-2146.9,59.506152,0.0997816,0,6.9481976,-0.74,100,0,3744.6,60,0.0512,0
2/3/20 20:59,294.416666666667,294.375,0,0,4730.9,20.35,0,0,1.7,0,815.49872,0,0,-2147.14696,59.505,0.098702,0,6.9461224,-0.74,100,0,3744.6,60,0.0512,0
2/3/20 21:04,294.5,294.458333333333,0,0,4730.9,20.35,0,0,1.7,0,815.5,0,0,-2147.838,59.505,0.0989936,0,6.9479616,-0.74,100,0,3744.6,60,0.0512,0
2/3/20 21:09,294.583333333333,294.541666666667,0,0,4730.9,20.35,0,0,1.7,0,815.53528,0,0,-2148.04408,59.536752,0.0982944,0,6.9487056,-0.74,100,0,3744.6,60,0.0512,0
2/3/20 21:14,294.666666666667,294.625,0,0,4730.9,20.35,0,0,1.7,0,815.59872,0,0,-2147.85592,59.562096,0.0970256,0,6.948916,-0.74,100,0,3744.6,60,0.0512,0
2/3/20 21:19,294.75,294.708333333333,0,0,4730.9,20.35,0,0,1.7,0,815.6,0,0,-2148.04408,59.680788,0.0973528,0,6.9473912,-0.74,100,0,3744.6,60,0.0512,0
2/3/20 21:24,294.833333333333,294.791666666667,0,0,4730.9,20.35,0,0,1.7,0,815.63528,0,0,-2147.60896,59.85078,0.0986928,0,6.9479872,-0.74,100,0,3744.6,60,0.05345792,0
2/3/20 21:29,294.916666666667,294.875,0,0,4730.9,20.35,0,0,1.7,0,815.69872,0,0,-2147.35304,59.600184,0.099798,0,6.9487056,-0.74,100,0,3744.6,60,0.05751808,0
2/3/20 21:34,295,294.958333333333,0,0,4730.9,20.35,0,0,1.7,0,815.7,0,0,-2147.40288,59.595,0.0988008,0,6.948916,-0.74,100,0,3744.6,60,0.0576,0
2/3/20 21:39,295.083333333333,295.041666666667,0,0,4730.9,20.35,0,0,1.7,0,815.73528,0,0,-2148.28208,59.595,0.0984076,0,6.9488024,-0.74,100,0,3744.6,60,0.05534208,0
2/3/20 21:44,295.166666666667,295.125,0,0,4730.9,20.35,0,0,1.7,0,815.79872,0,0,-2148.05304,59.595,0.098204,0,6.9505248,-0.74,100,0,3744.6,60,0.05128192,0
2/3/20 21:49,295.25,295.208333333333,0,0,4730.9,20.35,0,0,1.7,0,815.8,0,0,-2147.85592,59.563248,0.0961224,0,6.9480512,-0.74,100,0,3744.6,60,0.0512,0
2/3/20 21:54,295.333333333333,295.291666666667,0,0,4730.9,20.35,0,0,1.7,0,815.83528,0,0,-2148.29104,59.522028,0.0977852,0,6.948,-0.74,100,0,3744.6,60,0.0512,0
2/3/20 21:59,295.416666666667,295.375,0,0,4730.9,20.35,0,0,1.7,0,815.89872,0,0,-2148.05304,59.5653,0.0971536,0,6.948,-0.74,100,0,3744.6,60,0.05345792,0
2/3/20 22:04,295.5,295.458333333333,0,0,4730.9,20.35,0,0,1.7,0,815.93528,0,0,-2147.60896,59.594424,0.0975712,0,6.948,-0.74,100,0,3744.6,60,0.05751808,0
2/3/20 22:09,295.583333333333,295.541666666667,0,0,4730.9,20.35,0,0,1.7,0,815.99872,0,0,-2147.6,59.595,0.0982268,0,6.948,-0.74,100,0,3744.6,60,0.0576,0
2/3/20 22:14,295.666666666667,295.625,0,0,4730.9,20.35,0,0,1.7,0,816,0,0,-2147.6,59.595,0.0963976,0,6.948,-0.74,100,0,3744.6,60,0.0576,0
2/3/20 22:19,295.75,295.708333333333,0,0,4730.9,20.35,0,0,1.7,0,816.03528,0,0,-2147.6,59.595,0.0980456,0,6.9487056,-0.74,100,0,3744.6,60,0.05534208,0
2/3/20 22:24,295.833333333333,295.791666666667,0,0,4730.9,20.35,0,0,1.7,0,816.09872,0,0,-2147.6,59.632044,0.0999616,0,6.948916,-0.74,100,0,3744.6,60,0.05128192,0
2/3/20 22:29,295.916666666667,295.875,0,0,4730.9,20.35,0,0,1.7,0,816.1,0,0,-2147.35304,59.661612,0.0987652,0,6.9480968,-0.74,100,0,3744.6,60,0.05345792,0
2/3/20 22:34,296,295.958333333333,0,0,4730.9,20.35,0,0,1.7,0,816.13528,0,0,-2146.90896,59.596344,0.0968976,0,6.9489032,-0.74,100,0,3744.6,60,0.05526016,0
2/3/20 22:39,296.083333333333,296.041666666667,0,0,4730.9,20.35,0,0,1.7,0,816.19872,0,0,-2146.9,59.595,0.0983692,0,6.9480968,-0.74,100,0,3744.6,60,0.05353984,0
2/3/20 22:44,296.166666666667,296.125,0,0,4730.9,20.35,0,0,1.7,0,816.2,0,0,-2147.14696,59.595,0.0996152,0,6.9485504,-0.74,100,0,3744.6,60,0.05751808,0
2/3/20 22:49,296.25,296.208333333333,0,0,4730.9,20.35,0,0,1.7,0,816.23528,0,0,-2147.34408,59.595,0.0998948,0,6.948168,-0.74,100,0,3744.6,60,0.05534208,0
2/3/20 22:54,296.333333333333,296.291666666667,0,0,4730.9,20.35,0,0,1.7,0,816.29872,0,0,-2146.90896,59.595,0.1004096,0,6.9501592,-0.74,100,0,3744.6,60,0.05128192,0
2/3/20 22:59,296.416666666667,296.375,0,0,4730.9,20.35,0,0,1.7,0,816.3,0,0,-2146.9,59.595,0.0995968,0,6.9474168,-0.74,100,0,3744.6,60,0.0512,0
2/3/20 23:04,296.5,296.458333333333,0,0,4730.9,20.35,0,0,1.7,0,816.33528,0,0,-2146.9,59.595,0.1011088,0,6.9479872,-0.74,100,0,3744.6,60,0.0512,0
2/3/20 23:09,296.583333333333,296.541666666667,0,0,4730.9,20.35,0,0,1.7,0,816.39872,0,0,-2147.14696,59.595,0.10016,0,6.9487056,-0.74,100,0,3744.6,60,0.05345792,0
2/3/20 23:14,296.666666666667,296.625,0,0,4730.9,20.35,0,0,1.7,0,816.43528,0,0,-2147.59104,59.595,0.0996892,0,6.9492688,-0.74,100,0,3744.6,60,0.05751808,0
2/3/20 23:19,296.75,296.708333333333,0,0,4730.9,20.35,0,0,1.7,0,816.49872,0,0,-2147.35304,59.56854,0.0998172,0,6.9487312,-0.74,100,0,3744.6,60,0.0576,0
2/3/20 23:24,296.833333333333,296.791666666667,0,0,4730.9,20.35,0,0,1.7,0,816.5,0,0,-2146.90896,59.54742,0.0995064,0,6.948916,-0.74,100,0,3744.6,60,0.0576,0
2/3/20 23:29,296.916666666667,296.875,0,0,4730.9,20.35,0,0,1.7,0,816.53528,0,0,-2146.9,59.59404,0.098618,0,6.9480968,-0.74,100,0,3744.6,60,0.0576,0
2/3/20 23:34,297,296.958333333333,0,0,4730.9,20.35,0,0,1.7,0,816.59872,0,0,-2146.9,59.595,0.0972084,0,6.9481976,-0.74,100,0,3744.6,60,0.0576,0
2/3/20 23:39,297.083333333333,297.041666666667,0,0,4730.9,20.35,0,0,1.7,0,816.6,0,0,-2146.65304,59.595,0.0980228,0,6.9475336,-0.74,100,0,3744.6,60,0.0576,0
2/3/20 23:44,297.166666666667,297.125,0,0,4730.9,20.35,0,0,1.7,0,816.63528,0,0,-2146.45592,59.579124,0.0979224,0,6.9504992,-0.74,100,0,3744.6,60,0.0576,0
2/3/20 23:49,297.25,297.208333333333,0,0,4730.9,20.35,0,0,1.7,0,816.69872,0,0,-2146.89104,59.566452,0.0962148,0,6.9480512,-0.74,100,0,3744.6,60,0.0576,0
2/3/20 23:54,297.333333333333,297.291666666667,0,0,4730.9,20.35,0,0,1.7,0,816.7,0,0,-2147.14696,59.594424,0.0982576,0,6.9483528,-0.74,100,0,3744.6,60,0.0576,0
2/3/20 23:59,297.416666666667,297.375,0,0,4730.9,20.35,0,0,1.7,0,816.73528,0,0,-2147.09712,59.563248,0.1010832,0,6.94934,-0.74,100,0,3744.6,60,0.0576,0
2/4/20 0:04,297.5,297.458333333333,0,0,4730.9,20.35,0,0,1.7,0,816.79872,0,0,-2146.46488,59.537904,0.0999836,0,6.9489288,-0.74,100,0,3744.6,60,0.0576,0
2/4/20 0:09,297.583333333333,297.541666666667,0,0,4730.9,20.35,0,0,1.7,0,816.83528,0,0,-2147.138,59.593848,0.0979608,0,6.9480968,-0.74,100,0,3744.6,60,0.0576,0
2/4/20 0:14,297.666666666667,297.625,0,0,4730.9,20.35,0,0,1.7,0,816.89872,0,0,-2147.59104,59.595,0.0965676,0,6.9489032,-0.74,100,0,3744.6,60,0.05534208,0
2/4/20 0:19,297.75,297.708333333333,0,0,4730.9,20.35,0,0,1.7,0,816.9,0,0,-2147.6,59.595,0.0969516,0,6.947744,-0.74,100,0,3744.6,60,0.05128192,0
2/4/20 0:24,297.833333333333,297.791666666667,0,0,4730.9,20.35,0,0,1.7,0,816.93528,0,0,-2147.6,59.595,0.0969012,0,6.947916,-0.74,100,0,3744.6,60,0.05345792,0
2/4/20 0:29,297.916666666667,297.875,0,0,4730.9,20.35,0,0,1.7,0,816.99872,0,0,-2147.84696,59.595,0.0979388,0,6.946744,-0.74,100,0,3744.6,60,0.05526016,0
2/4/20 0:34,298,297.958333333333,0,0,4730.9,20.35,0,0,1.7,0,817,0,0,-2148.04408,59.595,0.0975484,0,6.9479744,-0.74,100,0,3744.6,60,0.05128192,0
2/4/20 0:39,298.083333333333,298.041666666667,0,0,4730.9,20.35,0,0,1.7,0,817.03528,0,0,-2148.10288,59.595,0.0979516,0,6.948,-0.74,100,0,3744.6,60,0.0512,0
2/4/20 0:44,298.166666666667,298.125,0,0,4730.9,20.35,0,0,1.7,0,817.09872,0,0,-2148.73512,59.595,0.0968428,0,6.948,-0.74,100,0,3744.6,60,0.0512,0
2/4/20 0:49,298.25,298.208333333333,0,0,4730.9,20.35,0,0,1.7,0,817.1,0,0,-2148.55592,59.595,0.0973884,0,6.948,-0.74,100,0,3744.6,60,0.0512,0
2/4/20 0:54,298.333333333333,298.291666666667,0,0,4730.9,20.35,0,0,1.7,0,817.13528,0,0,-2148.99104,59.595,0.0977332,0,6.9469416,-0.74,100,0,3744.6,60,0.0512,0
2/4/20 0:59,298.416666666667,298.375,0,0,4730.9,20.35,0,0,1.7,0,817.19872,0,0,-2149,59.595,0.0967796,0,6.947508,-0.74,100,0,3744.6,60,0.0512,0
2/4/20 1:04,298.5,298.458333333333,0,0,4730.9,20.35,0,0,1.7,0,817.2,0,0,-2149,59.595,0.0986024,0,6.9501464,-0.74,100,0,3744.6,60,0.0512,0
2/4/20 1:09,298.583333333333,298.541666666667,0,0,4730.9,20.35,0,0,1.7,0,817.23528,0,0,-2149,59.595,0.0988948,0,6.9481224,-0.74,100,0,3744.6,60,0.0512,0
2/4/20 1:14,298.666666666667,298.625,0,0,4730.9,20.35,0,0,1.7,0,817.29872,0,0,-2149,59.563248,0.0997624,0,6.9489032,-0.74,100,0,3744.6,60,0.0512,0
2/4/20 1:19,298.75,298.708333333333,0,0,4730.9,20.35,0,0,1.7,0,817.33528,0,0,-2149,59.537904,0.0972908,0,6.9480968,-0.74,100,0,3744.6,60,0.05345792,0
2/4/20 1:24,298.833333333333,298.791666666667,0,0,4730.9,20.35,0,0,1.7,0,817.39872,0,0,-2149,59.593848,0.0957504,0,6.9489032,-0.74,100,0,3744.6,60,0.05526016,0
2/4/20 1:29,298.916666666667,298.875,0,0,4730.9,20.35,0,0,1.7,0,817.4,0,0,-2149,59.595,0.0978564,0,6.9473912,-0.74,100,0,3744.6,60,0.05353984,0
2/4/20 1:34,299,298.958333333333,0,0,4730.9,20.35,0,0,1.7,0,817.43528,0,0,-2149.24696,59.595,0.098586,0,6.9479872,-0.74,100,0,3744.6,60,0.05526016,0
2/4/20 1:39,299.083333333333,299.041666666667,0,0,4730.9,20.35,0,0,1.7,0,817.49872,0,0,-2149.69104,59.595,0.0986196,0,6.9487056,-0.74,100,0,3744.6,60,0.05353984,0
2/4/20 1:44,299.166666666667,299.125,0,0,4730.9,20.35,0,0,1.7,0,817.5,0,0,-2149.7,59.595,9.99E-02,0,6.94891951627907,-0.74,100,0,3744.6,60,5.53E-02,0
2/4/20 1:49,299.25,299.208333333333,0,0,4730.9,20.35,0,0,1.7,0,817.535000555556,0,0,-2149.45499611111,59.595,9.74E-02,0,6.9480899003876,-0.74,100,0,3744.6,60,5.13E-02,0
2/4/20 1:54,299.333333333333,299.291666666667,0,0,4730.9,20.35,0,0,1.7,0,817.598666111111,0,0,-2149.25434111111,59.595,9.78E-02,0,6.94855996111111,-0.74,100,0,3744.6,60,0.0512,0
2/4/20 1:59,299.416666666667,299.375,0,0,4730.9,20.35,0,0,1.7,0,817.6,0,0,-2149.69066277778,59.595,9.73E-02,0,6.94745337777778,-0.74,100,0,3744.6,60,0.0512,0
2/4/20 2:04,299.5,299.458333333333,0,0,4730.9,20.35,0,0,1.7,0,817.635000555556,0,0,-2149.7,59.595,9.79E-02,0,6.94924663333333,-0.74,100,0,3744.6,60,5.34E-02,0
2/4/20 2:09,299.583333333333,299.541666666667,0,0,4730.9,20.35,0,0,1.7,0,817.698666111111,0,0,-2149.7,59.595,9.95E-02,0,6.94872668888889,-0.74,100,0,3744.6,60,5.53E-02,0
2/4/20 2:14,299.666666666667,299.625,0,0,4730.9,20.35,0,0,1.7,0,817.7,0,0,-2149.7,59.595,9.88E-02,0,6.94927331111111,-0.74,100,0,3744.6,60,5.13E-02,0
2/4/20 2:19,299.75,299.708333333333,0,0,4730.9,20.35,0,0,1.7,0,817.735000555555,0,0,-2149.94500388889,59.595,9.81E-02,0,6.94802667777778,-0.74,100,0,3744.6,60,5.34E-02,0
2/4/20 2:24,299.833333333333,299.791666666667,0,0,4730.9,20.35,0,0,1.7,0,817.798666111111,0,0,-2150.14565888889,59.595,0.099505,0,6.94729998888889,-0.74,100,0,3744.6,60,5.75E-02,0
2/4/20 2:29,299.916666666667,299.875,0,0,4730.9,20.35,0,0,1.7,0,817.835000555555,0,0,-2149.70933722222,59.595,9.91E-02,0,6.9474267,-0.74,100,0,3744.6,60,5.54E-02,0
2/4/20 2:34,300,299.958333333333,0,0,4730.9,20.35,0,0,1.7,0,817.898666111111,0,0,-2149.45499611111,59.595,9.64E-02,0,6.94889662777778,-0.74,100,0,3744.6,60,5.13E-02,0
2/4/20 2:39,300.083333333333,300.041666666667,0,0,4730.9,20.35,0,0,1.7,0,817.9,0,0,-2149.25434111111,59.595,9.69E-02,0,6.94809003333333,-0.74,100,0,3744.6,60,0.0512,0
2/4/20 2:44,300.166666666667,300.125,0,0,4730.9,20.35,0,0,1.7,0,817.935000555556,0,0,-2149.44565888889,59.595,9.81E-02,0,6.94890996666667,-0.74,100,0,3744.6,60,0.0512,0
2/4/20 2:49,300.25,300.208333333333,0,0,4730.9,20.35,0,0,1.7,0,817.998666111111,0,0,-2149.00933722222,59.595,9.77E-02,0,6.94809003333333,-0.74,100,0,3744.6,60,5.34E-02,0
2/4/20 2:54,300.333333333333,300.291666666667,0,0,4730.9,20.35,0,0,1.7,0,818,0,0,-2148.75499611111,59.595,0.097643325,0,6.94890996666667,-0.74,100,0,3744.6,60,5.75E-02,0
2/4/20 2:59,300.416666666667,300.375,0,0,4730.9,20.35,0,0,1.7,0,818.035000555556,0,0,-2148.30933722222,59.595,9.74E-02,0,6.94774002777778,-0.74,100,0,3744.6,60,0.0576,0
2/4/20 3:04,300.5,300.458333333333,0,0,4730.9,20.35,0,0,1.7,0,818.098666111111,0,0,-2148.3,59.595,9.83E-02,0,6.9475733,-0.74,100,0,3744.6,60,0.0576,0
2/4/20 3:09,300.583333333333,300.541666666667,0,0,4730.9,20.35,0,0,1.7,0,818.1,0,0,-2148.3,59.595,9.86E-02,0,6.94715338888889,-0.74,100,0,3744.6,60,0.0576,0
2/4/20 3:14,300.666666666667,300.625,0,0,4730.9,20.35,0,0,1.7,0,818.135000555556,0,0,-2148.3,59.595,9.78E-02,0,6.94951994444444,-0.74,100,0,3744.6,60,0.0576,0
2/4/20 3:19,300.75,300.708333333333,0,0,4730.9,20.35,0,0,1.7,0,818.198666111111,0,0,-2148.3,59.595,9.82E-02,0,6.94810337222222,-0.74,100,0,3744.6,60,0.0576,0
2/4/20 3:24,300.833333333333,300.791666666667,0,0,4730.9,20.35,0,0,1.7,0,818.235000555555,0,0,-2148.3,59.595,9.93E-02,0,6.94890996666667,-0.74,100,0,3744.6,60,0.0576,0
2/4/20 3:29,300.916666666667,300.875,0,0,4730.9,20.35,0,0,1.7,0,818.298666111111,0,0,-2148.05499611111,59.595,0.099356675,0,6.94879004444445,-0.74,100,0,3744.6,60,0.0576,0
2/4/20 3:34,301,300.958333333333,0,0,4730.9,20.35,0,0,1.7,0,818.3,0,0,-2147.85434111111,59.595,0.097711625,0,6.95018327777778,-0.74,100,0,3744.6,60,0.0576,0
2/4/20 3:39,301.083333333333,301.041666666667,0,0,4730.9,20.35,0,0,1.7,0,818.335000555555,0,0,-2148.53566666667,59.595,9.55E-02,0,6.9474167,-0.74,100,0,3744.6,60,0.0576,0
2/4/20 3:44,301.166666666667,301.125,0,0,4730.9,20.35,0,0,1.7,0,818.398666111111,0,0,-2148.74565888889,59.595,0.098226625,0,6.94763665555556,-0.74,100,0,3744.6,60.0367505833333,0.0576,0
2/4/20 3:49,301.25,301.208333333333,0,0,4730.9,20.35,0,0,1.7,0,818.4,0,0,-2148.30933722222,59.595,9.81E-02,0,6.94736334444444,-0.74,100,0,3744.6,60.0668488333333,0.0576,0
2/4/20 3:54,301.333333333333,301.291666666667,0,0,4730.9,20.35,0,0,1.7,0,818.435000555556,0,0,-2148.3,59.595,0.100659994444444,0,6.94763665555556,-0.74,100,0,3744.6,60.0014005833333,0.0576,0
2/4/20 3:59,301.416666666667,301.375,0,0,4730.9,20.35,0,0,1.7,0,818.498666111111,0,0,-2148.54500388889,59.595,0.100223294444444,0,6.94736334444444,-0.74,100,0,3744.6,60,0.0576,0
2/4/20 4:04,301.5,301.458333333333,0,0,4730.9,20.35,0,0,1.7,0,818.5,0,0,-2148.74565888889,59.595,9.67E-02,0,6.94693664444445,-0.74,100,0,3744.6,59.9632494166667,0.0576,0
2/4/20 4:09,301.583333333333,301.541666666667,0,0,4730.9,20.35,0,0,1.7,0,818.535000555556,0,0,-2148.799345,59.595,9.76E-02,0,6.94679004444445,-0.74,100,0,3744.6,59.9331511666667,0.0576,0
2/4/20 4:14,301.666666666667,301.625,0,0,4730.9,20.35,0,0,1.7,0,818.598666111111,0,0,-2149.43632166667,59.595,9.85E-02,0,6.94888328888889,-0.74,100,0,3744.6,59.9985994166667,0.0576,0
2/4/20 4:19,301.75,301.708333333333,0,0,4730.9,20.35,0,0,1.7,0,818.6,0,0,-2149.25434111111,59.6317505833333,9.61E-02,0,6.94809003333333,-0.74,100,0,3744.6,60,0.0576,0
2/4/20 4:24,301.833333333333,301.791666666667,0,0,4730.9,20.35,0,0,1.73500055555556,0,818.635000555556,0,0,-2149.44565888889,59.6618488333333,9.83E-02,0,6.94890996666667,-0.74,100,0,3744.6,60,0.0576,0
2/4/20 4:29,301.916666666667,301.875,0,0,4730.9,20.35,0,0,1.79866611111111,0,818.698666111111,0,0,-2149.499345,59.5964005833333,9.88E-02,0,6.94739002222222,-0.74,100,0,3744.6,60,0.0576,0
2/4/20 4:34,302,301.958333333333,0,0,4730.9,20.35,0,0,1.8,0,818.735000555555,0,0,-2150.13632166667,59.595,9.96E-02,0,6.94798666111111,-0.74,100,0,3744.6,60,0.0576,0
2/4/20 4:39,302.083333333333,302.041666666667,0,0,4730.9,20.35,0,0,1.8,0,818.798666111111,0,0,-2149.70933722222,59.595,0.100409966666667,0,6.94870001111111,-0.74,100,0,3744.6,60,0.0576,0
2/4/20 4:44,302.166666666667,302.125,0,0,4730.9,20.35,0,0,1.8,0,818.8,0,0,-2149.7,59.595,9.82E-02,0,6.94892330555556,-0.74,100,0,3744.6,60,0.0576,0
2/4/20 4:49,302.25,302.208333333333,0,0,4730.9,20.35,0,0,1.8,0,818.835000555555,0,0,-2149.94500388889,59.595,9.73E-02,0,6.94809003333333,-0.74,100,0,3744.6,60,0.0576,0
2/4/20 4:54,302.333333333333,302.291666666667,0,0,4730.9,20.35,0,0,1.8,0,818.898666111111,0,0,-2150.14565888889,59.595,9.75E-02,0,6.94890996666667,-0.74,100,0,3744.6,60,0.0576,0
2/4/20 4:59,302.416666666667,302.375,0,0,4730.9,20.35,0,0,1.8,0,818.9,0,0,-2150.199345,59.595,9.81E-02,0,6.94739002222222,-0.74,100,0,3744.6,60,0.0576,0
2/4/20 5:04,302.5,302.458333333333,0,0,4730.9,20.35,0,0,1.8,0,818.935000555556,0,0,-2150.83632166667,59.595,9.75E-02,0,6.94763665555556,-0.74,100,0,3744.6,60,0.0576,0
2/4/20 5:09,302.583333333333,302.541666666667,0,0,4730.9,20.35,0,0,1.8,0,818.998666111111,0,0,-2150.40933722222,59.595,9.73E-02,0,6.94806335555556,-0.74,100,0,3744.6,60,5.54E-02,0
2/4/20 5:14,302.666666666667,302.625,0,0,4730.9,20.35,0,0,1.8,0,819,0,0,-2150.15499611111,59.595,9.75E-02,0,6.94890996666667,-0.74,100,0,3744.6,60,5.35E-02,0
2/4/20 5:19,302.75,302.708333333333,0,0,4730.9,20.35,0,0,1.8,0,819.035000555556,0,0,-2149.95434111111,59.6160003333333,9.88E-02,0,6.94809003333333,-0.74,100,0,3744.6,60,5.75E-02,0
2/4/20 5:24,302.833333333333,302.791666666667,0,0,4730.9,20.35,0,0,1.8,0,819.098666111111,0,0,-2150.39066277778,59.6332691018826,0.100184346603913,0,6.94891345509413,-0.74,100,0,3744.6,60,5.54E-02,0
2/4/20 5:29,302.916666666667,302.875,0,0,4730.9,20.35,0,0,1.8,0,819.1,0,0,-2150.15694444444,59.595830564784,0.100951481173865,0,6.94808319490587,-0.74,100,0,3744.6,60,5.35E-02,0
2/4/20 5:34,303,302.958333333333,0,0,4730.9,20.35,0,0,1.8,0,819.134722222222,0,0,-2149.70972222222,59.595,9.97E-02,0,6.94926388888889,-0.74,100,0,3744.6,60,5.75E-02,0
2/4/20 5:39,303.083333333333,303.041666666667,0,0,4730.9,20.35,0,0,1.8,0,819.198611111111,0,0,-2149.94305555556,59.595,9.83E-02,0,6.94802777777778,-0.74,100,0,3744.6,60,0.0576,0
2/4/20 5:44,303.166666666667,303.125,0,0,4730.9,20.35,0,0,1.8,0,819.234722222222,0,0,-2150.39027777778,59.595,9.77E-02,0,6.94765277777778,-0.74,100,0,3744.6,60,0.0576,0
2/4/20 5:49,303.25,303.208333333333,0,0,4730.9,20.35,0,0,1.8,0,819.298611111111,0,0,-2150.4,59.595,9.74E-02,0,6.94805555555556,-0.74,100,0,3744.6,60,0.0576,0
2/4/20 5:54,303.333333333333,303.291666666667,0,0,4730.9,20.35,0,0,1.8,0,819.3,0,0,-2150.4,59.595,9.63E-02,0,6.94891666666667,-0.74,100,0,3744.6,60,0.0576,0
2/4/20 5:59,303.416666666667,303.375,0,0,4730.9,20.35,0,0,1.8,0,819.334722222222,0,0,-2150.64305555556,59.595,0.0985625,0,6.94773611111111,-0.74,100,0,3744.6,60,5.54E-02,0
2/4/20 6:04,303.5,303.458333333333,0,0,4730.9,20.35,0,0,1.8,0,819.398611111111,0,0,-2150.84722222222,59.595,9.79E-02,0,6.948625,-0.74,100,0,3744.6,60,5.13E-02,0
2/4/20 6:09,303.583333333333,303.541666666667,0,0,4730.9,20.35,0,0,1.8,0,819.4,0,0,-2150.40972222222,59.595,1.00E-01,0,6.94870833333333,-0.74,100,0,3744.6,60,5.34E-02,0
2/4/20 6:14,303.666666666667,303.625,0,0,4730.9,20.35,0,0,1.8,0,819.434722222222,0,0,-2150.64305555556,59.595,0.0999375,0,6.94893055555556,-0.74,100,0,3744.6,60,5.75E-02,0
2/4/20 6:19,303.75,303.708333333333,0,0,4730.9,20.35,0,0,1.8,0,819.498611111111,0,0,-2151.09027777778,59.595,9.73E-02,0,6.94738888888889,-0.74,100,0,3744.6,60,0.0576,0
2/4/20 6:24,303.833333333333,303.791666666667,0,0,4730.9,20.35,0,0,1.8,0,819.5,0,0,-2151.1,59.595,9.76E-02,0,6.94798611111111,-0.74,100,0,3744.6,60,0.0576,0
2/4/20 6:29,303.916666666667,303.875,0,0,4730.9,20.35,0,0,1.8,0,819.534722222222,0,0,-2151.1,59.595,0.100090277777778,0,6.948,-0.74,100,0,3744.6,60,5.54E-02,0
2/4/20 6:34,304,303.958333333333,0,0,4730.9,20.35,0,0,1.8,0,819.598611111111,0,0,-2150.85694444444,59.595,9.90E-02,0,6.94765277777778,-0.74,100,0,3744.6,60,5.13E-02,0
2/4/20 6:39,304.083333333333,304.041666666667,0,0,4730.9,20.35,0,0,1.8,0,819.6,0,0,-2150.40972222222,59.595,9.73E-02,0,6.94736111111111,-0.74,100,0,3744.6,60,5.34E-02,0
2/4/20 6:44,304.166666666667,304.125,0,0,4730.9,20.35,0,0,1.8,0,819.634722222222,0,0,-2150.4,59.6314583333333,9.76E-02,0,6.94798611111111,-0.74,100,0,3744.6,60,5.75E-02,0
2/4/20 6:49,304.25,304.208333333333,0,0,4730.9,20.35,0,0,1.8,0,819.698611111111,0,0,-2150.64305555556,59.6620833333333,0.098875,0,6.948,-0.74,100,0,3744.6,60,0.0576,0
2/4/20 6:54,304.333333333333,304.291666666667,0,0,4730.9,20.35,0,0,1.8,0,819.734722222222,0,0,-2151.09027777778,59.5964583333333,9.64E-02,0,6.94765277777778,-0.74,100,0,3744.6,60,0.0576,0
2/4/20 6:59,304.416666666667,304.375,0,0,4730.9,20.35,0,0,1.8,0,819.798611111111,0,0,-2151.1,59.595,9.82E-02,0,6.94736111111111,-0.74,100,0,3744.6,60,5.54E-02,0
2/4/20 7:04,304.5,304.458333333333,0,0,4730.9,20.35,0,0,1.8,0,819.8,0,0,-2151.1,59.595,9.92E-02,0,6.94798611111111,-0.74,100,0,3744.6,60,5.13E-02,0
2/4/20 7:09,304.583333333333,304.541666666667,0,0,4730.9,20.35,0,0,1.8,0,819.834722222222,0,0,-2150.85694444444,59.595,9.77E-02,0,6.948,-0.74,100,0,3744.6,60,5.34E-02,0
2/4/20 7:14,304.666666666667,304.625,0,0,4730.9,20.35,0,0,1.8,0,819.898611111111,0,0,-2150.40972222222,59.595,9.90E-02,0,6.94695833333333,-0.74,100,0,3744.6,60,5.75E-02,0
2/4/20 7:19,304.75,304.708333333333,0,0,4730.9,20.35,0,0,1.8,0,819.9,0,0,-2150.64305555556,59.595,9.85E-02,0,6.94677777777778,-0.74,100,0,3744.6,60,0.0576,0
2/4/20 7:24,304.833333333333,304.791666666667,0,0,4730.9,20.35,0,0,1.8,0,819.934722222222,0,0,-2151.09027777778,59.595,9.80E-02,0,6.94888888888889,-0.74,100,0,3744.6,60,0.0576,0
2/4/20 7:29,304.916666666667,304.875,0,0,4730.9,20.35,0,0,1.8,0,819.998611111111,0,0,-2151.1,59.595,9.88E-02,0,6.94773611111111,-0.74,100,0,3744.6,60,0.0576,0
2/4/20 7:34,305,304.958333333333,0,0,4730.9,20.35,0,0,1.8,0,820,0,0,-2150.85694444444,59.595,9.85E-02,0,6.94758333333333,-0.74,100,0,3744.6,60,0.0576,0
2/4/20 7:39,305.083333333333,305.041666666667,0,0,4730.9,20.35,0,0,1.8,0,820.034722222222,0,0,-2150.65277777778,59.595,9.83E-02,0,6.94609722222222,-0.74,100,0,3744.6,60,0.0576,0
2/4/20 7:44,305.166666666667,305.125,0,0,4730.9,20.35,0,0,1.8,0,820.098611111111,0,0,-2151.09027777778,59.595,9.84E-02,0,6.94761111111111,-0.74,100,0,3744.6,60,0.0576,0
2/4/20 7:49,305.25,305.208333333333,0,0,4730.9,20.35,0,0,1.8,0,820.134722222222,0,0,-2151.1,59.595,9.92E-02,0,6.94736111111111,-0.74,100,0,3744.6,60,0.0576,0
2/4/20 7:54,305.333333333333,305.291666666667,0,0,4730.9,20.35,0,0,1.8,0,820.198611111111,0,0,-2151.1,59.595,9.78E-02,0,6.94694444444445,-0.74,100,0,3744.6,60,0.0576,0
2/4/20 7:59,305.416666666667,305.375,0,0,4730.9,20.35,0,0,1.8,0,820.2,0,0,-2150.85694444444,59.595,0.0954375,0,6.94643055555556,-0.74,100,0,3744.6,60,0.0576,0
2/4/20 8:04,305.5,305.458333333333,0,0,4730.9,20.35,0,0,1.8,0,820.234722222222,0,0,-2150.65277777778,59.595,0.0973125,0,6.94825,-0.74,100,0,3744.6,60,0.0576,0
2/4/20 8:09,305.583333333333,305.541666666667,0,0,4730.9,20.35,0,0,1.8,0,820.298611111111,0,0,-2151.09027777778,59.595,9.80E-02,0,6.94806944444444,-0.74,100,0,3744.6,60,0.0576,0
2/4/20 8:14,305.666666666667,305.625,0,0,4730.9,20.35,0,0,1.8,0,820.3,0,0,-2151.1,59.595,9.87E-02,0,6.94891666666667,-0.74,100,0,3744.6,60,0.0576,0
2/4/20 8:19,305.75,305.708333333333,0,0,4730.9,20.35,0,0,1.8,0,820.334722222222,0,0,-2151.1,59.595,9.95E-02,0,6.94808333333333,-0.74,100,0,3744.6,60,0.0576,0
2/4/20 8:24,305.833333333333,305.791666666667,0,0,4730.9,20.35,0,0,1.8,0,820.398611111111,0,0,-2151.1,59.595,9.83E-02,0,6.94891666666667,-0.74,100,0,3744.6,60,0.0576,0
2/4/20 8:29,305.916666666667,305.875,0,0,4730.9,20.35,0,0,1.8,0,820.4,0,0,-2151.34305555556,59.595,9.77E-02,0,6.94877777777778,-0.74,100,0,3744.6,60,0.0576,0
2/4/20 8:34,306,305.958333333333,0,0,4730.9,20.35,0,0,1.8,0,820.434722222222,0,0,-2151.54722222222,59.595,9.67E-02,0,6.95123611111111,-0.74,100,0,3744.6,60,0.0576,0
2/4/20 8:39,306.083333333333,306.041666666667,0,0,4730.9,20.35,0,0,1.8,0,820.498611111111,0,0,-2151.10972222222,59.595,9.64E-02,0,6.94933333333333,-0.74,100,0,3744.6,60,0.0576,0
2/4/20 8:44,306.166666666667,306.125,0,0,4730.9,20.35,0,0,1.8,0,820.5,0,0,-2151.1,59.6210416666667,9.72E-02,0,6.94768055555556,-0.74,100,0,3744.6,60,0.0576,0
2/4/20 8:49,306.25,306.208333333333,0,0,4730.9,20.35,0,0,1.8,0,820.534722222222,0,0,-2151.1,59.6429166666667,9.75E-02,0,6.94805555555556,-0.74,100,0,3744.6,60,0.0576,0
2/4/20 8:54,306.333333333333,306.291666666667,0,0,4730.9,20.35,0,0,1.8,0,820.598611111111,0,0,-2151.34305555556,59.5960416666667,9.84E-02,0,6.94926388888889,-0.74,100,0,3744.6,60,5.98E-02,0
2/4/20 8:59,306.416666666667,306.375,0,0,4730.9,20.35,0,0,1.8,0,820.634722222222,0,0,-2151.54722222222,59.6210416666667,9.91E-02,0,6.94872222222222,-0.74,100,0,3744.6,60,6.17E-02,0
2/4/20 9:04,306.5,306.458333333333,0,0,4730.9,20.35,0,0,1.8,0,820.698611111111,0,0,-2150.86666666667,59.6429166666667,9.91E-02,0,6.94927777777778,-0.74,100,0,3744.6,60,5.99E-02,0
2/4/20 9:09,306.583333333333,306.541666666667,0,0,4730.9,20.35,0,0,1.8,0,820.7,0,0,-2150.65277777778,59.6325,0.100375,0,6.94768055555556,-0.74,100,0,3744.6,60,6.39E-02,0
2/4/20 9:14,306.666666666667,306.625,0,0,4730.9,20.35,0,0,1.8,0,820.734722222222,0,0,-2151.33333333333,59.6620833333333,9.84E-02,0,6.94701388888889,-0.74,100,0,3744.6,60,0.064,0
2/4/20 9:19,306.75,306.708333333333,0,0,4730.9,20.35,0,0,1.8,0,820.798611111111,0,0,-2151.54722222222,59.5964583333333,9.89E-02,0,6.94804166666667,-0.74,100,0,3744.6,60,0.064,0
2/4/20 9:24,306.833333333333,306.791666666667,0,0,4730.9,20.35,0,0,1.8,0,820.8,0,0,-2151.59583333333,59.595,9.72E-02,0,6.94995833333333,-0.74,100,0,3744.6,60,0.064,0
2/4/20 9:29,306.916666666667,306.875,0,0,4730.9,20.35,0,0,1.8,0,820.834722222222,0,0,-2151.99444444444,59.595,9.87E-02,0,6.95,-0.74,100,0,3744.6,60,0.064,0
2/4/20 9:34,307,306.958333333333,0,0,4730.9,20.35,0,0,1.8,0,820.898611111111,0,0,-2151.11944444444,59.6314583333333,0.100083333333333,0,6.94930555555556,-0.74,100,0,3744.6,60,0.064,0
2/4/20 9:39,307.083333333333,307.041666666667,0,0,4730.9,20.35,0,0,1.8,0,820.9,0,0,-2151.1,59.6620833333333,9.87E-02,0,6.94802777777778,-0.74,100,0,3744.6,60,0.064,0
2/4/20 9:44,307.166666666667,307.125,0,0,4730.9,20.35,0,0,1.8,0,820.934722222222,0,0,-2151.1,59.5964583333333,9.93E-02,0,6.94869444444445,-0.74,100,0,3744.6,60,0.064,0
2/4/20 9:49,307.25,307.208333333333,0,0,4730.9,20.35,0,0,1.8,0,820.998611111111,0,0,-2151.1,59.595,0.100506944444444,0,6.94997222222222,-0.74,100,0,3744.6,60,0.064,0
2/4/20 9:54,307.333333333333,307.291666666667,0,0,4730.9,20.35,0,0,1.8,0,821,0,0,-2151.1,59.595,0.101131944444444,0,6.94861111111111,-0.74,100,0,3744.6,60,0.064,0
2/4/20 9:59,307.416666666667,307.375,0,0,4730.9,20.35,0,0,1.8,0,821.034722222222,0,0,-2150.85694444444,59.595,1.00E-01,0,6.94675,-0.74,100,0,3744.6,60,0.064,0
2/4/20 10:04,307.5,307.458333333333,0,0,4730.9,20.35,0,0,1.8,0,821.098611111111,0,0,-2150.40972222222,59.595,9.95E-02,0,6.94797222222222,-0.74,100,0,3744.6,60,0.064,0
2/4/20 10:09,307.583333333333,307.541666666667,0,0,4730.9,20.35,0,0,1.8,0,821.134722222222,0,0,-2150.4,59.595,0.100652777777778,0,6.94904166666667,-0.74,100,0,3744.6,60,0.064,0
2/4/20 10:14,307.666666666667,307.625,0,0,4730.9,20.35,0,0,1.8,0,821.198611111111,0,0,-2150.64305555556,59.595,0.100645833333333,0,6.94956944444444,-0.74,100,0,3744.6,60,0.064,0
2/4/20 10:19,307.75,307.708333333333,0,0,4730.9,20.35,0,0,1.8,0,821.2,0,0,-2151.33333333333,59.6314583333333,9.90E-02,0,6.94740277777778,-0.74,100,0,3744.6,60,0.064,0
2/4/20 10:24,307.833333333333,307.791666666667,0,0,4730.9,20.35,0,0,1.8,0,821.234722222222,0,0,-2151.54722222222,59.594375,0.0975625,0,6.94902777777778,-0.74,100,0,3744.6,60,0.064,0
2/4/20 10:29,307.916666666667,307.875,0,0,4730.9,20.35,0,0,1.8,0,821.298611111111,0,0,-2150.86666666667,59.471875,9.81E-02,0,6.95130555555556,-0.74,100,0,3744.6,60,0.064,0
2/4/20 10:34,308,307.958333333333,0,0,4730.9,20.35,0,0,1.8,0,821.3,0,0,-2150.65277777778,59.62875,9.86E-02,0,6.95059722222222,-0.74,100,0,3744.6,60,0.064,0
2/4/20 10:39,308.083333333333,308.041666666667,0,0,4730.9,20.35,0,0,1.8,0,821.334722222222,0,0,-2150.60416666667,59.6620833333333,9.92E-02,0,6.94805555555556,-0.74,100,0,3744.6,60,0.064,0
2/4/20 10:44,308.166666666667,308.125,0,0,4730.9,20.35,0,0,1.8,0,821.398611111111,0,0,-2150.20555555556,59.5964583333333,9.77E-02,0,6.948,-0.74,100,0,3744.6,60,0.064,0
2/4/20 10:49,308.25,308.208333333333,0,0,4730.9,20.35,0,0,1.8,0,821.4,0,0,-2150.8375,59.595,9.83E-02,0,6.94834722222222,-0.74,100,0,3744.6,60,0.064,0
2/4/20 10:54,308.333333333333,308.291666666667,0,0,4730.9,20.35,0,0,1.8,0,821.434722222222,0,0,-2150.40972222222,59.595,9.67E-02,0,6.94829166666667,-0.74,100,0,3744.6,60,0.064,0
2/4/20 10:59,308.416666666667,308.375,0,0,4730.9,20.35,0,0,1.8,0,821.498611111111,0,0,-2150.64305555556,59.595,9.76E-02,0,6.94806944444444,-0.74,100,0,3744.6,60,0.064,0
2/4/20 11:04,308.5,308.458333333333,0,0,4730.9,20.35,0,0,1.8,0,821.534722222222,0,0,-2151.09027777778,59.595,9.94E-02,0,6.94891666666667,-0.74,100,0,3744.6,60,0.064,0
2/4/20 11:09,308.583333333333,308.541666666667,0,0,4730.9,20.35,0,0,1.8,0,821.598611111111,0,0,-2151.1,59.595,9.79E-02,0,6.94738888888889,-0.74,100,0,3744.6,60,0.064,0
2/4/20 11:14,308.666666666667,308.625,0,0,4730.9,20.35,0,0,1.8,0,821.6,0,0,-2151.1,59.595,9.88E-02,0,6.94798611111111,-0.74,100,0,3744.6,60,0.064,0
2/4/20 11:19,308.75,308.708333333333,0,0,4730.9,20.35,0,0,1.8,0,821.634722222222,0,0,-2151.1,59.595,9.90E-02,0,6.94869444444445,-0.74,100,0,3744.6,60,0.064,0
2/4/20 11:24,308.833333333333,308.791666666667,0,0,4730.9,20.35,0,0,1.8,0,821.698611111111,0,0,-2151.1,59.595,9.70E-02,0,6.94927777777778,-0.74,100,0,3744.6,60,0.064,0
2/4/20 11:29,308.916666666667,308.875,0,0,4730.9,20.35,0,0,1.8,0,821.7,0,0,-2151.34305555556,59.595,9.59E-02,0,6.94802777777778,-0.74,100,0,3744.6,60,0.064,0
2/4/20 11:34,309,308.958333333333,0,0,4730.9,20.35,0,0,1.8,0,821.734722222222,0,0,-2151.54722222222,59.595,0.0978125,0,6.948,-0.74,100,0,3744.6,60,0.064,0
2/4/20 11:39,309.083333333333,309.041666666667,0,0,4730.9,20.35,0,0,1.8,0,821.798611111111,0,0,-2151.10972222222,59.595,9.78E-02,0,6.94869444444445,-0.74,100,0,3744.6,60,0.064,0
2/4/20 11:44,309.166666666667,309.125,0,0,4730.9,20.35,0,0,1.8,0,821.8,0,0,-2151.1,59.595,9.72E-02,0,6.94893055555556,-0.74,100,0,3744.6,60,0.064,0
2/4/20 11:49,309.25,309.208333333333,0,0,4730.9,20.35,0,0,1.8,0,821.834722222222,0,0,-2151.34305555556,59.595,9.78E-02,0,6.94738888888889,-0.74,100,0,3744.6,60,0.064,0
2/4/20 11:54,309.333333333333,309.291666666667,0,0,4730.9,20.35,0,0,1.8,0,821.898611111111,0,0,-2151.79027777778,59.6314583333333,9.67E-02,0,6.94798611111111,-0.74,100,0,3744.6,60,0.064,0
2/4/20 11:59,309.416666666667,309.375,0,0,4730.9,20.35,0,0,1.8,0,821.9,0,0,-2151.8,59.6620833333333,9.70E-02,0,6.948,-0.74,100,0,3744.6,60,0.064,0
2/4/20 12:04,309.5,309.458333333333,0,0,4730.9,20.35,0,0,1.8,0,821.934722222222,0,0,-2151.8,59.5964583333333,9.65E-02,0,6.948,-0.74,100,0,3744.6,60,0.064,0
2/4/20 12:09,309.583333333333,309.541666666667,0,0,4730.9,20.35,0,0,1.8,0,821.998611111111,0,0,-2151.8,59.595,9.60E-02,0,6.94869444444445,-0.74,100,0,3744.6,60,0.064,0
2/4/20 12:14,309.666666666667,309.625,0,0,4730.9,20.35,0,0,1.8,0,822.034722222222,0,0,-2151.8,59.595,9.70E-02,0,6.94893055555556,-0.74,100,0,3744.6,60,0.064,0
2/4/20 12:19,309.75,309.708333333333,0,0,4730.9,20.35,0,0,1.8,0,822.098611111111,0,0,-2152.04305555555,59.595,9.77E-02,0,6.94808333333333,-0.74,100,0,3744.6,60,0.064,0
2/4/20 12:24,309.833333333333,309.791666666667,0,0,4730.9,20.35,0,0,1.8,0,822.1,0,0,-2152.24722222222,59.595,9.83E-02,0,6.94891666666667,-0.74,100,0,3744.6,60,0.064,0
2/4/20 12:29,309.916666666667,309.875,0,0,4730.9,20.35,0,0,1.8,0,822.134722222222,0,0,-2152.05277777778,59.595,9.75E-02,0,6.94738888888889,-0.74,100,0,3744.6,60,0.064,0
2/4/20 12:34,310,309.958333333333,0,0,4730.9,20.35,0,0,1.8,0,822.198611111111,0,0,-2152.49027777778,59.595,0.099,0,6.94798611111111,-0.74,100,0,3744.6,60,0.064,0
2/4/20 12:39,310.083333333333,310.041666666667,0,0,4730.9,20.35,0,0,1.8,0,822.2,0,0,-2152.25694444444,59.595,9.95E-02,0,6.94834722222222,-0.74,100,0,3744.6,60,0.064,0
2/4/20 12:44,310.166666666667,310.125,0,0,4730.9,20.35,0,0,1.8,0,822.234722222222,0,0,-2151.56666666667,59.595,9.85E-02,0,6.94829166666667,-0.74,100,0,3744.6,60,0.064,0
2/4/20 12:49,310.25,310.208333333333,0,0,4730.9,20.35,0,0,1.8,0,822.298611111111,0,0,-2151.35277777778,59.595,0.0985,0,6.94806944444444,-0.74,100,0,3744.6,60,0.064,0
2/4/20 12:54,310.333333333333,310.291666666667,0,0,4730.9,20.35,0,0,1.8,0,822.3,0,0,-2152.03333333333,59.595,9.73E-02,0,6.94891666666667,-0.74,100,0,3744.6,60,0.064,0
2/4/20 12:59,310.416666666667,310.375,0,0,4730.9,20.35,0,0,1.8,0,822.334722222222,0,0,-2152.24722222222,59.595,9.73E-02,0,6.94773611111111,-0.74,100,0,3744.6,60,0.064,0
2/4/20 13:04,310.5,310.458333333333,0,0,4730.9,20.35,0,0,1.8,0,822.398611111111,0,0,-2152.05277777778,59.6314583333333,9.98E-02,0,6.948625,-0.74,100,0,3744.6,60,0.064,0
2/4/20 13:09,310.583333333333,310.541666666667,0,0,4730.9,20.35,0,0,1.8,0,822.4,0,0,-2152.24722222222,59.6620833333333,9.78E-02,0,6.94836111111111,-0.74,100,0,3744.6,60,0.064,0
2/4/20 13:14,310.666666666667,310.625,0,0,4730.9,20.35,0,0,1.8,0,822.434722222222,0,0,-2152.05277777778,59.5964583333333,9.81E-02,0,6.94863888888889,-0.74,100,0,3744.6,60,0.064,0
2/4/20 13:19,310.75,310.708333333333,0,0,4730.9,20.35,0,0,1.8,0,822.498611111111,0,0,-2152.49027777778,59.595,9.69E-02,0,6.94870833333333,-0.74,100,0,3744.6,60,0.064,0
2/4/20 13:24,310.833333333333,310.791666666667,0,0,4730.9,20.35,0,0,1.8,0,822.534722222222,0,0,-2152.5,59.595,9.84E-02,0,6.94927777777778,-0.74,100,0,3744.6,60,0.064,0
2/4/20 13:29,310.916666666667,310.875,0,0,4730.9,20.35,0,0,1.8,0,822.598611111111,0,0,-2152.5,59.595,9.89E-02,0,6.948375,-0.74,100,0,3744.6,60,0.064,0
2/4/20 13:34,311,310.958333333333,0,0,4730.9,20.35,0,0,1.8,0,822.6,0,0,-2152.5,59.595,9.70E-02,0,6.94863888888889,-0.74,100,0,3744.6,60,0.064,0
2/4/20 13:39,311.083333333333,311.041666666667,0,0,4730.9,20.35,0,0,1.8,0,822.634722222222,0,0,-2152.5,59.595,9.73E-02,0,6.94870833333333,-0.74,100,0,3744.6,60,0.064,0
2/4/20 13:44,311.166666666667,311.125,0,0,4730.9,20.35,0,0,1.8,0,822.698611111111,0,0,-2152.5,59.56375,9.82E-02,0,6.94893055555556,-0.74,100,0,3744.6,60,0.064,0
2/4/20 13:49,311.25,311.208333333333,0,0,4730.9,20.35,0,0,1.8,0,822.7,0,0,-2152.5,59.5739583333333,9.80E-02,0,6.94877777777778,-0.74,100,0,3744.6,60,0.064,0
2/4/20 13:54,311.333333333333,311.291666666667,0,0,4730.9,20.35,0,0,1.8,0,822.734722222222,0,0,-2152.5,59.6608333333333,9.75E-02,0,6.95054166666667,-0.74,100,0,3744.6,60,0.064,0
2/4/20 13:59,311.416666666667,311.375,0,0,4730.9,20.35,0,0,1.8,0,822.798611111111,0,0,-2152.25694444444,59.700625,9.85E-02,0,6.94840277777778,-0.74,100,0,3744.6,60,0.064,0
2/4/20 14:04,311.5,311.458333333333,0,0,4730.9,20.35,0,0,1.8,0,822.8,0,0,-2152.05277777778,59.823125,9.92E-02,0,6.94829166666667,-0.74,100,0,3744.6,60,0.064,0
2/4/20 14:09,311.583333333333,311.541666666667,0,0,4730.9,20.35,0,0,1.8,0,822.834722222222,0,0,-2152.49027777778,59.7027083333333,9.94E-02,0,6.94806944444444,-0.74,100,0,3744.6,60,0.064,0
2/4/20 14:14,311.666666666667,311.625,0,0,4730.9,20.35,0,0,1.8,0,822.898611111111,0,0,-2152.74305555556,59.7,9.82E-02,0,6.94926388888889,-0.74,100,0,3744.6,60,0.064,0
2/4/20 14:19,311.75,311.708333333333,0,0,4730.9,20.35,0,0,1.8,0,822.9,0,0,-2152.94722222222,59.7,0.099125,0,6.94872222222222,-0.74,100,0,3744.6,60,0.064,0
2/4/20 14:24,311.833333333333,311.791666666667,0,0,4730.9,20.35,0,0,1.8,0,822.934722222222,0,0,-2152.50972222222,59.6635416666667,9.83E-02,0,6.94893055555556,-0.74,100,0,3744.6,60,0.064,0
2/4/20 14:29,311.916666666667,311.875,0,0,4730.9,20.35,0,0,1.8,0,822.998611111111,0,0,-2152.5,59.6329166666667,9.87E-02,0,6.94738888888889,-0.74,100,0,3744.6,60,0.064,0
2/4/20 14:34,312,311.958333333333,0,0,4730.9,20.35,0,0,1.8,0,823.034722222222,0,0,-2152.74305555556,59.6985416666667,0.100145833333333,0,6.94798611111111,-0.74,100,0,3744.6,60,6.18E-02,0
2/4/20 14:39,312.083333333333,312.041666666667,0,0,4730.9,20.35,0,0,1.8,0,823.098611111111,0,0,-2153.43333333333,59.5958333333333,9.91E-02,0,6.94869444444445,-0.74,100,0,3744.6,60,5.77E-02,0
2/4/20 14:44,312.166666666667,312.125,0,0,4730.9,20.35,0,0,1.8,0,823.1,0,0,-2153.89027777778,59.471875,9.67E-02,0,6.94893055555556,-0.74,100,0,3744.6,60,0.0576,0
2/4/20 14:49,312.25,312.208333333333,0,0,4730.9,20.35,0,0,1.8,0,823.134722222222,0,0,-2153.9,59.5922916666667,9.79E-02,0,6.94808333333333,-0.74,100,0,3744.6,60,0.0576,0
2/4/20 14:54,312.333333333333,312.291666666667,0,0,4730.9,20.35,0,0,1.8,0,823.198611111111,0,0,-2154.14305555556,59.8033333333333,9.96E-02,0,6.94613888888889,-0.74,196.333333333333,0,3744.6,59.9635416666667,0.0576,0
2/4/20 14:59,312.416666666667,312.375,0,0,4730.9,20.35,0,0,1.8,0,823.2,0,0,-2154.59027777778,60.0825,9.90E-02,0,6.94297222222222,-0.74,300,0,3744.6,59.9329166666667,5.54E-02,0
2/4/20 15:04,312.5,312.458333333333,0,0,4730.9,20.35,0,0,1.8,0,823.234722222222,0,0,-2153.38472222222,59.8679166666667,9.63E-02,0,6.94984722222222,-0.74,300,0,3744.6,59.9985416666667,5.35E-02,0
2/4/20 15:09,312.583333333333,312.541666666667,0,0,4730.9,20.35,0,0,1.8,0,823.298611111111,0,0,-2151.14861111111,59.8375,0.0969375,0,6.95069444444445,-0.74,300,0,3744.6,60,5.75E-02,0
2/4/20 15:14,312.666666666667,312.625,0,0,4730.9,20.35,0,0,1.8,0,823.3,0,0,-2150.85775193798,59.89375,9.97E-02,0,6.95128008490218,-0.74,300,0,3744.6,60,0.0576,0
2/4/20 15:19,312.75,312.708333333333,0,0,4730.9,20.35,0,0,1.8,0,823.334445,0,0,-2150.65119639535,59.895,0.099217703986711,0,6.95140660398671,-0.74,300,0,3744.6,60,0.0576,0
2/4/20 15:24,312.833333333333,312.791666666667,0,0,4730.9,20.35,0,0,1.8,0,823.398555,0,0,-2151.089885,59.82783225,0.099265525,0,6.9532533,-0.74,300,0,3744.6,60,0.0576,0
2/4/20 15:29,312.916666666667,312.875,0,0,4730.9,20.35,0,0,1.8,0,823.4,0,0,-2151.1,59.59948275,0.09756725,0,6.9527178,-0.74,300,0,3744.6,60.03616725,0.0576,0
2/4/20 15:34,313,312.958333333333,0,0,4730.9,20.35,0,0,1.8,0,823.434445,0,0,-2150.858885,59.50767,0.098478325,0,6.9525933,-0.74,300,0,3744.6,60.0673155,0.0576,0
2/4/20 15:39,313.083333333333,313.041666666667,0,0,4730.9,20.35,0,0,1.8,0,823.498555,0,0,-2150.410115,59.695665,0.097983325,0,6.95109115,-0.74,300,0,3744.6,60.00151725,0.0576,0
2/4/20 15:44,313.166666666667,313.125,0,0,4730.9,20.35,0,0,1.8,0,823.534445,0,0,-2150.641115,59.596665,0.0978828,0,6.9519233,-0.74,300,0,3744.6,60,0.05539552,0
2/4/20 15:49,313.25,313.208333333333,0,0,4730.9,20.35,0,0,1.8,0,823.598555,0,0,-2151.089885,59.4973365,0.09791385,0,6.95073225,-0.74,300,0,3744.6,60,0.05129248,0
2/4/20 15:54,313.333333333333,313.291666666667,0,0,4730.9,20.35,0,0,1.8,0,823.6,0,0,-2150.858885,59.676432,0.09661505,0,6.95093775,-0.74,300,0,3744.6,60,0.0512,0
2/4/20 15:59,313.416666666667,313.375,0,0,4730.9,20.35,0,0,1.8,0,823.634445,0,0,-2150.65123,59.6995665,0.099090525,0,6.9500767,-0.74,300,0,3744.6,60,0.05340448,0
2/4/20 16:04,313.5,313.458333333333,0,0,4730.9,20.35,0,0,1.8,0,823.698555,0,0,-2150.84877,59.66383275,0.098686675,0,6.95057885,-0.74,300,0,3744.6,60,0.05750752,0
2/4/20 16:09,313.583333333333,313.541666666667,0,0,4730.9,20.35,0,0,1.8,0,823.7,0,0,-2150.410115,59.6326845,0.098992775,0,6.9487467,-0.74,300,0,3744.6,60,0.0576,0
2/4/20 16:14,313.666666666667,313.625,0,0,4730.9,20.35,0,0,1.8,0,823.734445,0,0,-2150.4,59.69848275,0.097794425,0,6.94893775,-0.74,300,0,3744.6,60,0.0576,0
2/4/20 16:19,313.75,313.708333333333,0,0,4730.9,20.35,0,0,1.8,0,823.798555,0,0,-2150.158885,59.7,0.096239475,0,6.9473878,-0.74,300,0,3744.6,60,0.0576,0
2/4/20 16:24,313.833333333333,313.791666666667,0,0,4730.9,20.35,0,0,1.8,0,823.8,0,0,-2149.710115,59.7,0.097298875,0,6.9476411,-0.74,300,0,3744.6,60,0.0576,0
2/4/20 16:29,313.916666666667,313.875,0,0,4730.9,20.35,0,0,1.8,0,823.834445,0,0,-2149.7,59.7,0.097696125,0,6.9480478,-0.74,300,0,3744.6,60,0.0576,0
2/4/20 16:34,314,313.958333333333,0,0,4730.9,20.35,0,0,1.8,0,823.898555,0,0,-2149.7,59.6896665,0.0989711,0,6.9489233,-0.74,300,0,3744.6,60,0.0576,0
2/4/20 16:39,314.083333333333,314.041666666667,0,0,4730.9,20.35,0,0,1.8,0,823.934445,0,0,-2149.7,59.65493325,0.098483325,0,6.9480767,-0.74,300,0,3744.6,60,0.0576,0
2/4/20 16:44,314.166666666667,314.125,0,0,4730.9,20.35,0,0,1.8,0,823.998555,0,0,-2149.7,59.651484,0.09734945,0,6.9482344,-0.74,300,0,3744.6,60,0.0576,0
2/4/20 16:49,314.25,314.208333333333,0,0,4730.9,20.35,0,0,1.8,0,824,0,0,-2149.458885,59.68858275,0.0982128,0,6.9467945,-0.74,300,0,3744.6,60,0.0576,0
2/4/20 16:54,314.333333333333,314.291666666667,0,0,4730.9,20.35,0,0,1.8,0,824.034445,0,0,-2149.010115,59.680767,0.099416075,0,6.94854995,-0.74,300,0,3744.6,60,0.0576,0
2/4/20 16:59,314.416666666667,314.375,0,0,4730.9,20.35,0,0,1.8,0,824.098555,0,0,-2149,59.6995665,0.097715575,0,6.9467467,-0.74,300,0,3744.6,60,0.0576,0
2/4/20 17:04,314.5,314.458333333333,0,0,4730.9,20.35,0,0,1.8,0,824.1,0,0,-2148.758885,59.7,0.097648325,0,6.9479711,-0.74,300,0,3744.6,60,0.0576,0
2/4/20 17:09,314.583333333333,314.541666666667,0,0,4730.9,20.35,0,0,1.8,0,824.134445,0,0,-2148.310115,59.7,0.096842225,0,6.94903335,-0.74,300,0,3744.6,60,0.0576,0
2/4/20 17:14,314.666666666667,314.625,0,0,4730.9,20.35,0,0,1.8,0,824.198555,0,0,-2148.3,59.7,0.09736835,0,6.94957885,-0.74,300,0,3744.6,60,0.0576,0
2/4/20 17:19,314.75,314.708333333333,0,0,4730.9,20.35,0,0,1.8,0,824.2,0,0,-2148.3,59.7,0.0984472,0,6.94809115,-0.74,300,0,3744.6,60,0.0576,0
2/4/20 17:24,314.833333333333,314.791666666667,0,0,4730.9,20.35,0,0,1.8,0,824.234445,0,0,-2148.3,59.7,0.097866125,0,6.9489233,-0.74,300,0,3744.6,60,0.0576,0
2/4/20 17:29,314.916666666667,314.875,0,0,4730.9,20.35,0,0,1.8,0,824.298555,0,0,-2148.3,59.66383275,0.09848555,0,6.9480767,-0.74,300,0,3744.6,60,0.0576,0
2/4/20 17:34,315,314.958333333333,0,0,4730.9,20.35,0,0,1.8,0,824.3,0,0,-2148.541115,59.61718425,0.097638875,0,6.94857885,-0.74,300,0,3744.6,60,0.0576,0
2/4/20 17:39,315.083333333333,315.041666666667,0,0,4730.9,20.35,0,0,1.8,0,824.334445,0,0,-2148.74877,59.66963325,0.09689725,0,6.9474356,-0.74,300,0,3744.6,60,0.0576,0
2/4/20 17:44,315.166666666667,315.125,0,0,4730.9,20.35,0,0,1.8,0,824.398555,0,0,-2148.55123,59.69934975,0.099152775,0,6.94890885,-0.74,300,0,3744.6,60,0.05539552,0
2/4/20 17:49,315.25,315.208333333333,0,0,4730.9,20.35,0,0,1.8,0,824.434445,0,0,-2148.989885,59.7,0.100298875,0,6.94773225,-0.74,300,0,3744.6,60,0.05349696,0
2/4/20 17:54,315.333333333333,315.291666666667,0,0,4730.9,20.35,0,0,1.8,0,824.498555,0,0,-2149,59.7,0.0977683,0,6.9482822,-0.74,300,0,3744.6,60,0.05530304,0
2/4/20 17:59,315.416666666667,315.375,0,0,4730.9,20.35,0,0,1.8,0,824.5,0,0,-2149.241115,59.7,0.094971725,0,6.94806225,-0.74,300,0,3744.6,60,0.05129248,0
2/4/20 18:04,315.5,315.458333333333,0,0,4730.9,20.35,0,0,1.8,0,824.534445,0,0,-2149.44877,59.7,0.09778665,0,6.94857885,-0.74,300,0,3744.6,60,0.0512,0
2/4/20 18:09,315.583333333333,315.541666666667,0,0,4730.9,20.35,0,0,1.8,0,824.598555,0,0,-2149.25123,59.66383275,0.097279975,0,6.9474356,-0.74,300,0,3744.6,60,0.0512,0
2/4/20 18:14,315.666666666667,315.625,0,0,4730.9,20.35,0,0,1.8,0,824.6,0,0,-2149.689885,59.6326845,0.0959117,0,6.9485644,-0.74,300,0,3744.6,60,0.0512,0
2/4/20 18:19,315.75,315.708333333333,0,0,4730.9,20.35,0,0,1.8,0,824.634445,0,0,-2149.458885,59.69848275,0.097808325,0,6.9467467,-0.74,300,0,3744.6,60,0.0512,0
2/4/20 18:24,315.833333333333,315.791666666667,0,0,4730.9,20.35,0,0,1.8,0,824.698555,0,0,-2148.769,59.7,0.097968875,0,6.94762665,-0.74,300,0,3744.6,60,0.0512,0
2/4/20 18:29,315.916666666667,315.875,0,0,4730.9,20.35,0,0,1.8,0,824.7,0,0,-2148.310115,59.66383275,0.097710575,0,6.9480478,-0.74,300,0,3744.6,60,0.0512,0
2/4/20 18:34,316,315.958333333333,0,0,4730.9,20.35,0,0,1.8,0,824.734445,0,0,-2148.058885,59.6326845,0.0982822,0,6.9489233,-0.74,300,0,3744.6,60,0.05340448,0
2/4/20 18:39,316.083333333333,316.041666666667,0,0,4730.9,20.35,0,0,1.8,0,824.798555,0,0,-2147.610115,59.69848275,0.097545575,0,6.9473878,-0.74,300,0,3744.6,60,0.05750752,0
2/4/20 18:44,316.166666666667,316.125,0,0,4730.9,20.35,0,0,1.8,0,824.8,0,0,-2147.358885,59.7,0.098822775,0,6.94798555,-0.74,300,0,3744.6,60,0.0576,0
2/4/20 18:49,316.25,316.208333333333,0,0,4730.9,20.35,0,0,1.8,0,824.834445,0,0,-2146.910115,59.7,0.09879665,0,6.9486889,-0.74,300,0,3744.6,60,0.0576,0
2/4/20 18:54,316.333333333333,316.291666666667,0,0,4730.9,20.35,0,0,1.8,0,824.898555,0,0,-2147.141115,59.7,0.098390025,0,6.94893775,-0.74,300,0,3744.6,60,0.0576,0
2/4/20 18:59,316.416666666667,316.375,0,0,4730.9,20.35,0,0,1.8,0,824.934445,0,0,-2147.34877,59.7,0.09910275,0,6.9480767,-0.74,300,0,3744.6,60,0.0576,0
2/4/20 19:04,316.5,316.458333333333,0,0,4730.9,20.35,0,0,1.8,0,824.998555,0,0,-2146.910115,59.7,0.09839725,0,6.94926775,-0.74,300,0,3744.6,60,0.0576,0
2/4/20 19:09,316.583333333333,316.541666666667,0,0,4730.9,20.35,0,0,1.8,0,825,0,0,-2146.9,59.7,0.1001361,0,6.9480289,-0.74,300,0,3744.6,60,0.0576,0
2/4/20 19:14,316.666666666667,316.625,0,0,4730.9,20.35,0,0,1.8,0,825.034445,0,0,-2147.141115,59.7,0.0992872,0,6.94765555,-0.74,300,0,3744.6,60,0.0576,0
2/4/20 19:19,316.75,316.708333333333,0,0,4730.9,20.35,0,0,1.8,0,825.098555,0,0,-2148.072115,59.7,0.097050575,0,6.9480478,-0.74,300,0,3744.6,60,0.05539552,0
2/4/20 19:24,316.833333333333,316.791666666667,0,0,4730.9,20.35,0,0,1.8,0,825.1,0,0,-2149.220885,59.7,0.097,0,6.9482344,-0.74,300,0,3744.6,60,0.05129248,0
2/4/20 19:29,316.916666666667,316.875,0,0,4730.9,20.35,0,0,1.8,0,825.134330564784,0,0,-2149.689885,59.7,9.67E-02,0,6.94644547259136,-0.74,300,0,3744.6,60,0.0512,0
2/4/20 19:34,317,316.958333333333,0,0,4730.9,20.35,0,0,1.8,0,825.198502768549,0,0,-2149.7,59.7,9.65E-02,0,6.94825673296419,-0.74,300,0,3744.6,60,0.0512,0
2/4/20 19:39,317.083333333333,317.041666666667,0,0,4730.9,20.35,0,0,1.8,0,825.2,0,0,-2149.7,59.7,9.68E-02,0,6.9483968,-0.74,300,0,3744.6,60,0.0512,0
2/4/20 19:44,317.166666666667,317.125,0,0,4730.9,20.35,0,0,1.8,0,825.234168888889,0,0,-2149.7,59.6641226666667,9.64E-02,0,6.94991484444444,-0.74,300,0,3744.6,60,0.0512,0
2/4/20 19:49,317.25,317.208333333333,0,0,4730.9,20.35,0,0,1.8,0,825.298497777778,0,0,-2149.93918222222,59.6324546666667,9.86E-02,0,6.94872844444444,-0.74,300,0,3744.6,60,0.0512,0
2/4/20 19:54,317.333333333333,317.291666666667,0,0,4730.9,20.35,0,0,1.8,0,825.334168888889,0,0,-2150.15030222222,59.6830466666667,9.98E-02,0,6.94894488888889,-0.74,300,0,3744.6,60,0.0512,0
2/4/20 19:59,317.416666666667,317.375,0,0,4730.9,20.35,0,0,1.8,0,825.398497777778,0,0,-2149.71051555556,59.6351746666667,9.80E-02,0,6.94772844444445,-0.74,300,0,3744.6,60,0.0512,0
2/4/20 20:04,317.5,317.458333333333,0,0,4730.9,20.35,0,0,1.8,0,825.4,0,0,-2149.7,59.5959013333333,9.68E-02,0,6.94828657777778,-0.74,300,0,3744.6,60,0.0512,0
2/4/20 20:09,317.583333333333,317.541666666667,0,0,4730.9,20.35,0,0,1.8,0,825.434168888889,0,0,-2149.7,59.595,9.98E-02,0,6.94771342222222,-0.74,300,0,3744.6,60,0.0512,0
2/4/20 20:14,317.666666666667,317.625,0,0,4730.9,20.35,0,0,1.8,0,825.498497777778,0,0,-2149.7,59.595,0.098826403691399,0,6.94828884813584,-0.74,300,0,3744.6,60,0.0512,0
2/4/20 20:19,317.75,317.708333333333,0,0,4730.9,20.35,0,0,1.8,0,825.5,0,0,-2149.7,59.595,0.097870046308601,0,6.94804792408638,-0.74,300,0,3744.6,60,0.0512,0
2/4/20 20:24,317.833333333333,317.791666666667,0,0,4730.9,20.35,0,0,1.8,0,825.533893888889,0,0,-2149.7,59.595,9.78E-02,0,6.94859742777778,-0.74,300,0,3744.6,60,0.0512,0
2/4/20 20:29,317.916666666667,317.875,0,0,4730.9,20.35,0,0,1.8,0,825.598439444444,0,0,-2149.7,59.595,9.67E-02,0,6.94741817777778,-0.74,300,0,3744.6,60,0.0512,0
2/4/20 20:34,318,317.958333333333,0,0,4730.9,20.35,0,0,1.8,0,825.6,0,0,-2149.7,59.6305885833333,9.80E-02,0,6.94892076111111,-0.74,300,0,3744.6,60,0.0512,0
2/4/20 20:39,318.083333333333,318.041666666667,0,0,4730.9,20.35,0,0,1.8,0,825.633893888889,0,0,-2149.46274277778,59.6627728333333,9.91E-02,0,6.94806363333333,-0.74,300,0,3744.6,60,0.0512,0
2/4/20 20:44,318.166666666667,318.125,0,0,4730.9,20.35,0,0,1.8,0,825.698439444445,0,0,-2149.24818111111,59.6322271666667,9.74E-02,0,6.94893636666667,-0.74,300,0,3744.6,60,0.0512,0
2/4/20 20:49,318.25,318.208333333333,0,0,4730.9,20.35,0,0,1.8,0,825.7,0,0,-2149.68907611111,59.6983614166667,9.72E-02,0,6.94840257222222,-0.74,300,0,3744.6,60,0.0512,0
2/4/20 20:54,318.333333333333,318.291666666667,0,0,4730.9,20.35,0,0,1.8,0,825.733893888889,0,0,-2149.7,59.6644114166667,9.75E-02,0,6.94958182222222,-0.74,300,0,3744.6,60,0.0512,0
2/4/20 20:59,318.416666666667,318.375,0,0,4730.9,20.35,0,0,1.8,0,825.798439444444,0,0,-2149.7,59.5966385833333,9.78E-02,0,6.94740136111111,-0.74,300,0,3744.6,60,0.0512,0
2/4/20 21:04,318.5,318.458333333333,0,0,4730.9,20.35,0,0,1.8,0,825.833893888889,0,0,-2149.7,59.595,9.80E-02,0,6.94764545555556,-0.74,300,0,3744.6,60,0.0512,0
2/4/20 21:09,318.583333333333,318.541666666667,0,0,4730.9,20.35,0,0,1.8,0,825.898439444444,0,0,-2149.93725722222,59.6661771666667,9.67E-02,0,6.94803242222222,-0.74,300,0,3744.6,60,0.0512,0
2/4/20 21:14,318.666666666667,318.625,0,0,4730.9,20.35,0,0,1.8,0,825.9,0,0,-2150.38907611111,59.7305456666667,0.096185075,0,6.94893636666667,-0.74,300,0,3744.6,60,0.0512,0
2/4/20 21:19,318.75,318.708333333333,0,0,4730.9,20.35,0,0,1.8,0,825.933893888889,0,0,-2150.16274277778,59.5982771666667,9.67E-02,0,6.94806363333333,-0.74,300,0,3744.6,60,0.0512,0
2/4/20 21:24,318.833333333333,318.791666666667,0,0,4730.9,20.35,0,0,1.8,0,825.998439444444,0,0,-2149.71092388889,59.6305885833333,9.75E-02,0,6.94825848888889,-0.74,300,0,3744.6,60,0.0512,0
2/4/20 21:29,318.916666666667,318.875,0,0,4730.9,20.35,0,0,1.8,0,826,0,0,-2149.7,59.6983614166667,9.76E-02,0,6.9474506,-0.74,300,0,3744.6,60,0.0512,0
2/4/20 21:34,319,318.958333333333,0,0,4730.9,20.35,0,0,1.8,0,826.033893888889,0,0,-2149.7,59.7,9.60E-02,0,6.95053500555556,-0.74,300,0,3744.6,60,0.0512,0
2/4/20 21:39,319.083333333333,319.041666666667,0,0,4730.9,20.35,0,0,1.8,0,826.098439444444,0,0,-2149.7,59.6644114166667,9.70E-02,0,6.94941817777778,-0.74,300,0,3744.6,60,0.0512,0
2/4/20 21:44,319.166666666667,319.125,0,0,4730.9,20.35,0,0,1.8,0,826.1,0,0,-2149.7,59.6322271666667,9.90E-02,0,6.95058182222222,-0.74,300,0,3744.6,60,0.0512,0
2/4/20 21:49,319.25,319.208333333333,0,0,4730.9,20.35,0,0,1.8,0,826.133893888889,0,0,-2149.7,59.6983614166667,9.92E-02,0,6.94941817777778,-0.74,300,0,3744.6,60,0.0512,0
2/4/20 21:54,319.333333333333,319.291666666667,0,0,4730.9,20.35,0,0,1.8,0,826.198439444445,0,0,-2149.93725722222,59.7,9.78E-02,0,6.95058182222222,-0.74,300,0,3744.6,60,0.0512,0
2/4/20 21:59,319.416666666667,319.375,0,0,4730.9,20.35,0,0,1.8,0,826.2,0,0,-2150.38907611111,59.6644114166667,9.63E-02,0,6.9487403,-0.74,300,0,3744.6,60,0.0512,0
2/4/20 22:04,319.5,319.458333333333,0,0,4730.9,20.35,0,0,1.8,0,826.233893888889,0,0,-2150.4,59.622059,9.93E-02,0,6.94929091111111,-0.74,300,0,3744.6,60,0.0512,0
2/4/20 22:09,319.583333333333,319.541666666667,0,0,4730.9,20.35,0,0,1.8,0,826.298439444444,0,0,-2150.16274277778,59.6434091666667,9.95E-02,0,6.94904802777778,-0.74,300,0,3744.6,60,0.0512,0
2/4/20 22:14,319.666666666667,319.625,0,0,4730.9,20.35,0,0,1.8,0,826.333893888889,0,0,-2149.94818111111,59.631759,0.100476591666667,0,6.94993636666667,-0.74,300,0,3744.6,60,0.0512,0
2/4/20 22:19,319.75,319.708333333333,0,0,4730.9,20.35,0,0,1.8,0,826.398439444444,0,0,-2150.15181888889,59.6627728333333,0.1005,0,6.94872469444445,-0.74,300,0,3744.6,60,0.0512,0
2/4/20 22:24,319.833333333333,319.791666666667,0,0,4730.9,20.35,0,0,1.8,0,826.4,0,0,-2149.71092388889,59.6322271666667,1.00E-01,0,6.94895197222222,-0.74,300,0,3744.6,60,0.0512,0
2/4/20 22:29,319.916666666667,319.875,0,0,4730.9,20.35,0,0,1.8,0,826.433893888889,0,0,-2149.7,59.6983614166667,9.80E-02,0,6.94806363333333,-0.74,300,0,3744.6,60,0.0512,0
2/4/20 22:34,320,319.958333333333,0,0,4730.9,20.35,0,0,1.8,0,826.498439444444,0,0,-2149.93725722222,59.7,9.69E-02,0,6.94893636666667,-0.74,300,0,3744.6,60,0.0512,0
2/4/20 22:39,320.083333333333,320.041666666667,0,0,4730.9,20.35,0,0,1.8,0,826.5,0,0,-2150.38907611111,59.7,9.85E-02,0,6.94806363333333,-0.74,300,0,3744.6,60,0.0512,0
2/4/20 22:44,320.166666666667,320.125,0,0,4730.9,20.35,0,0,1.8,0,826.533893888889,0,0,-2150.4,59.7,9.83E-02,0,6.94893636666667,-0.74,300,0,3744.6,60,0.0512,0
2/4/20 22:49,320.25,320.208333333333,0,0,4730.9,20.35,0,0,1.8,0,826.598439444444,0,0,-2150.4,59.7,9.82E-02,0,6.94806363333333,-0.74,300,0,3744.6,60,0.0512,0
2/4/20 22:54,320.333333333333,320.291666666667,0,0,4730.9,20.35,0,0,1.8,0,826.6,0,0,-2150.4,59.7,9.80E-02,0,6.94927530555556,-0.74,300,0,3744.6,60,0.0512,0
2/4/20 22:59,320.416666666667,320.375,0,0,4730.9,20.35,0,0,1.8,0,826.633893888889,0,0,-2150.4,59.7,9.82E-02,0,6.94870908888889,-0.74,300,0,3744.6,60,0.0512,0
2/4/20 23:04,320.5,320.458333333333,0,0,4730.9,20.35,0,0,1.8,0,826.698439444445,0,0,-2150.4,59.7,0.100445380555556,0,6.94895197222222,-0.74,300,0,3744.6,60,0.0512,0
2/4/20 23:09,320.583333333333,320.541666666667,0,0,4730.9,20.35,0,0,1.8,0,826.7,0,0,-2150.4,59.7,9.97E-02,0,6.94806363333333,-0.74,300,0,3744.6,60,0.0512,0
2/4/20 23:14,320.666666666667,320.625,0,0,4730.9,20.35,0,0,1.8,0,826.733893888889,0,0,-2150.4,59.7,9.79E-02,0,6.94893636666667,-0.74,300,0,3744.6,60,0.0512,0
2/4/20 23:19,320.75,320.708333333333,0,0,4730.9,20.35,0,0,1.8,0,826.798439444444,0,0,-2150.4,59.7,9.75E-02,0,6.94806363333333,-0.74,300,0,3744.6,60,0.0512,0
2/4/20 23:24,320.833333333333,320.791666666667,0,0,4730.9,20.35,0,0,1.8,0,826.833893888889,0,0,-2150.4,59.7,9.83E-02,0,6.94893636666667,-0.74,300,0,3744.6,60,0.0512,0
2/4/20 23:29,320.916666666667,320.875,0,0,4730.9,20.35,0,0,1.8,0,826.898439444444,0,0,-2150.63725722222,59.7,9.95E-02,0,6.94806363333333,-0.74,300,0,3744.6,60,0.0512,0
2/4/20 23:34,321,320.958333333333,0,0,4730.9,20.35,0,0,1.8,0,826.9,0,0,-2151.08907611111,59.7355885833333,9.92E-02,0,6.94927530555556,-0.74,300,0,3744.6,60,0.0512,0
2/4/20 23:39,321.083333333333,321.041666666667,0,0,4730.9,20.35,0,0,1.8,0,826.933893888889,0,0,-2151.1,59.7677728333333,9.95E-02,0,6.94870908888889,-0.74,300,0,3744.6,60,0.0512,0
2/4/20 23:44,321.166666666667,321.125,0,0,4730.9,20.35,0,0,1.8,0,826.998439444444,0,0,-2150.86274277778,59.727059,9.77E-02,0,6.94895197222222,-0.74,300,0,3744.6,60,0.0512,0
2/4/20 23:49,321.25,321.208333333333,0,0,4730.9,20.35,0,0,1.8,0,827,0,0,-2150.64818111111,59.7484091666667,9.88E-02,0,6.94806363333333,-0.74,300,0,3744.6,60,0.0512,0
2/4/20 23:54,321.333333333333,321.291666666667,0,0,4730.9,20.35,0,0,1.8,0,827.033893888889,0,0,-2151.08907611111,59.7011704166667,9.98E-02,0,6.94927530555556,-0.74,300,0,3744.6,60,0.0512,0
2/4/20 23:59,321.416666666667,321.375,0,0,4730.9,20.35,0,0,1.8,0,827.098439444444,0,0,-2151.1,59.7,9.79E-02,0,6.94870908888889,-0.74,300,0,3744.6,60,0.0512,0
2/5/20 0:04,321.5,321.458333333333,0,0,4730.9,20.35,0,0,1.8,0,827.1,0,0,-2151.1,59.71525225,9.65E-02,0,6.94895197222222,-0.74,300,0,3744.6,60,0.0512,0
2/5/20 0:09,321.583333333333,321.541666666667,0,0,4730.9,20.35,0,0,1.8,0,827.133893888889,0,0,-2151.1,59.7290455,9.62E-02,0,6.94806363333333,-0.74,300,0,3744.6,60,0.0512,0
2/5/20 0:14,321.666666666667,321.625,0,0,4730.9,20.35,0,0,1.8,0,827.198439444445,0,0,-2151.1,59.70070225,9.64E-02,0,6.94893636666667,-0.74,300,0,3744.6,60,0.0512,0
2/5/20 0:19,321.75,321.708333333333,0,0,4730.9,20.35,0,0,1.8,0,827.233893888889,0,0,-2151.1,59.7,9.71E-02,0,6.94840257222222,-0.74,300,0,3744.6,60,0.0512,0
2/5/20 0:24,321.833333333333,321.791666666667,0,0,4730.9,20.35,0,0,1.8,0,827.298439444444,0,0,-2151.33725722222,59.7,9.71E-02,0,6.94992076111111,-0.74,300,0,3744.6,60,0.0512,0
2/5/20 0:29,321.916666666667,321.875,0,0,4730.9,20.35,0,0,1.8,0,827.3,0,0,-2151.55181888889,59.7,9.91E-02,0,6.94872469444445,-0.74,300,0,3744.6,60,0.0512,0
2/5/20 0:34,322,321.958333333333,0,0,4730.9,20.35,0,0,1.8,0,827.333893888889,0,0,-2151.11092388889,59.7,9.82E-02,0,6.94895197222222,-0.74,300,0,3744.6,60,0.0512,0
2/5/20 0:39,322.083333333333,322.041666666667,0,0,4730.9,20.35,0,0,1.8,0,827.398439444444,0,0,-2151.1,59.7355885833333,9.88E-02,0,6.94840257222222,-0.74,300,0,3744.6,60,0.0512,0
2/5/20 0:44,322.166666666667,322.125,0,0,4730.9,20.35,0,0,1.8,0,827.4,0,0,-2151.33725722222,59.7677728333333,9.82E-02,0,6.94958182222222,-0.74,300,0,3744.6,60,0.0512,0
2/5/20 0:49,322.25,322.208333333333,0,0,4730.9,20.35,0,0,1.8,0,827.433781284607,0,0,-2151.78907611111,59.7371089321706,9.98E-02,0,6.94807586076043,-0.74,300,0,3744.6,60,0.0512,0
2/5/20 0:54,322.333333333333,322.291666666667,0,0,4730.9,20.35,0,0,1.8,0,827.49838538206,0,0,-2151.56466,59.7680036511628,0.100147653820598,0,6.94894296146179,-0.74,300,0,3744.6,60,0.0512,0
2/5/20 0:59,322.416666666667,322.375,0,0,4730.9,20.35,0,0,1.8,0,827.5,0,0,-2151.34668,59.701701,0.0990119,0,6.9480572,-0.74,300,0,3744.6,60,0.0512,0
2/5/20 1:04,322.5,322.458333333333,0,0,4730.9,20.35,0,0,1.8,0,827.53362,0,0,-2151.78866,59.7,0.09752,0,6.949279,-0.74,300,0,3744.6,60,0.0512,0
2/5/20 1:09,322.583333333333,322.541666666667,0,0,4730.9,20.35,0,0,1.8,0,827.59838,0,0,-2151.8,59.7,0.0966924,0,6.9487048,-0.74,300,0,3744.6,60,0.0512,0
2/5/20 1:14,322.666666666667,322.625,0,0,4730.9,20.35,0,0,1.8,0,827.6,0,0,-2151.56466,59.710086,0.0969919,0,6.9492952,-0.74,300,0,3744.6,60,0.0512,0
2/5/20 1:19,322.75,322.708333333333,0,0,4730.9,20.35,0,0,1.8,0,827.63362,0,0,-2151.34668,59.754729,0.0978405,0,6.9487048,-0.74,300,0,3744.6,60,0.0512,0
2/5/20 1:24,322.833333333333,322.791666666667,0,0,4730.9,20.35,0,0,1.8,0,827.69838,0,0,-2151.55332,59.768484,0.0991233,0,6.948959,-0.74,300,0,3744.6,60,0.0512,0
2/5/20 1:29,322.916666666667,322.875,0,0,4730.9,20.35,0,0,1.8,0,827.73362,0,0,-2151.34668,59.737002,0.0986843,0,6.9480572,-0.74,300,0,3744.6,60,0.0512,0
2/5/20 1:34,323,322.958333333333,0,0,4730.9,20.35,0,0,1.8,0,827.79838,0,0,-2151.78866,59.803299,0.0984876,0,6.949279,-0.74,300,0,3744.6,60,0.0512,0
2/5/20 1:39,323.083333333333,323.041666666667,0,0,4730.9,20.35,0,0,1.8,0,827.8,0,0,-2151.8,59.769699,0.0975243,0,6.9487048,-0.74,300,0,3744.6,60,0.0512,0
2/5/20 1:44,323.166666666667,323.125,0,0,4730.9,20.35,0,0,1.8,0,827.83362,0,0,-2151.8,59.701701,0.0969957,0,6.9492952,-0.74,300,0,3744.6,60,0.0512,0
2/5/20 1:49,323.25,323.208333333333,0,0,4730.9,20.35,0,0,1.8,0,827.89838,0,0,-2151.8,59.7,0.0963605,0,6.949041,-0.74,300,0,3744.6,60,0.0512,0
2/5/20 1:54,323.333333333333,323.291666666667,0,0,4730.9,20.35,0,0,1.8,0,827.9,0,0,-2151.8,59.7,0.0969838,0,6.9496066,-0.74,300,0,3744.6,60,0.0512,0
2/5/20 1:59,323.416666666667,323.375,0,0,4730.9,20.35,0,0,1.8,0,827.93362,0,0,-2151.8,59.7,0.0975043,0,6.9480734,-0.74,300,0,3744.6,60,0.0512,0
2/5/20 2:04,323.5,323.458333333333,0,0,4730.9,20.35,0,0,1.8,0,827.99838,0,0,-2151.56466,59.735301,0.0974671,0,6.949279,-0.74,300,0,3744.6,60,0.0512,0
2/5/20 2:09,323.583333333333,323.541666666667,0,0,4730.9,20.35,0,0,1.8,0,828,0,0,-2151.34668,59.767998,0.0967253,0,6.9487048,-0.74,300,0,3744.6,60,0.0512,0
2/5/20 2:14,323.666666666667,323.625,0,0,4730.9,20.35,0,0,1.8,0,828.03362,0,0,-2151.78866,59.701701,0.0987752,0,6.9492952,-0.74,300,0,3744.6,60,0.0512,0
2/5/20 2:19,323.75,323.708333333333,0,0,4730.9,20.35,0,0,1.8,0,828.09838,0,0,-2151.56466,59.7,0.0988443,0,6.9493772,-0.74,300,0,3744.6,60,0.0512,0
2/5/20 2:24,323.833333333333,323.791666666667,0,0,4730.9,20.35,0,0,1.8,0,828.1,0,0,-2151.11134,59.735301,0.0996519,0,6.9505904,-0.74,300,0,3744.6,60,0.0512,0
2/5/20 2:29,323.916666666667,323.875,0,0,4730.9,20.35,0,0,1.8,0,828.13362,0,0,-2151.1,59.767998,0.0996557,0,6.9487372,-0.74,300,0,3744.6,60,0.0512,0
2/5/20 2:34,324,323.958333333333,0,0,4730.9,20.35,0,0,1.8,0,828.19838,0,0,-2151.1,59.701701,0.0991843,0,6.948959,-0.74,300,0,3744.6,60,0.0512,0
2/5/20 2:39,324.083333333333,324.041666666667,0,0,4730.9,20.35,0,0,1.8,0,828.23362,0,0,-2151.33534,59.7,0.0986514,0,6.9480572,-0.74,300,0,3744.6,60,0.0512,0
2/5/20 2:44,324.166666666667,324.125,0,0,4730.9,20.35,0,0,1.8,0,828.29838,0,0,-2151.55332,59.7,0.0970405,0,6.9489428,-0.74,300,0,3744.6,60,0.0512,0
2/5/20 2:49,324.25,324.208333333333,0,0,4730.9,20.35,0,0,1.8,0,828.3,0,0,-2151.11134,59.710086,0.097,0,6.9480572,-0.74,300,0,3744.6,60,0.0512,0
2/5/20 2:54,324.333333333333,324.291666666667,0,0,4730.9,20.35,0,0,1.8,0,828.33362,0,0,-2151.1,59.618568,0.0975043,0,6.9496152,-0.74,300,0,3744.6,60,0.0512,0
2/5/20 2:59,324.416666666667,324.375,0,0,4730.9,20.35,0,0,1.8,0,828.39838,0,0,-2151.1,59.506206,0.0984757,0,6.9493524,-0.74,300,0,3744.6,60,0.0512,0
2/5/20 3:04,324.5,324.458333333333,0,0,4730.9,20.35,0,0,1.8,0,828.4,0,0,-2151.33534,59.69514,0.0973233,0,6.9489752,-0.74,300,0,3744.6,60,0.0512,0
2/5/20 3:09,324.583333333333,324.541666666667,0,0,4730.9,20.35,0,0,1.8,0,828.43362,0,0,-2151.55332,59.7,0.0965696,0,6.9480572,-0.74,300,0,3744.6,60,0.0512,0
2/5/20 3:14,324.666666666667,324.625,0,0,4730.9,20.35,0,0,1.8,0,828.49838,0,0,-2151.11134,59.7,0.0990909,0,6.949279,-0.74,300,0,3744.6,60,0.0512,0
2/5/20 3:19,324.75,324.708333333333,0,0,4730.9,20.35,0,0,1.8,0,828.5,0,0,-2151.1,59.7,0.0986843,0,6.9487048,-0.74,300,0,3744.6,60,0.0512,0
2/5/20 3:24,324.833333333333,324.791666666667,0,0,4730.9,20.35,0,0,1.8,0,828.53362,0,0,-2151.1,59.7,0.0989919,0,6.9492952,-0.74,300,0,3744.6,60,0.0512,0
2/5/20 3:29,324.916666666667,324.875,0,0,4730.9,20.35,0,0,1.8,0,828.59838,0,0,-2151.1,59.7,0.0979914,0,6.9487048,-0.74,300,0,3744.6,60,0.0512,0
2/5/20 3:34,325,324.958333333333,0,0,4730.9,20.35,0,0,1.8,0,828.63362,0,0,-2151.1,59.7,0.0970572,0,6.9492952,-0.74,300,0,3744.6,60,0.0512,0
2/5/20 3:39,325.083333333333,325.041666666667,0,0,4730.9,20.35,0,0,1.8,0,828.69838,0,0,-2151.1,59.7,0.0986152,0,6.9487048,-0.74,300,0,3744.6,60,0.0512,0
2/5/20 3:44,325.166666666667,325.125,0,0,4730.9,20.35,0,0,1.8,0,828.7,0,0,-2151.33534,59.7,0.0985205,0,6.9492952,-0.74,300,0,3744.6,60,0.0512,0
2/5/20 3:49,325.25,325.208333333333,0,0,4730.9,20.35,0,0,1.8,0,828.73362,0,0,-2151.55332,59.7,0.0993076,0,6.9487048,-0.74,300,0,3744.6,60,0.0512,0
2/5/20 3:54,325.333333333333,325.291666666667,0,0,4730.9,20.35,0,0,1.8,0,828.79838,0,0,-2151.11134,59.7,0.0993443,0,6.948959,-0.74,300,0,3744.6,60,0.0512,0
2/5/20 3:59,325.416666666667,325.375,0,0,4730.9,20.35,0,0,1.8,0,828.8,0,0,-2151.33534,59.7,0.0989752,0,6.9480572,-0.74,300,0,3744.6,60,0.0512,0
2/5/20 4:04,325.5,325.458333333333,0,0,4730.9,20.35,0,0,1.8,0,828.83362,0,0,-2151.55332,59.7,0.097721,0,6.9489428,-0.74,300,0,3744.6,60,0.0512,0
2/5/20 4:09,325.583333333333,325.541666666667,0,0,4730.9,20.35,0,0,1.8,0,828.89838,0,0,-2151.34668,59.7,0.0991357,0,6.9480572,-0.74,300,0,3744.6,60,0.0512,0
2/5/20 4:14,325.666666666667,325.625,0,0,4730.9,20.35,0,0,1.8,0,828.9,0,0,-2151.78866,59.7,0.0994919,0,6.949279,-0.74,300,0,3744.6,60,0.0512,0
2/5/20 4:19,325.75,325.708333333333,0,0,4730.9,20.35,0,0,1.8,0,828.93362,0,0,-2151.8,59.664699,0.0979871,0,6.9487048,-0.74,300,0,3744.6,60,0.0512,0
2/5/20 4:24,325.833333333333,325.791666666667,0,0,4730.9,20.35,0,0,1.8,0,828.99838,0,0,-2151.8,59.632002,0.0959134,0,6.9492952,-0.74,300,0,3744.6,60,0.0512,0
2/5/20 4:29,325.916666666667,325.875,0,0,4730.9,20.35,0,0,1.8,0,829,0,0,-2151.8,59.698299,0.0976276,0,6.9487048,-0.74,300,0,3744.6,60,0.0512,0
2/5/20 4:34,326,325.958333333333,0,0,4730.9,20.35,0,0,1.8,0,829.03362,0,0,-2151.56466,59.7,0.0976557,0,6.9492952,-0.74,300,0,3744.6,60,0.0512,0
2/5/20 4:39,326.083333333333,326.041666666667,0,0,4730.9,20.35,0,0,1.8,0,829.09838,0,0,-2151.34668,59.7,0.098361,0,6.9483686,-0.74,300,0,3744.6,60,0.0512,0
2/5/20 4:44,326.166666666667,326.125,0,0,4730.9,20.35,0,0,1.8,0,829.13362,0,0,-2151.78866,59.7,0.0997585,0,6.9483114,-0.74,300,0,3744.6,60,0.0512,0
2/5/20 4:49,326.25,326.208333333333,0,0,4730.9,20.35,0,0,1.8,0,829.19838,0,0,-2151.8,59.7,0.0973886,0,6.948041,-0.74,300,0,3744.6,60,0.0512,0
2/5/20 4:54,326.333333333333,326.291666666667,0,0,4730.9,20.35,0,0,1.8,0,829.2,0,0,-2152.03534,59.7,0.0975124,0,6.9489428,-0.74,300,0,3744.6,60,0.0512,0
2/5/20 4:59,326.416666666667,326.375,0,0,4730.9,20.35,0,0,1.8,0,829.23362,0,0,-2152.25332,59.664699,0.0991481,0,6.9483934,-0.74,300,0,3744.6,60,0.0512,0
2/5/20 5:04,326.5,326.458333333333,0,0,4730.9,20.35,0,0,1.8,0,829.29838,0,0,-2151.576,59.632002,0.1002995,0,6.9499266,-0.74,300,0,3744.6,60,0.0512,0
2/5/20 5:09,326.583333333333,326.541666666667,0,0,4730.9,20.35,0,0,1.8,0,829.3,0,0,-2151.34668,59.662998,0.0995038,0,6.948721,-0.74,300,0,3744.6,60,0.0512,0
2/5/20 5:14,326.666666666667,326.625,0,0,4730.9,20.35,0,0,1.8,0,829.33362,0,0,-2151.78866,59.621916,0.0983562,0,6.9492952,-0.74,300,0,3744.6,60,0.0512,0
2/5/20 5:19,326.75,326.708333333333,0,0,4730.9,20.35,0,0,1.8,0,829.39838,0,0,-2151.8,59.678871,0.09784,0,6.9493772,-0.74,300,0,3744.6,60,0.0512,0
2/5/20 5:24,326.833333333333,326.791666666667,0,0,4730.9,20.35,0,0,1.8,0,829.4,0,0,-2151.8,59.699514,0.0963314,0,6.9509266,-0.74,300,0,3744.6,60,0.0512,0
2/5/20 5:29,326.916666666667,326.875,0,0,4730.9,20.35,0,0,1.8,0,829.43362,0,0,-2151.8,59.664699,0.0952334,0,6.9493848,-0.74,300,0,3744.6,60,0.0512,0
2/5/20 5:34,327,326.958333333333,0,0,4730.9,20.35,0,0,1.8,0,829.49838,0,0,-2151.8,59.632002,0.0976114,0,6.9493114,-0.74,300,0,3744.6,60,0.0512,0
2/5/20 5:39,327.083333333333,327.041666666667,0,0,4730.9,20.35,0,0,1.8,0,829.5,0,0,-2151.8,59.698299,0.0978238,0,6.9487048,-0.74,300,0,3744.6,60,0.0512,0
2/5/20 5:44,327.166666666667,327.125,0,0,4730.9,20.35,0,0,1.8,0,829.53362,0,0,-2151.8,59.7,0.0968357,0,6.948959,-0.74,300,0,3744.6,60,0.0512,0
2/5/20 5:49,327.25,327.208333333333,0,0,4730.9,20.35,0,0,1.8,0,829.59838,0,0,-2151.8,59.664699,0.0962048,0,6.9480572,-0.74,300,0,3744.6,60,0.0512,0
2/5/20 5:54,327.333333333333,327.291666666667,0,0,4730.9,20.35,0,0,1.8,0,829.63362,0,0,-2151.8,59.632002,0.0971314,0,6.949279,-0.74,300,0,3744.6,60,0.0512,0
2/5/20 5:59,327.416666666667,327.375,0,0,4730.9,20.35,0,0,1.8,0,829.69838,0,0,-2151.8,59.662998,0.0976929,0,6.9487048,-0.74,300,0,3744.6,60,0.0512,0
2/5/20 6:04,327.5,327.458333333333,0,0,4730.9,20.35,0,0,1.8,0,829.7,0,0,-2151.8,59.632002,0.0996071,0,6.9492952,-0.74,300,0,3744.6,60,0.0512,0
2/5/20 6:09,327.583333333333,327.541666666667,0,0,4730.9,20.35,0,0,1.8,0,829.73362,0,0,-2151.8,59.698299,0.0985119,0,6.9487048,-0.74,300,0,3744.6,60,0.0512,0
2/5/20 6:14,327.666666666667,327.625,0,0,4730.9,20.35,0,0,1.8,0,829.79838,0,0,-2151.8,59.775645,0.0973562,0,6.948959,-0.74,300,0,3744.6,60,0.0512,0
2/5/20 6:19,327.75,327.708333333333,0,0,4730.9,20.35,0,0,1.8,0,829.8,0,0,-2151.8,59.84571,0.0976805,0,6.947721,-0.74,300,0,3744.6,60,0.0512,0
2/5/20 6:24,327.833333333333,327.791666666667,0,0,4730.9,20.35,0,0,1.8,0,829.83362,0,0,-2151.8,59.738946,0.0982952,0,6.9482952,-0.74,300,0,3744.6,60,0.0512,0
2/5/20 6:29,327.916666666667,327.875,0,0,4730.9,20.35,0,0,1.8,0,829.89838,0,0,-2151.8,59.767998,0.0978729,0,6.948041,-0.74,300,0,3744.6,60,0.0512,0
2/5/20 6:34,328,327.958333333333,0,0,4730.9,20.35,0,0,1.8,0,829.9,0,0,-2152.03534,59.701701,0.0991233,0,6.949279,-0.74,300,0,3744.6,60,0.0512,0
2/5/20 6:39,328.083333333333,328.041666666667,0,0,4730.9,20.35,0,0,1.8,0,829.93362,0,0,-2152.48866,59.7,0.0991886,0,6.9483686,-0.74,300,0,3744.6,60,0.0512,0
2/5/20 6:44,328.166666666667,328.125,0,0,4730.9,20.35,0,0,1.8,0,829.99838,0,0,-2152.26466,59.563839,0.1004676,0,6.9486476,-0.74,300,0,3744.6,60,0.0512,0
2/5/20 6:49,328.25,328.208333333333,0,0,4730.9,20.35,0,0,1.8,0,830,0,0,-2151.81134,59.437722,0.1001638,0,6.9486886,-0.74,300,0,3744.6,60,0.0512,0
2/5/20 6:54,328.333333333333,328.291666666667,0,0,4730.9,20.35,0,0,1.8,0,830.03362,0,0,-2151.8,59.658138,0.09918,0,6.9492952,-0.74,300,0,3744.6,60,0.0512,0
2/5/20 6:59,328.416666666667,328.375,0,0,4730.9,20.35,0,0,1.8,0,830.09838,0,0,-2151.8,59.632002,0.09818,0,6.9487048,-0.74,300,0,3744.6,60,0.0512,0
2/5/20 7:04,328.5,328.458333333333,0,0,4730.9,20.35,0,0,1.8,0,830.13362,0,0,-2151.8,59.698299,0.0975162,0,6.948959,-0.74,300,0,3744.6,60,0.0512,0
2/5/20 7:09,328.583333333333,328.541666666667,0,0,4730.9,20.35,0,0,1.8,0,830.19838,0,0,-2151.8,59.664699,0.0973319,0,6.9480572,-0.74,300,0,3744.6,60,0.0512,0
2/5/20 7:14,328.666666666667,328.625,0,0,4730.9,20.35,0,0,1.8,0,830.2,0,0,-2151.8,59.632002,0.0971762,0,6.949279,-0.74,300,0,3744.6,60,0.0512,0
2/5/20 7:19,328.75,328.708333333333,0,0,4730.9,20.35,0,0,1.8,0,830.23362,0,0,-2151.8,59.698299,0.0991729,0,6.9487048,-0.74,300,0,3744.6,60,0.0512,0
2/5/20 7:24,328.833333333333,328.791666666667,0,0,4730.9,20.35,0,0,1.8,0,830.29838,0,0,-2151.56466,59.7,0.1002337,0,6.9492952,-0.74,300,0,3744.6,60,0.0512,0
2/5/20 7:29,328.916666666667,328.875,0,0,4730.9,20.35,0,0,1.8,0,830.3,0,0,-2151.34668,59.664699,0.0966096,0,6.9480324,-0.74,300,0,3744.6,60,0.0512,0
2/5/20 7:34,329,328.958333333333,0,0,4730.9,20.35,0,0,1.8,0,830.33362,0,0,-2151.78866,59.632002,0.0964671,0,6.948,-0.74,300,0,3744.6,60,0.0512,0
2/5/20 7:39,329.083333333333,329.041666666667,0,0,4730.9,20.35,0,0,1.8,0,830.39838,0,0,-2152.03534,59.698299,0.0960615,0,6.9486724,-0.74,300,0,3744.6,60,0.0512,0
2/5/20 7:44,329.166666666667,329.125,0,0,4730.9,20.35,0,0,1.8,0,830.4,0,0,-2152.48866,59.7,0.0979185,0,6.9492952,-0.74,300,0,3744.6,60,0.0512,0
2/5/20 7:49,329.25,329.208333333333,0,0,4730.9,20.35,0,0,1.8,0,830.43362,0,0,-2152.5,59.664699,0.0970572,0,6.9487048,-0.74,300,0,3744.6,60,0.0512,0
2/5/20 7:54,329.333333333333,329.291666666667,0,0,4730.9,20.35,0,0,1.8,0,830.49838,0,0,-2152.5,59.621916,0.0984471,0,6.9492952,-0.74,300,0,3744.6,60,0.0512,0
2/5/20 7:59,329.416666666667,329.375,0,0,4730.9,20.35,0,0,1.8,0,830.53362,0,0,-2152.5,59.678871,0.0988691,0,6.9487048,-0.74,300,0,3744.6,60,0.0512,0
2/5/20 8:04,329.5,329.458333333333,0,0,4730.9,20.35,0,0,1.8,0,830.59838,0,0,-2152.73534,59.699514,0.1004266,0,6.9492952,-0.74,300,0,3744.6,60,0.0512,0
2/5/20 8:09,329.583333333333,329.541666666667,0,0,4730.9,20.35,0,0,1.8,0,830.6,0,0,-2152.95410186047,59.7,9.91E-02,0,6.94903764916943,-0.74,300,0,3744.6,60,0.0512,0
2/5/20 8:14,329.666666666667,329.625,0,0,4730.9,20.35,0,0,1.8,0,830.633347222222,0,0,-2152.5117248062,59.7,0.100141611526394,0,6.9499493341639,-0.74,300,0,3744.6,60,0.0512,0
2/5/20 8:19,329.75,329.708333333333,0,0,4730.9,20.35,0,0,1.8,0,830.698319444444,0,0,-2152.5,59.7,0.100825069444444,0,6.94871736111111,-0.74,300,0,3744.6,60,0.0512,0
2/5/20 8:24,329.833333333333,329.791666666667,0,0,4730.9,20.35,0,0,1.8,0,830.7,0,0,-2152.5,59.7,0.100149305555556,0,6.94929944444444,-0.74,300,0,3744.6,60,0.0512,0
2/5/20 8:29,329.916666666667,329.875,0,0,4730.9,20.35,0,0,1.8,0,830.733347222222,0,0,-2152.5,59.6899958333333,9.74E-02,0,6.94870055555556,-0.74,300,0,3744.6,60,0.0512,0
2/5/20 8:34,330,329.958333333333,0,0,4730.9,20.35,0,0,1.8,0,830.798319444444,0,0,-2152.26656944444,59.6805083333333,9.67E-02,0,6.94929944444444,-0.74,300,0,3744.6,60,0.0512,0
2/5/20 8:39,330.083333333333,330.041666666667,0,0,4730.9,20.35,0,0,1.8,0,830.8,0,0,-2152.04519444444,59.6994958333333,9.64E-02,0,6.94870055555556,-0.74,300,0,3744.6,60,0.0512,0
2/5/20 8:44,330.166666666667,330.125,0,0,4730.9,20.35,0,0,1.8,0,830.833347222222,0,0,-2152.25480555556,59.7,9.73E-02,0,6.94929944444444,-0.74,300,0,3744.6,60,0.0512,0
2/5/20 8:49,330.25,330.208333333333,0,0,4730.9,20.35,0,0,1.8,0,830.898319444445,0,0,-2152.04519444444,59.7,9.78E-02,0,6.94870055555556,-0.74,300,0,3744.6,60,5.33E-02,0
2/5/20 8:54,330.333333333333,330.291666666667,0,0,4730.9,20.35,0,0,1.8,0,830.9,0,0,-2152.48823611111,59.7,9.77E-02,0,6.94929944444444,-0.74,300,0,3744.6,60,5.75E-02,0
2/5/20 8:59,330.416666666667,330.375,0,0,4730.9,20.35,0,0,1.8,0,830.933347222222,0,0,-2152.26656944444,59.7,9.78E-02,0,6.94803361111111,-0.74,300,0,3744.6,60,0.0576,0
2/5/20 9:04,330.5,330.458333333333,0,0,4730.9,20.35,0,0,1.8,0,830.998319444445,0,0,-2151.81176388889,59.7,9.68E-02,0,6.948,-0.74,300,0,3744.6,60,0.0576,0
2/5/20 9:09,330.583333333333,330.541666666667,0,0,4730.9,20.35,0,0,1.8,0,831.033347222222,0,0,-2152.03343055556,59.7,9.55E-02,0,6.94866694444445,-0.74,300,0,3744.6,60,0.0576,0
2/5/20 9:14,330.666666666667,330.625,0,0,4730.9,20.35,0,0,1.8,0,831.098319444445,0,0,-2152.48823611111,59.7,9.62E-02,0,6.94929944444444,-0.74,300,0,3744.6,60,0.0576,0
2/5/20 9:19,330.75,330.708333333333,0,0,4730.9,20.35,0,0,1.8,0,831.1,0,0,-2152.5,59.56494375,9.81E-02,0,6.9493675,-0.74,300,0,3744.6,60,0.0576,0
2/5/20 9:24,330.833333333333,330.791666666667,0,0,4730.9,20.35,0,0,1.8,0,831.133347222222,0,0,-2152.73343055556,59.4118520833333,9.91E-02,0,6.95059888888889,-0.74,300,0,3744.6,60,0.0576,0
2/5/20 9:29,330.916666666667,330.875,0,0,4730.9,20.35,0,0,1.8,0,831.198319444444,0,0,-2153.18823611111,59.6444645833333,9.80E-02,0,6.94873416666667,-0.74,300,0,3744.6,60,0.0576,0
2/5/20 9:34,331,330.958333333333,0,0,4730.9,20.35,0,0,1.8,0,831.2,0,0,-2153.2,59.6987395833333,9.89E-02,0,6.94896597222222,-0.74,300,0,3744.6,60,0.0576,0
2/5/20 9:39,331.083333333333,331.041666666667,0,0,4730.9,20.35,0,0,1.8,0,831.233347222222,0,0,-2153.2,59.6649854166667,0.10024,0,6.94771736111111,-0.74,300,0,3744.6,60,0.0576,0
2/5/20 9:44,331.166666666667,331.125,0,0,4730.9,20.35,0,0,1.8,0,831.298319444444,0,0,-2153.2,59.6317791666667,9.61E-02,0,6.94863291666667,-0.74,300,0,3744.6,60,0.0576,0
2/5/20 9:49,331.25,331.208333333333,0,0,4730.9,20.35,0,0,1.8,0,831.3,0,0,-2153.2,59.6982354166667,9.67E-02,0,6.94901722222222,-0.74,300,0,3744.6,60,0.0576,0
2/5/20 9:54,331.333333333333,331.291666666667,0,0,4730.9,20.35,0,0,1.8,0,831.333347222222,0,0,-2153.2,59.7,9.75E-02,0,6.95061611111111,-0.74,300,0,3744.6,60,0.0576,0
2/5/20 9:59,331.416666666667,331.375,0,0,4730.9,20.35,0,0,1.8,0,831.398319444445,0,0,-2153.2,59.7,9.72E-02,0,6.95068375,-0.74,300,0,3744.6,60,0.0576,0
2/5/20 10:04,331.5,331.458333333333,0,0,4730.9,20.35,0,0,1.8,0,831.4,0,0,-2152.96656944444,59.7,9.85E-02,0,6.95129944444444,-0.74,300,0,3744.6,60,0.0576,0
2/5/20 10:09,331.583333333333,331.541666666667,0,0,4730.9,20.35,0,0,1.8,0,831.433347222222,0,0,-2152.51176388889,59.7,9.92E-02,0,6.95036708333333,-0.74,300,0,3744.6,60,0.0576,0
2/5/20 10:14,331.666666666667,331.625,0,0,4730.9,20.35,0,0,1.8,0,831.498319444445,0,0,-2152.5,59.7,9.93E-02,0,6.94998277777778,-0.74,300,0,3744.6,60,0.0576,0
2/5/20 10:19,331.75,331.708333333333,0,0,4730.9,20.35,0,0,1.8,0,831.533347222222,0,0,-2152.5,59.56494375,9.74E-02,0,6.94871736111111,-0.74,300,0,3744.6,60,5.97E-02,0
2/5/20 10:24,331.833333333333,331.791666666667,0,0,4730.9,20.35,0,0,1.8,0,831.598319444445,0,0,-2152.5,59.4368625,9.78E-02,0,6.94929944444444,-0.74,300,0,3744.6,60,6.39E-02,0
2/5/20 10:29,331.916666666667,331.875,0,0,4730.9,20.35,0,0,1.8,0,831.6,0,0,-2152.03313888889,59.6581791666667,9.70E-02,0,6.94870055555556,-0.74,300,0,3744.6,60,0.064,0
2/5/20 10:34,332,331.958333333333,0,0,4730.9,20.35,0,0,1.8,0,831.633347222222,0,0,-2151.12352777778,59.6317791666667,9.69E-02,0,6.94896597222222,-0.74,300,0,3744.6,60,0.064,0
2/5/20 10:39,332.083333333333,332.041666666667,0,0,4730.9,20.35,0,0,1.8,0,831.698319444444,0,0,-2151.1,59.6982354166667,0.09829125,0,6.94805083333333,-0.74,300,0,3744.6,60,0.064,0
2/5/20 10:44,332.166666666667,332.125,0,0,4730.9,20.35,0,0,1.8,0,831.7,0,0,-2151.1,59.7,9.72E-02,0,6.94928263888889,-0.74,300,0,3744.6,60,0.064,0
2/5/20 10:49,332.25,332.208333333333,0,0,4730.9,20.35,0,0,1.8,0,831.733347222222,0,0,-2151.1,59.7,9.65E-02,0,6.94870055555556,-0.74,300,0,3744.6,60,0.064,0
2/5/20 10:54,332.333333333333,332.291666666667,0,0,4730.9,20.35,0,0,1.8,0,831.798319444444,0,0,-2151.1,59.6649854166667,0.097949375,0,6.94929944444444,-0.74,300,0,3744.6,60,0.064,0
2/5/20 10:59,332.416666666667,332.375,0,0,4730.9,20.35,0,0,1.8,0,831.8,0,0,-2151.1,59.6317791666667,9.72E-02,0,6.94870055555556,-0.74,300,0,3744.6,60,6.19E-02,0
2/5/20 11:04,332.5,332.458333333333,0,0,4730.9,20.35,0,0,1.8,0,831.833347222222,0,0,-2151.1,59.6632208333333,9.77E-02,0,6.94929944444444,-0.74,300,0,3744.6,60,5.77E-02,0
2/5/20 11:09,332.583333333333,332.541666666667,0,0,4730.9,20.35,0,0,1.8,0,831.898319444445,0,0,-2150.86656944444,59.5967645833333,9.78E-02,0,6.94870055555556,-0.74,300,0,3744.6,60,0.0576,0
2/5/20 11:14,332.666666666667,332.625,0,0,4730.9,20.35,0,0,1.8,0,831.9,0,0,-2150.64519444444,59.595,9.73E-02,0,6.94896597222222,-0.74,300,0,3744.6,60,0.0576,0
2/5/20 11:19,332.75,332.708333333333,0,0,4730.9,20.35,0,0,1.8,0,831.933347222222,0,0,-2150.85480555556,59.595,0.097341875,0,6.94805083333333,-0.74,300,0,3744.6,60,0.0576,0
2/5/20 11:24,332.833333333333,332.791666666667,0,0,4730.9,20.35,0,0,1.8,0,831.998319444445,0,0,-2150.41176388889,59.595,9.83E-02,0,6.94928263888889,-0.74,300,0,3744.6,60,0.0576,0
2/5/20 11:29,332.916666666667,332.875,0,0,4730.9,20.35,0,0,1.8,0,832.033347222222,0,0,-2150.16656944444,59.595,0.099816875,0,6.94870055555556,-0.74,300,0,3744.6,60,0.0576,0
2/5/20 11:34,333,332.958333333333,0,0,4730.9,20.35,0,0,1.8,0,832.098319444445,0,0,-2149.94519444444,59.595,0.100290833333333,0,6.94929944444444,-0.74,300,0,3744.6,60,0.0576,0
2/5/20 11:39,333.083333333333,333.041666666667,0,0,4730.9,20.35,0,0,1.8,0,832.1,0,0,-2150.15480555556,59.6300145833333,9.92E-02,0,6.94870055555556,-0.74,300,0,3744.6,60,0.0576,0
2/5/20 11:44,333.166666666667,333.125,0,0,4730.9,20.35,0,0,1.8,0,832.133347222222,0,0,-2149.94519444444,59.6982354166667,0.099106875,0,6.94929944444444,-0.74,300,0,3744.6,60,0.0576,0
2/5/20 11:49,333.25,333.208333333333,0,0,4730.9,20.35,0,0,1.8,0,832.198319444444,0,0,-2150.38823611111,59.6649854166667,9.61E-02,0,6.94870055555556,-0.74,300,0,3744.6,60,0.0576,0
2/5/20 11:54,333.333333333333,333.291666666667,0,0,4730.9,20.35,0,0,1.8,0,832.2,0,0,-2150.4,59.5967645833333,0.098924375,0,6.94929944444444,-0.74,300,0,3744.6,60,0.0576,0
2/5/20 11:59,333.416666666667,333.375,0,0,4730.9,20.35,0,0,1.8,0,832.233347222222,0,0,-2150.4,59.595,9.85E-02,0,6.94870055555556,-0.74,300,0,3744.6,60,0.0576,0
2/5/20 12:04,333.5,333.458333333333,0,0,4730.9,20.35,0,0,1.8,0,832.298319444444,0,0,-2150.4,59.595,0.097025,0,6.94929944444444,-0.74,300,0,3744.6,60,0.0576,0
2/5/20 12:09,333.583333333333,333.541666666667,0,0,4730.9,20.35,0,0,1.8,0,832.3,0,0,-2150.4,59.595,9.72E-02,0,6.94870055555556,-0.74,300,0,3744.6,60,0.0576,0
2/5/20 12:14,333.666666666667,333.625,0,0,4730.9,20.35,0,0,1.8,0,832.333347222222,0,0,-2150.4,59.595,9.83E-02,0,6.94929944444444,-0.74,300,0,3744.6,60,0.0576,0
2/5/20 12:19,333.75,333.708333333333,0,0,4730.9,20.35,0,0,1.8,0,832.398319444445,0,0,-2150.63343055556,59.6650291666667,9.61E-02,0,6.94870055555556,-0.74,300,0,3744.6,60,0.0576,0
2/5/20 12:24,333.833333333333,333.791666666667,0,0,4730.9,20.35,0,0,1.8,0,832.433347222222,0,0,-2151.08823611111,59.7314416666667,0.096,0,6.94896597222222,-0.74,300,0,3744.6,60,0.0576,0
2/5/20 12:29,333.916666666667,333.875,0,0,4730.9,20.35,0,0,1.8,0,832.498319444445,0,0,-2151.1,59.5985291666667,9.65E-02,0,6.94805083333333,-0.74,300,0,3744.6,60,0.0576,0
2/5/20 12:34,334,333.958333333333,0,0,4730.9,20.35,0,0,1.8,0,832.5,0,0,-2151.1,59.595,0.097975,0,6.94928263888889,-0.74,300,0,3744.6,60,0.0576,0
2/5/20 12:39,334.083333333333,334.041666666667,0,0,4730.9,20.35,0,0,1.8,0,832.533347222222,0,0,-2151.33343055556,59.6300145833333,9.85E-02,0,6.94903402777778,-0.74,300,0,3744.6,60,0.0576,0
2/5/20 12:44,334.166666666667,334.125,0,0,4730.9,20.35,0,0,1.8,0,832.598319444445,0,0,-2151.78823611111,59.6632208333333,9.74E-02,0,6.94994916666667,-0.74,300,0,3744.6,60,0.0576,0
2/5/20 12:49,334.25,334.208333333333,0,0,4730.9,20.35,0,0,1.8,0,832.6,0,0,-2151.8,59.621775,9.68E-02,0,6.94871736111111,-0.74,300,0,3744.6,60,0.0576,0
2/5/20 12:54,334.333333333333,334.291666666667,0,0,4730.9,20.35,0,0,1.8,0,832.633347222222,0,0,-2151.8,59.6437291666667,9.75E-02,0,6.94896597222222,-0.74,300,0,3744.6,60,5.55E-02,0
2/5/20 12:59,334.416666666667,334.375,0,0,4730.9,20.35,0,0,1.8,0,832.698319444444,0,0,-2151.56656944444,59.631275,9.83E-02,0,6.94805083333333,-0.74,300,0,3744.6,60,5.13E-02,0
2/5/20 13:04,334.5,334.458333333333,0,0,4730.9,20.35,0,0,1.8,0,832.7,0,0,-2151.34519444444,59.6982354166667,9.67E-02,0,6.94928263888889,-0.74,300,0,3744.6,60,0.0512,0
2/5/20 13:09,334.583333333333,334.541666666667,0,0,4730.9,20.35,0,0,1.8,0,832.733347222222,0,0,-2151.78823611111,59.6649854166667,9.75E-02,0,6.94870055555556,-0.74,300,0,3744.6,60,0.0512,0
2/5/20 13:14,334.666666666667,334.625,0,0,4730.9,20.35,0,0,1.8,0,832.798319444444,0,0,-2151.56656944444,59.5967645833333,9.64E-02,0,6.94929944444444,-0.74,300,0,3744.6,60,5.33E-02,0
2/5/20 13:19,334.75,334.708333333333,0,0,4730.9,20.35,0,0,1.8,0,832.8,0,0,-2150.87833333333,59.595,9.60E-02,0,6.94870055555556,-0.74,300,0,3744.6,60,5.75E-02,0
2/5/20 13:24,334.833333333333,334.791666666667,0,0,4730.9,20.35,0,0,1.8,0,832.833347222222,0,0,-2150.64519444444,59.6300145833333,9.68E-02,0,6.94896597222222,-0.74,300,0,3744.6,60,0.0576,0
2/5/20 13:29,334.916666666667,334.875,0,0,4730.9,20.35,0,0,1.8,0,832.898319444445,0,0,-2151.08823611111,59.6632208333333,9.88E-02,0,6.94838430555556,-0.74,300,0,3744.6,60,0.0576,0
2/5/20 13:34,335,334.958333333333,0,0,4730.9,20.35,0,0,1.8,0,832.933347222222,0,0,-2151.1,59.6317791666667,9.91E-02,0,6.94993236111111,-0.74,300,0,3744.6,60,0.0576,0
2/5/20 13:39,335.083333333333,335.041666666667,0,0,4730.9,20.35,0,0,1.8,0,832.998319444445,0,0,-2150.86656944444,59.6982354166667,9.90E-02,0,6.94938430555556,-0.74,300,0,3744.6,60,0.0576,0
2/5/20 13:44,335.166666666667,335.125,0,0,4730.9,20.35,0,0,1.8,0,833,0,0,-2150.41176388889,59.6649854166667,1.00E-01,0,6.95059888888889,-0.74,300,0,3744.6,60,0.0576,0
2/5/20 13:49,335.25,335.208333333333,0,0,4730.9,20.35,0,0,1.8,0,833.033347222222,0,0,-2150.4,59.6317791666667,9.97E-02,0,6.94873416666667,-0.74,300,0,3744.6,60,0.0576,0
2/5/20 13:54,335.333333333333,335.291666666667,0,0,4730.9,20.35,0,0,1.8,0,833.098319444445,0,0,-2150.63343055556,59.6982354166667,9.89E-02,0,6.94929944444444,-0.74,300,0,3744.6,60,0.0576,0
2/5/20 13:59,335.416666666667,335.375,0,0,4730.9,20.35,0,0,1.8,0,833.1,0,0,-2151.08823611111,59.7,0.098841875,0,6.94903402777778,-0.74,300,0,3744.6,60,0.0576,0
2/5/20 14:04,335.5,335.458333333333,0,0,4730.9,20.35,0,0,1.8,0,833.133347222222,0,0,-2151.1,59.7,9.91E-02,0,6.94994916666667,-0.74,300,0,3744.6,60,0.0576,0
2/5/20 14:09,335.583333333333,335.541666666667,0,0,4730.9,20.35,0,0,1.8,0,833.198319444444,0,0,-2151.1,59.6649854166667,9.95E-02,0,6.94871736111111,-0.74,300,0,3744.6,60,0.0576,0
2/5/20 14:14,335.666666666667,335.625,0,0,4730.9,20.35,0,0,1.8,0,833.2,0,0,-2150.86656944444,59.621775,0.100449166666667,0,6.94929944444444,-0.74,300,0,3744.6,60,0.0576,0
2/5/20 14:19,335.75,335.708333333333,0,0,4730.9,20.35,0,0,1.8,0,833.233347222222,0,0,-2150.41176388889,59.6637375,9.86E-02,0,6.94870055555556,-0.74,300,0,3744.6,60,0.0576,0
2/5/20 14:24,335.833333333333,335.791666666667,0,0,4730.9,20.35,0,0,1.8,0,833.298319444444,0,0,-2150.16656944444,59.6702583333333,9.82E-02,0,6.94929944444444,-0.74,300,0,3744.6,60,0.0576,0
2/5/20 14:29,335.916666666667,335.875,0,0,4730.9,20.35,0,0,1.8,0,833.3,0,0,-2149.71176388889,59.69924375,9.80E-02,0,6.94836708333333,-0.74,300,0,3744.6,60,0.0576,0
2/5/20 14:34,336,335.958333333333,0,0,4730.9,20.35,0,0,1.8,0,833.333347222222,0,0,-2149.7,59.6649854166667,9.83E-02,0,6.94831625,-0.74,300,0,3744.6,60,0.0576,0
2/5/20 14:39,336.083333333333,336.041666666667,0,0,4730.9,20.35,0,0,1.8,0,833.398319444445,0,0,-2149.7,59.6317791666667,9.72E-02,0,6.9483675,-0.74,300,0,3744.6,60,0.0576,0
2/5/20 14:44,336.166666666667,336.125,0,0,4730.9,20.35,0,0,1.8,0,833.433347222222,0,0,-2149.7,59.73325,0.09865875,0,6.95059930555555,-0.74,300,0,3744.6,60,0.0576,0
2/5/20 14:49,336.25,336.208333333333,0,0,4730.9,20.35,0,0,1.8,0,833.498319444445,0,0,-2149.46656944444,59.7682208333333,0.100607708333333,0,6.95068375,-0.74,300,0,3744.6,60,0.0576,0
2/5/20 14:54,336.333333333333,336.291666666667,0,0,4730.9,20.35,0,0,1.8,0,833.5,0,0,-2149.24519444444,59.7017645833333,0.100016805555556,0,6.95129944444444,-0.74,300,0,3744.6,60,0.0576,0
2/5/20 14:59,336.416666666667,336.375,0,0,4730.9,20.35,0,0,1.8,0,833.533347222222,0,0,-2149.45480555556,59.7,9.92E-02,0,6.95103402777778,-0.74,300,0,3744.6,60,0.0576,0
2/5/20 15:04,336.5,336.458333333333,0,0,4730.9,20.35,0,0,1.8,0,833.598319444445,0,0,-2149.01176388889,59.7,9.80E-02,0,6.95228263888889,-0.74,300,0,3744.6,60,0.0576,0
2/5/20 15:09,336.583333333333,336.541666666667,0,0,4730.9,20.35,0,0,1.8,0,833.6,0,0,-2149,59.7,9.85E-02,0,6.95170055555556,-0.74,300,0,3744.6,60,0.0576,0
2/5/20 15:14,336.666666666667,336.625,0,0,4730.9,20.35,0,0,1.8,0,833.633347222222,0,0,-2149.23343055556,59.7,9.84E-02,0,6.95263291666667,-0.74,300,0,3744.6,60,0.0576,0
2/5/20 15:19,336.75,336.708333333333,0,0,4730.9,20.35,0,0,1.8,0,833.698319444444,0,0,-2149.68823611111,59.7,9.93E-02,0,6.95235027777778,-0.74,300,0,3744.6,60,0.0576,0
2/5/20 15:24,336.833333333333,336.791666666667,0,0,4730.9,20.35,0,0,1.8,0,833.7,0,0,-2149.46656944444,59.7,9.77E-02,0,6.95198277777778,-0.74,300,0,3744.6,60,0.0576,0
2/5/20 15:29,336.916666666667,336.875,0,0,4730.9,20.35,0,0,1.8,0,833.733347222222,0,0,-2149.01176388889,59.7,9.70E-02,0,6.95105083333333,-0.74,300,0,3744.6,60,0.0576,0
2/5/20 15:34,337,336.958333333333,0,0,4730.9,20.35,0,0,1.8,0,833.798319444444,0,0,-2149,59.7,9.78E-02,0,6.95261611111111,-0.74,300,0,3744.6,60,0.0576,0
2/5/20 15:39,337.083333333333,337.041666666667,0,0,4730.9,20.35,0,0,1.8,0,833.8,0,0,-2148.76656944444,59.7,9.91E-02,0,6.95235027777778,-0.74,300,0,3744.6,60,0.0576,0
2/5/20 15:44,337.166666666667,337.125,0,0,4730.9,20.35,0,0,1.8,0,833.833347222222,0,0,-2148.54519444444,59.7,9.97E-02,0,6.95198277777778,-0.74,300,0,3744.6,60,0.0576,0
2/5/20 15:49,337.25,337.208333333333,0,0,4730.9,20.35,0,0,1.8,0,833.898319444445,0,0,-2148.98823611111,59.7,0.100940763888889,0,6.95071736111111,-0.74,300,0,3744.6,60,0.0576,0
2/5/20 15:54,337.333333333333,337.291666666667,0,0,4730.9,20.35,0,0,1.8,0,833.933347222222,0,0,-2149,59.7,9.87E-02,0,6.95129944444444,-0.74,300,0,3744.6,60,0.0576,0
2/5/20 15:59,337.416666666667,337.375,0,0,4730.9,20.35,0,0,1.8,0,833.998319444445,0,0,-2148.76656944444,59.7,9.77E-02,0,6.95003361111111,-0.74,300,0,3744.6,60,0.0576,0
2/5/20 16:04,337.5,337.458333333333,0,0,4730.9,20.35,0,0,1.8,0,834,0,0,-2148.54519444444,59.7,0.09768375,0,6.94933305555556,-0.74,300,0,3744.6,60,0.0576,0
2/5/20 16:09,337.583333333333,337.541666666667,0,0,4730.9,20.35,0,0,1.8,0,834.033347222222,0,0,-2148.98823611111,59.7,9.85E-02,0,6.9493675,-0.74,300,0,3744.6,60,0.0576,0
2/5/20 16:14,337.666666666667,337.625,0,0,4730.9,20.35,0,0,1.8,0,834.098319444445,0,0,-2148.76656944444,59.7,9.87E-02,0,6.95059888888889,-0.74,300,0,3744.6,60,0.0576,0
2/5/20 16:19,337.75,337.708333333333,0,0,4730.9,20.35,0,0,1.8,0,834.1,0,0,-2148.54519444444,59.7,0.1001075,0,6.94873416666667,-0.74,300,0,3744.6,60,0.0576,0
2/5/20 16:24,337.833333333333,337.791666666667,0,0,4730.9,20.35,0,0,1.8,0,834.133347222222,0,0,-2148.98823611111,59.7,9.82E-02,0,6.94929944444444,-0.74,300,0,3744.6,60,0.0576,0
2/5/20 16:29,337.916666666667,337.875,0,0,4730.9,20.35,0,0,1.8,0,834.198319444444,0,0,-2149,59.6649854166667,9.84E-02,0,6.94870055555556,-0.74,300,0,3744.6,60,0.0576,0
2/5/20 16:34,338,337.958333333333,0,0,4730.9,20.35,0,0,1.8,0,834.2,0,0,-2149.23343055556,59.6317791666667,0.09979125,0,6.94963291666667,-0.74,300,0,3744.6,60,0.0576,0
2/5/20 16:39,338.083333333333,338.041666666667,0,0,4730.9,20.35,0,0,1.8,0,834.233347222222,0,0,-2149.68823611111,59.6982354166667,9.97E-02,0,6.94935027777778,-0.74,300,0,3744.6,60,0.0576,0
2/5/20 16:44,338.166666666667,338.125,0,0,4730.9,20.35,0,0,1.8,0,834.298319444444,0,0,-2149.7,59.7350145833333,0.100158333333333,0,6.94898277777778,-0.74,300,0,3744.6,60,0.0576,0
2/5/20 16:49,338.25,338.208333333333,0,0,4730.9,20.35,0,0,1.8,0,834.333347222222,0,0,-2149.46656944444,59.7682208333333,9.95E-02,0,6.94871777777778,-0.74,300,0,3744.6,60,0.0576,0
2/5/20 16:54,338.333333333333,338.291666666667,0,0,4730.9,20.35,0,0,1.8,0,834.398319444445,0,0,-2149.24441892765,59.7017645833333,9.84E-02,0,6.95058651485788,-0.74,300,0,3744.6,60,0.0576,0
2/5/20 16:59,338.416666666667,338.375,0,0,4730.9,20.35,0,0,1.8,0,834.4,0,0,-2149.68784496124,59.7,1.00E-01,0,6.94873096847545,-0.74,300,0,3744.6,60,0.0576,0
2/5/20 17:04,338.5,338.458333333333,0,0,4730.9,20.35,0,0,1.8,0,834.433075555556,0,0,-2149.7,59.7,9.93E-02,0,6.94930364444444,-0.74,300,0,3744.6,60,0.0576,0
2/5/20 17:09,338.583333333333,338.541666666667,0,0,4730.9,20.35,0,0,1.8,0,834.498257777778,0,0,-2149.7,59.7,9.80E-02,0,6.94869635555556,-0.74,300,0,3744.6,60,0.0576,0
2/5/20 17:14,338.666666666667,338.625,0,0,4730.9,20.35,0,0,1.8,0,834.5,0,0,-2149.7,59.7,9.82E-02,0,6.94930364444444,-0.74,300,0,3744.6,60,0.0576,0
2/5/20 17:19,338.75,338.708333333333,0,0,4730.9,20.35,0,0,1.8,0,834.533075555555,0,0,-2149.7,59.7,9.82E-02,0,6.94869635555556,-0.74,300,0,3744.6,60,0.0576,0
2/5/20 17:24,338.833333333333,338.791666666667,0,0,4730.9,20.35,0,0,1.8,0,834.598257777778,0,0,-2149.7,59.7,9.75E-02,0,6.94930364444444,-0.74,300,0,3744.6,60,0.0576,0
2/5/20 17:29,338.916666666667,338.875,0,0,4730.9,20.35,0,0,1.8,0,834.6,0,0,-2149.7,59.7347293333333,9.78E-02,0,6.94869635555556,-0.74,300,0,3744.6,60,0.0576,0
2/5/20 17:34,339,338.958333333333,0,0,4730.9,20.35,0,0,1.8,0,834.633075555556,0,0,-2149.46847111111,59.7684413333333,0.0983172,0,6.94897288888889,-0.74,300,0,3744.6,60,0.0576,0
2/5/20 17:39,339.083333333333,339.041666666667,0,0,4730.9,20.35,0,0,1.8,0,834.698257777778,0,0,-2149.47525333333,59.7018293333333,0.0988356,0,6.94804453333333,-0.74,300,0,3744.6,60,0.0576,0
2/5/20 17:44,339.166666666667,339.125,0,0,4730.9,20.35,0,0,1.8,0,834.7,0,0,-2150.14408,59.7,9.95E-02,0,6.94895546666667,-0.74,300,0,3744.6,60,0.0576,0
2/5/20 17:49,339.25,339.208333333333,0,0,4730.9,20.35,0,0,1.8,0,834.733075555556,0,0,-2149.71219555556,59.7,9.76E-02,0,6.94804453333333,-0.74,300,0,3744.6,60,0.0576,0
2/5/20 17:54,339.333333333333,339.291666666667,0,0,4730.9,20.35,0,0,1.8,0,834.798257777778,0,0,-2149.23694222222,59.7,0.0975,0,6.94895546666667,-0.74,300,0,3744.6,60,0.0576,0
2/5/20 17:59,339.416666666667,339.375,0,0,4730.9,20.35,0,0,1.8,0,834.833075555556,0,0,-2148.55592,59.7,9.78E-02,0,6.94804453333333,-0.74,300,0,3744.6,60,0.0576,0
2/5/20 18:04,339.5,339.458333333333,0,0,4730.9,20.35,0,0,1.8,0,834.898257777778,0,0,-2148.75627555556,59.7,9.85E-02,0,6.94928622222222,-0.74,300,0,3744.6,60,0.0576,0
2/5/20 18:09,339.583333333333,339.541666666667,0,0,4730.9,20.35,0,0,1.8,0,834.9,0,0,-2148.31219555556,59.7,9.82E-02,0,6.94869635555556,-0.74,300,0,3744.6,60,0.0576,0
2/5/20 18:14,339.666666666667,339.625,0,0,4730.9,20.35,0,0,1.8,0,834.933075555556,0,0,-2148.53152888889,59.7,9.65E-02,0,6.94930364444444,-0.74,300,0,3744.6,60,0.0576,0
2/5/20 18:19,339.75,339.708333333333,0,0,4730.9,20.35,0,0,1.8,0,834.998257777778,0,0,-2148.98780444444,59.7,9.47E-02,0,6.94869635555556,-0.74,300,0,3744.6,60,0.0576,0
2/5/20 18:24,339.833333333333,339.791666666667,0,0,4730.9,20.35,0,0,1.8,0,835,0,0,-2149,59.7,9.60E-02,0,6.94930364444444,-0.74,300,0,3744.6,60,0.0576,0
2/5/20 18:29,339.916666666667,339.875,0,0,4730.9,20.35,0,0,1.8,0,835.033075555555,0,0,-2149,59.7,9.83E-02,0,6.94869635555556,-0.74,300,0,3744.6,60,0.0576,0
2/5/20 18:34,340,339.958333333333,0,0,4730.9,20.35,0,0,1.8,0,835.098257777778,0,0,-2148.53694222222,59.7,9.98E-02,0,6.94930364444444,-0.74,300,0,3744.6,60,0.0576,0
2/5/20 18:39,340.083333333333,340.041666666667,0,0,4730.9,20.35,0,0,1.8,0,835.1,0,0,-2148.08744888889,59.7,0.100629555555556,0,6.94869635555556,-0.74,300,0,3744.6,60,0.0576,0
2/5/20 18:44,340.166666666667,340.125,0,0,4730.9,20.35,0,0,1.8,0,835.133075555556,0,0,-2148.74408,59.7,9.97E-02,0,6.94930364444444,-0.74,300,0,3744.6,60,0.0576,0
2/5/20 18:49,340.25,340.208333333333,0,0,4730.9,20.35,0,0,1.8,0,835.198257777778,0,0,-2148.31219555556,59.7,0.100303644444444,0,6.94869635555556,-0.74,300,0,3744.6,60,0.0576,0
2/5/20 18:54,340.333333333333,340.291666666667,0,0,4730.9,20.35,0,0,1.8,0,835.2,0,0,-2148.06847111111,59.7,9.84E-02,0,6.94930364444444,-0.74,300,0,3744.6,60,0.0576,0
2/5/20 18:59,340.416666666667,340.375,0,0,4730.9,20.35,0,0,1.8,0,835.233075555556,0,0,-2147.84372444444,59.7,9.72E-02,0,6.94869635555556,-0.74,300,0,3744.6,60,0.0576,0
2/5/20 19:04,340.5,340.458333333333,0,0,4730.9,20.35,0,0,1.8,0,835.298257777778,0,0,-2148.28780444444,59.6652706666667,9.83E-02,0,6.94930364444444,-0.74,300,0,3744.6,60,0.0576,0
2/5/20 19:09,340.583333333333,340.541666666667,0,0,4730.9,20.35,0,0,1.8,0,835.333075555556,0,0,-2148.06847111111,59.6315586666667,9.91E-02,0,6.94869635555556,-0.74,300,0,3744.6,60,0.0576,0
2/5/20 19:14,340.666666666667,340.625,0,0,4730.9,20.35,0,0,1.8,0,835.398257777778,0,0,-2147.84372444444,59.6981706666667,9.74E-02,0,6.94930364444444,-0.74,300,0,3744.6,60,0.0576,0
2/5/20 19:19,340.75,340.708333333333,0,0,4730.9,20.35,0,0,1.8,0,835.4,0,0,-2148.28780444444,59.7,9.72E-02,0,6.9483656,-0.74,300,0,3744.6,60,0.0576,0
2/5/20 19:24,340.833333333333,340.791666666667,0,0,4730.9,20.35,0,0,1.8,0,835.433075555556,0,0,-2148.53152888889,59.7,9.73E-02,0,6.94865182222222,-0.74,300,0,3744.6,60,0.0576,0
2/5/20 19:29,340.916666666667,340.875,0,0,4730.9,20.35,0,0,1.8,0,835.498257777778,0,0,-2148.98780444444,59.7,0.0978356,0,6.94867893333333,-0.74,300,0,3744.6,60,0.0576,0
2/5/20 19:34,341,340.958333333333,0,0,4730.9,20.35,0,0,1.8,0,835.5,0,0,-2149,59.7,9.86E-02,0,6.94930364444444,-0.74,300,0,3744.6,60,0.0576,0
2/5/20 19:39,341.083333333333,341.041666666667,0,0,4730.9,20.35,0,0,1.8,0,835.533075555555,0,0,-2148.76847111111,59.7,9.79E-02,0,6.94869635555556,-0.74,300,0,3744.6,60,0.0576,0
2/5/20 19:44,341.166666666667,341.125,0,0,4730.9,20.35,0,0,1.8,0,835.598257777778,0,0,-2148.54372444444,59.7,9.95E-02,0,6.9496344,-0.74,300,0,3744.6,60,0.0576,0
2/5/20 19:49,341.25,341.208333333333,0,0,4730.9,20.35,0,0,1.8,0,835.6,0,0,-2148.98780444444,59.7,9.87E-02,0,6.94967893333333,-0.74,300,0,3744.6,60,0.0576,0
2/5/20 19:54,341.333333333333,341.291666666667,0,0,4730.9,20.35,0,0,1.8,0,835.633075555556,0,0,-2149,59.6900773333333,9.72E-02,0,6.94997288888889,-0.74,300,0,3744.6,60,0.0576,0
2/5/20 19:59,341.416666666667,341.375,0,0,4730.9,20.35,0,0,1.8,0,835.698257777778,0,0,-2149,59.7151746666667,9.73E-02,0,6.94871377777778,-0.74,300,0,3744.6,60,0.0576,0
2/5/20 20:04,341.5,341.458333333333,0,0,4730.9,20.35,0,0,1.8,0,835.733075555556,0,0,-2149,59.7679186666667,0.0978356,0,6.94930364444444,-0.74,300,0,3744.6,60,0.0576,0
2/5/20 20:09,341.583333333333,341.541666666667,0,0,4730.9,20.35,0,0,1.8,0,835.798257777778,0,0,-2149,59.7018293333333,0.0982988,0,6.94869635555556,-0.74,300,0,3744.6,60,0.0576,0
2/5/20 20:14,341.666666666667,341.625,0,0,4730.9,20.35,0,0,1.8,0,835.8,0,0,-2149.23152888889,59.7,9.71E-02,0,6.94930364444444,-0.74,300,0,3744.6,60,0.0576,0
2/5/20 20:19,341.75,341.708333333333,0,0,4730.9,20.35,0,0,1.8,0,835.833075555556,0,0,-2149.45627555556,59.6652706666667,9.80E-02,0,6.94869635555556,-0.74,300,0,3744.6,60,0.0576,0
2/5/20 20:24,341.833333333333,341.791666666667,0,0,4730.9,20.35,0,0,1.8,0,835.898257777778,0,0,-2149.01219555556,59.6315586666667,0.0965484,0,6.94930364444444,-0.74,300,0,3744.6,60,5.97E-02,0
2/5/20 20:29,341.916666666667,341.875,0,0,4730.9,20.35,0,0,1.8,0,835.9,0,0,-2149.23152888889,59.6981706666667,0.09797,0,6.94869635555556,-0.74,300,0,3744.6,60,6.39E-02,0
2/5/20 20:34,342,341.958333333333,0,0,4730.9,20.35,0,0,1.8,0,835.933075555556,0,0,-2149.68780444444,59.7,9.75E-02,0,6.94930364444444,-0.74,300,0,3744.6,60,6.19E-02,0
2/5/20 20:39,342.083333333333,342.041666666667,0,0,4730.9,20.35,0,0,1.8,0,835.998257777778,0,0,-2149.7,59.7347293333333,9.66E-02,0,6.94869635555556,-0.74,300,0,3744.6,60,5.77E-02,0
2/5/20 20:44,342.166666666667,342.125,0,0,4730.9,20.35,0,0,1.8,0,836,0,0,-2149.93152888889,59.7684413333333,9.91E-02,0,6.94930364444444,-0.74,300,0,3744.6,60,0.0576,0
2/5/20 20:49,342.25,342.208333333333,0,0,4730.9,20.35,0,0,1.8,0,836.033075555555,0,0,-2150.38780444444,59.7018293333333,9.79E-02,0,6.94869635555556,-0.74,300,0,3744.6,60,0.0576,0
2/5/20 20:54,342.333333333333,342.291666666667,0,0,4730.9,20.35,0,0,1.8,0,836.098257777778,0,0,-2150.63152888889,59.7,9.93E-02,0,6.94930364444444,-0.74,300,0,3744.6,60,0.0576,0
2/5/20 20:59,342.416666666667,342.375,0,0,4730.9,20.35,0,0,1.8,0,836.1,0,0,-2150.85627555555,59.7,9.87E-02,0,6.94869635555556,-0.74,300,0,3744.6,60,0.0576,0
2/5/20 21:04,342.5,342.458333333333,0,0,4730.9,20.35,0,0,1.8,0,836.133075555556,0,0,-2150.64372444444,59.7,0.101251377777778,0,6.94930364444444,-0.74,300,0,3744.6,60,0.0576,0
2/5/20 21:09,342.583333333333,342.541666666667,0,0,4730.9,20.35,0,0,1.8,0,836.198257777778,0,0,-2150.85704475452,59.7,9.95E-02,0,6.94869415784422,-0.74,300,0,3744.6,60,0.0576,0
2/5/20 21:14,342.666666666667,342.625,0,0,4730.9,20.35,0,0,1.8,0,836.232805,0,0,-2150.64222802326,59.7,9.80E-02,0,6.94930791993356,-0.74,300,0,3744.6,60,0.0576,0
2/5/20 21:19,342.75,342.708333333333,0,0,4730.9,20.35,0,0,1.8,0,836.298195,0,0,-2151.087365,59.7,0.0971911,0,6.9486922,-0.74,300,0,3744.6,60,0.0576,0
2/5/20 21:24,342.833333333333,342.791666666667,0,0,4730.9,20.35,0,0,1.8,0,836.3,0,0,-2151.1,59.7,0.09732695,0,6.9493078,-0.74,300,0,3744.6,60,0.0576,0
2/5/20 21:29,342.916666666667,342.875,0,0,4730.9,20.35,0,0,1.8,0,836.332805,0,0,-2151.1,59.6901585,0.097337075,0,6.9486922,-0.74,300,0,3744.6,59.96555475,0.0576,0
2/5/20 21:34,343,342.958333333333,0,0,4730.9,20.35,0,0,1.8,0,836.398195,0,0,-2151.1,59.680383,0.0976539,0,6.94897975,-0.74,300,0,3744.6,59.9313405,0.0576,0
2/5/20 21:39,343.083333333333,343.041666666667,0,0,4730.9,20.35,0,0,1.8,0,836.4,0,0,-2151.329635,59.6994585,0.09669,0,6.94771025,-0.74,300,0,3744.6,59.99810475,0.0576,0
2/5/20 21:44,343.166666666667,343.125,0,0,4730.9,20.35,0,0,1.8,0,836.432805,0,0,-2151.787365,59.7,0.09733025,0,6.94863585,-0.74,300,0,3744.6,60,0.0576,0
2/5/20 21:49,343.25,343.208333333333,0,0,4730.9,20.35,0,0,1.8,0,836.498195,0,0,-2151.8,59.7,0.098123525,0,6.94867415,-0.74,300,0,3744.6,60,0.0576,0
2/5/20 21:54,343.333333333333,343.291666666667,0,0,4730.9,20.35,0,0,1.8,0,836.5,0,0,-2151.8,59.7,0.09640355,0,6.9493078,-0.74,300,0,3744.6,60,0.0576,0
2/5/20 21:59,343.416666666667,343.375,0,0,4730.9,20.35,0,0,1.8,0,836.532805,0,0,-2151.8,59.73444525,0.0990806,0,6.9486922,-0.74,300,0,3744.6,60,0.0576,0
2/5/20 22:04,343.5,343.458333333333,0,0,4730.9,20.35,0,0,1.8,0,836.598195,0,0,-2151.8,59.7686595,0.09836525,0,6.94897975,-0.74,300,0,3744.6,60,0.0576,0
2/5/20 22:09,343.583333333333,343.541666666667,0,0,4730.9,20.35,0,0,1.8,0,836.6,0,0,-2151.8,59.71173675,0.0994628,0,6.94771025,-0.74,300,0,3744.6,60,0.0576,0
2/5/20 22:14,343.666666666667,343.625,0,0,4730.9,20.35,0,0,1.8,0,836.632805,0,0,-2151.8,59.719617,0.098527075,0,6.94863585,-0.74,300,0,3744.6,60,0.0576,0
2/5/20 22:19,343.75,343.708333333333,0,0,4730.9,20.35,0,0,1.8,0,836.698195,0,0,-2151.8,59.7005415,0.0985,0,6.9490022,-0.74,300,0,3744.6,60,0.0576,0
2/5/20 22:24,343.833333333333,343.791666666667,0,0,4730.9,20.35,0,0,1.8,0,836.732805,0,0,-2151.8,59.7,0.09817195,0,6.9499617,-0.74,300,0,3744.6,60,0.0576,0
2/5/20 22:29,343.916666666667,343.875,0,0,4730.9,20.35,0,0,1.8,0,836.798195,0,0,-2151.8,59.7,0.0978461,0,6.94871025,-0.74,300,0,3744.6,60,0.0576,0
2/5/20 22:34,344,343.958333333333,0,0,4730.9,20.35,0,0,1.8,0,836.8,0,0,-2151.8,59.7098415,0.09848195,0,6.94897975,-0.74,300,0,3744.6,60,0.0576,0
2/5/20 22:39,344.083333333333,344.041666666667,0,0,4730.9,20.35,0,0,1.8,0,836.832805,0,0,-2151.8,59.75406225,0.09817195,0,6.94771025,-0.74,300,0,3744.6,60,0.0576,0
2/5/20 22:44,344.166666666667,344.125,0,0,4730.9,20.35,0,0,1.8,0,836.898195,0,0,-2152.029635,59.80364625,0.09817415,0,6.9483078,-0.74,300,0,3744.6,60,0.0576,0
2/5/20 22:49,344.25,344.208333333333,0,0,4730.9,20.35,0,0,1.8,0,836.9,0,0,-2152.25773,59.77055475,0.098315725,0,6.94802025,-0.74,300,0,3744.6,60,0.0576,0
2/5/20 22:54,344.333333333333,344.291666666667,0,0,4730.9,20.35,0,0,1.8,0,836.932805,0,0,-2152.04227,59.70189525,0.0981955,0,6.94928975,-0.74,300,0,3744.6,60,0.0576,0
2/5/20 22:59,344.416666666667,344.375,0,0,4730.9,20.35,0,0,1.8,0,836.998195,0,0,-2152.487365,59.7,0.10090645,0,6.9480361,-0.74,300,0,3744.6,60,0.0576,0
2/5/20 23:04,344.5,344.458333333333,0,0,4730.9,20.35,0,0,1.8,0,837,0,0,-2152.5,59.73444525,0.097753175,0,6.94767195,-0.74,300,0,3744.6,60,0.0576,0
2/5/20 23:09,344.583333333333,344.541666666667,0,0,4730.9,20.35,0,0,1.8,0,837.032805,0,0,-2152.5,59.7686595,0.09636195,0,6.9473461,-0.74,300,0,3744.6,60,0.05550048,0
2/5/20 23:14,344.666666666667,344.625,0,0,4730.9,20.35,0,0,1.8,0,837.098195,0,0,-2152.5,59.7363405,0.094872075,0,6.9476539,-0.74,300,0,3744.6,60,0.05131552,0
2/5/20 23:19,344.75,344.708333333333,0,0,4730.9,20.35,0,0,1.8,0,837.1,0,0,-2152.5,59.80310475,0.096149275,0,6.9480022,-0.74,300,0,3744.6,60,0.0512,0
2/5/20 23:24,344.833333333333,344.791666666667,0,0,4730.9,20.35,0,0,1.8,0,837.132805,0,0,-2152.5,59.805,0.099245725,0,6.9489617,-0.74,300,0,3744.6,60,0.05329952,0
2/5/20 23:29,344.916666666667,344.875,0,0,4730.9,20.35,0,0,1.8,0,837.198195,0,0,-2152.5,59.7951585,0.0981889,0,6.9480383,-0.74,300,0,3744.6,60,0.05538496,0
2/5/20 23:34,345,344.958333333333,0,0,4730.9,20.35,0,0,1.8,0,837.232805,0,0,-2152.5,59.785383,0.096873175,0,6.9489617,-0.74,300,0,3744.6,60,0.05341504,0
2/5/20 23:39,345.083333333333,345.041666666667,0,0,4730.9,20.35,0,0,1.8,0,837.298195,0,0,-2152.5,59.77001325,0.09781,0,6.9473822,-0.74,300,0,3744.6,60,0.05538496,0
2/5/20 23:44,345.166666666667,345.125,0,0,4730.9,20.35,0,0,1.8,0,837.3,0,0,-2152.5,59.70189525,0.0974978,0,6.9476539,-0.74,300,0,3744.6,60,0.05131552,0
2/5/20 23:49,345.25,345.208333333333,0,0,4730.9,20.35,0,0,1.8,0,837.332805,0,0,-2152.5,59.73444525,0.096046225,0,6.9473461,-0.74,300,0,3744.6,60,0.0512,0
2/5/20 23:54,345.333333333333,345.291666666667,0,0,4730.9,20.35,0,0,1.8,0,837.398195,0,0,-2152.5,59.7686595,0.096316825,0,6.94798195,-0.74,300,0,3744.6,60,0.05329952,0
2/5/20 23:59,345.416666666667,345.375,0,0,4730.9,20.35,0,0,1.8,0,837.4,0,0,-2152.5,59.70189525,0.096184275,0,6.94832805,-0.74,300,0,3744.6,60,0.05748448,0
2/6/20 0:04,345.5,345.458333333333,0,0,4730.9,20.35,0,0,1.8,0,837.432805,0,0,-2152.5,59.7,0.0976167,0,6.94832585,-0.74,300,0,3744.6,60,0.0576,0
2/6/20 0:09,345.583333333333,345.541666666667,0,0,4730.9,20.35,0,0,1.8,0,837.498195,0,0,-2152.729635,59.7098415,0.0965372,0,6.9476922,-0.74,300,0,3744.6,60,0.05550048,0
2/6/20 0:14,345.666666666667,345.625,0,0,4730.9,20.35,0,0,1.8,0,837.5,0,0,-2152.95773,59.73437925,0.0973089,0,6.94863585,-0.74,300,0,3744.6,60,0.05341504,0
2/6/20 0:19,345.75,345.708333333333,0,0,4730.9,20.35,0,0,1.8,0,837.532805,0,0,-2152.74227,59.729967,0.097993175,0,6.94867415,-0.74,300,0,3744.6,60,0.05748448,0
2/6/20 0:24,345.833333333333,345.791666666667,0,0,4730.9,20.35,0,0,1.8,0,837.598195,0,0,-2152.95773,59.70081225,0.1002739,0,6.9493078,-0.74,300,0,3744.6,60,0.0576,0
2/6/20 0:29,345.916666666667,345.875,0,0,4730.9,20.35,0,0,1.8,0,837.632805,0,0,-2152.512635,59.7,0.100489875,0,6.9486922,-0.74,300,0,3744.6,60,0.0576,0
2/6/20 0:34,346,345.958333333333,0,0,4730.9,20.35,0,0,1.8,0,837.698195,0,0,-2152.5,59.7,0.09936305,0,6.94897975,-0.74,300,0,3744.6,60,0.05550048,0
2/6/20 0:39,346.083333333333,346.041666666667,0,0,4730.9,20.35,0,0,1.8,0,837.7,0,0,-2152.729635,59.7,0.098845,0,6.9473822,-0.74,300,0,3744.6,60,0.05131552,0
2/6/20 0:44,346.166666666667,346.125,0,0,4730.9,20.35,0,0,1.8,0,837.732805,0,0,-2153.187365,59.7,0.0976889,0,6.9476539,-0.74,300,0,3744.6,60,0.0512,0
2/6/20 0:49,346.25,346.208333333333,0,0,4730.9,20.35,0,0,1.8,0,837.798195,0,0,-2153.2,59.7147132059801,9.82E-02,0,6.94799893039867,-0.74,300,0,3744.6,60,0.0512,0
2/6/20 0:54,346.333333333333,346.291666666667,0,0,4730.9,20.35,0,0,1.8,0,837.8,0,0,-2153.2,59.7295207940199,0.101077503580657,0,6.94896805293466,-0.74,300,0,3744.6,60,0.0512,0
2/6/20 0:59,346.416666666667,346.375,0,0,4730.9,20.35,0,0,1.8,0,837.832535555556,0,0,-2152.97225111111,59.700841,9.87E-02,0,6.94803213333333,-0.74,300,0,3744.6,60,5.33E-02,0
2/6/20 1:04,346.5,346.458333333333,0,0,4730.9,20.35,0,0,1.8,0,837.898131111111,0,0,-2152.74083111111,59.7,9.90E-02,0,6.94896786666667,-0.74,300,0,3744.6,60,5.54E-02,0
2/6/20 1:09,346.583333333333,346.541666666667,0,0,4730.9,20.35,0,0,1.8,0,837.9,0,0,-2153.18691777778,59.7,9.80E-02,0,6.94770677777778,-0.74,300,0,3744.6,60,5.13E-02,0
2/6/20 1:14,346.666666666667,346.625,0,0,4730.9,20.35,0,0,1.8,0,837.932535555556,0,0,-2152.97225111111,59.7,9.77E-02,0,6.94863726666667,-0.74,300,0,3744.6,60,0.0512,0
2/6/20 1:19,346.75,346.708333333333,0,0,4730.9,20.35,0,0,1.8,0,837.998131111111,0,0,-2152.74083111111,59.7,9.96E-02,0,6.94801868888889,-0.74,300,0,3744.6,60,0.0512,0
2/6/20 1:24,346.833333333333,346.791666666667,0,0,4730.9,20.35,0,0,1.8,0,838,0,0,-2153.18691777778,59.7,9.71E-02,0,6.94767464444444,-0.74,300,0,3744.6,60,5.33E-02,0
2/6/20 1:29,346.916666666667,346.875,0,0,4730.9,20.35,0,0,1.8,0,838.032535555556,0,0,-2153.2,59.7341623333333,0.0984641,0,6.94799475555556,-0.74,300,0,3744.6,60,5.54E-02,0
2/6/20 1:34,347,346.958333333333,0,0,4730.9,20.35,0,0,1.8,0,838.098131111111,0,0,-2153.2,59.8030376666667,0.100439833333333,0,6.94929322222222,-0.74,300,0,3744.6,60,5.34E-02,0
2/6/20 1:39,347.083333333333,347.041666666667,0,0,4730.9,20.35,0,0,1.8,0,838.132535555556,0,0,-2153.2,59.805,9.82E-02,0,6.94868808888889,-0.74,300,0,3744.6,60,5.54E-02,0
2/6/20 1:44,347.166666666667,347.125,0,0,4730.9,20.35,0,0,1.8,0,838.198131111111,0,0,-2152.97225111111,59.805,0.0981694,0,6.94931191111111,-0.74,300,0,3744.6,60,5.13E-02,0
2/6/20 1:49,347.25,347.208333333333,0,0,4730.9,20.35,0,0,1.8,0,838.2,0,0,-2152.74083111111,59.805,9.98E-02,0,6.94836273333333,-0.74,300,0,3744.6,60,0.0512,0
2/6/20 1:54,347.333333333333,347.291666666667,0,0,4730.9,20.35,0,0,1.8,0,838.232535555556,0,0,-2153.18691777778,59.805,1.00E-01,0,6.94865595555556,-0.74,300,0,3744.6,60,0.0512,0
2/6/20 1:59,347.416666666667,347.375,0,0,4730.9,20.35,0,0,1.8,0,838.298131111111,0,0,-2153.2,59.7708376666667,9.84E-02,0,6.9486694,-0.74,300,0,3744.6,60,0.0512,0
2/6/20 2:04,347.5,347.458333333333,0,0,4730.9,20.35,0,0,1.8,0,838.3,0,0,-2153.2,59.7361246666667,9.75E-02,0,6.94898655555556,-0.74,300,0,3744.6,60,0.0512,0
2/6/20 2:09,347.583333333333,347.541666666667,0,0,4730.9,20.35,0,0,1.8,0,838.332535555556,0,0,-2153.2,59.7688753333333,9.85E-02,0,6.94803213333333,-0.74,300,0,3744.6,60,0.0512,0
2/6/20 2:14,347.666666666667,347.625,0,0,4730.9,20.35,0,0,1.8,0,838.398131111111,0,0,-2153.2,59.7361246666667,9.80E-02,0,6.94896786666667,-0.74,300,0,3744.6,60,0.0512,0
2/6/20 2:19,347.75,347.708333333333,0,0,4730.9,20.35,0,0,1.8,0,838.4,0,0,-2153.2,59.8030376666667,0.09654,0,6.94803213333333,-0.74,300,0,3744.6,60,0.0512,0
2/6/20 2:24,347.833333333333,347.791666666667,0,0,4730.9,20.35,0,0,1.8,0,838.432535555556,0,0,-2153.2,59.805,9.62E-02,0,6.94896786666667,-0.74,300,0,3744.6,60,0.0512,0
2/6/20 2:29,347.916666666667,347.875,0,0,4730.9,20.35,0,0,1.8,0,838.498131111111,0,0,-2152.97225111111,59.805,9.75E-02,0,6.94803213333333,-0.74,300,0,3744.6,60,0.0512,0
2/6/20 2:34,348,347.958333333333,0,0,4730.9,20.35,0,0,1.8,0,838.5,0,0,-2152.74083111111,59.7708376666667,9.78E-02,0,6.94929322222222,-0.74,300,0,3744.6,60,0.0512,0
2/6/20 2:39,348.083333333333,348.041666666667,0,0,4730.9,20.35,0,0,1.8,0,838.532535555556,0,0,-2153.18691777778,59.7361246666667,9.80E-02,0,6.94836273333333,-0.74,300,0,3744.6,60,0.0512,0
2/6/20 2:44,348.166666666667,348.125,0,0,4730.9,20.35,0,0,1.8,0,838.598131111111,0,0,-2153.2,59.8030376666667,9.78E-02,0,6.9483306,-0.74,300,0,3744.6,60,0.0512,0
2/6/20 2:49,348.25,348.208333333333,0,0,4730.9,20.35,0,0,1.8,0,838.632535555556,0,0,-2153.2,59.7708376666667,9.80E-02,0,6.94801344444444,-0.74,300,0,3744.6,60,0.0512,0
2/6/20 2:54,348.333333333333,348.291666666667,0,0,4730.9,20.35,0,0,1.8,0,838.698131111111,0,0,-2152.97225111111,59.7019623333333,9.67E-02,0,6.94896786666667,-0.74,300,0,3744.6,60,5.33E-02,0
2/6/20 2:59,348.416666666667,348.375,0,0,4730.9,20.35,0,0,1.8,0,838.7,0,0,-2152.74083111111,59.7341623333333,9.99E-02,0,6.94803213333333,-0.74,300,0,3744.6,60,5.75E-02,0
2/6/20 3:04,348.5,348.458333333333,0,0,4730.9,20.35,0,0,1.8,0,838.732535555556,0,0,-2153.18691777778,59.8030376666667,0.1,0,6.94896786666667,-0.74,300,0,3744.6,60,5.55E-02,0
2/6/20 3:09,348.583333333333,348.541666666667,0,0,4730.9,20.35,0,0,1.8,0,838.798131111111,0,0,-2153.2,59.7854786666667,9.89E-02,0,6.94803213333333,-0.74,300,0,3744.6,60,5.13E-02,0
2/6/20 3:14,348.666666666667,348.625,0,0,4730.9,20.35,0,0,1.8,0,838.8,0,0,-2153.2,59.7656426666667,9.66E-02,0,6.94896786666667,-0.74,300,0,3744.6,60,0.0512,0
2/6/20 3:19,348.75,348.708333333333,0,0,4730.9,20.35,0,0,1.8,0,838.832535555556,0,0,-2153.2,59.8038786666667,9.68E-02,0,6.94803213333333,-0.74,300,0,3744.6,60,0.0512,0
2/6/20 3:24,348.833333333333,348.791666666667,0,0,4730.9,20.35,0,0,1.8,0,838.898131111111,0,0,-2153.2,59.7708376666667,9.78E-02,0,6.94929322222222,-0.74,300,0,3744.6,60,0.0512,0
2/6/20 3:29,348.916666666667,348.875,0,0,4730.9,20.35,0,0,1.8,0,838.9,0,0,-2153.2,59.7019623333333,9.85E-02,0,6.94803737777778,-0.74,300,0,3744.6,60,0.0512,0
2/6/20 3:34,349,348.958333333333,0,0,4730.9,20.35,0,0,1.8,0,838.932535555556,0,0,-2153.2,59.7097606666667,0.0985,0,6.94767464444444,-0.74,300,0,3744.6,60,0.0512,0
2/6/20 3:39,349.083333333333,349.041666666667,0,0,4730.9,20.35,0,0,1.8,0,838.998131111111,0,0,-2153.2,59.7196786666667,9.90E-02,0,6.9476694,-0.74,300,0,3744.6,60,0.0512,0
2/6/20 3:44,349.166666666667,349.125,0,0,4730.9,20.35,0,0,1.8,0,839.032535555556,0,0,-2153.2,59.734723,9.96E-02,0,6.94831191111111,-0.74,300,0,3744.6,60,0.0512,0
2/6/20 3:49,349.25,349.208333333333,0,0,4730.9,20.35,0,0,1.8,0,839.098131111111,0,0,-2153.2,59.8030376666667,9.89E-02,0,6.94736273333333,-0.74,300,0,3744.6,60,0.0512,0
2/6/20 3:54,349.333333333333,349.291666666667,0,0,4730.9,20.35,0,0,1.8,0,839.1,0,0,-2153.2,59.805,9.85E-02,0,6.94765595555556,-0.74,300,0,3744.6,60,0.0512,0
2/6/20 3:59,349.416666666667,349.375,0,0,4730.9,20.35,0,0,1.8,0,839.132535555556,0,0,-2153.2,59.805,9.95E-02,0,6.94734404444444,-0.74,300,0,3744.6,60,0.0512,0
2/6/20 4:04,349.5,349.458333333333,0,0,4730.9,20.35,0,0,1.8,0,839.198131111111,0,0,-2153.2,59.7708376666667,0.1009559,0,6.94765595555556,-0.74,300,0,3744.6,60,0.0512,0
2/6/20 4:09,349.583333333333,349.541666666667,0,0,4730.9,20.35,0,0,1.8,0,839.2,0,0,-2153.2,59.726364,9.89E-02,0,6.94799475555556,-0.74,300,0,3744.6,60,0.0512,0
2/6/20 4:14,349.666666666667,349.625,0,0,4730.9,20.35,0,0,1.8,0,839.232535555556,0,0,-2153.2,59.7638376666667,9.79E-02,0,6.94896786666667,-0.74,300,0,3744.6,60,0.0512,0
2/6/20 4:19,349.75,349.708333333333,0,0,4730.9,20.35,0,0,1.8,0,839.298131111111,0,0,-2153.42774888889,59.7309196666667,9.99E-02,0,6.94770677777778,-0.74,300,0,3744.6,60,0.0512,0
2/6/20 4:24,349.833333333333,349.791666666667,0,0,4730.9,20.35,0,0,1.8,0,839.3,0,0,-2153.65916888889,59.7350033333333,9.92E-02,0,6.94831191111111,-0.74,300,0,3744.6,60,0.0512,0
2/6/20 4:29,349.916666666667,349.875,0,0,4730.9,20.35,0,0,1.8,0,839.332535555556,0,0,-2153.21308222222,59.7688753333333,9.87E-02,0,6.94801344444444,-0.74,300,0,3744.6,60,0.0512,0
2/6/20 4:34,350,349.958333333333,0,0,4730.9,20.35,0,0,1.8,0,839.398131111111,0,0,-2153.2,59.7361246666667,9.82E-02,0,6.94896786666667,-0.74,300,0,3744.6,60,0.0512,0
2/6/20 4:39,350.083333333333,350.041666666667,0,0,4730.9,20.35,0,0,1.8,0,839.4,0,0,-2153.2,59.8030376666667,9.95E-02,0,6.94803213333333,-0.74,300,0,3744.6,60,0.0512,0
2/6/20 4:44,350.166666666667,350.125,0,0,4730.9,20.35,0,0,1.8,0,839.432535555556,0,0,-2153.2,59.805,9.77E-02,0,6.94896786666667,-0.74,300,0,3744.6,60,0.0512,0
2/6/20 4:49,350.25,350.208333333333,0,0,4730.9,20.35,0,0,1.8,0,839.498131111111,0,0,-2153.2,59.7708376666667,9.85E-02,0,6.94803213333333,-0.74,300,0,3744.6,60,0.0512,0
2/6/20 4:54,350.333333333333,350.291666666667,0,0,4730.9,20.35,0,0,1.8,0,839.532535555556,0,0,-2153.2,59.7361246666667,9.93E-02,0,6.94896786666667,-0.74,300,0,3744.6,60,0.0512,0
2/6/20 4:59,350.416666666667,350.375,0,0,4730.9,20.35,0,0,1.8,0,839.598131111111,0,0,-2153.2,59.7688753333333,9.87E-02,0,6.94738142222222,-0.74,300,0,3744.6,60,0.0512,0
2/6/20 5:04,350.5,350.458333333333,0,0,4730.9,20.35,0,0,1.8,0,839.6,0,0,-2153.2,59.7361246666667,9.82E-02,0,6.94700524444444,-0.74,300,0,3744.6,60,0.0512,0
2/6/20 5:09,350.583333333333,350.541666666667,0,0,4730.9,20.35,0,0,1.8,0,839.632535555556,0,0,-2153.2,59.8030376666667,9.74E-02,0,6.94635748888889,-0.74,300,0,3744.6,60,0.0512,0
2/6/20 5:14,350.666666666667,350.625,0,0,4730.9,20.35,0,0,1.8,0,839.698131111111,0,0,-2153.2,59.805,9.57E-02,0,6.94827453333333,-0.74,300,0,3744.6,60,0.0512,0
2/6/20 5:19,350.75,350.708333333333,0,0,4730.9,20.35,0,0,1.8,0,839.7,0,0,-2153.2,59.805,9.79E-02,0,6.94736273333333,-0.74,300,0,3744.6,60,0.0512,0
2/6/20 5:24,350.833333333333,350.791666666667,0,0,4730.9,20.35,0,0,1.8,0,839.732427464009,0,0,-2153.2,59.7806794019934,0.100268207973422,0,6.94765703647102,-0.74,300,0,3744.6,60,0.0512,0
2/6/20 5:29,350.916666666667,350.875,0,0,4730.9,20.35,0,0,1.8,0,839.798072535991,0,0,-2153.2,59.7556460146733,0.100012708693245,0,6.94734194686231,-0.74,300,0,3744.6,60,0.0512,0
2/6/20 5:34,351,350.958333333333,0,0,4730.9,20.35,0,0,1.8,0,839.8,0,0,-2153.2,59.769669,9.84E-02,0,6.94765798888889,-0.74,300,0,3744.6,60,0.0512,0
2/6/20 5:39,351.083333333333,351.041666666667,0,0,4730.9,20.35,0,0,1.8,0,839.832267222222,0,0,-2153.2,59.7359111666667,9.91E-02,0,6.94734201111111,-0.74,300,0,3744.6,60,0.0512,0
2/6/20 5:44,351.166666666667,351.125,0,0,4730.9,20.35,0,0,1.8,0,839.898066111111,0,0,-2153.2,59.8029694166667,9.85E-02,0,6.94765798888889,-0.74,300,0,3744.6,60,0.0512,0
2/6/20 5:49,351.25,351.208333333333,0,0,4730.9,20.35,0,0,1.8,0,839.9,0,0,-2153.2,59.7711194166667,9.66E-02,0,6.94734201111111,-0.74,300,0,3744.6,60,5.33E-02,0
2/6/20 5:54,351.333333333333,351.291666666667,0,0,4730.9,20.35,0,0,1.8,0,839.932267222222,0,0,-2153.2,59.7020305833333,9.55E-02,0,6.94765798888889,-0.74,300,0,3744.6,60,5.54E-02,0
2/6/20 5:59,351.416666666667,351.375,0,0,4730.9,20.35,0,0,1.8,0,839.998066111111,0,0,-2153.2,59.7,9.52E-02,0,6.94734201111111,-0.74,300,0,3744.6,60,5.13E-02,0
2/6/20 6:04,351.5,351.458333333333,0,0,4730.9,20.35,0,0,1.8,0,840.032267222222,0,0,-2153.2,59.7338805833333,0.09904865,0,6.94765798888889,-0.74,300,0,3744.6,60,0.0512,0
2/6/20 6:09,351.583333333333,351.541666666667,0,0,4730.9,20.35,0,0,1.8,0,840.098066111111,0,0,-2153.2,59.8029694166667,0.098686625,0,6.94734201111111,-0.74,300,0,3744.6,60,0.0512,0
2/6/20 6:14,351.666666666667,351.625,0,0,4730.9,20.35,0,0,1.8,0,840.1,0,0,-2152.97412944444,59.7711194166667,9.64E-02,0,6.94765798888889,-0.74,300,0,3744.6,60,0.0512,0
2/6/20 6:19,351.75,351.708333333333,0,0,4730.9,20.35,0,0,1.8,0,840.132267222222,0,0,-2152.73940777778,59.726231,9.84E-02,0,6.94798735555555,-0.74,300,0,3744.6,60,0.0512,0
2/6/20 6:24,351.833333333333,351.791666666667,0,0,4730.9,20.35,0,0,1.8,0,840.198066111111,0,0,-2153.18646277778,59.7493491666667,9.83E-02,0,6.94897396666667,-0.74,300,0,3744.6,60,0.0512,0
2/6/20 6:29,351.916666666667,351.875,0,0,4730.9,20.35,0,0,1.8,0,840.2,0,0,-2153.2,59.7014504166667,0.0988223,0,6.94770336111111,-0.74,300,0,3744.6,60,0.0512,0
2/6/20 6:34,352,351.958333333333,0,0,4730.9,20.35,0,0,1.8,0,840.232267222222,0,0,-2152.97412944444,59.7,9.66E-02,0,6.94831597777778,-0.74,300,0,3744.6,60,0.0512,0
2/6/20 6:39,352.083333333333,352.041666666667,0,0,4730.9,20.35,0,0,1.8,0,840.298066111111,0,0,-2152.51353722222,59.7338805833333,9.76E-02,0,6.94736135,-0.74,300,0,3744.6,60,0.0512,0
2/6/20 6:44,352.166666666667,352.125,0,0,4730.9,20.35,0,0,1.8,0,840.3,0,0,-2152.72587055556,59.8029694166667,0.098641625,0,6.94733531666667,-0.74,300,0,3744.6,60,5.33E-02,0
2/6/20 6:49,352.25,352.208333333333,0,0,4730.9,20.35,0,0,1.8,0,840.332267222222,0,0,-2152.96059222222,59.7711194166667,9.69E-02,0,6.94668402222222,-0.74,300,0,3744.6,60,5.75E-02,0
2/6/20 6:54,352.333333333333,352.291666666667,0,0,4730.9,20.35,0,0,1.8,0,840.398066111111,0,0,-2152.51353722222,59.7359111666667,9.85E-02,0,6.94763865,-0.74,300,0,3744.6,60,5.55E-02,0
2/6/20 6:59,352.416666666667,352.375,0,0,4730.9,20.35,0,0,1.8,0,840.4,0,0,-2152.5,59.7690888333333,9.80E-02,0,6.94734201111111,-0.74,300,0,3744.6,60,5.13E-02,0
2/6/20 7:04,352.5,352.458333333333,0,0,4730.9,20.35,0,0,1.8,0,840.432267222222,0,0,-2152.5,59.7359111666667,9.70E-02,0,6.94765798888889,-0.74,300,0,3744.6,60,0.0512,0
2/6/20 7:09,352.583333333333,352.541666666667,0,0,4730.9,20.35,0,0,1.8,0,840.498066111111,0,0,-2152.5,59.7690888333333,9.76E-02,0,6.94734201111111,-0.74,300,0,3744.6,60,5.33E-02,0
2/6/20 7:14,352.666666666667,352.625,0,0,4730.9,20.35,0,0,1.8,0,840.532267222222,0,0,-2152.5,59.7020305833333,9.85E-02,0,6.94765798888889,-0.74,300,0,3744.6,60,5.54E-02,0
2/6/20 7:19,352.75,352.708333333333,0,0,4730.9,20.35,0,0,1.8,0,840.598066111111,0,0,-2152.5,59.7338805833333,9.87E-02,0,6.9486327,-0.74,300,0,3744.6,60,5.34E-02,0
2/6/20 7:24,352.833333333333,352.791666666667,0,0,4730.9,20.35,0,0,1.8,0,840.6,0,0,-2152.5,59.8029694166667,0.099641625,0,6.95125796111111,-0.74,300,0,3744.6,60,5.75E-02,0
2/6/20 7:29,352.916666666667,352.875,0,0,4730.9,20.35,0,0,1.8,0,840.632267222222,0,0,-2152.5,59.7711194166667,9.76E-02,0,6.95068402222222,-0.74,300,0,3744.6,60,5.55E-02,0
2/6/20 7:34,353,352.958333333333,0,0,4730.9,20.35,0,0,1.8,0,840.698066111111,0,0,-2152.5,59.7359111666667,9.78E-02,0,6.95131597777778,-0.74,300,0,3744.6,60,5.34E-02,0
2/6/20 7:39,353.083333333333,353.041666666667,0,0,4730.9,20.35,0,0,1.8,0,840.7,0,0,-2152.5,59.7690888333333,0.09686135,0,6.95068402222222,-0.74,300,0,3744.6,60,5.75E-02,0
2/6/20 7:44,353.166666666667,353.125,0,0,4730.9,20.35,0,0,1.8,0,840.732267222222,0,0,-2152.5,59.7020305833333,9.86E-02,0,6.95131597777778,-0.74,300,0,3744.6,60,0.0576,0
2/6/20 7:49,353.25,353.208333333333,0,0,4730.9,20.35,0,0,1.8,0,840.798066111111,0,0,-2152.27412944444,59.7338805833333,9.98E-02,0,6.95068402222222,-0.74,300,0,3744.6,60,0.0576,0
2/6/20 7:54,353.333333333333,353.291666666667,0,0,4730.9,20.35,0,0,1.8,0,840.8,0,0,-2152.03940777778,59.8029694166667,0.09740635,0,6.95131597777778,-0.74,300,0,3744.6,60,0.0576,0
2/6/20 7:59,353.416666666667,353.375,0,0,4730.9,20.35,0,0,1.8,0,840.832267222222,0,0,-2152.48646277778,59.805,9.81E-02,0,6.95068402222222,-0.74,300,0,3744.6,60,0.0576,0
2/6/20 8:04,353.5,353.458333333333,0,0,4730.9,20.35,0,0,1.8,0,840.898066111111,0,0,-2152.27412944444,59.805,9.99E-02,0,6.95067063333333,-0.74,300,0,3744.6,60,0.0576,0
2/6/20 8:09,353.583333333333,353.541666666667,0,0,4730.9,20.35,0,0,1.8,0,840.932267222222,0,0,-2151.81353722222,59.7711194166667,9.84E-02,0,6.94936804444444,-0.74,300,0,3744.6,60,0.0576,0
2/6/20 8:14,353.666666666667,353.625,0,0,4730.9,20.35,0,0,1.8,0,840.998066111111,0,0,-2152.02587055556,59.7020305833333,9.77E-02,0,6.95095462777778,-0.74,300,0,3744.6,60,5.55E-02,0
2/6/20 8:19,353.75,353.708333333333,0,0,4730.9,20.35,0,0,1.8,0,841,0,0,-2152.48646277778,59.7338805833333,9.96E-02,0,6.95002603333333,-0.74,300,0,3744.6,60,5.13E-02,0
2/6/20 8:24,353.833333333333,353.791666666667,0,0,4730.9,20.35,0,0,1.8,0,841.032267222222,0,0,-2152.5,59.8029694166667,0.10063865,0,6.95065129444444,-0.74,300,0,3744.6,60,0.0512,0
2/6/20 8:29,353.916666666667,353.875,0,0,4730.9,20.35,0,0,1.8,0,841.098066111111,0,0,-2152.5,59.805,9.92E-02,0,6.9487227,-0.74,300,0,3744.6,60,0.0512,0
2/6/20 8:34,354,353.958333333333,0,0,4730.9,20.35,0,0,1.8,0,841.1,0,0,-2152.5,59.8340405,9.74E-02,0,6.94931597777778,-0.74,300,0,3744.6,60,0.0512,0
2/6/20 8:39,354.083333333333,354.041666666667,0,0,4730.9,20.35,0,0,1.8,0,841.132267222222,0,0,-2152.27412944444,59.864219,9.65E-02,0,6.94868402222222,-0.74,300,0,3744.6,60,0.0512,0
2/6/20 8:44,354.166666666667,354.125,0,0,4730.9,20.35,0,0,1.8,0,841.198066111111,0,0,-2152.03940777778,59.8067405,9.67E-02,0,6.94931597777778,-0.74,300,0,3744.6,60,0.0512,0
2/6/20 8:49,354.25,354.208333333333,0,0,4730.9,20.35,0,0,1.8,0,841.2,0,0,-2152.26059222222,59.7711194166667,9.89E-02,0,6.94900669444445,-0.74,300,0,3744.6,60,0.0512,0
2/6/20 8:54,354.333333333333,354.291666666667,0,0,4730.9,20.35,0,0,1.8,0,841.232267222222,0,0,-2152.03940777778,59.7020305833333,9.72E-02,0,6.94997396666667,-0.74,300,0,3744.6,60,0.0512,0
2/6/20 8:59,354.416666666667,354.375,0,0,4730.9,20.35,0,0,1.8,0,841.298066111111,0,0,-2152.03472166667,59.7338805833333,9.54E-02,0,6.94934870555556,-0.74,300,0,3744.6,59.9661194166667,5.33E-02,0
2/6/20 9:04,354.5,354.458333333333,0,0,4730.9,20.35,0,0,1.8,0,841.3,0,0,-2151.352945,59.8029694166667,9.86E-02,0,6.9512773,-0.74,300,0,3744.6,59.9309111666667,5.75E-02,0
2/6/20 9:09,354.583333333333,354.541666666667,0,0,4730.9,20.35,0,0,1.8,0,841.332267222222,0,0,-2151.56059222222,59.805,9.83E-02,0,6.95068402222222,-0.74,300,0,3744.6,59.9979694166667,0.0576,0
2/6/20 9:14,354.666666666667,354.625,0,0,4730.9,20.35,0,0,1.8,0,841.398066111111,0,0,-2151.33940777778,59.805,9.82E-02,0,6.95131597777778,-0.74,300,0,3744.6,60,0.0576,0
2/6/20 9:19,354.75,354.708333333333,0,0,4730.9,20.35,0,0,1.8,0,841.432267222222,0,0,-2151.56059222222,59.805,0.0976777,0,6.95100669444444,-0.74,300,0,3744.6,60,0.0576,0
2/6/20 9:24,354.833333333333,354.791666666667,0,0,4730.9,20.35,0,0,1.8,0,841.498066111111,0,0,-2151.11353722222,59.805,9.91E-02,0,6.95197396666667,-0.74,300,0,3744.6,60,0.0576,0
2/6/20 9:29,354.916666666667,354.875,0,0,4730.9,20.35,0,0,1.8,0,841.5,0,0,-2150.87412944444,59.805,9.71E-02,0,6.95070336111111,-0.74,300,0,3744.6,60,0.0576,0
2/6/20 9:34,355,354.958333333333,0,0,4730.9,20.35,0,0,1.8,0,841.532267222222,0,0,-2150.18766666667,59.805,9.73E-02,0,6.95131597777778,-0.74,300,0,3744.6,60,0.0576,0
2/6/20 9:39,355.083333333333,355.041666666667,0,0,4730.9,20.35,0,0,1.8,0,841.598066111111,0,0,-2149.93940777778,59.805,9.94E-02,0,6.95100669444444,-0.74,300,0,3744.6,60,0.0576,0
2/6/20 9:44,355.166666666667,355.125,0,0,4730.9,20.35,0,0,1.8,0,841.6,0,0,-2150.38646277778,59.805,9.87E-02,0,6.95197396666667,-0.74,300,0,3744.6,60,0.0576,0
2/6/20 9:49,355.25,355.208333333333,0,0,4730.9,20.35,0,0,1.8,0,841.632267222222,0,0,-2150.17412944444,59.805,9.88E-02,0,6.95102603333333,-0.74,300,0,3744.6,60,0.0576,0
2/6/20 9:54,355.333333333333,355.291666666667,0,0,4730.9,20.35,0,0,1.8,0,841.698066111111,0,0,-2149.48766666667,59.8340405,9.91E-02,0,6.95261931111111,-0.74,300,0,3744.6,60,5.97E-02,0
2/6/20 9:59,355.416666666667,355.375,0,0,4730.9,20.35,0,0,1.8,0,841.7,0,0,-2149.01353722222,59.864219,9.83E-02,0,6.95137399444444,-0.74,300,0,3744.6,60,6.39E-02,0
2/6/20 10:04,355.5,355.458333333333,0,0,4730.9,20.35,0,0,1.8,0,841.732267222222,0,0,-2149,59.835781,9.87E-02,0,6.94907066111111,-0.74,300,0,3744.6,60,0.064,0
2/6/20 10:09,355.583333333333,355.541666666667,0,0,4730.9,20.35,0,0,1.8,0,841.798066111111,0,0,-2149.45174111111,59.8932595,9.90E-02,0,6.94802603333333,-0.74,300,0,3744.6,60,6.19E-02,0
2/6/20 10:14,355.666666666667,355.625,0,0,4730.9,20.35,0,0,1.8,0,841.8,0,0,-2150.147055,59.9288805833333,9.95E-02,0,6.94929663888889,-0.74,300,0,3744.6,60,5.77E-02,0
2/6/20 10:19,355.75,355.708333333333,0,0,4730.9,20.35,0,0,1.8,0,841.832267222222,0,0,-2149.71353722222,59.9350483333333,0.100148319444444,0,6.94932936666667,-0.74,300,0,3744.6,60,0.0576,0
2/6/20 10:24,355.833333333333,355.791666666667,0,0,4730.9,20.35,0,0,1.8,0,841.898066111111,0,0,-2150.15174111111,59.8378115833333,9.92E-02,0,6.95095462777778,-0.74,300,0,3744.6,60,0.0576,0
2/6/20 10:29,355.916666666667,355.875,0,0,4730.9,20.35,0,0,1.8,0,841.932267222222,0,0,-2151.07292555556,59.8932595,9.74E-02,0,6.95002603333333,-0.74,300,0,3744.6,60,0.0576,0
2/6/20 10:34,356,355.958333333333,0,0,4730.9,20.35,0,0,1.8,0,841.998066111111,0,0,-2151.1,59.895,9.62E-02,0,6.95129663888889,-0.74,300,0,3744.6,60,0.0576,0
2/6/20 10:39,356.083333333333,356.041666666667,0,0,4730.9,20.35,0,0,1.8,0,842,0,0,-2150.87412944444,59.895,9.75E-02,0,6.95100669444444,-0.74,300,0,3744.6,60,0.0576,0
2/6/20 10:44,356.166666666667,356.125,0,0,4730.9,20.35,0,0,1.8,0,842.032267222222,0,0,-2150.41353722222,59.895,9.62E-02,0,6.95165129444444,-0.74,300,0,3744.6,60,0.0576,0
2/6/20 10:49,356.25,356.208333333333,0,0,4730.9,20.35,0,0,1.8,0,842.098066111111,0,0,-2150.17412944444,59.895,9.78E-02,0,6.95004537222222,-0.74,300,0,3744.6,60,0.0576,0
2/6/20 10:54,356.333333333333,356.291666666667,0,0,4730.9,20.35,0,0,1.8,0,842.1,0,0,-2149.93865737726,59.895,9.77E-02,0,6.9506555824474,-0.74,300,0,3744.6,60,5.55E-02,0
2/6/20 10:59,356.416666666667,356.375,0,0,4730.9,20.35,0,0,1.8,0,842.132,0,0,-2150.61004651163,59.895,9.70E-02,0,6.94935973421927,-0.74,300,0,3744.6,60,5.13E-02,0
2/6/20 11:04,356.5,356.458333333333,0,0,4730.9,20.35,0,0,1.8,0,842.198,0,0,-2151.086,59.895,0.09926,0,6.95064,-0.74,300,0,3744.6,60,0.053248,0
2/6/20 11:09,356.583333333333,356.541666666667,0,0,4730.9,20.35,0,0,1.8,0,842.2,0,0,-2150.876,59.895,0.0995,0,6.94936,-0.74,300,0,3744.6,60,0.055424,0
2/6/20 11:14,356.666666666667,356.625,0,0,4730.9,20.35,0,0,1.8,0,842.232,0,0,-2150.414,59.895,0.09805,0,6.95064,-0.74,300,0,3744.6,60,0.053376,0
2/6/20 11:19,356.75,356.708333333333,0,0,4730.9,20.35,0,0,1.8,0,842.298,0,0,-2150.624,59.895,0.09719,0,6.94936,-0.74,300,0,3744.6,60,0.055424,0
2/6/20 11:24,356.833333333333,356.791666666667,0,0,4730.9,20.35,0,0,1.8,0,842.3,0,0,-2150.862,59.895,0.09749,0,6.95064,-0.74,300,0,3744.6,60,0.051328,0
2/6/20 11:29,356.916666666667,356.875,0,0,4730.9,20.35,0,0,1.8,0,842.332,0,0,-2150.19,59.895,0.09782,0,6.94936,-0.74,300,0,3744.6,60,0.0512,0
2/6/20 11:34,357,356.958333333333,0,0,4730.9,20.35,0,0,1.8,0,842.398,0,0,-2149.49,59.919,0.09768,0,6.95064,-0.74,300,0,3744.6,60,0.053248,0
2/6/20 11:39,357.083333333333,357.041666666667,0,0,4730.9,20.35,0,0,1.8,0,842.432,0,0,-2149.686,59.9445,0.09733,0,6.94872,-0.74,300,0,3744.6,60,0.055424,0
2/6/20 11:44,357.166666666667,357.125,0,0,4730.9,20.35,0,0,1.8,0,842.498,0,0,-2150.834,59.8965,0.0988,0,6.949,-0.74,300,0,3744.6,60,0.051328,0
2/6/20 11:49,357.25,357.208333333333,0,0,4730.9,20.35,0,0,1.8,0,842.5,0,0,-2150.19,59.895,0.09769,0,6.94866,-0.74,300,0,3744.6,60,0.053248,0
2/6/20 11:54,357.333333333333,357.291666666667,0,0,4730.9,20.35,0,0,1.8,0,842.532,0,0,-2149.714,59.8662,0.09993,0,6.95062,-0.74,300,0,3744.6,60,0.055424,0
2/6/20 11:59,357.416666666667,357.375,0,0,4730.9,20.35,0,0,1.8,0,842.598,0,0,-2149.7,59.8356,0.1,0,6.94872,-0.74,300,0,3744.6,60,0.051328,0
2/6/20 12:04,357.5,357.458333333333,0,0,4730.9,20.35,0,0,1.8,0,842.6,0,0,-2149.924,59.8932,0.09984,0,6.949,-0.74,300,0,3744.6,60,0.0512,0
2/6/20 12:09,357.583333333333,357.541666666667,0,0,4730.9,20.35,0,0,1.8,0,842.632,0,0,-2150.386,59.895,0.09935,0,6.9477,-0.74,300,0,3744.6,60,0.053248,0
2/6/20 12:14,357.666666666667,357.625,0,0,4730.9,20.35,0,0,1.8,0,842.698,0,0,-2150.4,59.895,0.09853,0,6.94768,-0.74,300,0,3744.6,60,0.057472,0
2/6/20 12:19,357.75,357.708333333333,0,0,4730.9,20.35,0,0,1.8,0,842.7,0,0,-2150.4,59.895,0.09753,0,6.94636,-0.74,300,0,3744.6,60,0.055552,0
2/6/20 12:24,357.833333333333,357.791666666667,0,0,4730.9,20.35,0,0,1.8,0,842.732,0,0,-2150.176,59.895,0.0967,0,6.94764,-0.74,300,0,3744.6,60,0.053376,0
2/6/20 12:29,357.916666666667,357.875,0,0,4730.9,20.35,0,0,1.8,0,842.798,0,0,-2149.938,59.8806,0.09521,0,6.94668,-0.74,300,0,3744.6,60,0.057472,0
2/6/20 12:34,358,357.958333333333,0,0,4730.9,20.35,0,0,1.8,0,842.832,0,0,-2150.386,59.8653,0.09725,0,6.94894,-0.74,300,0,3744.6,60,0.0576,0
2/6/20 12:39,358.083333333333,358.041666666667,0,0,4730.9,20.35,0,0,1.8,0,842.898,0,0,-2150.4,59.8941,0.09961,0,6.94802,-0.74,300,0,3744.6,60,0.0576,0
2/6/20 12:44,358.166666666667,358.125,0,0,4730.9,20.35,0,0,1.8,0,842.9,0,0,-2150.4,59.895,0.09788,0,6.94898,-0.74,300,0,3744.6,60,0.0576,0
2/6/20 12:49,358.25,358.208333333333,0,0,4730.9,20.35,0,0,1.8,0,842.932,0,0,-2150.4,59.895,0.09897,0,6.94738,-0.74,300,0,3744.6,60,0.0576,0
2/6/20 12:54,358.333333333333,358.291666666667,0,0,4730.9,20.35,0,0,1.8,0,842.998,0,0,-2150.4,59.895,0.09771,0,6.94734,-0.74,300,0,3744.6,60,0.055552,0
2/6/20 12:59,358.416666666667,358.375,0,0,4730.9,20.35,0,0,1.8,0,843,0,0,-2150.4,59.895,0.09718,0,6.94668,-0.74,300,0,3744.6,60,0.051328,0
2/6/20 13:04,358.5,358.458333333333,0,0,4730.9,20.35,0,0,1.8,0,843.032,0,0,-2150.624,59.895,0.09749,0,6.94764,-0.74,300,0,3744.6,60,0.0512,0
2/6/20 13:09,358.583333333333,358.541666666667,0,0,4730.9,20.35,0,0,1.8,0,843.098,0,0,-2151.086,59.895,0.0967,0,6.94734,-0.74,300,0,3744.6,60,0.0512,0
2/6/20 13:14,358.666666666667,358.625,0,0,4730.9,20.35,0,0,1.8,0,843.1,0,0,-2150.876,59.895,0.09649,0,6.94766,-0.74,300,0,3744.6,60,0.0512,0
2/6/20 13:19,358.75,358.708333333333,0,0,4730.9,20.35,0,0,1.8,0,843.132,0,0,-2150.638,59.895,0.09877,0,6.94798,-0.74,300,0,3744.6,60,0.0512,0
2/6/20 13:24,358.833333333333,358.791666666667,0,0,4730.9,20.35,0,0,1.8,0,843.198,0,0,-2151.086,59.895,0.09738,0,6.94834,-0.74,300,0,3744.6,60,0.0512,0
2/6/20 13:29,358.916666666667,358.875,0,0,4730.9,20.35,0,0,1.8,0,843.2,0,0,-2151.324,59.895,0.09717,0,6.94606,-0.74,300,0,3744.6,60,0.0512,0
2/6/20 13:34,359,358.958333333333,0,0,4730.9,20.35,0,0,1.8,0,843.232,0,0,-2151.786,59.895,0.09733,0,6.94762,-0.74,300,0,3744.6,60,0.0512,0
2/6/20 13:39,359.083333333333,359.041666666667,0,0,4730.9,20.35,0,0,1.8,0,843.298,0,0,-2151.8,59.895,0.09717,0,6.94798,-0.74,300,0,3744.6,60,0.0512,0
2/6/20 13:44,359.166666666667,359.125,0,0,4730.9,20.35,0,0,1.8,0,843.332,0,0,-2151.576,59.895,0.09717,0,6.94866,-0.74,300,0,3744.6,60,0.0512,0
2/6/20 13:49,359.25,359.208333333333,0,0,4730.9,20.35,0,0,1.8,0,843.398,0,0,-2151.114,59.895,0.09732,0,6.94736,-0.74,300,0,3744.6,60,0.0512,0
2/6/20 13:54,359.333333333333,359.291666666667,0,0,4730.9,20.35,0,0,1.8,0,843.4,0,0,-2151.324,59.895,0.09895,0,6.94896,-0.74,300,0,3744.6,60,0.0512,0
2/6/20 13:59,359.416666666667,359.375,0,0,4730.9,20.35,0,0,1.8,0,843.432,0,0,-2151.786,59.895,0.09964,0,6.94834,-0.74,300,0,3744.6,60,0.0512,0
2/6/20 14:04,359.5,359.458333333333,0,0,4730.9,20.35,0,0,1.8,0,843.498,0,0,-2151.8,59.895,0.10016,0,6.94964,-0.74,300,0,3744.6,60,0.0512,0
2/6/20 14:09,359.583333333333,359.541666666667,0,0,4730.9,20.35,0,0,1.8,0,843.5,0,0,-2151.8,59.895,0.09823,0,6.94772,-0.74,300,0,3744.6,60,0.0512,0
2/6/20 14:14,359.666666666667,359.625,0,0,4730.9,20.35,0,0,1.8,0,843.532,0,0,-2152.024,59.895,0.09816,0,6.94768,-0.74,300,0,3744.6,60,0.0512,0
2/6/20 14:19,359.75,359.708333333333,0,0,4730.9,20.35,0,0,1.8,0,843.598,0,0,-2152.486,59.895,0.09962,0,6.94604,-0.74,300,0,3744.6,60,0.0512,0
2/6/20 14:24,359.833333333333,359.791666666667,0,0,4730.9,20.35,0,0,1.8,0,843.6,0,0,-2152.724,59.895,0.09983,0,6.9473,-0.74,300,0,3744.6,60,0.0512,0
2/6/20 14:29,359.916666666667,359.875,0,0,4730.9,20.35,0,0,1.8,0,843.632,0,0,-2153.186,59.895,0.09839,0,6.94732,-0.74,300,0,3744.6,60,0.0512,0
2/6/20 14:34,360,359.958333333333,0,0,4730.9,20.35,0,0,1.8,0,843.698,0,0,-2152.976,59.895,0.09687,0,6.94896,-0.74,300,0,3744.6,60,0.0512,0
2/6/20 14:39,360.083333333333,360.041666666667,0,0,4730.9,20.35,0,0,1.8,0,843.7,0,0,-2152.29,59.703,6.61E-02,0,6.94898,-0.74,300,0,3744.6,59.9664,0.0512,0
2/6/20 14:44,360.166666666667,360.125,0,0,4730.9,20.35,0,0,1.8,0,843.7,0,0,-2152.038,58.6710514705882,0,0,6.95448,-0.7432,300,0,3744.6,59.5467,0.055296,0
2/6/20 14:49,360.25,360.208333333333,0,0,4730.9,20.35,0,0,1.8,0,843.7,0,0,-2152.486,56.4203018758685,0,0,6.97880322580645,-0.7594,275.5,0,3744.6,58.143525,-0.233911908045977,0
2/6/20 14:54,360.333333333333,360.291666666667,0,0,4730.9,20.35,0,0,1.8,0,843.7,0,0,-2152.5,53.9891197667509,0,0,7.6514973297491,-0.789,0,0,3744.6,54.6194305555556,-0.93528275862069,0
2/6/20 14:59,360.416666666667,360.375,0,0,4730.9,20.35,0,0,1.8,0,843.7,0,0,-2152.724,51.7594268867924,0,0,7.73813444444444,-0.819,0,0,3744.6,51.9469337301587,-0.96,0
2/6/20 15:04,360.5,360.458333333333,0,0,4730.9,20.35,0,0,1.8,0,843.7,0,0,-2152.962,49.774125,0,0,7.83441,-0.849,0,0,3744.6,49.6738338155515,-0.972288,0
2/6/20 15:09,360.583333333333,360.541666666667,0,0,4730.9,20.35,0,0,1.8,0,843.7,0,0,-2152.29074418605,48.0048664122138,0,0,7.92603833887043,-0.875778737541528,0,0,3744.6,47.5886090415913,-0.997632,0
2/6/20 15:14,360.666666666667,360.625,0,0,4730.9,20.35,0,0,1.8,0,843.7,0,0,-2152.03655970284,46.3416695806941,0,0,7.98040258335179,-0.899108095791805,0,0,3744.6,45.556360665362,-0.9984,0
2/6/20 15:19,360.75,360.708333333333,0,0,4730.9,20.35,0,0,1.8,0,843.7,0,0,-2152.70766666667,44.8513337067388,0,0,8.02188658333333,-0.9289,0,0,3744.6,43.6623156595227,-0.9984,0
2/6/20 15:24,360.833333333333,360.791666666667,0,0,4730.9,20.35,0,0,1.8,0,843.7,0,0,-2152.96339222222,43.3894925503534,0,0,8.04621521111111,-0.955726611111111,0,0,3744.6,41.8802241109982,-0.9984,0
2/6/20 15:29,360.916666666667,360.875,0,0,4730.9,20.35,0,0,1.8,0,843.7,0,0,-2152.73660777778,42.0530310833333,0,0,8.04741918888889,-0.979106722222222,0,0,3744.6,40.2504090879265,-0.9984,0
2/6/20 15:34,361,360.958333333333,0,0,4730.9,20.35,0,0,1.8,0,843.7,0,0,-2152.96339222222,40.849,0,0,8.03063932777778,-1.01207338888889,0,0,3744.6,38.7750530701754,-0.834445420606061,0
2/6/20 15:39,361.083333333333,361.041666666667,0,0,4730.9,20.35,0,0,1.8,0,843.7,0,0,-2151.18164722222,39.649,0.003025,0,7.74127124893617,-1.12485461111111,0,0,3744.6,31.2606561352509,-9.83945324606061,0
2/6/20 15:44,361.166666666667,361.125,0,0,4730.9,20.35,0,0.18758765060241,1.8,0,843.7,0,0,-2149.71964666667,38.60608275,0,0,7.78469337000322,-1.32345883333333,44.5,0,3744.6,24.2969683008393,-10.9111962666667,0
2/6/20 15:49,361.25,361.208333333333,0,0,4730.9,20.35,0,2.00328550773092,1.8,0,843.7,0,0,-2152.41317666667,37.9241705833333,0,0,7.91178749263468,-1.37827983333333,300,0,3744.6,22.7902968270677,0.427563235555556,0
2/6/20 15:54,361.333333333333,361.291666666667,0,0,4730.9,20.35,0,2.00393504166667,1.8,0,843.7,0,0,-2152.5,37.322,0,0,8.00331704398148,-1.40255322222222,300,0,3744.6,22.1375613333333,0.413836728888889,0
2/6/20 15:59,361.416666666667,361.375,0,0,4730.9,20.35,0,2.00660661111111,1.8,0,843.7,0,0,-2152.5,36.722,0,0,8.06615053333333,-1.41296666666667,300,0,3744.6,21.7430415833333,0.409732302222222,0
2/6/20 16:04,361.5,361.458333333333,0,0,4730.9,20.35,0,2.00313067222222,1.8,0,843.7,0,0,-2152.27786277778,36.1553205833333,0,0,8.10661722777778,-1.41979327777778,300,0,3744.6,21.6040310833333,0.4096,0
2/6/20 16:09,361.583333333333,361.541666666667,0,0,4730.9,20.35,0,2.00185536388889,1.8,0,843.7,0,0,-2151.81447055556,35.6533899166667,0,0,8.12861523888889,-1.42,300,0,3744.6,21.6,0.4096,0
2/6/20 16:14,361.666666666667,361.625,0,0,4730.9,20.35,0,2.00313098055556,1.8,0,843.7,0,0,-2151.57786277778,35.1484600833333,0,0,8.13579327777778,-1.42,300,0,3744.6,21.6333205833333,0.4096,0
2/6/20 16:19,361.75,361.708333333333,0,0,4730.9,20.35,0,2.00283801111111,1.8,0,843.7,0,0,-2151.33660777778,34.65315,0,0,8.13092257777778,-1.41682661111111,300,0,3744.6,21.7313899166667,0.407569031111111,0
2/6/20 16:24,361.833333333333,361.791666666667,0,0,4730.9,20.35,0,2.00268598055556,1.8,0,843.7,0,0,-2151.78552944444,34.1867105,0,0,8.11303196111111,-1.41020672222222,300,0,3744.6,21.7931395,0.403332302222222,0
2/6/20 16:29,361.916666666667,361.875,0,0,4730.9,20.35,0,2.00152768888889,1.8,0,843.7,0,0,-2151.8,33.76556975,0,0,8.08700327777778,-1.41,300,0,3744.6,21.795,0.4032,0
2/6/20 16:34,362,361.958333333333,0,0,4730.9,20.35,0,2.00246899166667,1.8,0,843.7,0,0,-2151.8,33.3165,0,0,8.05262330555555,-1.41,300,0,3744.6,21.795,0.4032,0
2/6/20 16:39,362.083333333333,362.041666666667,0,0,4730.9,20.35,0,2.00329334722222,1.8,0,843.7,0,0,-2151.8,32.9141008333333,0,0,8.01155327777778,-1.40682661111111,300,0,3744.6,21.8902016666667,0.4032,0
2/6/20 16:44,362.166666666667,362.125,0,0,4730.9,20.35,0,2.00415497222222,1.8,0,843.7,0,0,-2151.57786277778,32.5776794166667,0,0,7.96312532222222,-1.40020672222222,300,0,3744.6,22.0887983333333,0.5712,0
2/6/20 16:49,362.25,362.208333333333,0,0,4730.9,20.35,0,2.00429704444444,1.8,0,843.7,0,0,-2151.11447055556,32.1796100833333,0,0,7.91284932777778,-1.4,300,0,3744.6,22.1283205833333,0.401169031111111,0
2/6/20 16:54,362.333333333333,362.291666666667,0,0,4730.9,20.35,0,2.00645827777778,1.8,0,843.7,0,0,-2151.1,31.8178605,0,0,7.85996596666667,-1.4,300,0,3744.6,22.1978294166667,0.396932302222222,0
2/6/20 16:59,362.416666666667,362.375,0,0,4730.9,20.35,0,2.00406903333333,1.8,0,843.7,0,0,-2150.87786277778,31.516,0,0,7.80213798333333,-1.4,300,0,3744.6,22.2,0.3968,0
2/6/20 17:04,362.5,362.458333333333,0,0,4730.9,20.35,0,2.00465165277778,1.8,0,843.7,0,0,-2150.63660777778,31.216,0,0,7.74346935555556,-1.40317338888889,300,0,3744.6,22.1381189166667,0.3968,0
2/6/20 17:09,362.583333333333,362.541666666667,0,0,4730.9,20.35,0,2.00386200277778,1.8,0,843.7,0,0,-2151.08552944444,30.916,0,0,7.68738666666667,-1.40979327777778,300,0,3744.6,22.0090310833333,0.3968,0
2/6/20 17:14,362.666666666667,362.625,0,0,4730.9,20.35,0,2.00319299722222,1.8,0,843.7,0,0,-2150.65572555556,30.616,0,0,7.63043465,-1.40365322222222,300,0,3744.6,22.1287621666667,0.3968,0
2/6/20 17:19,362.75,362.708333333333,0,0,4730.9,20.35,0,2.00315535,1.8,0,843.7,0,0,-2149.50680388889,30.316,0,0,7.57022731111111,-1.38724005555556,300,0,3744.6,22.4821395,0.3968,0
2/6/20 17:24,362.833333333333,362.791666666667,0,0,4730.9,20.35,0,2.00398264722222,1.8,0,843.7,0,0,-2149.23660777778,30.016,0,0,7.50635798333333,-1.38020672222222,300,0,3744.6,22.6887983333333,0.3968,0
2/6/20 17:29,362.916666666667,362.875,0,0,4730.9,20.35,0,2.00350701666667,1.8,0,843.7,0,0,-2149.46339222222,29.7445605,0,0,7.44010266111111,-1.38,300,0,3744.6,22.695,0.3968,0
2/6/20 17:34,363,362.958333333333,0,0,4730.9,20.35,0,2.00446899166667,1.8,0,843.7,0,0,-2149.23660777778,29.5041395,0,0,7.37375801111111,-1.38317338888889,300,0,3744.6,22.5997983333333,0.3968,0
2/6/20 17:39,363.083333333333,363.041666666667,0,0,4730.9,20.35,0,2.00418266111111,1.8,0,843.7,0,0,-2149.68552944444,29.2393205833333,0,0,7.30871666666667,-1.39296666666667,300,0,3744.6,22.3726411666667,0.3968,0
2/6/20 17:44,363.166666666667,363.125,0,0,4730.9,20.35,0,2.00320333333333,1.8,0,843.7,0,0,-2149.7,29.04215,0,0,7.24466868333333,-1.39979327777778,300,0,3744.6,22.2735399166667,0.3968,0
2/6/20 17:49,363.25,363.208333333333,0,0,4730.9,20.35,0,2.00315535,1.8,0,843.7,0,0,-2149.7,28.8138294166667,0,0,7.18324134444444,-1.4,300,0,3744.6,22.2021705833333,0.3968,0
2/6/20 17:54,363.333333333333,363.291666666667,0,0,4730.9,20.35,0,2.00429998611111,1.8,0,843.7,0,0,-2149.7,28.5445605,0,0,7.1232,-1.39682661111111,300,0,3744.6,22.2618810833333,0.3968,0
2/6/20 17:59,363.416666666667,363.375,0,0,4730.9,20.35,0,2.00369299722222,1.8,0,843.7,0,0,-2149.7,28.3374600833333,0,0,7.06256532222222,-1.39020672222222,300,0,3744.6,22.4242895,0.3968,0
2/6/20 18:04,363.5,363.458333333333,0,0,4730.9,20.35,0,2.00365535,1.8,0,843.7,0,0,-2149.92213722222,28.14215,0,0,7.00187602222222,-1.39,300,0,3744.6,22.4645088333333,0.3968,0
2/6/20 18:09,363.583333333333,363.541666666667,0,0,4730.9,20.35,0,2.00448264722222,1.8,0,843.7,0,0,-2150.38552944444,27.9661903333333,0,0,6.94220663888889,-1.39,300,0,3744.6,22.46381175,0.394769031111111,0
2/6/20 18:14,363.666666666667,363.625,0,0,4730.9,20.35,0,2.003055,1.8,0,843.7,0,0,-2150.17786277778,27.8204298333333,0,0,6.87962733888889,-1.38682661111111,300,0,3744.6,22.65301975,0.390532302222222,0
2/6/20 18:19,363.75,363.708333333333,0,0,4730.9,20.35,0,2.00250701666667,1.8,0,843.7,0,0,-2149.71447055556,27.64176975,0,0,6.81697198888889,-1.38020672222222,300,0,3744.6,22.77610925,0.3904,0
2/6/20 18:24,363.833333333333,363.791666666667,0,0,4730.9,20.35,0,2.00346899166667,1.8,0,843.7,0,0,-2149.7,27.4374600833333,0,0,6.75237865555556,-1.38317338888889,300,0,3744.6,22.73749875,0.3904,0
2/6/20 18:29,363.916666666667,363.875,0,0,4730.9,20.35,0,2.00365866944444,1.8,0,843.7,0,0,-2149.92213722222,27.2707105,0,0,6.68737201666667,-1.38979327777778,300,0,3744.6,22.5423899166667,0.3904,0
2/6/20 18:34,364,363.958333333333,0,0,4730.9,20.35,0,2.003672325,1.8,0,843.7,0,0,-2150.38552944444,27.1352895,0,0,6.62494467777778,-1.39317338888889,300,0,3744.6,22.3707806666667,0.3904,0
2/6/20 18:39,364.083333333333,364.041666666667,0,0,4730.9,20.35,0,2.00317934166667,1.8,0,843.7,0,0,-2150.62213722222,26.9707105,0,0,6.56517268888889,-1.39979327777778,300,0,3744.6,22.2402193333333,0.3904,0
2/6/20 18:44,364.166666666667,364.125,0,0,4730.9,20.35,0,2.00348966388889,1.8,0,843.7,0,0,-2151.08552944444,26.8352895,0,0,6.50935935555556,-1.40317338888889,300,0,3744.6,22.0041395,0.3904,0
2/6/20 18:49,364.25,364.208333333333,0,0,4730.9,20.35,0,2.00397600833333,1.8,0,843.7,0,0,-2151.1,26.6707105,0,0,6.45691134444444,-1.41296666666667,300,0,3744.6,21.7726411666667,0.3904,0
2/6/20 18:54,364.333333333333,364.291666666667,0,0,4730.9,20.35,0,2.00449298333333,1.8,0,843.7,0,0,-2151.1,26.5686100833333,0,0,6.40587,-1.41661988888889,300,0,3744.6,21.7687415833333,0.3904,0
2/6/20 18:59,364.416666666667,364.375,0,0,4730.9,20.35,0,2.00384834722222,1.8,0,843.7,0,0,-2150.87786277778,26.4735399166667,0,0,6.35487,-1.41020672222222,300,0,3744.6,21.8959689166667,0.3904,0
2/6/20 19:04,364.5,364.458333333333,0,0,4730.9,20.35,0,2.00368598055556,1.8,0,843.7,0,0,-2150.41447055556,26.36885,0,0,6.30482201666667,-1.41,300,0,3744.6,21.8761995833333,0.3904,0
2/6/20 19:09,364.583333333333,364.541666666667,0,0,4730.9,20.35,0,2.00268635833333,1.8,0,843.7,0,0,-2150.4,26.2352895,0,0,6.25771201666667,-1.41317338888889,300,0,3744.6,21.78846975,0.3904,0
2/6/20 19:14,364.666666666667,364.625,0,0,4730.9,20.35,0,2.004117325,1.8,0,843.7,0,0,-2150.62213722222,26.0707105,0,0,6.21233266111111,-1.41979327777778,300,0,3744.6,21.6741600833333,0.388369031111111,0
2/6/20 19:19,364.75,364.708333333333,0,0,4730.9,20.35,0,2.00464833333333,1.8,0,843.7,0,0,-2151.08552944444,25.9686100833333,0,0,6.16762268888889,-1.42,300,0,3744.6,21.56885,0.384132302222222,0
2/6/20 19:24,364.833333333333,364.791666666667,0,0,4730.9,20.35,0,2.00419631666667,1.8,0,843.7,0,0,-2151.1,25.8735399166667,0,0,6.12617467777778,-1.42317338888889,300,0,3744.6,21.4686100833333,0.384,0
2/6/20 19:29,364.916666666667,364.875,0,0,4730.9,20.35,0,2.00271035,1.8,0,843.7,0,0,-2151.1,25.76885,0,0,6.08708535,-1.42979327777778,300,0,3744.6,21.3735399166667,0.384,0
2/6/20 19:34,365,364.958333333333,0,0,4730.9,20.35,0,2.00330700277778,1.8,0,843.7,0,0,-2151.1,25.6686100833333,0,0,6.05002333333333,-1.43,300,0,3744.6,21.3021705833333,0.384,0
2/6/20 19:39,365.083333333333,365.041666666667,0,0,4730.9,20.35,0,2.00382065833333,1.8,0,843.7,0,0,-2151.1,25.5735399166667,0,0,6.01270599444445,-1.43,300,0,3744.6,21.3,0.384,0
2/6/20 19:44,365.166666666667,365.125,0,0,4730.9,20.35,0,2.00319299722222,1.8,0,843.7,0,0,-2151.1,25.46885,0,0,5.97631336111111,-1.43,300,0,3744.6,21.3333205833333,0.384,0
2/6/20 19:49,365.25,365.208333333333,0,0,4730.9,20.35,0,2.00331401944444,1.8,0,843.7,0,0,-2151.1,25.3686100833333,0,0,5.94194064444444,-1.43,300,0,3744.6,21.4028294166667,0.384,0
2/6/20 19:54,365.333333333333,365.291666666667,0,0,4730.9,20.35,0,2.00399630277778,1.8,0,843.7,0,0,-2151.1,25.2735399166667,0,0,5.90502333333333,-1.43,300,0,3744.6,21.405,0.384,0
2/6/20 19:59,365.416666666667,365.375,0,0,4730.9,20.35,0,2.00237935555556,1.8,0,843.7,0,0,-2151.1,25.16885,0,0,5.86802333333333,-1.43,300,0,3744.6,21.405,0.384,0
2/6/20 20:04,365.5,365.458333333333,0,0,4730.9,20.35,0,2.00361400555556,1.8,0,843.7,0,0,-2151.1,25.0686100833333,0,0,5.83070599444444,-1.42682661111111,300,0,3744.6,21.4668810833333,0.384,0
2/6/20 20:09,365.583333333333,365.541666666667,0,0,4730.9,20.35,0,2.00479998611111,1.8,0,843.7,0,0,-2150.87786277778,25.0068605,0,0,5.79145731111111,-1.41703333333333,300,0,3744.6,21.65785,0.384,0
2/6/20 20:14,365.666666666667,365.625,0,0,4730.9,20.35,0,2.00419299722222,1.8,0,843.7,0,0,-2150.41447055556,24.9716794166667,0,0,5.74827064444444,-1.41338011111111,300,0,3744.6,21.7624084166667,0.384,0
2/6/20 20:19,365.75,365.708333333333,0,0,4730.9,20.35,0,2.00367934166667,1.8,0,843.7,0,0,-2150.4,24.86885,0,0,5.70267067222222,-1.41979327777778,300,0,3744.6,21.6973403333333,0.384,0
2/6/20 20:24,365.833333333333,365.791666666667,0,0,4730.9,20.35,0,2.00398966388889,1.8,0,843.7,0,0,-2150.4,24.7971705833333,0,0,5.65765,-1.41682661111111,300,0,3744.6,21.7470214166667,0.384,0
2/6/20 20:29,365.916666666667,365.875,0,0,4730.9,20.35,0,2.004,1.8,0,843.7,0,0,-2150.17786277778,24.7664395,0,0,5.61106330555556,-1.41338011111111,300,0,3744.6,21.8334676666667,0.384,0
2/6/20 20:34,366,365.958333333333,0,0,4730.9,20.35,0,2.00415866944444,1.8,0,843.7,0,0,-2149.71447055556,24.7068605,0,0,5.56211868333333,-1.41661988888889,300,0,3744.6,21.7375915833333,0.384,0
2/6/20 20:39,366.083333333333,366.041666666667,0,0,4730.9,20.35,0,2.00448966388889,1.8,0,843.7,0,0,-2149.7,24.6716794166667,0,0,5.51473932777778,-1.41020672222222,300,0,3744.6,21.7931395,0.384,0
2/6/20 20:44,366.166666666667,366.125,0,0,4730.9,20.35,0,2.0045,1.8,0,843.7,0,0,-2149.47786277778,24.6021705833333,0,0,5.46707733888889,-1.41,300,0,3744.6,21.8283205833333,0.384,0
2/6/20 20:49,366.25,366.208333333333,0,0,4730.9,20.35,0,2.0045,1.8,0,843.7,0,0,-2149.01447055556,24.6,0,0,5.41942198888889,-1.41,300,0,3744.6,21.93115,0.384,0
2/6/20 20:54,366.333333333333,366.291666666667,0,0,4730.9,20.35,0,2.00497600833333,1.8,0,843.7,0,0,-2149,24.5666794166667,0,0,5.36982865555556,-1.41,300,0,3744.6,22.0028294166667,0.381969031111111,0
2/6/20 20:59,366.416666666667,366.375,0,0,4730.9,20.35,0,2.00549298333333,1.8,0,843.7,0,0,-2149.22213722222,24.4971705833333,0,0,5.32013935555555,-1.40682661111111,300,0,3744.6,22.0335605,0.377732302222222,0
2/6/20 21:04,366.5,366.458333333333,0,0,4730.9,20.35,0,2.00421366944444,1.8,0,843.7,0,0,-2149.68552944444,24.495,0,0,5.27242198888889,-1.40020672222222,300,0,3744.6,22.0931395,0.3776,0
2/6/20 21:09,366.583333333333,366.541666666667,0,0,4730.9,20.35,0,2.00352067222222,1.8,0,843.7,0,0,-2149.7,24.4664395,0,0,5.22346333333333,-1.40317338888889,300,0,3744.6,22.0664395,0.3776,0
2/6/20 21:14,366.666666666667,366.625,0,0,4730.9,20.35,0,2.00365866944444,1.8,0,843.7,0,0,-2149.47786277778,24.4068605,0,0,5.17509801111111,-1.40979327777778,300,0,3744.6,22.0068605,0.3776,0
2/6/20 21:19,366.75,366.708333333333,0,0,4730.9,20.35,0,2.00430700277778,1.8,0,843.7,0,0,-2149.01447055556,24.405,0,0,5.12742198888889,-1.40682661111111,300,0,3744.6,22.0335605,0.3776,0
2/6/20 21:24,366.833333333333,366.791666666667,0,0,4730.9,20.35,0,2.00450331944444,1.8,0,843.7,0,0,-2149,24.3716794166667,0,0,5.07909801111111,-1.40020672222222,300,0,3744.6,22.1264600833333,0.3776,0
2/6/20 21:29,366.916666666667,366.875,0,0,4730.9,20.35,0,2.00353100833333,1.8,0,843.7,0,0,-2149,24.3021705833333,0,0,5.03237400555556,-1.40317338888889,300,0,3744.6,22.10262775,0.3776,0
2/6/20 21:34,367,366.958333333333,0,0,4730.9,20.35,0,2.00413467777778,1.8,0,843.7,0,0,-2149,24.3,0,0,4.98762268888889,-1.40661988888889,300,0,3744.6,21.9633226666667,0.3776,0
2/6/20 21:39,367.083333333333,367.041666666667,0,0,4730.9,20.35,0,2.00545865555556,1.8,0,843.7,0,0,-2149,24.3,0,0,4.94554,-1.40338011111111,300,0,3744.6,22.0524785833333,0.3776,0
2/6/20 21:44,367.166666666667,367.125,0,0,4730.9,20.35,0,2.00486532222222,1.8,0,843.7,0,0,-2149,24.2666794166667,0,0,4.90449201666667,-1.40979327777778,300,0,3744.6,22.0065504166667,0.3776,0
2/6/20 21:49,367.25,367.208333333333,0,0,4730.9,20.35,0,2.00370001388889,1.8,0,843.7,0,0,-2149,24.1971705833333,0,0,4.86511266111111,-1.41,300,0,3744.6,21.9716794166667,0.3776,0
2/6/20 21:54,367.333333333333,367.291666666667,0,0,4730.9,20.35,0,2.00398966388889,1.8,0,843.7,0,0,-2149,24.195,0,0,4.82640268888889,-1.41,300,0,3744.6,21.86885,0.3776,0
2/6/20 21:59,367.416666666667,367.375,0,0,4730.9,20.35,0,2.004,1.8,0,843.7,0,0,-2149,24.1664395,0,0,4.79063733888889,-1.41,300,0,3744.6,21.7971705833333,0.3776,0
2/6/20 22:04,367.5,367.458333333333,0,0,4730.9,20.35,0,2.00415866944444,1.8,0,843.7,0,0,-2149,24.1068605,0,0,4.75625134444445,-1.41317338888889,300,0,3744.6,21.7664395,0.3776,0
2/6/20 22:09,367.583333333333,367.541666666667,0,0,4730.9,20.35,0,2.00385498611111,1.8,0,843.7,0,0,-2149,24.105,0,0,4.72384467777778,-1.41979327777778,300,0,3744.6,21.6402193333333,0.3776,0
2/6/20 22:14,367.666666666667,367.625,0,0,4730.9,20.35,0,2.00301735277778,1.8,0,843.7,0,0,-2149,24.0716794166667,0,0,4.69280333333333,-1.42,300,0,3744.6,21.4993411666667,0.3776,0
2/6/20 22:19,367.75,367.708333333333,0,0,4730.9,20.35,0,2.0046015608804,1.8,0,843.7,0,0,-2149,24.0021705833333,0,0,4.66215230068291,-1.42316284606866,300,0,3744.6,21.4665343853821,0.3776,0
2/6/20 22:24,367.833333333333,367.791666666667,0,0,4730.9,20.35,0,2.00485601967516,1.8,0,843.7,0,0,-2149.22028222222,24,0,0,4.63314193820598,-1.42978715393134,300,0,3744.6,21.4069156146179,0.3776,0
2/6/20 22:29,367.916666666667,367.875,0,0,4730.9,20.35,0,2.00288943333333,1.8,0,843.7,0,0,-2149.46476888889,23.9669576666667,0,0,4.60639468888889,-1.43,300,0,3744.6,21.405,0.3776,0
2/6/20 22:34,368,367.958333333333,0,0,4730.9,20.35,0,2.00363598888889,1.8,0,843.7,0,0,-2149.01494888889,23.8972423333333,0,0,4.58037333333333,-1.43,300,0,3744.6,21.3719576666667,0.3776,0
2/6/20 22:39,368.083333333333,368.041666666667,0,0,4730.9,20.35,0,2.00351728888889,1.8,0,843.7,0,0,-2149,23.866678,0,0,4.55563208888889,-1.43,300,0,3744.6,21.3352846666667,0.3776,0
2/6/20 22:44,368.166666666667,368.125,0,0,4730.9,20.35,0,2.00284672222222,1.8,0,843.7,0,0,-2149,23.806922,0,0,4.53323197777778,-1.43,300,0,3744.6,21.4027576666667,0.375585991111111,0
2/6/20 22:49,368.25,368.208333333333,0,0,4730.9,20.35,0,2.00347864444444,1.8,0,843.7,0,0,-2149,23.805,0,0,4.51056802222222,-1.42685311111111,300,0,3744.6,21.433322,0.371336675555556,0
2/6/20 22:54,368.333333333333,368.291666666667,0,0,4730.9,20.35,0,2.00334265555556,1.8,0,843.7,0,0,-2149.22028222222,23.7719576666667,0,0,4.48728791111111,-1.42336044444444,300,0,3744.6,21.464756,0.3712,0
2/6/20 22:59,368.416666666667,368.375,0,0,4730.9,20.35,0,2.00316802222222,1.8,0,843.7,0,0,-2149.46476888889,23.7022423333333,0,0,4.46168802222222,-1.42663955555556,300,0,3744.6,21.435244,0.3712,0
2/6/20 23:04,368.5,368.458333333333,0,0,4730.9,20.35,0,2.00348932222222,1.8,0,843.7,0,0,-2149.01494888889,23.7,0,0,4.43509322222222,-1.42021355555556,300,0,3744.6,21.5591626666667,0.3712,0
2/6/20 23:09,368.583333333333,368.541666666667,0,0,4730.9,20.35,0,2.00381468888889,1.8,0,843.7,0,0,-2148.77971777778,23.7,0,0,4.40425593333333,-1.42,300,0,3744.6,21.667473,0.3712,0
2/6/20 23:14,368.666666666667,368.625,0,0,4730.9,20.35,0,2.00447864444444,1.8,0,843.7,0,0,-2148.53523111111,23.6669576666667,0,0,4.37100531111111,-1.42314688888889,300,0,3744.6,21.540878,0.3712,0
2/6/20 23:19,368.75,368.708333333333,0,0,4730.9,20.35,0,2.00418531111111,1.8,0,843.7,0,0,-2148.76476888889,23.5972423333333,0,0,4.33702666666667,-1.42663955555556,300,0,3744.6,21.4374863333333,0.3712,0
2/6/20 23:24,368.833333333333,368.791666666667,0,0,4730.9,20.35,0,2.00352135555556,1.8,0,843.7,0,0,-2148.31494888889,23.595,0,0,4.30397073333333,-1.42021355555556,300,0,3744.6,21.5261203333333,0.3712,0
2/6/20 23:29,368.916666666667,368.875,0,0,4730.9,20.35,0,2.00381468888889,1.8,0,843.7,0,0,-2148.3,23.595,0,0,4.2719626,-1.42,300,0,3744.6,21.6308,0.3712,0
2/6/20 23:34,369,368.958333333333,0,0,4730.9,20.35,0,2.00479333333333,1.8,0,843.7,0,0,-2148.3,23.595,0,0,4.23802666666667,-1.41685311111111,300,0,3744.6,21.764122,0.3712,0
2/6/20 23:39,369.083333333333,369.041666666667,0,0,4730.9,20.35,0,2.0053213,1.8,0,843.7,0,0,-2148.52028222222,23.595,0,0,4.20402666666667,-1.41021355555556,300,0,3744.6,21.8627933333333,0.3712,0
2/6/20 23:44,369.166666666667,369.125,0,0,4730.9,20.35,0,2.00485333333333,1.8,0,843.7,0,0,-2148.54448666667,23.595,0,0,4.16939728888889,-1.41,300,0,3744.6,21.8302846666667,0.3712,0
2/6/20 23:49,369.25,369.208333333333,0,0,4730.9,20.35,0,2.00466802222222,1.8,0,843.7,0,0,-2147.85018,23.595,0,0,4.13344,-1.41,300,0,3744.6,21.8977576666667,0.3712,0
2/6/20 23:54,369.333333333333,369.291666666667,0,0,4730.9,20.35,0,2.0042026,1.8,0,843.7,0,0,-2148.28505111111,23.595,0,0,4.09712531111111,-1.41,300,0,3744.6,21.9,0.3712,0
2/6/20 23:59,369.416666666667,369.375,0,0,4730.9,20.35,0,2.00318276666667,1.8,0,843.7,0,0,-2148.3,23.595,0,0,4.06046135555556,-1.41,300,0,3744.6,21.9330423333333,0.3712,0
2/7/20 0:04,369.5,369.458333333333,0,0,4730.9,20.35,0,2.00477197777778,1.8,0,843.7,0,0,-2148.52028222222,23.595,0,0,4.02475468888889,-1.41,300,0,3744.6,22.0027576666667,0.3712,0
2/7/20 0:09,369.583333333333,369.541666666667,0,0,4730.9,20.35,0,2.00500661111111,1.8,0,843.7,0,0,-2148.76476888889,23.595,0,0,3.98973333333333,-1.41,300,0,3744.6,21.9719576666667,0.3712,0
2/7/20 0:14,369.666666666667,369.625,0,0,4730.9,20.35,0,2.00434672222222,1.8,0,843.7,0,0,-2148.53523111111,23.595,0,0,3.95504802222222,-1.41,300,0,3744.6,21.9352846666667,0.3712,0
2/7/20 0:19,369.75,369.708333333333,0,0,4730.9,20.35,0,2.00419192222222,1.8,0,843.7,0,0,-2148.98505111111,23.595,0,0,3.92102666666667,-1.41,300,0,3744.6,22.0027576666667,0.3712,0
2/7/20 0:24,369.833333333333,369.791666666667,0,0,4730.9,20.35,0,2.00318276666667,1.8,0,843.7,0,0,-2149.22028222222,23.595,0,0,3.88639728888889,-1.41,300,0,3744.6,21.9719576666667,0.3712,0
2/7/20 0:29,369.916666666667,369.875,0,0,4730.9,20.35,0,2.00461463333333,1.8,0,843.7,0,0,-2149.46476888889,23.595,0,0,3.85201344444444,-1.41,300,0,3744.6,21.9352846666667,0.3712,0
2/7/20 0:34,370,369.958333333333,0,0,4730.9,20.35,0,2.00498932222222,1.8,0,843.7,0,0,-2149.01494888889,23.595,0,0,3.82027728888889,-1.41,300,0,3744.6,22.0027576666667,0.3712,0
2/7/20 0:39,370.083333333333,370.041666666667,0,0,4730.9,20.35,0,2.00484265555556,1.8,0,843.7,0,0,-2149,23.595,0,0,3.78732,-1.41,300,0,3744.6,21.9719576666667,0.3712,0
2/7/20 0:44,370.166666666667,370.125,0,0,4730.9,20.35,0,2.00435333333333,1.8,0,843.7,0,0,-2149,23.595,0,0,3.75494937777778,-1.41,300,0,3744.6,21.940005,0.3712,0
2/7/20 0:49,370.25,370.208333333333,0,0,4730.9,20.35,0,2.00432536666667,1.8,0,843.7,0,0,-2149,23.595,0,0,3.72422135555556,-1.40685311111111,300,0,3744.6,22.041039,0.3712,0
2/7/20 0:54,370.333333333333,370.291666666667,0,0,4730.9,20.35,0,2.00513598888889,1.8,0,843.7,0,0,-2149,23.595,0,0,3.6942,-1.40336044444444,300,0,3744.6,22.0650763333333,0.369185991111111,0
2/7/20 0:59,370.416666666667,370.375,0,0,4730.9,20.35,0,2.00485994444444,1.8,0,843.7,0,0,-2149.22028222222,23.595,0,0,3.66545875555556,-1.40978644444444,300,0,3744.6,22.006922,0.364936675555556,0
2/7/20 1:04,370.5,370.458333333333,0,0,4730.9,20.35,0,2.00448677777778,1.8,0,843.7,0,0,-2149.68505111111,23.595,0,0,3.63937333333333,-1.41,300,0,3744.6,21.9719576666667,0.3648,0
2/7/20 1:09,370.583333333333,370.541666666667,0,0,4730.9,20.35,0,2.00580655555556,1.8,0,843.7,0,0,-2149.7,23.595,0,0,3.61368802222222,-1.41,300,0,3744.6,21.9022423333333,0.3648,0
2/7/20 1:14,370.666666666667,370.625,0,0,4730.9,20.35,0,2.00438536666667,1.8,0,843.7,0,0,-2149.7,23.595,0,0,3.58898135555556,-1.41,300,0,3744.6,21.8669576666667,0.3648,0
2/7/20 1:19,370.75,370.708333333333,0,0,4730.9,20.35,0,2.00416802222222,1.8,0,843.7,0,0,-2149.92028222222,23.595,0,0,3.56464531111111,-1.41314688888889,300,0,3744.6,21.735878,0.3648,0
2/7/20 1:24,370.833333333333,370.791666666667,0,0,4730.9,20.35,0,2.00433197777778,1.8,0,843.7,0,0,-2150.38505111111,23.566678,0,0,3.54061073333333,-1.42293333333333,300,0,3744.6,21.5428,0.3648,0
2/7/20 1:29,370.916666666667,370.875,0,0,4730.9,20.35,0,2.00353864444444,1.8,0,843.7,0,0,-2150.4,23.506922,0,0,3.51949073333333,-1.42978644444444,300,0,3744.6,21.376122,0.3648,0
2/7/20 1:34,371,370.958333333333,0,0,4730.9,20.35,0,2.00316141111111,1.8,0,843.7,0,0,-2150.4,23.505,0,0,3.50042666666667,-1.43,300,0,3744.6,21.3022423333333,0.3648,0
2/7/20 1:39,371.083333333333,371.041666666667,0,0,4730.9,20.35,0,2.00429994444444,1.8,0,843.7,0,0,-2150.17971777778,23.505,0,0,3.48016791111111,-1.43,300,0,3744.6,21.3,0.3648,0
2/7/20 1:44,371.166666666667,371.125,0,0,4730.9,20.35,0,2.00416802222222,1.8,0,843.7,0,0,-2149.49466666667,23.505,0,0,3.45630926666667,-1.43,300,0,3744.6,21.285839,0.3648,0
2/7/20 1:49,371.25,371.208333333333,0,0,4730.9,20.35,0,2.00417463333333,1.8,0,843.7,0,0,-2149.01494888889,23.505,0,0,3.4313174,-1.42685311111111,300,0,3744.6,21.3314863333333,0.3648,0
2/7/20 1:54,371.333333333333,371.291666666667,0,0,4730.9,20.35,0,2.00383604444444,1.8,0,843.7,0,0,-2149.22028222222,23.505,0,0,3.40762395555556,-1.42021355555556,300,0,3744.6,21.4898746666667,0.3648,0
2/7/20 1:59,371.416666666667,371.375,0,0,4730.9,20.35,0,2.0043213,1.8,0,843.7,0,0,-2149.68505111111,23.505,0,0,3.38329604444444,-1.42,300,0,3744.6,21.5610846666667,0.3648,0
2/7/20 2:04,371.5,371.458333333333,0,0,4730.9,20.35,0,2.00432536666667,1.8,0,843.7,0,0,-2149.7,23.505,0,0,3.35993864444444,-1.41685311111111,300,0,3744.6,21.7288373333333,0.3648,0
2/7/20 2:09,371.583333333333,371.541666666667,0,0,4730.9,20.35,0,2.00450661111111,1.8,0,843.7,0,0,-2149.7,23.505,0,0,3.33533062222222,-1.41021355555556,300,0,3744.6,21.793078,0.3648,0
2/7/20 2:14,371.666666666667,371.625,0,0,4730.9,20.35,0,2.00353203333333,1.8,0,843.7,0,0,-2149.47971777778,23.505,0,0,3.30905864444444,-1.41314688888889,300,0,3744.6,21.766678,0.3648,0
2/7/20 2:19,371.75,371.708333333333,0,0,4730.9,20.35,0,2.00365734444444,1.8,0,843.7,0,0,-2149.01494888889,23.505,0,0,3.28333875555556,-1.41663955555556,300,0,3744.6,21.735244,0.3648,0
2/7/20 2:24,371.833333333333,371.791666666667,0,0,4730.9,20.35,0,2.00383197777778,1.8,0,843.7,0,0,-2149,23.505,0,0,3.25962395555556,-1.41021355555556,300,0,3744.6,21.793078,0.3648,0
2/7/20 2:29,371.916666666667,371.875,0,0,4730.9,20.35,0,2.00382536666667,1.8,0,843.7,0,0,-2148.77971777778,23.505,0,0,3.23435197777778,-1.41,300,0,3744.6,21.8610846666667,0.3648,0
2/7/20 2:34,372,371.958333333333,0,0,4730.9,20.35,0,2.00416395555556,1.8,0,843.7,0,0,-2148.53523111111,23.505,0,0,3.20900271111111,-1.41,300,0,3744.6,22.0005153333333,0.3648,0
2/7/20 2:39,372.083333333333,372.041666666667,0,0,4730.9,20.35,0,2.00383604444444,1.8,0,843.7,0,0,-2148.98505111111,23.505,0,0,3.18496,-1.40685311111111,300,0,3744.6,22.033322,0.3648,0
2/7/20 2:44,372.166666666667,372.125,0,0,4730.9,20.35,0,2.00400661111111,1.8,0,843.7,0,0,-2149,23.505,0,0,3.16033062222222,-1.40336044444444,300,0,3744.6,22.064756,0.362785991111111,0
2/7/20 2:49,372.25,372.208333333333,0,0,4730.9,20.35,0,2.00287468888889,1.8,0,843.7,0,0,-2149,23.505,0,0,3.13594677777778,-1.40663955555556,300,0,3744.6,22.035244,0.358536675555556,0
2/7/20 2:54,372.333333333333,372.291666666667,0,0,4730.9,20.35,0,2.00298271111111,1.8,0,843.7,0,0,-2149,23.505,0,0,3.11452531111111,-1.40021355555556,300,0,3744.6,22.1261203333333,0.3584,0
2/7/20 2:59,372.416666666667,372.375,0,0,4730.9,20.35,0,2.00412531111111,1.8,0,843.7,0,0,-2148.77971777778,23.505,0,0,3.09128791111111,-1.4,300,0,3744.6,22.1647153333333,0.3584,0
2/7/20 3:04,372.5,372.458333333333,0,0,4730.9,20.35,0,2.00480401111111,1.8,0,843.7,0,0,-2148.31494888889,23.505,0,0,3.06568802222222,-1.4,300,0,3744.6,22.0972423333333,0.3584,0
2/7/20 3:09,372.583333333333,372.541666666667,0,0,4730.9,20.35,0,2.00453457777778,1.8,0,843.7,0,0,-2148.52028222222,23.505,0,0,3.04129604444444,-1.4,300,0,3744.6,22.095,0.3584,0
2/7/20 3:14,372.666666666667,372.625,0,0,4730.9,20.35,0,2.00350813333333,1.8,0,843.7,0,0,-2148.98505111111,23.533322,0,0,3.01825333333333,-1.4,300,0,3744.6,22.095,0.3584,0
2/7/20 3:19,372.75,372.708333333333,0,0,4730.9,20.35,0,2.00512124444444,1.8,0,843.7,0,0,-2149,23.593078,0,0,2.99525333333333,-1.4,300,0,3744.6,22.095,0.3584,0
2/7/20 3:24,372.833333333333,372.791666666667,0,0,4730.9,20.35,0,2.00483604444444,1.8,0,843.7,0,0,-2149,23.595,0,0,2.97225333333333,-1.4,300,0,3744.6,22.095,0.3584,0
2/7/20 3:29,372.916666666667,372.875,0,0,4730.9,20.35,0,2.00516395555556,1.8,0,843.7,0,0,-2149,23.595,0,0,2.94988271111111,-1.4,300,0,3744.6,22.095,0.3584,0
2/7/20 3:34,373,372.958333333333,0,0,4730.9,20.35,0,2.0046787,1.8,0,843.7,0,0,-2149.22028222222,23.595,0,0,2.92852531111111,-1.40314688888889,300,0,3744.6,22.066678,0.3584,0
2/7/20 3:39,373.083333333333,373.041666666667,0,0,4730.9,20.35,0,2.00483197777778,1.8,0,843.7,0,0,-2149.68505111111,23.595,0,0,2.90717604444444,-1.40978644444444,300,0,3744.6,22.006922,0.3584,0
2/7/20 3:44,373.166666666667,373.125,0,0,4730.9,20.35,0,2.00419598888889,1.8,0,843.7,0,0,-2149.7,23.595,0,0,2.88776271111111,-1.40685311111111,300,0,3744.6,22.033322,0.3584,0
2/7/20 3:49,373.25,373.208333333333,0,0,4730.9,20.35,0,2.00304932222222,1.8,0,843.7,0,0,-2149.7,23.595,0,0,2.86877593333333,-1.40336044444444,300,0,3744.6,22.064756,0.3584,0
2/7/20 3:54,373.333333333333,373.291666666667,0,0,4730.9,20.35,0,2.00281875555556,1.8,0,843.7,0,0,-2149.7,23.595,0,0,2.84846937777778,-1.40978644444444,300,0,3744.6,22.006922,0.3584,0
2/7/20 3:59,373.416666666667,373.375,0,0,4730.9,20.35,0,2.00397457777778,1.8,0,843.7,0,0,-2149.7,23.595,0,0,2.82942666666667,-1.41,300,0,3744.6,22.005,0.3584,0
2/7/20 4:04,373.5,373.458333333333,0,0,4730.9,20.35,0,2.00334672222222,1.8,0,843.7,0,0,-2149.7,23.595,0,0,2.81011197777778,-1.41,300,0,3744.6,22.005,0.3584,0
2/7/20 4:09,373.583333333333,373.541666666667,0,0,4730.9,20.35,0,2.00366395555556,1.8,0,843.7,0,0,-2149.7,23.595,0,0,2.79044802222222,-1.41,300,0,3744.6,22.005,0.3584,0
2/7/20 4:14,373.666666666667,373.625,0,0,4730.9,20.35,0,2.0031787,1.8,0,843.7,0,0,-2149.7,23.595,0,0,2.77174135555556,-1.41,300,0,3744.6,22.005,0.3584,0
2/7/20 4:19,373.75,373.708333333333,0,0,4730.9,20.35,0,2.00380401111111,1.8,0,843.7,0,0,-2149.92028222222,23.595,0,0,2.75434937777778,-1.40685311111111,300,0,3744.6,22.033322,0.356385991111111,0
2/7/20 4:24,373.833333333333,373.791666666667,0,0,4730.9,20.35,0,2.00416395555556,1.8,0,843.7,0,0,-2150.38505111111,23.595,0,0,2.7373626,-1.40336044444444,300,0,3744.6,22.064756,0.352136675555556,0
2/7/20 4:29,373.916666666667,373.875,0,0,4730.9,20.35,0,2.0036787,1.8,0,843.7,0,0,-2150.4,23.595,0,0,2.71874135555556,-1.40978644444444,300,0,3744.6,22.006922,0.352,0
2/7/20 4:34,374,373.958333333333,0,0,4730.9,20.35,0,2.00335994444444,1.8,0,843.7,0,0,-2150.4,23.595,0,0,2.70134937777778,-1.41,300,0,3744.6,22.005,0.352,0
2/7/20 4:39,374.083333333333,374.041666666667,0,0,4730.9,20.35,0,2.00251474444444,1.8,0,843.7,0,0,-2150.17971777778,23.595,0,0,2.6843626,-1.41,300,0,3744.6,21.9719576666667,0.352,0
2/7/20 4:44,374.166666666667,374.125,0,0,4730.9,20.35,0,2.00394,1.8,0,843.7,0,0,-2149.93523111111,23.595,0,0,2.66700011111111,-1.40685311111111,300,0,3744.6,21.9636066666667,0.352,0
2/7/20 4:49,374.25,374.208333333333,0,0,4730.9,20.35,0,2.00449593333333,1.8,0,843.7,0,0,-2150.38505111111,23.595,0,0,2.65194926666667,-1.40021355555556,300,0,3744.6,22.0908356666667,0.352,0
2/7/20 4:54,374.333333333333,374.291666666667,0,0,4730.9,20.35,0,2.00337468888889,1.8,0,843.7,0,0,-2150.4,23.595,0,0,2.63501333333333,-1.4,300,0,3744.6,22.095,0.352,0
2/7/20 4:59,374.416666666667,374.375,0,0,4730.9,20.35,0,2.00285333333333,1.8,0,843.7,0,0,-2150.4,23.595,0,0,2.61738395555556,-1.40314688888889,300,0,3744.6,22.066678,0.352,0
2/7/20 5:04,374.5,374.458333333333,0,0,4730.9,20.35,0,2.00345474444444,1.8,0,843.7,0,0,-2150.4,23.595,0,0,2.60000011111111,-1.40663955555556,300,0,3744.6,22.035244,0.352,0
2/7/20 5:09,374.583333333333,374.541666666667,0,0,4730.9,20.35,0,2.00512124444444,1.8,0,843.7,0,0,-2150.4,23.595,0,0,2.58431988888889,-1.40336044444444,300,0,3744.6,22.0317136666667,0.352,0
2/7/20 5:14,374.666666666667,374.625,0,0,4730.9,20.35,0,2.00420666666667,1.8,0,843.7,0,0,-2150.4,23.595,0,0,2.56574135555556,-1.40978644444444,300,0,3744.6,21.871122,0.352,0
2/7/20 5:19,374.75,374.708333333333,0,0,4730.9,20.35,0,2.00383604444444,1.8,0,843.7,0,0,-2150.62028222222,23.595,0,0,2.54866406666667,-1.41314688888889,300,0,3744.6,21.7264373333333,0.352,0
2/7/20 5:24,374.833333333333,374.791666666667,0,0,4730.9,20.35,0,2.00479333333333,1.8,0,843.7,0,0,-2150.86476888889,23.595,0,0,2.53265593333333,-1.41978644444444,300,0,3744.6,21.5512033333333,0.352,0
2/7/20 5:29,374.916666666667,374.875,0,0,4730.9,20.35,0,2.00563598888889,1.8,0,843.7,0,0,-2150.63523111111,23.595,0,0,2.51597875555556,-1.42,300,0,3744.6,21.4966016666667,0.352,0
2/7/20 5:34,375,374.958333333333,0,0,4730.9,20.35,0,2.00567463333333,1.8,0,843.7,0,0,-2151.08505111111,23.595,0,0,2.50252271111111,-1.42314688888889,300,0,3744.6,21.466678,0.352,0
2/7/20 5:39,375.083333333333,375.041666666667,0,0,4730.9,20.35,0,2.00486401111111,1.8,0,843.7,0,0,-2150.87971777778,23.595,0,0,2.48985062222222,-1.42978644444444,300,0,3744.6,21.3738796666667,0.352,0
2/7/20 5:44,375.166666666667,375.125,0,0,4730.9,20.35,0,2.00466802222222,1.8,0,843.7,0,0,-2150.63523111111,23.595,0,0,2.47652271111111,-1.43,300,0,3744.6,21.3022423333333,0.352,0
2/7/20 5:49,375.25,375.208333333333,0,0,4730.9,20.35,0,2.00451728888889,1.8,0,843.7,0,0,-2151.08505111111,23.566678,0,0,2.46385062222222,-1.43,300,0,3744.6,21.2669576666667,0.352,0
2/7/20 5:54,375.333333333333,375.291666666667,0,0,4730.9,20.35,0,2.00384672222222,1.8,0,843.7,0,0,-2151.1,23.506922,0,0,2.45052271111111,-1.43314688888889,300,0,3744.6,21.1689203333333,0.352,0
2/7/20 5:59,375.416666666667,375.375,0,0,4730.9,20.35,0,2.00416395555556,1.8,0,843.7,0,0,-2151.1,23.505,0,0,2.43879468888889,-1.43663955555556,300,0,3744.6,21.135244,0.352,0
2/7/20 6:04,375.5,375.458333333333,0,0,4730.9,20.35,0,2.00367817726098,1.8,0,843.7,0,0,-2150.8804496124,23.505,0,0,2.42747119018088,-1.43334998966408,300,0,3744.6,21.1648500930233,0.349992682170543,0
2/7/20 6:09,375.583333333333,375.541666666667,0,0,4730.9,20.35,0,2.00414503662791,1.8,0,843.7,0,0,-2150.41538372093,23.505,0,0,2.41583117093023,-1.43665973255814,300,0,3744.6,21.1350624069767,0.345740651162791,0
2/7/20 6:14,375.666666666667,375.625,0,0,4730.9,20.35,0,2.004801025,1.8,0,843.7,0,0,-2150.4,23.505,0,0,2.4054341,-1.4302205,300,0,3744.6,21.22578075,0.3456,0
2/7/20 6:19,375.75,375.708333333333,0,0,4730.9,20.35,0,2.004697825,1.8,0,843.7,0,0,-2150.4,23.505,0,0,2.39545385,-1.43,300,0,3744.6,21.2649195,0.3456,0
2/7/20 6:24,375.833333333333,375.791666666667,0,0,4730.9,20.35,0,2.0035232,1.8,0,843.7,0,0,-2150.4,23.505,0,0,2.38383205,-1.43,300,0,3744.6,21.26284575,0.3456,0
2/7/20 6:29,375.916666666667,375.875,0,0,4730.9,20.35,0,2.004466925,1.8,0,843.7,0,0,-2150.4,23.505,0,0,2.3734341,-1.43,300,0,3744.6,21.4003695,0.3456,0
2/7/20 6:34,376,375.958333333333,0,0,4730.9,20.35,0,2.0038759,1.8,0,843.7,0,0,-2150.4,23.505,0,0,2.36470205,-1.4268795,300,0,3744.6,21.46584975,0.3456,0
2/7/20 6:39,376.083333333333,376.041666666667,0,0,4730.9,20.35,0,2.00285615,1.8,0,843.7,0,0,-2150.618435,23.47223475,0,0,2.35449565,-1.423341,300,0,3744.6,21.50208525,0.3456,0
2/7/20 6:44,376.166666666667,376.125,0,0,4730.9,20.35,0,2.003633975,1.8,0,843.7,0,0,-2151.084565,23.40231525,0,0,2.3408982,-1.4297795,300,0,3744.6,21.33938025,0.3456,0
2/7/20 6:49,376.25,376.208333333333,0,0,4730.9,20.35,0,2.00383295,1.8,0,843.7,0,0,-2151.1,23.4,0,0,2.3304341,-1.4268795,300,0,3744.6,21.43076925,0.3456,0
2/7/20 6:54,376.333333333333,376.291666666667,0,0,4730.9,20.35,0,2.004135125,1.8,0,843.7,0,0,-2151.1,23.4,0,0,2.3201418,-1.423341,300,0,3744.6,21.43216575,0.3456,0
2/7/20 6:59,376.416666666667,376.375,0,0,4730.9,20.35,0,2.005299875,1.8,0,843.7,0,0,-2151.1,23.4,0,0,2.30816615,-1.4297795,300,0,3744.6,21.337065,0.3456,0
2/7/20 7:04,376.5,376.458333333333,0,0,4730.9,20.35,0,2.00454295,1.8,0,843.7,0,0,-2151.1,23.4,0,0,2.29841205,-1.4268795,300,0,3744.6,21.43076925,0.3456,0
2/7/20 7:09,376.583333333333,376.541666666667,0,0,4730.9,20.35,0,2.003533075,1.8,0,843.7,0,0,-2151.1,23.4,0,0,2.28845385,-1.423341,300,0,3744.6,21.464931,0.3456,0
2/7/20 7:14,376.666666666667,376.625,0,0,4730.9,20.35,0,2.00381205,1.8,0,843.7,0,0,-2151.1,23.4,0,0,2.2771441,-1.4297795,300,0,3744.6,21.37421925,0.3456,0
2/7/20 7:19,376.75,376.708333333333,0,0,4730.9,20.35,0,2.0041659,1.8,0,843.7,0,0,-2151.1,23.4,0,0,2.26616385,-1.43,300,0,3744.6,21.26955,0.3456,0
2/7/20 7:24,376.833333333333,376.791666666667,0,0,4730.9,20.35,0,2.0038341,1.8,0,843.7,0,0,-2151.1,23.4,0,0,2.25479025,-1.43,300,0,3744.6,21.19731525,0.3456,0
2/7/20 7:29,376.916666666667,376.875,0,0,4730.9,20.35,0,2.004633975,1.8,0,843.7,0,0,-2151.1,23.3906385,0,0,2.24636795,-1.43,300,0,3744.6,21.195,0.3456,0
2/7/20 7:34,377,376.958333333333,0,0,4730.9,20.35,0,2.005301025,1.8,0,843.7,0,0,-2151.1,23.34725775,0,0,2.23645385,-1.4331205,300,0,3744.6,21.1669155,0.3456,0
2/7/20 7:39,377.083333333333,377.041666666667,0,0,4730.9,20.35,0,2.0056659,1.8,0,843.7,0,0,-2151.1,23.29665375,0,0,2.22608025,-1.436659,300,0,3744.6,21.135069,0.3456,0
2/7/20 7:44,377.166666666667,377.125,0,0,4730.9,20.35,0,2.0053341,1.8,0,843.7,0,0,-2151.1,23.295,0,0,2.21803385,-1.4302205,300,0,3744.6,21.22578075,0.3456,0
2/7/20 7:49,377.25,377.208333333333,0,0,4730.9,20.35,0,2.005197825,1.8,0,843.7,0,0,-2151.1,23.295,0,0,2.20841205,-1.43,300,0,3744.6,21.29768475,0.3456,0
2/7/20 7:54,377.333333333333,377.291666666667,0,0,4730.9,20.35,0,2.003555125,1.8,0,843.7,0,0,-2151.1,23.295,0,0,2.19907795,-1.43,300,0,3744.6,21.3,0.3456,0
2/7/20 7:59,377.416666666667,377.375,0,0,4730.9,20.35,0,2.003343975,1.8,0,843.7,0,0,-2151.1,23.295,0,0,2.19003615,-1.43,300,0,3744.6,21.33276525,0.3456,0
2/7/20 8:04,377.5,377.458333333333,0,0,4730.9,20.35,0,2.00316705,1.8,0,843.7,0,0,-2151.1,23.295,0,0,2.18328205,-1.4268795,300,0,3744.6,21.4635345,0.3456,0
2/7/20 8:09,377.583333333333,377.541666666667,0,0,4730.9,20.35,0,2.00333295,1.8,0,843.7,0,0,-2150.881565,23.295,0,0,2.17569975,-1.4202205,300,0,3744.6,21.562935,0.34360288,0
2/7/20 8:14,377.666666666667,377.625,0,0,4730.9,20.35,0,2.00316705,1.8,0,843.7,0,0,-2150.415435,23.295,0,0,2.16512205,-1.4231205,300,0,3744.6,21.46923075,0.33934112,0
2/7/20 8:19,377.75,377.708333333333,0,0,4730.9,20.35,0,2.003176925,1.8,0,843.7,0,0,-2150.4,23.295,0,0,2.15666025,-1.426659,300,0,3744.6,21.435069,0.3392,0
2/7/20 8:24,377.833333333333,377.791666666667,0,0,4730.9,20.35,0,2.002678075,1.8,0,843.7,0,0,-2150.4,23.295,0,0,2.15061385,-1.4202205,300,0,3744.6,21.558546,0.3392,0
2/7/20 8:29,377.916666666667,377.875,0,0,4730.9,20.35,0,2.00345705,1.8,0,843.7,0,0,-2150.4,23.295,0,0,2.14299205,-1.4168795,300,0,3744.6,21.728454,0.3392,0
2/7/20 8:34,378,377.958333333333,0,0,4730.9,20.35,0,2.004154875,1.8,0,843.7,0,0,-2150.4,23.295,0,0,2.13503385,-1.4102205,300,0,3744.6,21.7930155,0.3392,0
2/7/20 8:39,378.083333333333,378.041666666667,0,0,4730.9,20.35,0,2.004302175,1.8,0,843.7,0,0,-2150.4,23.295,0,0,2.12416385,-1.41,300,0,3744.6,21.795,0.3392,0
2/7/20 8:44,378.166666666667,378.125,0,0,4730.9,20.35,0,2.0048527,1.8,0,843.7,0,0,-2150.181565,23.295,0,0,2.11216615,-1.41,300,0,3744.6,21.82776525,0.3392,0
2/7/20 8:49,378.25,378.208333333333,0,0,4730.9,20.35,0,2.003201275,1.8,0,843.7,0,0,-2149.497,23.295,0,0,2.10116385,-1.41,300,0,3744.6,21.93045,0.3392,0
2/7/20 8:54,378.333333333333,378.291666666667,0,0,4730.9,20.35,0,2.003675775,1.8,0,843.7,0,0,-2149.452305,23.295,0,0,2.08916615,-1.41,300,0,3744.6,22.00268475,0.3392,0
2/7/20 8:59,378.416666666667,378.375,0,0,4730.9,20.35,0,2.0025232,1.8,0,843.7,0,0,-2150.150695,23.295,0,0,2.07941205,-1.4068795,300,0,3744.6,22.0330845,0.3392,0
2/7/20 9:04,378.5,378.458333333333,0,0,4730.9,20.35,0,2.003778975,1.8,0,843.7,0,0,-2149.715435,23.32776525,0,0,2.07007795,-1.4002205,300,0,3744.6,22.158546,0.3392,0
2/7/20 9:09,378.583333333333,378.541666666667,0,0,4730.9,20.35,0,2.004009875,1.8,0,843.7,0,0,-2149.481565,23.39768475,0,0,2.05853975,-1.4,300,0,3744.6,22.3003695,0.3392,0
2/7/20 9:14,378.666666666667,378.625,0,0,4730.9,20.35,0,2.00287705,1.8,0,843.7,0,0,-2149.015435,23.4,0,0,2.0448982,-1.3968795,300,0,3744.6,22.36584975,0.3392,0
2/7/20 9:19,378.75,378.708333333333,0,0,4730.9,20.35,0,2.003447175,1.8,0,843.7,0,0,-2148.781565,23.4,0,0,2.03224975,-1.3902205,300,0,3744.6,22.5284655,0.3392,0
2/7/20 9:24,378.833333333333,378.791666666667,0,0,4730.9,20.35,0,2.00605795,1.8,0,843.7,0,0,-2148.315435,23.43276525,0,0,2.01636,-1.3868795,300,0,3744.6,22.63076925,0.3392,0
2/7/20 9:29,378.916666666667,378.875,0,0,4730.9,20.35,0,2.006363725,1.8,0,843.7,0,0,-2148.518435,23.50268475,0,0,1.9997359,-1.3802205,300,0,3744.6,22.72578075,0.3392,0
2/7/20 9:34,379,378.958333333333,0,0,4730.9,20.35,0,2.003765125,1.8,0,843.7,0,0,-2149.203,23.505,0,0,1.9836523,-1.38,300,0,3744.6,22.7649195,0.3392,0
2/7/20 9:39,379.083333333333,379.041666666667,0,0,4730.9,20.35,0,2.00271,1.8,0,843.7,0,0,-2149.684565,23.505,0,0,1.9721441,-1.38,300,0,3744.6,22.69731525,0.3392,0
2/7/20 9:44,379.166666666667,379.125,0,0,4730.9,20.35,0,2.0029582,1.8,0,843.7,0,0,-2149.7,23.5330845,0,0,1.96116385,-1.38,300,0,3744.6,22.695,0.3392,0
2/7/20 9:49,379.25,379.208333333333,0,0,4730.9,20.35,0,2.00493385,1.8,0,843.7,0,0,-2149.481565,23.5930155,0,0,1.94854205,-1.38,300,0,3744.6,22.695,0.3392,0
2/7/20 9:54,379.333333333333,379.291666666667,0,0,4730.9,20.35,0,2.004531925,1.8,0,843.7,0,0,-2149.015435,23.595,0,0,1.93683205,-1.38,300,0,3744.6,22.72776525,0.3392,0
2/7/20 9:59,379.416666666667,379.375,0,0,4730.9,20.35,0,2.003533075,1.8,0,843.7,0,0,-2149,23.62776525,0,0,1.92549795,-1.38,300,0,3744.6,22.79768475,0.3392,0
2/7/20 10:04,379.5,379.458333333333,0,0,4730.9,20.35,0,2.0041241,1.8,0,843.7,0,0,-2149,23.69768475,0,0,1.9128959,-1.38,300,0,3744.6,22.8,0.3392,0
2/7/20 10:09,379.583333333333,379.541666666667,0,0,4730.9,20.35,0,2.004987825,1.8,0,843.7,0,0,-2149.218435,23.7,0,0,1.89925205,-1.38,300,0,3744.6,22.76723475,0.3392,0
2/7/20 10:14,379.666666666667,379.625,0,0,4730.9,20.35,0,2.0041891,1.8,0,843.7,0,0,-2149.684565,23.73276525,0,0,1.88654205,-1.38,300,0,3744.6,22.69731525,0.3392,0
2/7/20 10:19,379.75,379.708333333333,0,0,4730.9,20.35,0,2.004488975,1.8,0,843.7,0,0,-2149.7,23.80268475,0,0,1.8757682,-1.38,300,0,3744.6,22.72776525,0.3392,0
2/7/20 10:24,379.833333333333,379.791666666667,0,0,4730.9,20.35,0,2.00418795,1.8,0,843.7,0,0,-2149.7,23.805,0,0,1.8664318,-1.38,300,0,3744.6,22.83045,0.3392,0
2/7/20 10:29,379.916666666667,379.875,0,0,4730.9,20.35,0,2.0038341,1.8,0,843.7,0,0,-2149.481565,23.8330845,0,0,1.85452,-1.38,300,0,3744.6,22.90268475,0.3392,0
2/7/20 10:34,380,379.958333333333,0,0,4730.9,20.35,0,2.003697825,1.8,0,843.7,0,0,-2149.015435,23.8930155,0,0,1.84283205,-1.3768795,300,0,3744.6,22.9330845,0.3392,0
2/7/20 10:39,380.083333333333,380.041666666667,0,0,4730.9,20.35,0,2.00267715157807,1.8,0,843.7,0,0,-2149,23.895,0,0,1.83119937724252,-1.3702205,300,0,3744.6,22.9930155,0.3392,0
2/7/20 10:44,380.166666666667,380.125,0,0,4730.9,20.35,0,2.00364521786637,1.8,0,843.7,0,0,-2149.21659555556,23.895,0,0,1.81858177275747,-1.37309422222222,300,0,3744.6,22.967152,0.3392,0
2/7/20 10:49,380.25,380.208333333333,0,0,4730.9,20.35,0,2.0036416,1.8,0,843.7,0,0,-2149.68407111111,23.9274893333333,0,0,1.80686942222222,-1.37667822222222,300,0,3744.6,22.934896,0.3392,0
2/7/20 10:54,380.333333333333,380.291666666667,0,0,4730.9,20.35,0,2.00433564444444,1.8,0,843.7,0,0,-2149.7,23.9976106666667,0,0,1.79615608888889,-1.37022755555556,300,0,3744.6,22.992952,0.337219697777778,0
2/7/20 10:59,380.416666666667,380.375,0,0,4730.9,20.35,0,2.0028908,1.8,0,843.7,0,0,-2149.7,24,0,0,1.78644275555556,-1.37,300,0,3744.6,23.0274893333333,0.332945635555556,0
2/7/20 11:04,380.5,380.458333333333,0,0,4730.9,20.35,0,2.0028208,1.8,0,843.7,0,0,-2149.7,24,0,0,1.77680115555556,-1.37,300,0,3744.6,23.0976106666667,0.3328,0
2/7/20 11:09,380.583333333333,380.541666666667,0,0,4730.9,20.35,0,2.00347724444444,1.8,0,843.7,0,0,-2149.91659555556,24.0324893333333,0,0,1.76553724444444,-1.37,300,0,3744.6,23.0675106666667,0.3328,0
2/7/20 11:14,380.666666666667,380.625,0,0,4730.9,20.35,0,2.0035,1.8,0,843.7,0,0,-2150.38407111111,24.1026106666667,0,0,1.75448826666667,-1.37,300,0,3744.6,22.9973893333333,0.3328,0
2/7/20 11:19,380.75,380.708333333333,0,0,4730.9,20.35,0,2.00396413333333,1.8,0,843.7,0,0,-2150.4,24.105,0,0,1.74542,-1.37,300,0,3744.6,22.995,0.3328,0
2/7/20 11:24,380.833333333333,380.791666666667,0,0,4730.9,20.35,0,2.00481115555556,1.8,0,843.7,0,0,-2150.18340444444,24.105,0,0,1.73672942222222,-1.37,300,0,3744.6,23.0274893333333,0.3328,0
2/7/20 11:29,380.916666666667,380.875,0,0,4730.9,20.35,0,2.00389253333333,1.8,0,843.7,0,0,-2149.71592888889,24.105,0,0,1.72839724444444,-1.37,300,0,3744.6,23.0976106666667,0.3328,0
2/7/20 11:34,381,380.958333333333,0,0,4730.9,20.35,0,2.00316435555556,1.8,0,843.7,0,0,-2149.91659555556,24.105,0,0,1.71880115555556,-1.37,300,0,3744.6,23.0675106666667,0.3328,0
2/7/20 11:39,381.083333333333,381.041666666667,0,0,4730.9,20.35,0,2.00445448888889,1.8,0,843.7,0,0,-2149.95088,24.132848,0,0,1.70877493333333,-1.37,300,0,3744.6,22.9973893333333,0.3328,0
2/7/20 11:44,381.166666666667,381.125,0,0,4730.9,20.35,0,2.00388115555556,1.8,0,843.7,0,0,-2149.03185777778,24.192952,0,0,1.70039724444444,-1.37309422222222,300,0,3744.6,22.967152,0.3328,0
2/7/20 11:49,381.25,381.208333333333,0,0,4730.9,20.35,0,2.00270022222222,1.8,0,843.7,0,0,-2149,24.195,0,0,1.69142,-1.37977244444444,300,0,3744.6,22.8745586666667,0.3328,0
2/7/20 11:54,381.333333333333,381.291666666667,0,0,4730.9,20.35,0,2.00329804444444,1.8,0,843.7,0,0,-2149,24.195,0,0,1.68303884444444,-1.38,300,0,3744.6,22.8023893333333,0.3328,0
2/7/20 11:59,381.416666666667,381.375,0,0,4730.9,20.35,0,2.00444137777778,1.8,0,843.7,0,0,-2149.21659555556,24.195,0,0,1.67630275555556,-1.38,300,0,3744.6,22.8,0.3328,0
2/7/20 12:04,381.5,381.458333333333,0,0,4730.9,20.35,0,2.00531115555556,1.8,0,843.7,0,0,-2149.68407111111,24.195,0,0,1.66966115555556,-1.38,300,0,3744.6,22.7675106666667,0.3328,0
2/7/20 12:09,381.583333333333,381.541666666667,0,0,4730.9,20.35,0,2.00485666666667,1.8,0,843.7,0,0,-2149.91659555556,24.195,0,0,1.6607784,-1.38309422222222,300,0,3744.6,22.6045626666667,0.3328,0
2/7/20 12:14,381.666666666667,381.625,0,0,4730.9,20.35,0,2.00358311111111,1.8,0,843.7,0,0,-2150.16747555556,24.195,0,0,1.65263146666667,-1.38977244444444,300,0,3744.6,22.434316,0.3328,0
2/7/20 12:19,381.75,381.708333333333,0,0,4730.9,20.35,0,2.00172297777778,1.8,0,843.7,0,0,-2149.49933333333,24.195,0,0,1.6494984,-1.39,300,0,3744.6,22.4976106666667,0.3328,0
2/7/20 12:24,381.833333333333,381.791666666667,0,0,4730.9,20.35,0,2.00260746666667,1.8,0,843.7,0,0,-2149.23252444444,24.195,0,0,1.64487608888889,-1.39,300,0,3744.6,22.5,0.3328,0
2/7/20 12:29,381.916666666667,381.875,0,0,4730.9,20.35,0,2.00379977777778,1.8,0,843.7,0,0,-2149.68407111111,24.195,0,0,1.6417816,-1.39,300,0,3744.6,22.4675106666667,0.3328,0
2/7/20 12:34,382,381.958333333333,0,0,4730.9,20.35,0,2.00258311111111,1.8,0,843.7,0,0,-2149.48340444444,24.195,0,0,1.64102275555556,-1.39,300,0,3744.6,22.4298786666667,0.3328,0
2/7/20 12:39,382.083333333333,382.041666666667,0,0,4730.9,20.35,0,2.00165124444444,1.8,0,843.7,0,0,-2149.23252444444,24.195,0,0,1.641,-1.39,300,0,3744.6,22.4976106666667,0.43744,0
2/7/20 12:44,382.166666666667,382.125,0,0,4730.9,20.35,0,2.00392035555556,1.8,0,843.7,0,0,-2149.68407111111,24.195,0,0,1.641,-1.39,300,0,3744.6,22.5,0.3264,0
2/7/20 12:49,382.25,382.208333333333,0,0,4730.9,20.35,0,2.00307173333333,1.8,0,843.7,0,0,-2149.91659555556,24.167152,0,0,1.64038115555556,-1.39,300,0,3744.6,22.4675106666667,0.3264,0
2/7/20 12:54,382.333333333333,382.291666666667,0,0,4730.9,20.35,0,2.00184182222222,1.8,0,843.7,0,0,-2150.16747555556,24.107048,0,0,1.63842666666667,-1.39,300,0,3744.6,22.3973893333333,0.3264,0
2/7/20 12:59,382.416666666667,382.375,0,0,4730.9,20.35,0,2.00313368888889,1.8,0,843.7,0,0,-2149.71592888889,24.105,0,0,1.63580782222222,-1.39309422222222,300,0,3744.6,22.367152,0.3264,0
2/7/20 13:04,382.5,382.458333333333,0,0,4730.9,20.35,0,2.00283217777778,1.8,0,843.7,0,0,-2149.91659555556,24.105,0,0,1.6327816,-1.39977244444444,300,0,3744.6,22.307048,0.3264,0
2/7/20 13:09,382.583333333333,382.541666666667,0,0,4730.9,20.35,0,2.00347724444444,1.8,0,843.7,0,0,-2150.16747555556,24.105,0,0,1.63202275555556,-1.4,300,0,3744.6,22.305,0.3264,0
2/7/20 13:14,382.666666666667,382.625,0,0,4730.9,20.35,0,2.00319057777778,1.8,0,843.7,0,0,-2149.49933333333,24.105,0,0,1.63230942222222,-1.4,300,0,3744.6,22.2817933333333,0.3264,0
2/7/20 13:19,382.75,382.708333333333,0,0,4730.9,20.35,0,2.00329631111111,1.8,0,843.7,0,0,-2149.23252444444,24.105,0,0,1.63204897777778,-1.4,300,0,3744.6,22.1899346666667,0.3264,0
2/7/20 13:24,382.833333333333,382.791666666667,0,0,4730.9,20.35,0,2.00494311111111,1.8,0,843.7,0,0,-2149.68407111111,24.0725106666667,0,0,1.62883057777778,-1.40309422222222,300,0,3744.6,22.0377346666667,0.3264,0
2/7/20 13:29,382.916666666667,382.875,0,0,4730.9,20.35,0,2.00469057777778,1.8,0,843.7,0,0,-2149.7,24.0023893333333,0,0,1.62547217777778,-1.40977244444444,300,0,3744.6,21.871948,0.3264,0
2/7/20 13:34,383,382.958333333333,0,0,4730.9,20.35,0,2.00417746666667,1.8,0,843.7,0,0,-2149.7,24,0,0,1.62342666666667,-1.41,300,0,3744.6,21.8298786666667,0.3264,0
2/7/20 13:39,383.083333333333,383.041666666667,0,0,4730.9,20.35,0,2.00387183373939,1.8,0,843.7,0,0,-2149.48412403101,24,0,0,1.62050353990402,-1.41,300,0,3744.6,21.8976106666667,0.3264,0
2/7/20 13:44,383.166666666667,383.125,0,0,4730.9,20.35,0,2.00316039959395,1.8,0,843.7,0,0,-2149.01637596899,24,0,0,1.61558294342931,-1.41,300,0,3744.6,21.9322145833333,0.3264,0
2/7/20 13:49,383.25,383.208333333333,0,0,4730.9,20.35,0,2.00491326388889,1.8,0,843.7,0,0,-2149,24,0,0,1.61119694444444,-1.40693194444444,300,0,3744.6,22.0301479166667,0.3264,0
2/7/20 13:54,383.333333333333,383.291666666667,0,0,4730.9,20.35,0,2.00489097222222,1.8,0,843.7,0,0,-2149,24,0,0,1.60784319444444,-1.40023472222222,300,0,3744.6,22.1251020833333,0.3264,0
2/7/20 13:59,383.416666666667,383.375,0,0,4730.9,20.35,0,2.003809375,1.8,0,843.7,0,0,-2149,24,0,0,1.60417347222222,-1.4,300,0,3744.6,22.22975,0.3264,0
2/7/20 14:04,383.5,383.458333333333,0,0,4730.9,20.35,0,2.00609930555556,1.8,0,843.7,0,0,-2149,24,0,0,1.59930916666667,-1.4,300,0,3744.6,22.3025354166667,0.3264,0
2/7/20 14:09,383.583333333333,383.541666666667,0,0,4730.9,20.35,0,2.00490986111111,1.8,0,843.7,0,0,-2149,24,0,0,1.59167722222222,-1.4,300,0,3744.6,22.305,0.3264,0
2/7/20 14:14,383.666666666667,383.625,0,0,4730.9,20.35,0,2.00400715277778,1.8,0,843.7,0,0,-2149,24,0,0,1.58689013888889,-1.39693194444444,300,0,3744.6,22.3326125,0.3264,0
2/7/20 14:19,383.75,383.708333333333,0,0,4730.9,20.35,0,2.00496479166667,1.8,0,843.7,0,0,-2148.78523611111,24,0,0,1.58194625,-1.39023472222222,300,0,3744.6,22.3928875,0.3264,0
2/7/20 14:24,383.833333333333,383.791666666667,0,0,4730.9,20.35,0,2.00453979166667,1.8,0,843.7,0,0,-2148.53119444444,24,0,0,1.57563027777778,-1.39,300,0,3744.6,22.4272145833333,0.324436444444444,0
2/7/20 14:29,383.916666666667,383.875,0,0,4730.9,20.35,0,2.00399541666667,1.8,0,843.7,0,0,-2148.98356944444,24,0,0,1.57089013888889,-1.39,300,0,3744.6,22.4975354166667,0.320150222222222,0
2/7/20 14:34,384,383.958333333333,0,0,4730.9,20.35,0,2.00419777777778,1.8,0,843.7,0,0,-2149,24,0,0,1.56717347222222,-1.39,300,0,3744.6,22.5,0.32,0
2/7/20 14:39,384.083333333333,384.041666666667,0,0,4730.9,20.35,0,2.00286548611111,1.8,0,843.7,0,0,-2149,24,0,0,1.56353638888889,-1.39,300,0,3744.6,22.5,0.32,0
2/7/20 14:44,384.166666666667,384.125,0,0,4730.9,20.35,0,2.00378333333333,1.8,0,843.7,0,0,-2148.78523611111,24,0,0,1.55889013888889,-1.39,300,0,3744.6,22.5,0.32,0
2/7/20 14:49,384.25,384.208333333333,0,0,4730.9,20.35,0,2.00370951388889,1.8,0,843.7,0,0,-2148.53119444444,24,0,0,1.55455986111111,-1.39306805555556,300,0,3744.6,22.4401729166667,0.32,0
2/7/20 14:54,384.333333333333,384.291666666667,0,0,4730.9,20.35,0,2.00328590277778,1.8,0,843.7,0,0,-2148.98356944444,24,0,0,1.55050375,-1.39976527777778,300,0,3744.6,22.3095770833333,0.32,0
2/7/20 14:59,384.416666666667,384.375,0,0,4730.9,20.35,0,2.00483229166667,1.8,0,843.7,0,0,-2148.78523611111,24,0,0,1.54689930555556,-1.4,300,0,3744.6,22.2405708333333,0.32,0
2/7/20 15:04,384.5,384.458333333333,0,0,4730.9,20.35,0,2.00273555555556,1.8,0,843.7,0,0,-2148.31643055556,24,0,0,1.54308472222222,-1.4,300,0,3744.6,22.13214375,0.32,0
2/7/20 15:09,384.583333333333,384.541666666667,0,0,4730.9,20.35,0,2.00314166666667,1.8,0,843.7,0,0,-2148.08523611111,24,0,0,1.54615680555556,-1.4,300,0,3744.6,22.22975,0.32,0
2/7/20 15:14,384.666666666667,384.625,0,0,4730.9,20.35,0,2.00333486111111,1.8,0,843.7,0,0,-2147.61643055556,24,0,0,1.55044013888889,-1.39693194444444,300,0,3744.6,22.3623625,0.32,0
2/7/20 15:19,384.75,384.708333333333,0,0,4730.9,20.35,0,2.00377875,1.8,0,843.7,0,0,-2147.6,24,0,0,1.55480305555556,-1.39023472222222,300,0,3744.6,22.5046270833333,0.32,0
2/7/20 15:24,384.833333333333,384.791666666667,0,0,4730.9,20.35,0,2.00482770833333,1.8,0,843.7,0,0,-2147.6,24,0,0,1.55754319444444,-1.39,300,0,3744.6,22.55230625,0.32,0
2/7/20 15:29,384.916666666667,384.875,0,0,4730.9,20.35,0,2.00354694444444,1.8,0,843.7,0,0,-2147.6,24,0,0,1.56018027777778,-1.38693194444444,300,0,3744.6,22.6630666666667,0.32,0
2/7/20 15:34,385,384.958333333333,0,0,4730.9,20.35,0,2.0035,1.8,0,843.7,0,0,-2148.02952777778,23.9677854166667,0,0,1.56290611111111,-1.38330277777778,300,0,3744.6,22.7355958333333,0.32,0
2/7/20 15:39,385.083333333333,385.041666666667,0,0,4730.9,20.35,0,2.00442041666667,1.8,0,843.7,0,0,-2148.96713888889,23.8974645833333,0,0,1.56361361111111,-1.38976527777778,300,0,3744.6,22.6095770833333,0.32,0
2/7/20 15:44,385.166666666667,385.125,0,0,4730.9,20.35,0,2.00550916666667,1.8,0,843.7,0,0,-2149,23.895,0,0,1.56556666666667,-1.39,300,0,3744.6,22.605,0.32,0
2/7/20 15:49,385.25,385.208333333333,0,0,4730.9,20.35,0,2.004030625,1.8,0,843.7,0,0,-2149,23.895,0,0,1.56633944444444,-1.39,300,0,3744.6,22.5727854166667,0.32,0
2/7/20 15:54,385.333333333333,385.291666666667,0,0,4730.9,20.35,0,2.00465798611111,1.8,0,843.7,0,0,-2149,23.895,0,0,1.56381972222222,-1.39306805555556,300,0,3744.6,22.4426375,0.32,0
2/7/20 15:59,385.416666666667,385.375,0,0,4730.9,20.35,0,2.00387006944444,1.8,0,843.7,0,0,-2149,23.895,0,0,1.56109388888889,-1.39976527777778,300,0,3744.6,22.3095770833333,0.32,0
2/7/20 16:04,385.5,385.458333333333,0,0,4730.9,20.35,0,2.00381854166667,1.8,0,843.7,0,0,-2149,23.895,0,0,1.55823875,-1.40306805555556,300,0,3744.6,22.18074375,0.32,0
2/7/20 16:09,385.583333333333,385.541666666667,0,0,4730.9,20.35,0,2.00416972222222,1.8,0,843.7,0,0,-2149.21476388889,23.8673875,0,0,1.55067722222222,-1.40976527777778,300,0,3744.6,21.8772916666667,0.32,0
2/7/20 16:14,385.666666666667,385.625,0,0,4730.9,20.35,0,2.00398368055556,1.8,0,843.7,0,0,-2149.68356944444,23.8071125,0,0,1.54589013888889,-1.41,300,0,3744.6,21.7974645833333,0.32,0
2/7/20 16:19,385.75,385.708333333333,0,0,4730.9,20.35,0,2.00496479166667,1.8,0,843.7,0,0,-2149.7,23.805,0,0,1.54248027777778,-1.41,300,0,3744.6,21.8594291666667,0.32,0
2/7/20 16:24,385.833333333333,385.791666666667,0,0,4730.9,20.35,0,2.00438638888889,1.8,0,843.7,0,0,-2149.7,23.805,0,0,1.54012652777778,-1.40693194444444,300,0,3744.6,22.0276833333333,0.32,0
2/7/20 16:29,385.916666666667,385.875,0,0,4730.9,20.35,0,2.00381395833333,1.8,0,843.7,0,0,-2149.48523611111,23.8326125,0,0,1.53653638888889,-1.40023472222222,300,0,3744.6,22.1251020833333,0.32,0
2/7/20 16:34,386,385.958333333333,0,0,4730.9,20.35,0,2.00482770833333,1.8,0,843.7,0,0,-2149.01643055556,23.8928875,0,0,1.53158333333333,-1.4,300,0,3744.6,22.22975,0.318036444444444,0
2/7/20 16:39,386.083333333333,386.041666666667,0,0,4730.9,20.35,0,2.00354694444444,1.8,0,843.7,0,0,-2148.78523611111,23.895,0,0,1.52627652777778,-1.39693194444444,300,0,3744.6,22.3301479166667,0.313750222222222,0
2/7/20 16:44,386.166666666667,386.125,0,0,4730.9,20.35,0,2.0035,1.8,0,843.7,0,0,-2148.31643055556,23.895,0,0,1.52060680555556,-1.39023472222222,300,0,3744.6,22.4251020833333,0.3136,0
2/7/20 16:49,386.25,386.208333333333,0,0,4730.9,20.35,0,2.00303979166667,1.8,0,843.7,0,0,-2148.08523611111,23.895,0,0,1.51496972222222,-1.39,300,0,3744.6,22.4975354166667,0.3136,0
2/7/20 16:54,386.333333333333,386.291666666667,0,0,4730.9,20.35,0,2.002955625,1.8,0,843.7,0,0,-2147.83119444444,23.895,0,0,1.50924388888889,-1.39,300,0,3744.6,22.5,0.3136,0
2/7/20 16:59,386.416666666667,386.375,0,0,4730.9,20.35,0,2.00477618055556,1.8,0,843.7,0,0,-2148.28356944444,23.895,0,0,1.50584319444444,-1.39,300,0,3744.6,22.5,0.3136,0
2/7/20 17:04,386.5,386.458333333333,0,0,4730.9,20.35,0,2.003898125,1.8,0,843.7,0,0,-2148.3,23.895,0,0,1.50248027777778,-1.39,300,0,3744.6,22.5,0.3136,0
2/7/20 17:09,386.583333333333,386.541666666667,0,0,4730.9,20.35,0,2.00331395833333,1.8,0,843.7,0,0,-2148.51476388889,23.895,0,0,1.50012652777778,-1.39,300,0,3744.6,22.5,0.3136,0
2/7/20 17:14,386.666666666667,386.625,0,0,4730.9,20.35,0,2.00509472222222,1.8,0,843.7,0,0,-2148.98356944444,23.895,0,0,1.49745680555556,-1.39,300,0,3744.6,22.4677854166667,0.3136,0
2/7/20 17:19,386.75,386.708333333333,0,0,4730.9,20.35,0,2.00518145833333,1.8,0,843.7,0,0,-2149,23.895,0,0,1.49512652777778,-1.39306805555556,300,0,3744.6,22.35144375,0.3136,0
2/7/20 17:24,386.833333333333,386.791666666667,0,0,4730.9,20.35,0,2.00452347222222,1.8,0,843.7,0,0,-2149.21476388889,23.895,0,0,1.49215,-1.39976527777778,300,0,3744.6,22.2025,0.3136,0
2/7/20 17:29,386.916666666667,386.875,0,0,4730.9,20.35,0,2.00465340277778,1.8,0,843.7,0,0,-2149.68356944444,23.895,0,0,1.49007041666667,-1.40306805555556,300,0,3744.6,22.0709083333333,0.3136,0
2/7/20 17:34,387,386.958333333333,0,0,4730.9,20.35,0,2.00437465277778,1.8,0,843.7,0,0,-2149.48523611111,23.895,0,0,1.49061361111111,-1.40976527777778,300,0,3744.6,21.9748979166667,0.3136,0
2/7/20 17:39,387.083333333333,387.041666666667,0,0,4730.9,20.35,0,2.00350715277778,1.8,0,843.7,0,0,-2148.58690277778,23.895,0,0,1.49532791666667,-1.40386388888889,300,0,3744.6,22.0543333333333,0.3136,0
2/7/20 17:44,387.166666666667,387.125,0,0,4730.9,20.35,0,2.004925,1.8,0,843.7,0,0,-2147.63286111111,23.895,0,0,1.50611666666667,-1.38740138888889,300,0,3744.6,22.5076375,0.3136,0
2/7/20 17:49,387.25,387.208333333333,0,0,4730.9,20.35,0,2.005044375,1.8,0,843.7,0,0,-2147.38523611111,23.895,0,0,1.51650305555556,-1.37716666666667,300,0,3744.6,22.8825354166667,0.3136,0
2/7/20 17:54,387.333333333333,387.291666666667,0,0,4730.9,20.35,0,2.00383488233666,1.8,0,843.7,0,0,-2147.13048094315,23.895,0,0,1.52278875,-1.37329258490218,300,0,3744.6,23.0333300110742,0.3136,0
2/7/20 17:59,387.416666666667,387.375,0,0,4730.9,20.35,0,2.00498340099668,1.8,0,843.7,0,0,-2147.58311627907,23.867622,0,0,1.524521,-1.37671680398671,300,0,3744.6,22.9370813222591,0.3136,0
2/7/20 18:04,387.5,387.458333333333,0,0,4730.9,20.35,0,2.0037321,1.8,0,843.7,0,0,-2147.6,23.807178,0,0,1.5272706,-1.373284,300,0,3744.6,22.965444,0.3136,0
2/7/20 18:09,387.583333333333,387.541666666667,0,0,4730.9,20.35,0,2.0034805,1.8,0,843.7,0,0,-2147.6,23.805,0,0,1.526961,-1.379758,300,0,3744.6,22.861548,0.3136,0
2/7/20 18:14,387.666666666667,387.625,0,0,4730.9,20.35,0,2.0032469,1.8,0,843.7,0,0,-2147.6,23.805,0,0,1.52984,-1.38,300,0,3744.6,22.772319,0.3136,0
2/7/20 18:19,387.75,387.708333333333,0,0,4730.9,20.35,0,2.0018136,1.8,0,843.7,0,0,-2147.6,23.805,0,0,1.5334484,-1.38,300,0,3744.6,22.830852,0.3136,0
2/7/20 18:24,387.833333333333,387.791666666667,0,0,4730.9,20.35,0,2.0039469,1.8,0,843.7,0,0,-2147.6,23.773059,0,0,1.5380958,-1.38,300,0,3744.6,22.902459,0.3136,0
2/7/20 18:29,387.916666666667,387.875,0,0,4730.9,20.35,0,2.0028842,1.8,0,843.7,0,0,-2147.6,23.702541,0,0,1.540599,-1.38,300,0,3744.6,22.873059,0.3136,0
2/7/20 18:34,388,387.958333333333,0,0,4730.9,20.35,0,2.0028163,1.8,0,843.7,0,0,-2147.81294,23.7,0,0,1.5369822,-1.386084,300,0,3744.6,22.656525,0.3136,0
2/7/20 18:39,388.083333333333,388.041666666667,0,0,4730.9,20.35,0,2.00378,1.8,0,843.7,0,0,-2148.28306,23.7,0,0,1.5284168,-1.399516,300,0,3744.6,22.263171,0.3136,0
2/7/20 18:44,388.166666666667,388.125,0,0,4730.9,20.35,0,2.0043237,1.8,0,843.7,0,0,-2148.3,23.7,0,0,1.5229284,-1.403042,300,0,3744.6,22.073067,0.3136,0
2/7/20 18:49,388.25,388.208333333333,0,0,4730.9,20.35,0,2.0037079,1.8,0,843.7,0,0,-2148.3,23.7,0,0,1.5213136,-1.403674,300,0,3744.6,22.125816,0.31165312,0
2/7/20 18:54,388.333333333333,388.291666666667,0,0,4730.9,20.35,0,2.0033284,1.8,0,843.7,0,0,-2148.08706,23.7,0,0,1.5239032,-1.387442,300,0,3744.6,22.476822,0.30735488,0
2/7/20 18:59,388.416666666667,388.375,0,0,4730.9,20.35,0,2.0038237,1.8,0,843.7,0,0,-2148.04282,23.7,0,0,1.5218706,-1.383284,300,0,3744.6,22.59648,0.3072,0
2/7/20 19:04,388.5,388.458333333333,0,0,4730.9,20.35,0,2.0038163,1.8,0,843.7,0,0,-2148.96612,23.7,0,0,1.5156484,-1.389758,300,0,3744.6,22.40226,0.3072,0
2/7/20 19:09,388.583333333333,388.541666666667,0,0,4730.9,20.35,0,2.0044758,1.8,0,843.7,0,0,-2149,23.7,0,0,1.5109042,-1.39,300,0,3744.6,22.395,0.3072,0
2/7/20 19:14,388.666666666667,388.625,0,0,4730.9,20.35,0,2.0040437,1.8,0,843.7,0,0,-2149,23.7,0,0,1.5077926,-1.39,300,0,3744.6,22.458882,0.3072,0
2/7/20 19:19,388.75,388.708333333333,0,0,4730.9,20.35,0,2.0039489,1.8,0,843.7,0,0,-2149,23.7,0,0,1.505199,-1.39,300,0,3744.6,22.567977,0.3072,0
2/7/20 19:24,388.833333333333,388.791666666667,0,0,4730.9,20.35,0,2.0051669,1.8,0,843.7,0,0,-2149,23.7,0,0,1.5002326,-1.39,300,0,3744.6,22.502541,0.3072,0
2/7/20 19:29,388.916666666667,388.875,0,0,4730.9,20.35,0,2.0038647,1.8,0,843.7,0,0,-2149,23.7,0,0,1.498681,-1.39,300,0,3744.6,22.531941,0.3072,0
2/7/20 19:34,389,388.958333333333,0,0,4730.9,20.35,0,2.0049321,1.8,0,843.7,0,0,-2149,23.7,0,0,1.4999516,-1.386958,300,0,3744.6,22.629837,0.3072,0
2/7/20 19:39,389.083333333333,389.041666666667,0,0,4730.9,20.35,0,2.0056595,1.8,0,843.7,0,0,-2149,23.7,0,0,1.4993916,-1.383284,300,0,3744.6,22.665444,0.3072,0
2/7/20 19:44,389.166666666667,389.125,0,0,4730.9,20.35,0,2.0050242,1.8,0,843.7,0,0,-2149,23.7,0,0,1.498961,-1.389758,300,0,3744.6,22.607178,0.3072,0
2/7/20 19:49,389.25,389.208333333333,0,0,4730.9,20.35,0,2.0048479,1.8,0,843.7,0,0,-2149.21294,23.7,0,0,1.5021442,-1.39,300,0,3744.6,22.573059,0.3072,0
2/7/20 19:54,389.333333333333,389.291666666667,0,0,4730.9,20.35,0,2.0048163,1.8,0,843.7,0,0,-2149.68306,23.7,0,0,1.5052074,-1.393042,300,0,3744.6,22.443222,0.3072,0
2/7/20 19:59,389.416666666667,389.375,0,0,4730.9,20.35,0,2.0050195,1.8,0,843.7,0,0,-2149.7,23.7,0,0,1.507801,-1.399758,300,0,3744.6,22.309719,0.3072,0
2/7/20 20:04,389.5,389.458333333333,0,0,4730.9,20.35,0,2.0040363,1.8,0,843.7,0,0,-2149.7,23.7,0,0,1.512159,-1.4,300,0,3744.6,22.241118,0.3072,0
2/7/20 20:09,389.583333333333,389.541666666667,0,0,4730.9,20.35,0,2.0029353,1.8,0,843.7,0,0,-2149.7,23.668059,0,0,1.514801,-1.4,300,0,3744.6,22.132023,0.3072,0
2/7/20 20:14,389.666666666667,389.625,0,0,4730.9,20.35,0,2.0013452,1.8,0,843.7,0,0,-2149.7,23.597541,0,0,1.519159,-1.4,300,0,3744.6,22.165518,0.3072,0
2/7/20 20:19,389.75,389.708333333333,0,0,4730.9,20.35,0,2.0033958,1.8,0,843.7,0,0,-2149.7,23.595,0,0,1.521801,-1.4,300,0,3744.6,22.097541,0.3072,0
2/7/20 20:24,389.833333333333,389.791666666667,0,0,4730.9,20.35,0,2.0044637,1.8,0,843.7,0,0,-2149.7,23.595,0,0,1.5279842,-1.4,300,0,3744.6,22.095,0.3072,0
2/7/20 20:29,389.916666666667,389.875,0,0,4730.9,20.35,0,2.0041958,1.8,0,843.7,0,0,-2149.7,23.567622,0,0,1.5331348,-1.403042,300,0,3744.6,22.067622,0.3072,0
2/7/20 20:34,390,389.958333333333,0,0,4730.9,20.35,0,2.0035242,1.8,0,843.7,0,0,-2149.7,23.507178,0,0,1.5351926,-1.409758,300,0,3744.6,21.975237,0.3072,0
2/7/20 20:39,390.083333333333,390.041666666667,0,0,4730.9,20.35,0,2.0031958,1.8,0,843.7,0,0,-2149.7,23.505,0,0,1.5400326,-1.41,300,0,3744.6,21.902541,0.3072,0
2/7/20 20:44,390.166666666667,390.125,0,0,4730.9,20.35,0,2.0026763,1.8,0,843.7,0,0,-2149.7,23.505,0,0,1.5463516,-1.41,300,0,3744.6,21.9,0.3072,0
2/7/20 20:49,390.25,390.208333333333,0,0,4730.9,20.35,0,2.00314,1.8,0,843.7,0,0,-2149.7,23.473059,0,0,1.549879,-1.41,300,0,3744.6,21.9,0.30525312,0
2/7/20 20:54,390.333333333333,390.291666666667,0,0,4730.9,20.35,0,2.0031837,1.8,0,843.7,0,0,-2149.7,23.402541,0,0,1.5490874,-1.41,300,0,3744.6,21.868059,0.30095488,0
2/7/20 20:59,390.416666666667,390.375,0,0,4730.9,20.35,0,2.0028284,1.8,0,843.7,0,0,-2149.7,23.4,0,0,1.5470726,-1.41,300,0,3744.6,21.829482,0.3008,0
2/7/20 21:04,390.5,390.458333333333,0,0,4730.9,20.35,0,2.0034758,1.8,0,843.7,0,0,-2149.7,23.4,0,0,1.5451748,-1.41,300,0,3744.6,21.897459,0.3008,0
2/7/20 21:09,390.583333333333,390.541666666667,0,0,4730.9,20.35,0,2.0036521,1.8,0,843.7,0,0,-2149.7,23.4,0,0,1.540841,-1.406958,300,0,3744.6,21.959319,0.3008,0
2/7/20 21:14,390.666666666667,390.625,0,0,4730.9,20.35,0,2.0038358,1.8,0,843.7,0,0,-2149.48706,23.4,0,0,1.5394158,-1.400242,300,0,3744.6,22.154163,0.3008,0
2/7/20 21:19,390.75,390.708333333333,0,0,4730.9,20.35,0,2.0035121,1.8,0,843.7,0,0,-2149.01694,23.4,0,0,1.534398,-1.403042,300,0,3744.6,22.208658,0.3008,0
2/7/20 21:24,390.833333333333,390.791666666667,0,0,4730.9,20.35,0,2.0028916,1.8,0,843.7,0,0,-2149,23.4,0,0,1.5250736,-1.406716,300,0,3744.6,22.039638,0.3008,0
2/7/20 21:29,390.916666666667,390.875,0,0,4730.9,20.35,0,2.0021568,1.8,0,843.7,0,0,-2149,23.4,0,0,1.5205758,-1.400242,300,0,3744.6,22.092822,0.3008,0
2/7/20 21:34,391,390.958333333333,0,0,4730.9,20.35,0,2.0032995,1.8,0,843.7,0,0,-2149.21294,23.4,0,0,1.5159042,-1.4,300,0,3744.6,22.095,0.3008,0
2/7/20 21:39,391.083333333333,391.041666666667,0,0,4730.9,20.35,0,2.0034684,1.8,0,843.7,0,0,-2149.47012,23.4,0,0,1.5109674,-1.403042,300,0,3744.6,22.067622,0.3008,0
2/7/20 21:44,391.166666666667,391.125,0,0,4730.9,20.35,0,2.0047679,1.8,0,843.7,0,0,-2149.22988,23.4,0,0,1.5061694,-1.406716,300,0,3744.6,22.034556,0.3008,0
2/7/20 21:49,391.25,391.208333333333,0,0,4730.9,20.35,0,2.0053237,1.8,0,843.7,0,0,-2149.47012,23.4,0,0,1.5038706,-1.403284,300,0,3744.6,22.065444,0.3008,0
2/7/20 21:54,391.333333333333,391.291666666667,0,0,4730.9,20.35,0,2.00486,1.8,0,843.7,0,0,-2148.804,23.4,0,0,1.4982568,-1.409758,300,0,3744.6,22.007178,0.3008,0
2/7/20 21:59,391.416666666667,391.375,0,0,4730.9,20.35,0,2.0045121,1.8,0,843.7,0,0,-2148.31694,23.431941,0,0,1.4942474,-1.406958,300,0,3744.6,22.032378,0.3008,0
2/7/20 22:04,391.5,391.458333333333,0,0,4730.9,20.35,0,2.0045,1.8,0,843.7,0,0,-2148.3,23.502459,0,0,1.4892326,-1.400242,300,0,3744.6,22.092822,0.3008,0
2/7/20 22:09,391.583333333333,391.541666666667,0,0,4730.9,20.35,0,2.0045,1.8,0,843.7,0,0,-2148.72588,23.505,0,0,1.4870726,-1.4,300,0,3744.6,22.126941,0.3008,0
2/7/20 22:14,391.666666666667,391.625,0,0,4730.9,20.35,0,2.0041958,1.8,0,843.7,0,0,-2149.45318,23.505,0,0,1.4857832,-1.4,300,0,3744.6,22.197459,0.3008,0
2/7/20 22:19,391.75,391.708333333333,0,0,4730.9,20.35,0,2.0033721,1.8,0,843.7,0,0,-2148.804,23.505,0,0,1.4809674,-1.4,300,0,3744.6,22.168059,0.3008,0
2/7/20 22:24,391.833333333333,391.791666666667,0,0,4730.9,20.35,0,2.0031642,1.8,0,843.7,0,0,-2148.31694,23.505,0,0,1.4752568,-1.4,300,0,3744.6,22.129482,0.3008,0
2/7/20 22:29,391.916666666667,391.875,0,0,4730.9,20.35,0,2.0042484,1.8,0,843.7,0,0,-2148.51294,23.505,0,0,1.4718558,-1.4,300,0,3744.6,22.197459,0.3008,0
2/7/20 22:34,392,391.958333333333,0,0,4730.9,20.35,0,2.0054832,1.8,0,843.7,0,0,-2148.77012,23.505,0,0,1.4681842,-1.4,300,0,3744.6,22.2,0.3008,0
2/7/20 22:39,392.083333333333,392.041666666667,0,0,4730.9,20.35,0,2.00408,1.8,0,843.7,0,0,-2148.31694,23.532378,0,0,1.4654642,-1.4,300,0,3744.6,22.231941,0.3008,0
2/7/20 22:44,392.166666666667,392.125,0,0,4730.9,20.35,0,2.0034926,1.8,0,843.7,0,0,-2148.51294,23.592822,0,0,1.46344,-1.4,300,0,3744.6,22.302459,0.3008,0
2/7/20 22:49,392.25,392.208333333333,0,0,4730.9,20.35,0,2.0040074,1.8,0,843.7,0,0,-2149.196,23.595,0,0,1.4611358,-1.4,300,0,3744.6,22.273059,0.3008,0
2/7/20 22:54,392.333333333333,392.291666666667,0,0,4730.9,20.35,0,2.0028842,1.8,0,843.7,0,0,-2149.47012,23.595,0,0,1.459681,-1.396958,300,0,3744.6,22.26186,0.3008,0
2/7/20 22:59,392.416666666667,392.375,0,0,4730.9,20.35,0,2.0026642,1.8,0,843.7,0,0,-2149.22988,23.595,0,0,1.4603432,-1.393284,300,0,3744.6,22.362903,0.3008,0
2/7/20 23:04,392.5,392.458333333333,0,0,4730.9,20.35,0,2.0037484,1.8,0,843.7,0,0,-2149.47012,23.595,0,0,1.4578316,-1.399758,300,0,3744.6,22.275237,0.3008,0
2/7/20 23:09,392.583333333333,392.541666666667,0,0,4730.9,20.35,0,2.0049832,1.8,0,843.7,0,0,-2149.01694,23.595,0,0,1.4541842,-1.4,300,0,3744.6,22.1706,0.3008,0
2/7/20 23:14,392.666666666667,392.625,0,0,4730.9,20.35,0,2.0041884,1.8,0,843.7,0,0,-2149,23.595,0,0,1.4529852,-1.396958,300,0,3744.6,22.188801,0.3008,0
2/7/20 23:19,392.75,392.708333333333,0,0,4730.9,20.35,0,2.0043358,1.8,0,843.7,0,0,-2149.21294,23.595,0,0,1.4549274,-1.390242,300,0,3744.6,22.38774,0.3008,0
2/7/20 23:24,392.833333333333,392.791666666667,0,0,4730.9,20.35,0,2.0041642,1.8,0,843.7,0,0,-2149.68306,23.595,0,0,1.4556084,-1.39,300,0,3744.6,22.426941,0.3008,0
2/7/20 23:29,392.916666666667,392.875,0,0,4730.9,20.35,0,2.0047921,1.8,0,843.7,0,0,-2149.7,23.595,0,0,1.4569516,-1.39,300,0,3744.6,22.497459,0.3008,0
2/7/20 23:34,393,392.958333333333,0,0,4730.9,20.35,0,2.0056279,1.8,0,843.7,0,0,-2149.7,23.595,0,0,1.455479,-1.393042,300,0,3744.6,22.440681,0.29885312,0
2/7/20 23:39,393.083333333333,393.041666666667,0,0,4730.9,20.35,0,2.0053795,1.8,0,843.7,0,0,-2149.7,23.595,0,0,1.4530336,-1.396716,300,0,3744.6,22.337097,0.29455488,0
2/7/20 23:44,393.166666666667,393.125,0,0,4730.9,20.35,0,2.0043526,1.8,0,843.7,0,0,-2149.7,23.595,0,0,1.4549274,-1.390242,300,0,3744.6,22.392822,0.2944,0
2/7/20 23:49,393.25,393.208333333333,0,0,4730.9,20.35,0,2.0045195,1.8,0,843.7,0,0,-2149.7,23.595,0,0,1.455,-1.393042,300,0,3744.6,22.367622,0.2944,0
2/7/20 23:54,393.333333333333,393.291666666667,0,0,4730.9,20.35,0,2.0029279,1.8,0,843.7,0,0,-2149.7,23.595,0,0,1.4556084,-1.399758,300,0,3744.6,22.307178,0.2944,0
2/7/20 23:59,393.416666666667,393.375,0,0,4730.9,20.35,0,2.0018526,1.8,0,843.7,0,0,-2149.7,23.595,0,0,1.4569516,-1.4,300,0,3744.6,22.305,0.2944,0
2/8/20 0:04,393.5,393.458333333333,0,0,4730.9,20.35,0,2.0024758,1.8,0,843.7,0,0,-2149.91294,23.595,0,0,1.457,-1.4,300,0,3744.6,22.273059,0.2944,0
2/8/20 0:09,393.583333333333,393.541666666667,0,0,4730.9,20.35,0,2.0028042,1.8,0,843.7,0,0,-2150.17012,23.595,0,0,1.4563916,-1.4,300,0,3744.6,22.1706,0.2944,0
2/8/20 0:14,393.666666666667,393.625,0,0,4730.9,20.35,0,2.0030195,1.8,0,843.7,0,0,-2149.71694,23.595,0,0,1.4556568,-1.4,300,0,3744.6,22.129482,0.2944,0
2/8/20 0:19,393.75,393.708333333333,0,0,4730.9,20.35,0,2.0021884,1.8,0,843.7,0,0,-2149.7,23.595,0,0,1.45756,-1.4,300,0,3744.6,22.197459,0.2944,0
2/8/20 0:24,393.833333333333,393.791666666667,0,0,4730.9,20.35,0,2.00264,1.8,0,843.7,0,0,-2149.7,23.595,0,0,1.4589516,-1.4,300,0,3744.6,22.231941,0.2944,0
2/8/20 0:29,393.916666666667,393.875,0,0,4730.9,20.35,0,2.0034442,1.8,0,843.7,0,0,-2149.7,23.595,0,0,1.459,-1.396958,300,0,3744.6,22.329837,0.2944,0
2/8/20 0:34,394,393.958333333333,0,0,4730.9,20.35,0,2.0044637,1.8,0,843.7,0,0,-2149.7,23.595,0,0,1.459,-1.390242,300,0,3744.6,22.392822,0.2944,0
2/8/20 0:39,394.083333333333,394.041666666667,0,0,4730.9,20.35,0,2.0035874,1.8,0,843.7,0,0,-2149.27412,23.595,0,0,1.459,-1.39,300,0,3744.6,22.458882,0.2944,0
2/8/20 0:44,394.166666666667,394.125,0,0,4730.9,20.35,0,2.002181,1.8,0,843.7,0,0,-2148.54682,23.595,0,0,1.4580874,-1.39,300,0,3744.6,22.599918,0.2944,0
2/8/20 0:49,394.25,394.208333333333,0,0,4730.9,20.35,0,2.0034516,1.8,0,843.7,0,0,-2148.98306,23.595,0,0,1.4554642,-1.39,300,0,3744.6,22.605,0.2944,0
2/8/20 0:54,394.333333333333,394.291666666667,0,0,4730.9,20.35,0,2.0035,1.8,0,843.7,0,0,-2149,23.595,0,0,1.4540484,-1.39,300,0,3744.6,22.605,0.2944,0
2/8/20 0:59,394.416666666667,394.375,0,0,4730.9,20.35,0,2.0041084,1.8,0,843.7,0,0,-2148.78706,23.595,0,0,1.4546084,-1.386958,300,0,3744.6,22.664319,0.2944,0
2/8/20 1:04,394.5,394.458333333333,0,0,4730.9,20.35,0,2.0049953,1.8,0,843.7,0,0,-2148.52988,23.595,0,0,1.455039,-1.380242,300,0,3744.6,22.76334,0.2944,0
2/8/20 1:09,394.583333333333,394.541666666667,0,0,4730.9,20.35,0,2.0041884,1.8,0,843.7,0,0,-2148.98306,23.595,0,0,1.4524642,-1.38,300,0,3744.6,22.697541,0.2944,0
2/8/20 1:14,394.666666666667,394.625,0,0,4730.9,20.35,0,2.0047921,1.8,0,843.7,0,0,-2148.78706,23.595,0,0,1.4507442,-1.38,300,0,3744.6,22.726941,0.2944,0
2/8/20 1:19,394.75,394.708333333333,0,0,4730.9,20.35,0,2.0048674,1.8,0,843.7,0,0,-2148.52988,23.595,0,0,1.4500242,-1.38,300,0,3744.6,22.8294,0.2944,0
2/8/20 1:24,394.833333333333,394.791666666667,0,0,4730.9,20.35,0,2.0047652,1.8,0,843.7,0,0,-2148.98306,23.595,0,0,1.4478706,-1.383042,300,0,3744.6,22.811199,0.2944,0
2/8/20 1:29,394.916666666667,394.875,0,0,4730.9,20.35,0,2.0069469,1.8,0,843.7,0,0,-2149,23.595,0,0,1.4428652,-1.389758,300,0,3744.6,22.61226,0.2944,0
2/8/20 1:34,395,394.958333333333,0,0,4730.9,20.35,0,2.0052758,1.8,0,843.7,0,0,-2149,23.595,0,0,1.4423284,-1.386958,300,0,3744.6,22.632378,0.2944,0
2/8/20 1:39,395.083333333333,395.041666666667,0,0,4730.9,20.35,0,2.0035605,1.8,0,843.7,0,0,-2149,23.595,0,0,1.4435842,-1.380242,300,0,3744.6,22.724763,0.2944,0
2/8/20 1:44,395.166666666667,395.125,0,0,4730.9,20.35,0,2.0038042,1.8,0,843.7,0,0,-2149,23.595,0,0,1.444039,-1.38,300,0,3744.6,22.765518,0.29245312,0
2/8/20 1:49,395.25,395.208333333333,0,0,4730.9,20.35,0,2.0040195,1.8,0,843.7,0,0,-2149,23.595,0,0,1.4414642,-1.38,300,0,3744.6,22.697541,0.28815488,0
2/8/20 1:54,395.333333333333,395.291666666667,0,0,4730.9,20.35,0,2.0030363,1.8,0,843.7,0,0,-2149.21294,23.595,0,0,1.43944,-1.383042,300,0,3744.6,22.667622,0.288,0
2/8/20 1:59,395.416666666667,395.375,0,0,4730.9,20.35,0,2.0037605,1.8,0,843.7,0,0,-2149.68306,23.595,0,0,1.4392652,-1.386716,300,0,3744.6,22.634556,0.288,0
2/8/20 2:04,395.5,395.458333333333,0,0,4730.9,20.35,0,2.0048311,1.8,0,843.7,0,0,-2149.7,23.595,0,0,1.4412948,-1.383284,300,0,3744.6,22.633503,0.288,0
2/8/20 2:09,395.583333333333,395.541666666667,0,0,4730.9,20.35,0,2.0038526,1.8,0,843.7,0,0,-2149.7,23.595,0,0,1.4400484,-1.389758,300,0,3744.6,22.504719,0.288,0
2/8/20 2:14,395.666666666667,395.625,0,0,4730.9,20.35,0,2.0043237,1.8,0,843.7,0,0,-2149.7,23.595,0,0,1.44,-1.39,300,0,3744.6,22.468059,0.288,0
2/8/20 2:19,395.75,395.708333333333,0,0,4730.9,20.35,0,2.0047726,1.8,0,843.7,0,0,-2149.7,23.595,0,0,1.4396958,-1.393042,300,0,3744.6,22.370163,0.288,0
2/8/20 2:24,395.833333333333,395.791666666667,0,0,4730.9,20.35,0,2.0053748,1.8,0,843.7,0,0,-2149.7,23.595,0,0,1.4396326,-1.399758,300,0,3744.6,22.307178,0.288,0
2/8/20 2:29,395.916666666667,395.875,0,0,4730.9,20.35,0,2.0038452,1.8,0,843.7,0,0,-2149.7,23.595,0,0,1.4403432,-1.4,300,0,3744.6,22.241118,0.288,0
2/8/20 2:34,396,395.958333333333,0,0,4730.9,20.35,0,2.0057437,1.8,0,843.7,0,0,-2149.7,23.595,0,0,1.4402652,-1.4,300,0,3744.6,22.132023,0.288,0
2/8/20 2:39,396.083333333333,396.041666666667,0,0,4730.9,20.35,0,2.00586942126246,1.8,0,843.7,0,0,-2149.7,23.5677129568106,0,0,1.44229682126246,-1.4,300,0,3744.6,22.1656241162791,0.288,0
2/8/20 2:44,396.166666666667,396.125,0,0,4730.9,20.35,0,2.00424810651532,1.8,0,843.7,0,0,-2149.91112388889,23.5072370431894,0,0,1.44104971207087,-1.40301605555556,300,0,3744.6,22.0704653837209,0.288,0
2/8/20 2:49,396.25,396.208333333333,0,0,4730.9,20.35,0,2.00397734722222,1.8,0,843.7,0,0,-2150.17141888889,23.505,0,0,1.44160321111111,-1.40975061111111,300,0,3744.6,22.0072445,0.288,0
2/8/20 2:54,396.333333333333,396.291666666667,0,0,4730.9,20.35,0,2.00451018333333,1.8,0,843.7,0,0,-2149.71745722222,23.505,0,0,1.44295012222222,-1.41,300,0,3744.6,22.005,0.288,0
2/8/20 2:59,396.416666666667,396.375,0,0,4730.9,20.35,0,2.00368821111111,1.8,0,843.7,0,0,-2149.7,23.505,0,0,1.443,-1.41,300,0,3744.6,21.9733314166667,0.288,0
2/8/20 3:04,396.5,396.458333333333,0,0,4730.9,20.35,0,2.00383672777778,1.8,0,843.7,0,0,-2149.7,23.505,0,0,1.44330160555556,-1.41,300,0,3744.6,21.9342871666667,0.288,0
2/8/20 3:09,396.583333333333,396.541666666667,0,0,4730.9,20.35,0,2.00366327222222,1.8,0,843.7,0,0,-2149.7,23.505,0,0,1.44427666666667,-1.40698394444444,300,0,3744.6,22.0295259166667,0.288,0
2/8/20 3:14,396.666666666667,396.625,0,0,4730.9,20.35,0,2.00383672777778,1.8,0,843.7,0,0,-2149.7,23.505,0,0,1.44497506111111,-1.40024938888889,300,0,3744.6,22.13347225,0.288,0
2/8/20 3:19,396.75,396.708333333333,0,0,4730.9,20.35,0,2.00366327222222,1.8,0,843.7,0,0,-2149.48887611111,23.505,0,0,1.44620642222222,-1.39698394444444,300,0,3744.6,22.30806675,0.288,0
2/8/20 3:24,396.833333333333,396.791666666667,0,0,4730.9,20.35,0,2.00338431944444,1.8,0,843.7,0,0,-2149.01745722222,23.505,0,0,1.44829703333333,-1.39024938888889,300,0,3744.6,22.5249350833333,0.288,0
2/8/20 3:29,396.916666666667,396.875,0,0,4730.9,20.35,0,2.00280389166667,1.8,0,843.7,0,0,-2149,23.505,0,0,1.44644666666667,-1.38698394444444,300,0,3744.6,22.6295259166667,0.288,0
2/8/20 3:34,397,396.958333333333,0,0,4730.9,20.35,0,2.00443765277778,1.8,0,843.7,0,0,-2149,23.505,0,0,1.44504987777778,-1.38024938888889,300,0,3744.6,22.7244240833333,0.288,0
2/8/20 3:39,397.083333333333,397.041666666667,0,0,4730.9,20.35,0,2.00419839444444,1.8,0,843.7,0,0,-2149,23.505,0,0,1.44349197222222,-1.38301605555556,300,0,3744.6,22.7385683333333,0.288,0
2/8/20 3:44,397.166666666667,397.125,0,0,4730.9,20.35,0,2.00337413611111,1.8,0,843.7,0,0,-2149.21112388889,23.505,0,0,1.43831506111111,-1.38975061111111,300,0,3744.6,22.5465259166667,0.288,0
2/8/20 3:49,397.25,397.208333333333,0,0,4730.9,20.35,0,2.00361568055556,1.8,0,843.7,0,0,-2149.47141888889,23.505,0,0,1.43384802777778,-1.39,300,0,3744.6,22.4002371666667,0.286069724444444,0
2/8/20 3:54,397.333333333333,397.291666666667,0,0,4730.9,20.35,0,2.00479931944444,1.8,0,843.7,0,0,-2149.01745722222,23.505,0,0,1.43302493888889,-1.39,300,0,3744.6,22.4266685833333,0.281759608888889,0
2/8/20 3:59,397.416666666667,397.375,0,0,4730.9,20.35,0,2.00466327222222,1.8,0,843.7,0,0,-2149.21112388889,23.505,0,0,1.43058715555556,-1.39301605555556,300,0,3744.6,22.4385683333333,0.2816,0
2/8/20 4:04,397.5,397.458333333333,0,0,4730.9,20.35,0,2.00513833333333,1.8,0,843.7,0,0,-2149.68254277778,23.505,0,0,1.42580272222222,-1.39673455555556,300,0,3744.6,22.3370075833333,0.2816,0
2/8/20 4:09,397.583333333333,397.541666666667,0,0,4730.9,20.35,0,2.00563833333333,1.8,0,843.7,0,0,-2149.48887611111,23.505,0,0,1.42755333333333,-1.38723333333333,300,0,3744.6,22.4832371666667,0.2816,0
2/8/20 4:14,397.666666666667,397.625,0,0,4730.9,20.35,0,2.00523351666667,1.8,0,843.7,0,0,-2149.01745722222,23.505,0,0,1.42563246111111,-1.3862815,300,0,3744.6,22.5382235833333,0.2816,0
2/8/20 4:19,397.75,397.708333333333,0,0,4730.9,20.35,0,2.00386395277778,1.8,0,843.7,0,0,-2149,23.5321445,0,0,1.41827432777778,-1.39950122222222,300,0,3744.6,22.2440133333333,0.2816,0
2/8/20 4:24,397.833333333333,397.791666666667,0,0,4730.9,20.35,0,2.00447506111111,1.8,0,843.7,0,0,-2149.21112388889,23.5927555,0,0,1.41709518333333,-1.4,300,0,3744.6,22.2707128333333,0.2816,0
2/8/20 4:29,397.916666666667,397.875,0,0,4730.9,20.35,0,2.0045,1.8,0,843.7,0,0,-2149.47141888889,23.595,0,0,1.41447160555556,-1.4,300,0,3744.6,22.2026185833333,0.2816,0
2/8/20 4:34,398,397.958333333333,0,0,4730.9,20.35,0,2.00419839444444,1.8,0,843.7,0,0,-2149.01745722222,23.595,0,0,1.41365308888889,-1.39698394444444,300,0,3744.6,22.2588130833333,0.2816,0
2/8/20 4:39,398.083333333333,398.041666666667,0,0,4730.9,20.35,0,2.00322333333333,1.8,0,843.7,0,0,-2149.21112388889,23.595,0,0,1.41495012222222,-1.39024938888889,300,0,3744.6,22.4218055,0.2816,0
2/8/20 4:44,398.166666666667,398.125,0,0,4730.9,20.35,0,2.00282654444444,1.8,0,843.7,0,0,-2149.68254277778,23.595,0,0,1.41560321111111,-1.39,300,0,3744.6,22.52905,0.2816,0
2/8/20 4:49,398.25,398.208333333333,0,0,4730.9,20.35,0,2.00317345555556,1.8,0,843.7,0,0,-2149.7,23.595,0,0,1.41695012222222,-1.39,300,0,3744.6,22.6023814166667,0.2816,0
2/8/20 4:54,398.333333333333,398.291666666667,0,0,4730.9,20.35,0,2.00282654444444,1.8,0,843.7,0,0,-2149.7,23.595,0,0,1.41519036666667,-1.39,300,0,3744.6,22.5416628333333,0.2816,0
2/8/20 4:59,398.416666666667,398.375,0,0,4730.9,20.35,0,2.00362586388889,1.8,0,843.7,0,0,-2149.7,23.595,0,0,1.41024481666667,-1.39301605555556,300,0,3744.6,22.3730926666667,0.2816,0
2/8/20 5:04,398.5,398.458333333333,0,0,4730.9,20.35,0,2.00428913611111,1.8,0,843.7,0,0,-2149.7,23.595,0,0,1.40807481666667,-1.39673455555556,300,0,3744.6,22.334389,0.2816,0
2/8/20 5:09,398.583333333333,398.541666666667,0,0,4730.9,20.35,0,2.00467345555556,1.8,0,843.7,0,0,-2149.91112388889,23.595,0,0,1.40558715555556,-1.39326544444444,300,0,3744.6,22.3022738333333,0.2816,0
2/8/20 5:14,398.666666666667,398.625,0,0,4730.9,20.35,0,2.00417574166667,1.8,0,843.7,0,0,-2150.38254277778,23.595,0,0,1.40080272222222,-1.39975061111111,300,0,3744.6,22.1251020833333,0.2816,0
2/8/20 5:19,398.75,398.708333333333,0,0,4730.9,20.35,0,2.00448753055556,1.8,0,843.7,0,0,-2150.18887611111,23.595,0,0,1.40255333333333,-1.39698394444444,300,0,3744.6,22.2359908333333,0.2816,0
2/8/20 5:24,398.833333333333,398.791666666667,0,0,4730.9,20.35,0,2.00419839444444,1.8,0,843.7,0,0,-2149.71745722222,23.595,0,0,1.40214048888889,-1.39326544444444,300,0,3744.6,22.3305756666667,0.2816,0
2/8/20 5:29,398.916666666667,398.875,0,0,4730.9,20.35,0,2.00352493888889,1.8,0,843.7,0,0,-2149.7,23.595,0,0,1.39965766111111,-1.39673455555556,300,0,3744.6,22.2636761666667,0.2816,0
2/8/20 5:34,399,398.958333333333,0,0,4730.9,20.35,0,2.0035,1.8,0,843.7,0,0,-2149.91112388889,23.595,0,0,1.40166888333333,-1.39326544444444,300,0,3744.6,22.3629924166667,0.2816,0
2/8/20 5:39,399.083333333333,399.041666666667,0,0,4730.9,20.35,0,2.00289678888889,1.8,0,843.7,0,0,-2150.17141888889,23.595,0,0,1.39970296666667,-1.39673455555556,300,0,3744.6,22.3660575833333,0.2816,0
2/8/20 5:44,399.166666666667,399.125,0,0,4730.9,20.35,0,2.00154987777778,1.8,0,843.7,0,0,-2149.71745722222,23.595,0,0,1.39883888333333,-1.39326544444444,300,0,3744.6,22.40465525,0.279669724444444,0
2/8/20 5:49,399.25,399.208333333333,0,0,4730.9,20.35,0,2.00195240833333,1.8,0,843.7,0,0,-2149.91112388889,23.595,0,0,1.39296815,-1.40276666666667,300,0,3744.6,22.1486685833333,0.275359608888889,0
2/8/20 5:54,399.333333333333,399.291666666667,0,0,4730.9,20.35,0,2.00386740833333,1.8,0,843.7,0,0,-2150.38254277778,23.595,0,0,1.38949654444444,-1.40975061111111,300,0,3744.6,22.0098630833333,0.2752,0
2/8/20 5:59,399.416666666667,399.375,0,0,4730.9,20.35,0,2.00517116944444,1.8,0,843.7,0,0,-2150.4,23.595,0,0,1.38684345555556,-1.41,300,0,3744.6,22.005,0.2752,0
2/8/20 6:04,399.5,399.458333333333,0,0,4730.9,20.35,0,2.00341154444444,1.8,0,843.7,0,0,-2150.4,23.595,0,0,1.38530617777778,-1.40698394444444,300,0,3744.6,22.0638130833333,0.2752,0
2/8/20 6:09,399.583333333333,399.541666666667,0,0,4730.9,20.35,0,2.00406808888889,1.8,0,843.7,0,0,-2150.4,23.595,0,0,1.38639221666667,-1.40326544444444,300,0,3744.6,22.1363238333333,0.2752,0
2/8/20 6:14,399.666666666667,399.625,0,0,4730.9,20.35,0,2.00626191111111,1.8,0,843.7,0,0,-2150.18887611111,23.595,0,0,1.38071185,-1.40975061111111,300,0,3744.6,21.9465259166667,0.2752,0
2/8/20 6:19,399.75,399.708333333333,0,0,4730.9,20.35,0,2.00495685,1.8,0,843.7,0,0,-2149.71745722222,23.595,0,0,1.37550111666667,-1.41,300,0,3744.6,21.8635743333333,0.2752,0
2/8/20 6:24,399.833333333333,399.791666666667,0,0,4730.9,20.35,0,2.00303969444444,1.8,0,843.7,0,0,-2149.7,23.595,0,0,1.37537185,-1.41,300,0,3744.6,21.9997628333333,0.2752,0
2/8/20 6:29,399.916666666667,399.875,0,0,4730.9,20.35,0,2.00366098611111,1.8,0,843.7,0,0,-2149.91112388889,23.595,0,0,1.37404987777778,-1.40698394444444,300,0,3744.6,22.0321445,0.2752,0
2/8/20 6:34,400,399.958333333333,0,0,4730.9,20.35,0,2.00332654444444,1.8,0,843.7,0,0,-2150.38254277778,23.595,0,0,1.37460321111111,-1.40024938888889,300,0,3744.6,22.1244240833333,0.2752,0
2/8/20 6:39,400.083333333333,400.041666666667,0,0,4730.9,20.35,0,2.00412586388889,1.8,0,843.7,0,0,-2150.18887611111,23.595,0,0,1.37444209444444,-1.4,300,0,3744.6,22.1657128333333,0.2752,0
2/8/20 6:44,400.166666666667,400.125,0,0,4730.9,20.35,0,2.004185925,1.8,0,843.7,0,0,-2149.92858111111,23.595,0,0,1.37052148333333,-1.4,300,0,3744.6,22.0976185833333,0.2752,0
2/8/20 6:49,400.25,400.208333333333,0,0,4730.9,20.35,0,2.00367574166667,1.8,0,843.7,0,0,-2150.17141888889,23.595,0,0,1.36904987777778,-1.4,300,0,3744.6,22.1266685833333,0.2752,0
2/8/20 6:54,400.333333333333,400.291666666667,0,0,4730.9,20.35,0,2.00443993888889,1.8,0,843.7,0,0,-2149.92858111111,23.595,0,0,1.36839678888889,-1.4,300,0,3744.6,22.1973814166667,0.2752,0
2/8/20 6:59,400.416666666667,400.375,0,0,4730.9,20.35,0,2.00561339444444,1.8,0,843.7,0,0,-2150.17141888889,23.595,0,0,1.36584345555556,-1.4,300,0,3744.6,22.1683314166667,0.2752,0
2/8/20 7:04,400.5,400.458333333333,0,0,4730.9,20.35,0,2.00508271388889,1.8,0,843.7,0,0,-2149.50633333333,23.595,0,0,1.36340136111111,-1.4,300,0,3744.6,22.1292871666667,0.2752,0
2/8/20 7:09,400.583333333333,400.541666666667,0,0,4730.9,20.35,0,2.00382883055556,1.8,0,843.7,0,0,-2149.22858111111,23.595,0,0,1.36337185,-1.4,300,0,3744.6,22.1973814166667,0.2752,0
2/8/20 7:14,400.666666666667,400.625,0,0,4730.9,20.35,0,2.00468363888889,1.8,0,843.7,0,0,-2149.47141888889,23.595,0,0,1.36204987777778,-1.4,300,0,3744.6,22.2316685833333,0.2752,0
2/8/20 7:19,400.75,400.708333333333,0,0,4730.9,20.35,0,2.00336395277778,1.8,0,843.7,0,0,-2149.22858111111,23.6266685833333,0,0,1.36139678888889,-1.4,300,0,3744.6,22.3023814166667,0.2752,0
2/8/20 7:24,400.833333333333,400.791666666667,0,0,4730.9,20.35,0,2.00442746944444,1.8,0,843.7,0,0,-2149.68254277778,23.6973814166667,0,0,1.35944666666667,-1.4,300,0,3744.6,22.305,0.2752,0
2/8/20 7:29,400.916666666667,400.875,0,0,4730.9,20.35,0,2.00501018333333,1.8,0,843.7,0,0,-2149.91112388889,23.7,0,0,1.35804987777778,-1.4,300,0,3744.6,22.305,0.2752,0
2/8/20 7:34,401,400.958333333333,0,0,4730.9,20.35,0,2.003585,1.8,0,843.7,0,0,-2150.38254277778,23.7,0,0,1.35709518333333,-1.4,300,0,3744.6,22.2733314166667,0.2752,0
2/8/20 7:39,401.083333333333,401.041666666667,0,0,4730.9,20.35,0,2.00314061944444,1.8,0,843.7,0,0,-2150.18887611111,23.7,0,0,1.35447160555556,-1.4,300,0,3744.6,22.21166675,0.2752,0
2/8/20 7:44,401.166666666667,401.125,0,0,4730.9,20.35,0,2.00414851666667,1.8,0,843.7,0,0,-2149.71745722222,23.7,0,0,1.35365308888889,-1.39698394444444,300,0,3744.6,22.27901675,0.2752,0
2/8/20 7:49,401.25,401.208333333333,0,0,4730.9,20.35,0,2.00352493888889,1.8,0,843.7,0,0,-2149.48887611111,23.7,0,0,1.35434691111111,-1.39024938888889,300,0,3744.6,22.3908850833333,0.2752,0
2/8/20 7:54,401.333333333333,401.291666666667,0,0,4730.9,20.35,0,2.00365080277778,1.8,0,843.7,0,0,-2149.01745722222,23.7,0,0,1.35244666666667,-1.39,300,0,3744.6,22.4266685833333,0.2752,0
2/8/20 7:59,401.416666666667,401.375,0,0,4730.9,20.35,0,2.00413833333333,1.8,0,843.7,0,0,-2149.21112388889,23.7,0,0,1.34954185,-1.39,300,0,3744.6,22.4657128333333,0.2752,0
2/8/20 8:04,401.5,401.458333333333,0,0,4730.9,20.35,0,2.00478913611111,1.8,0,843.7,0,0,-2149.68254277778,23.7,0,0,1.34612469444444,-1.39,300,0,3744.6,22.3976185833333,0.2752,0
2/8/20 8:09,401.583333333333,401.541666666667,0,0,4730.9,20.35,0,2.00517345555556,1.8,0,843.7,0,0,-2149.91112388889,23.7,0,0,1.346,-1.39,300,0,3744.6,22.395,0.2752,0
2/8/20 8:14,401.666666666667,401.625,0,0,4730.9,20.35,0,2.00437413611111,1.8,0,843.7,0,0,-2150.17141888889,23.7,0,0,1.34539678888889,-1.39,300,0,3744.6,22.395,0.2752,0
2/8/20 8:19,401.75,401.708333333333,0,0,4730.9,20.35,0,2.00401246944444,1.8,0,843.7,0,0,-2149.92858111111,23.7,0,0,1.34374827222222,-1.39,300,0,3744.6,22.395,0.2752,0
2/8/20 8:24,401.833333333333,401.791666666667,0,0,4730.9,20.35,0,2.00475401388889,1.8,0,843.7,0,0,-2150.38254277778,23.7316685833333,0,0,1.34242172777778,-1.39,300,0,3744.6,22.395,0.2752,0
2/8/20 8:29,401.916666666667,401.875,0,0,4730.9,20.35,0,2.00598524444444,1.8,0,843.7,0,0,-2150.18887611111,23.8023814166667,0,0,1.34104987777778,-1.39,300,0,3744.6,22.4266685833333,0.2752,0
2/8/20 8:34,402,401.958333333333,0,0,4730.9,20.35,0,2.00488660555556,1.8,0,843.7,0,0,-2149.92858111111,23.805,0,0,1.34039678888889,-1.39,300,0,3744.6,22.4973814166667,0.273269724444444,0
2/8/20 8:39,402.083333333333,402.041666666667,0,0,4730.9,20.35,0,2.00451246944444,1.8,0,843.7,0,0,-2150.17141888889,23.805,0,0,1.33814506111111,-1.39,300,0,3744.6,22.4683314166667,0.268959608888889,0
2/8/20 8:44,402.166666666667,402.125,0,0,4730.9,20.35,0,2.00419839444444,1.8,0,843.7,0,0,-2149.92858111111,23.805,0,0,1.33547160555556,-1.39,300,0,3744.6,22.3976185833333,0.2688,0
2/8/20 8:49,402.25,402.208333333333,0,0,4730.9,20.35,0,2.00352493888889,1.8,0,843.7,0,0,-2150.38254277778,23.805,0,0,1.33284345555556,-1.39301605555556,300,0,3744.6,22.3678555,0.2688,0
2/8/20 8:54,402.333333333333,402.291666666667,0,0,4730.9,20.35,0,2.00365080277778,1.8,0,843.7,0,0,-2150.4,23.805,0,0,1.33070296666667,-1.39673455555556,300,0,3744.6,22.334389,0.2688,0
2/8/20 8:59,402.416666666667,402.375,0,0,4730.9,20.35,0,2.00308271388889,1.8,0,843.7,0,0,-2149.97775222222,23.805,0,0,1.33255333333333,-1.39024938888889,300,0,3744.6,22.4244240833333,0.2688,0
2/8/20 9:04,402.5,402.458333333333,0,0,4730.9,20.35,0,2.00167802777778,1.8,0,843.7,0,0,-2149.24603833333,23.805,0,0,1.33304530555556,-1.39,300,0,3744.6,22.4657128333333,0.2688,0
2/8/20 9:09,402.583333333333,402.541666666667,0,0,4730.9,20.35,0,2.00264851666667,1.8,0,843.7,0,0,-2149.89366666667,23.805,0,0,1.33077321111111,-1.39,300,0,3744.6,22.3976185833333,0.2688,0
2/8/20 9:14,402.666666666667,402.625,0,0,4730.9,20.35,0,2.00308055833333,1.8,0,843.7,0,0,-2150.17141888889,23.805,0,0,1.33062815,-1.39,300,0,3744.6,22.4266685833333,0.2688,0
2/8/20 9:19,402.75,402.708333333333,0,0,4730.9,20.35,0,2.00541271388889,1.8,0,843.7,0,0,-2149.92787970284,23.805,0,0,1.33164951867848,-1.39,300,0,3744.6,22.4973814166667,0.2688,0
2/8/20 9:24,402.833333333333,402.791666666667,0,0,4730.9,20.35,0,2.00490195555556,1.8,0,843.7,0,0,-2150.38207751938,23.805,0,0,1.3304275590993,-1.39,300,0,3744.6,22.4686026666667,0.2688,0
2/8/20 9:29,402.916666666667,402.875,0,0,4730.9,20.35,0,2.00370088888889,1.8,0,843.7,0,0,-2150.4,23.805,0,0,1.32785528888889,-1.39,300,0,3744.6,22.3976973333333,0.2688,0
2/8/20 9:34,403,402.958333333333,0,0,4730.9,20.35,0,2.00383764444444,1.8,0,843.7,0,0,-2150.19068444444,23.805,0,0,1.32450471111111,-1.39,300,0,3744.6,22.4263973333333,0.2688,0
2/8/20 9:39,403.083333333333,403.041666666667,0,0,4730.9,20.35,0,2.00321382222222,1.8,0,843.7,0,0,-2149.71798222222,23.805,0,0,1.32275235555556,-1.39,300,0,3744.6,22.4973026666667,0.2688,0
2/8/20 9:44,403.166666666667,403.125,0,0,4730.9,20.35,0,2.00252568888889,1.8,0,843.7,0,0,-2149.7,23.805,0,0,1.32023155555556,-1.39299022222222,300,0,3744.6,22.4416906666667,0.2688,0
2/8/20 9:49,403.25,403.208333333333,0,0,4730.9,20.35,0,2.0025,1.8,0,843.7,0,0,-2149.7,23.805,0,0,1.31675217777778,-1.39675288888889,300,0,3744.6,22.3369213333333,0.2688,0
2/8/20 9:54,403.333333333333,403.291666666667,0,0,4730.9,20.35,0,2.00309804444444,1.8,0,843.7,0,0,-2149.90931555556,23.805,0,0,1.31794862222222,-1.39025688888889,300,0,3744.6,22.392688,0.2688,0
2/8/20 9:59,403.416666666667,403.375,0,0,4730.9,20.35,0,2.00459813333333,1.8,0,843.7,0,0,-2150.38201777778,23.805,0,0,1.318,-1.39,300,0,3744.6,22.395,0.2688,0
2/8/20 10:04,403.5,403.458333333333,0,0,4730.9,20.35,0,2.00483764444444,1.8,0,843.7,0,0,-2150.4,23.805,0,0,1.318,-1.39,300,0,3744.6,22.395,0.2688,0
2/8/20 10:09,403.583333333333,403.541666666667,0,0,4730.9,20.35,0,2.00496137777778,1.8,0,843.7,0,0,-2150.4,23.805,0,0,1.31740195555556,-1.39299022222222,300,0,3744.6,22.368088,0.2688,0
2/8/20 10:14,403.666666666667,403.625,0,0,4730.9,20.35,0,2.00566244444444,1.8,0,843.7,0,0,-2150.4,23.805,0,0,1.31664942222222,-1.39974311111111,300,0,3744.6,22.307312,0.2688,0
2/8/20 10:19,403.75,403.708333333333,0,0,4730.9,20.35,0,2.00502568888889,1.8,0,843.7,0,0,-2150.4,23.805,0,0,1.31794862222222,-1.4,300,0,3744.6,22.305,0.2688,0
2/8/20 10:24,403.833333333333,403.791666666667,0,0,4730.9,20.35,0,2.00514951111111,1.8,0,843.7,0,0,-2150.4,23.805,0,0,1.318,-1.4,300,0,3744.6,22.305,0.2688,0
2/8/20 10:29,403.916666666667,403.875,0,0,4730.9,20.35,0,2.0047396,1.8,0,843.7,0,0,-2150.4,23.805,0,0,1.318,-1.4,300,0,3744.6,22.305,0.2688,0
2/8/20 10:34,404,403.958333333333,0,0,4730.9,20.35,0,2.00396128888889,1.8,0,843.7,0,0,-2150.4,23.805,0,0,1.31740195555556,-1.4,300,0,3744.6,22.2736026666667,0.2688,0
2/8/20 10:39,404.083333333333,404.041666666667,0,0,4730.9,20.35,0,2.00487635555556,1.8,0,843.7,0,0,-2150.4,23.805,0,0,1.31664942222222,-1.4,300,0,3744.6,22.2340946666667,0.2688,0
2/8/20 10:44,404.166666666667,404.125,0,0,4730.9,20.35,0,2.00318795555556,1.8,0,843.7,0,0,-2150.4,23.805,0,0,1.31794862222222,-1.4,300,0,3744.6,22.2709053333333,0.266886257777778,0
2/8/20 10:49,404.25,404.208333333333,0,0,4730.9,20.35,0,2.0041496,1.8,0,843.7,0,0,-2150.4,23.805,0,0,1.31740195555556,-1.4,300,0,3744.6,22.2026973333333,0.262564408888889,0
2/8/20 10:54,404.333333333333,404.291666666667,0,0,4730.9,20.35,0,2.00352568888889,1.8,0,843.7,0,0,-2150.4,23.805,0,0,1.31605137777778,-1.4,300,0,3744.6,22.2,0.2624,0
2/8/20 10:59,404.416666666667,404.375,0,0,4730.9,20.35,0,2.00364951111111,1.8,0,843.7,0,0,-2150.4,23.805,0,0,1.316,-1.4,300,0,3744.6,22.2,0.2624,0
2/8/20 11:04,404.5,404.458333333333,0,0,4730.9,20.35,0,2.00398715555556,1.8,0,843.7,0,0,-2150.4,23.805,0,0,1.316,-1.4,300,0,3744.6,22.2,0.2624,0
2/8/20 11:09,404.583333333333,404.541666666667,0,0,4730.9,20.35,0,2.004,1.8,0,843.7,0,0,-2150.4,23.805,0,0,1.316,-1.4,300,0,3744.6,22.1686026666667,0.2624,0
2/8/20 11:14,404.666666666667,404.625,0,0,4730.9,20.35,0,2.00370097777778,1.8,0,843.7,0,0,-2150.4,23.805,0,0,1.31570097777778,-1.4,300,0,3744.6,22.0976973333333,0.2624,0
2/8/20 11:19,404.75,404.708333333333,0,0,4730.9,20.35,0,2.0031752,1.8,0,843.7,0,0,-2150.4,23.805,0,0,1.31592275555556,-1.4,300,0,3744.6,22.1263973333333,0.2624,0
2/8/20 11:24,404.833333333333,404.791666666667,0,0,4730.9,20.35,0,2.00348715555556,1.8,0,843.7,0,0,-2150.4,23.805,0,0,1.31792293333333,-1.4,300,0,3744.6,22.1973026666667,0.2624,0
2/8/20 11:29,404.916666666667,404.875,0,0,4730.9,20.35,0,2.00364951111111,1.8,0,843.7,0,0,-2150.4,23.805,0,0,1.318,-1.4,300,0,3744.6,22.1686026666667,0.2624,0
2/8/20 11:34,405,404.958333333333,0,0,4730.9,20.35,0,2.00443568888889,1.8,0,843.7,0,0,-2150.4,23.805,0,0,1.31829902222222,-1.4,300,0,3744.6,22.1290946666667,0.2624,0
2/8/20 11:39,405.083333333333,405.041666666667,0,0,4730.9,20.35,0,2.00501293333333,1.8,0,843.7,0,0,-2150.4,23.805,0,0,1.31867528888889,-1.4,300,0,3744.6,22.1659053333333,0.2624,0
2/8/20 11:44,405.166666666667,405.125,0,0,4730.9,20.35,0,2.00418804444444,1.8,0,843.7,0,0,-2150.4,23.805,0,0,1.31832471111111,-1.4,300,0,3744.6,22.093212,0.2624,0
2/8/20 11:49,405.25,405.208333333333,0,0,4730.9,20.35,0,2.00433764444444,1.8,0,843.7,0,0,-2150.4,23.805,0,0,1.31837626666667,-1.40299022222222,300,0,3744.6,22.0579586666667,0.2624,0
2/8/20 11:54,405.333333333333,405.291666666667,0,0,4730.9,20.35,0,2.00356431111111,1.8,0,843.7,0,0,-2150.4,23.805,0,0,1.31764942222222,-1.40974311111111,300,0,3744.6,22.0069266666667,0.2624,0
2/8/20 11:59,405.416666666667,405.375,0,0,4730.9,20.35,0,2.00298706666667,1.8,0,843.7,0,0,-2150.4,23.7736026666667,0,0,1.31954666666667,-1.40700977777778,300,0,3744.6,22.031912,0.2624,0
2/8/20 12:04,405.5,405.458333333333,0,0,4730.9,20.35,0,2.00411097777778,1.8,0,843.7,0,0,-2150.4,23.7026973333333,0,0,1.32094862222222,-1.40025688888889,300,0,3744.6,22.092688,0.2624,0
2/8/20 12:09,405.583333333333,405.541666666667,0,0,4730.9,20.35,0,2.00478617777778,1.8,0,843.7,0,0,-2150.4,23.7,0,0,1.321,-1.4,300,0,3744.6,22.095,0.2624,0
2/8/20 12:14,405.666666666667,405.625,0,0,4730.9,20.35,0,2.00517528888889,1.8,0,843.7,0,0,-2150.4,23.7,0,0,1.321,-1.4,300,0,3744.6,22.095,0.2624,0
2/8/20 12:19,405.75,405.708333333333,0,0,4730.9,20.35,0,2.00452568888889,1.8,0,843.7,0,0,-2150.4,23.7,0,0,1.32219608888889,-1.4,300,0,3744.6,22.1263973333333,0.2624,0
2/8/20 12:24,405.833333333333,405.791666666667,0,0,4730.9,20.35,0,2.0045,1.8,0,843.7,0,0,-2150.60931555556,23.7,0,0,1.3242992,-1.4,300,0,3744.6,22.1659053333333,0.2624,0
2/8/20 12:29,405.916666666667,405.875,0,0,4730.9,20.35,0,2.00479902222222,1.8,0,843.7,0,0,-2150.87270222222,23.7,0,0,1.32305137777778,-1.4,300,0,3744.6,22.1290946666667,0.2624,0
2/8/20 12:34,406,405.958333333333,0,0,4730.9,20.35,0,2.00487626666667,1.8,0,843.7,0,0,-2150.62729777778,23.7,0,0,1.32120586666667,-1.40299022222222,300,0,3744.6,22.1389933333333,0.2624,0
2/8/20 12:39,406.083333333333,406.041666666667,0,0,4730.9,20.35,0,2.00355137777778,1.8,0,843.7,0,0,-2151.08201777778,23.7,0,0,1.31715413333333,-1.40974311111111,300,0,3744.6,22.0100093333333,0.260486257777778,0
2/8/20 12:44,406.166666666667,406.125,0,0,4730.9,20.35,0,2.00394853333333,1.8,0,843.7,0,0,-2151.1,23.7,0,0,1.31580391111111,-1.41,300,0,3744.6,21.9736026666667,0.256164408888889,0
2/8/20 12:49,406.25,406.208333333333,0,0,4730.9,20.35,0,2.00421391111111,1.8,0,843.7,0,0,-2151.1,23.7,0,0,1.31399982222222,-1.40700977777778,300,0,3744.6,21.992404,0.256,0
2/8/20 12:54,406.333333333333,406.291666666667,0,0,4730.9,20.35,0,2.00241471111111,1.8,0,843.7,0,0,-2151.30931555556,23.7,0,0,1.31472684444444,-1.40025688888889,300,0,3744.6,22.1922933333333,0.256,0
2/8/20 12:59,406.416666666667,406.375,0,0,4730.9,20.35,0,2.00320893333333,1.8,0,843.7,0,0,-2151.78201777778,23.7,0,0,1.31240177777778,-1.4,300,0,3744.6,22.2313973333333,0.256,0
2/8/20 13:04,406.5,406.458333333333,0,0,4730.9,20.35,0,2.00559822222222,1.8,0,843.7,0,0,-2151.8,23.7,0,0,1.31177822222222,-1.4,300,0,3744.6,22.3023026666667,0.256,0
2/8/20 13:09,406.583333333333,406.541666666667,0,0,4730.9,20.35,0,2.00487617777778,1.8,0,843.7,0,0,-2151.8,23.7,0,0,1.30850471111111,-1.4,300,0,3744.6,22.305,0.256,0
2/8/20 13:14,406.666666666667,406.625,0,0,4730.9,20.35,0,2.00421382222222,1.8,0,843.7,0,0,-2151.8,23.7,0,0,1.30555626666667,-1.4,300,0,3744.6,22.2736026666667,0.256,0
2/8/20 13:19,406.75,406.708333333333,0,0,4730.9,20.35,0,2.00382471111111,1.8,0,843.7,0,0,-2151.8,23.7,0,0,1.3015304,-1.4,300,0,3744.6,22.2340946666667,0.256,0
2/8/20 13:24,406.833333333333,406.791666666667,0,0,4730.9,20.35,0,2.00342773333333,1.8,0,843.7,0,0,-2151.8,23.7,0,0,1.29915431111111,-1.4,300,0,3744.6,22.3023026666667,0.256,0
2/8/20 13:29,406.916666666667,406.875,0,0,4730.9,20.35,0,2.00198697777778,1.8,0,843.7,0,0,-2151.8,23.7,0,0,1.29588097777778,-1.4,300,0,3744.6,22.305,0.256,0
2/8/20 13:34,407,406.958333333333,0,0,4730.9,20.35,0,2.00407244444444,1.8,0,843.7,0,0,-2151.8,23.7,0,0,1.29280373333333,-1.39700977777778,300,0,3744.6,22.331912,0.256,0
2/8/20 13:39,407.083333333333,407.041666666667,0,0,4730.9,20.35,0,2.00478617777778,1.8,0,843.7,0,0,-2151.8,23.7,0,0,1.29142764444444,-1.39025688888889,300,0,3744.6,22.4240853333333,0.256,0
2/8/20 13:44,407.166666666667,407.125,0,0,4730.9,20.35,0,2.00472675555556,1.8,0,843.7,0,0,-2151.8,23.7,0,0,1.28855626666667,-1.39,300,0,3744.6,22.4659053333333,0.256,0
2/8/20 13:49,407.25,407.208333333333,0,0,4730.9,20.35,0,2.00321373333333,1.8,0,843.7,0,0,-2151.8,23.7,0,0,1.2845304,-1.39,300,0,3744.6,22.4290946666667,0.256,0
2/8/20 13:54,407.333333333333,407.291666666667,0,0,4730.9,20.35,0,2.00378617777778,1.8,0,843.7,0,0,-2151.8,23.7,0,0,1.28155626666667,-1.39299022222222,300,0,3744.6,22.4389933333333,0.256,0
2/8/20 13:59,407.416666666667,407.375,0,0,4730.9,20.35,0,2.00402577777778,1.8,0,843.7,0,0,-2151.8,23.7,0,0,1.2775304,-1.39974311111111,300,0,3744.6,22.3100093333333,0.256,0
2/8/20 14:04,407.5,407.458333333333,0,0,4730.9,20.35,0,2.00378608888889,1.8,0,843.7,0,0,-2151.8,23.7,0,0,1.27545333333333,-1.4,300,0,3744.6,22.2736026666667,0.256,0
2/8/20 14:09,407.583333333333,407.541666666667,0,0,4730.9,20.35,0,2.00528626666667,1.8,0,843.7,0,0,-2152.00931555556,23.7,0,0,1.27405137777778,-1.4,300,0,3744.6,22.2026973333333,0.256,0
2/8/20 14:14,407.666666666667,407.625,0,0,4730.9,20.35,0,2.00471382222222,1.8,0,843.7,0,0,-2152.27270222222,23.7,0,0,1.27429902222222,-1.4,300,0,3744.6,22.2,0.256,0
2/8/20 14:19,407.75,407.708333333333,0,0,4730.9,20.35,0,2.00372666666667,1.8,0,843.7,0,0,-2152.02729777778,23.7,0,0,1.27497431111111,-1.4,300,0,3744.6,22.2,0.256,0
2/8/20 14:24,407.833333333333,407.791666666667,0,0,4730.9,20.35,0,2.00347422222222,1.8,0,843.7,0,0,-2152.48201777778,23.6686026666667,0,0,1.27559804444444,-1.4,300,0,3744.6,22.1686026666667,0.256,0
2/8/20 14:29,407.916666666667,407.875,0,0,4730.9,20.35,0,2.00371391111111,1.8,0,843.7,0,0,-2152.29068444444,23.5976973333333,0,0,1.27694862222222,-1.40299022222222,300,0,3744.6,22.0707853333333,0.256,0
2/8/20 14:34,408,407.958333333333,0,0,4730.9,20.35,0,2.00266226666667,1.8,0,843.7,0,0,-2151.81798222222,23.595,0,0,1.27759804444444,-1.40974311111111,300,0,3744.6,22.007312,0.256,0
2/8/20 14:39,408.083333333333,408.041666666667,0,0,4730.9,20.35,0,2.00469617777778,1.8,0,843.7,0,0,-2151.8,23.595,0,0,1.27924764444444,-1.41,300,0,3744.6,22.005,0.256,0
2/8/20 14:44,408.166666666667,408.125,0,0,4730.9,20.35,0,2.00553871111111,1.8,0,843.7,0,0,-2151.8,23.595,0,0,1.28057235555556,-1.41,300,0,3744.6,22.005,0.256,0
2/8/20 14:49,408.25,408.208333333333,0,0,4730.9,20.35,0,2.00417511111111,1.8,0,843.7,0,0,-2151.8,23.595,0,0,1.28135057777778,-1.41,300,0,3744.6,21.9736026666667,0.254086257777778,0
2/8/20 14:54,408.333333333333,408.291666666667,0,0,4730.9,20.35,0,2.00559813333333,1.8,0,843.7,0,0,-2151.8,23.581544,0,0,1.27885528888889,-1.41,300,0,3744.6,21.8713,0.249764408888889,0
2/8/20 14:59,408.416666666667,408.375,0,0,4730.9,20.35,0,2.0052396,1.8,0,843.7,0,0,-2151.59068444444,23.5377,0,0,1.27610275555556,-1.41,300,0,3744.6,21.7976973333333,0.2496,0
2/8/20 15:04,408.5,408.458333333333,0,0,4730.9,20.35,0,2.00311568888889,1.8,0,843.7,0,0,-2151.32729777778,23.506156,0,0,1.27629902222222,-1.41,300,0,3744.6,21.8263973333333,0.2496,0
2/8/20 15:09,408.583333333333,408.541666666667,0,0,4730.9,20.35,0,2.00248706666667,1.8,0,843.7,0,0,-2151.57270222222,23.505,0,0,1.27697431111111,-1.40700977777778,300,0,3744.6,21.955612,0.2496,0
2/8/20 15:14,408.666666666667,408.625,0,0,4730.9,20.35,0,2.00361097777778,1.8,0,843.7,0,0,-2151.11798222222,23.505,0,0,1.27640195555556,-1.40025688888889,300,0,3744.6,22.121388,0.2496,0
2/8/20 15:19,408.75,408.708333333333,0,0,4730.9,20.35,0,2.00383764444444,1.8,0,843.7,0,0,-2151.1,23.505,0,0,1.27236017777778,-1.40299022222222,300,0,3744.6,22.1389933333333,0.2496,0
2/8/20 15:24,408.833333333333,408.791666666667,0,0,4730.9,20.35,0,2.00411088888889,1.8,0,843.7,0,0,-2151.1,23.505,0,0,1.26533413333333,-1.40974311111111,300,0,3744.6,22.0100093333333,0.2496,0
2/8/20 15:29,408.916666666667,408.875,0,0,4730.9,20.35,0,2.0051496,1.8,0,843.7,0,0,-2151.1,23.505,0,0,1.26247902222222,-1.40700977777778,300,0,3744.6,22.031912,0.2496,0
2/8/20 15:34,409,408.958333333333,0,0,4730.9,20.35,0,2.00452568888889,1.8,0,843.7,0,0,-2151.1,23.505,0,0,1.26045333333333,-1.40025688888889,300,0,3744.6,22.092688,0.2496,0
2/8/20 15:39,409.083333333333,409.041666666667,0,0,4730.9,20.35,0,2.00435048888889,1.8,0,843.7,0,0,-2150.89068444444,23.505,0,0,1.25875235555556,-1.4,300,0,3744.6,22.1263973333333,0.2496,0
2/8/20 15:44,409.166666666667,409.125,0,0,4730.9,20.35,0,2.00416235555556,1.8,0,843.7,0,0,-2150.41798222222,23.505,0,0,1.25802568888889,-1.4,300,0,3744.6,22.2287,0.2496,0
2/8/20 15:49,409.25,409.208333333333,0,0,4730.9,20.35,0,2.00418813333333,1.8,0,843.7,0,0,-2150.4,23.505,0,0,1.25680391111111,-1.4,300,0,3744.6,22.2709053333333,0.2496,0
2/8/20 15:54,409.333333333333,409.291666666667,0,0,4730.9,20.35,0,2.00382471111111,1.8,0,843.7,0,0,-2150.4,23.505,0,0,1.25290666666667,-1.4,300,0,3744.6,22.1713,0.2496,0
2/8/20 15:59,409.416666666667,409.375,0,0,4730.9,20.35,0,2.00417528888889,1.8,0,843.7,0,0,-2150.4,23.505,0,0,1.2507008,-1.4,300,0,3744.6,22.1290946666667,0.2496,0
2/8/20 16:04,409.5,409.458333333333,0,0,4730.9,20.35,0,2.00322666666667,1.8,0,843.7,0,0,-2150.60931555556,23.505,0,0,1.25135057777778,-1.4,300,0,3744.6,22.1659053333333,0.2496,0
2/8/20 16:09,409.583333333333,409.541666666667,0,0,4730.9,20.35,0,2.00237617777778,1.8,0,843.7,0,0,-2150.87270222222,23.505,0,0,1.24915431111111,-1.40299022222222,300,0,3744.6,22.0707853333333,0.2496,0
2/8/20 16:14,409.666666666667,409.625,0,0,4730.9,20.35,0,2.00231186666667,1.8,0,843.7,0,0,-2150.62729777778,23.505,0,0,1.24827315555556,-1.40675288888889,300,0,3744.6,22.0656213333333,0.2496,0
2/8/20 16:19,409.75,409.708333333333,0,0,4730.9,20.35,0,2.00372186666667,1.8,0,843.7,0,0,-2151.08201777778,23.505,0,0,1.25149528888889,-1.40025688888889,300,0,3744.6,22.226388,0.2496,0
2/8/20 16:24,409.833333333333,409.791666666667,0,0,4730.9,20.35,0,2.00483773333333,1.8,0,843.7,0,0,-2151.1,23.505,0,0,1.25384568888889,-1.4,300,0,3744.6,22.3023026666667,0.2496,0
2/8/20 16:29,409.916666666667,409.875,0,0,4730.9,20.35,0,2.00325235555556,1.8,0,843.7,0,0,-2151.1,23.505,0,0,1.25711902222222,-1.4,300,0,3744.6,22.305,0.2496,0
2/8/20 16:34,410,409.958333333333,0,0,4730.9,20.35,0,2.00327324444444,1.8,0,843.7,0,0,-2151.1,23.505,0,0,1.25959822222222,-1.4,300,0,3744.6,22.2736026666667,0.2496,0
2/8/20 16:39,410.083333333333,410.041666666667,0,0,4730.9,20.35,0,2.00448724444444,1.8,0,843.7,0,0,-2151.1,23.505,0,0,1.25962373333333,-1.4,300,0,3744.6,22.2026973333333,0.2496,0
2/8/20 16:44,410.166666666667,410.125,0,0,4730.9,20.35,0,2.00368804444444,1.8,0,843.7,0,0,-2151.30931555556,23.505,0,0,1.26154666666667,-1.4,300,0,3744.6,22.1686026666667,0.2496,0
2/8/20 16:49,410.25,410.208333333333,0,0,4730.9,20.35,0,2.00338911111111,1.8,0,843.7,0,0,-2151.57270222222,23.505,0,0,1.26354666666667,-1.4,300,0,3744.6,22.0976973333333,0.2496,0
2/8/20 16:54,410.333333333333,410.291666666667,0,0,4730.9,20.35,0,2.00264942222222,1.8,0,843.7,0,0,-2151.11798222222,23.505,0,0,1.26554666666667,-1.40299022222222,300,0,3744.6,22.0905146666667,0.2496,0
2/8/20 16:59,410.416666666667,410.375,0,0,4730.9,20.35,0,2.00439715555556,1.8,0,843.7,0,0,-2151.1,23.4736026666667,0,0,1.26784568888889,-1.40974311111111,300,0,3744.6,22.0579586666667,0.2496,0
2/8/20 17:04,410.5,410.458333333333,0,0,4730.9,20.35,0,2.00531195555556,1.8,0,843.7,0,0,-2151.1,23.4026973333333,0,0,1.27141804444444,-1.40700977777778,300,0,3744.6,22.0338386666667,0.2496,0
2/8/20 17:09,410.583333333333,410.541666666667,0,0,4730.9,20.35,0,2.00396626666667,1.8,0,843.7,0,0,-2151.30931555556,23.4,0,0,1.27487155555556,-1.40324711111111,300,0,3744.6,22.065776,0.247686257777778,0
2/8/20 17:14,410.666666666667,410.625,0,0,4730.9,20.35,0,2.002786,1.8,0,843.7,0,0,-2151.78201777778,23.4,0,0,1.27559804444444,-1.40974311111111,300,0,3744.6,21.9759146666667,0.243364408888889,0
2/8/20 17:19,410.75,410.708333333333,0,0,4730.9,20.35,0,2.00599528888889,1.8,0,843.7,0,0,-2151.59068444444,23.4,0,0,1.27844373333333,-1.41,300,0,3744.6,21.9026973333333,0.2432,0
2/8/20 17:24,410.833333333333,410.791666666667,0,0,4730.9,20.35,0,2.00655155555556,1.8,0,843.7,0,0,-2151.11798222222,23.4,0,0,1.28276862222222,-1.41,300,0,3744.6,21.9,0.2432,0
2/8/20 17:29,410.916666666667,410.875,0,0,4730.9,20.35,0,2.00487608888889,1.8,0,843.7,0,0,-2151.1,23.3686026666667,0,0,1.28492293333333,-1.41,300,0,3744.6,21.8686026666667,0.2432,0
2/8/20 17:34,411,410.958333333333,0,0,4730.9,20.35,0,2.00487626666667,1.8,0,843.7,0,0,-2151.1,23.2976973333333,0,0,1.28410293333333,-1.41299022222222,300,0,3744.6,21.7707853333333,0.2432,0
2/8/20 17:39,411.083333333333,411.041666666667,0,0,4730.9,20.35,0,2.00340186666667,1.8,0,843.7,0,0,-2151.1,23.295,0,0,1.28147902222222,-1.41675288888889,300,0,3744.6,21.734224,0.2432,0
2/8/20 17:44,411.166666666667,411.125,0,0,4730.9,20.35,0,2.00390991111111,1.8,0,843.7,0,0,-2151.1,23.295,0,0,1.28005137777778,-1.41025688888889,300,0,3744.6,21.8240853333333,0.2432,0
2/8/20 17:49,411.25,411.208333333333,0,0,4730.9,20.35,0,2.00562391111111,1.8,0,843.7,0,0,-2151.1,23.295,0,0,1.27970097777778,-1.41,300,0,3744.6,21.9287,0.2432,0
2/8/20 17:54,411.333333333333,411.291666666667,0,0,4730.9,20.35,0,2.00472666666667,1.8,0,843.7,0,0,-2151.1,23.295,0,0,1.27842764444444,-1.40700977777778,300,0,3744.6,22.0292146666667,0.2432,0
2/8/20 17:59,411.416666666667,411.375,0,0,4730.9,20.35,0,2.0041752,1.8,0,843.7,0,0,-2151.1,23.295,0,0,1.27645333333333,-1.40025688888889,300,0,3744.6,22.1240853333333,0.2432,0
2/8/20 18:04,411.5,411.458333333333,0,0,4730.9,20.35,0,2.00418813333333,1.8,0,843.7,0,0,-2151.1,23.295,0,0,1.27325724444444,-1.4,300,0,3744.6,22.1524493333333,0.2432,0
2/8/20 18:09,411.583333333333,411.541666666667,0,0,4730.9,20.35,0,2.00352568888889,1.8,0,843.7,0,0,-2151.1,23.295,0,0,1.26706097777778,-1.40299022222222,300,0,3744.6,21.9776026666667,0.2432,0
2/8/20 18:14,411.666666666667,411.625,0,0,4730.9,20.35,0,2.0035,1.8,0,843.7,0,0,-2151.1,23.295,0,0,1.2618808,-1.40974311111111,300,0,3744.6,21.8015506666667,0.2432,0
2/8/20 18:19,411.75,411.708333333333,0,0,4730.9,20.35,0,2.00335048888889,1.8,0,843.7,0,0,-2151.1,23.295,0,0,1.26042764444444,-1.41,300,0,3744.6,21.795,0.2432,0
2/8/20 18:24,411.833333333333,411.791666666667,0,0,4730.9,20.35,0,2.00346137777778,1.8,0,843.7,0,0,-2150.89068444444,23.295,0,0,1.26024746666667,-1.40700977777778,300,0,3744.6,21.916104,0.2432,0
2/8/20 18:29,411.916666666667,411.875,0,0,4730.9,20.35,0,2.00386342222222,1.8,0,843.7,0,0,-2150.20866666667,23.3263973333333,0,0,1.26170115555556,-1.40025688888889,300,0,3744.6,22.1581986666667,0.2432,0
2/8/20 18:34,412,411.958333333333,0,0,4730.9,20.35,0,2.00314942222222,1.8,0,843.7,0,0,-2149.71798222222,23.3973026666667,0,0,1.26089688888889,-1.39700977777778,300,0,3744.6,22.2188013333333,0.2432,0
2/8/20 18:39,412.083333333333,412.041666666667,0,0,4730.9,20.35,0,2.00444862222222,1.8,0,843.7,0,0,-2149.7,23.4,0,0,1.2639488,-1.39025688888889,300,0,3744.6,22.4581986666667,0.2432,0
2/8/20 18:44,412.166666666667,412.125,0,0,4730.9,20.35,0,2.00375244444444,1.8,0,843.7,0,0,-2149.90931555556,23.4,0,0,1.26147902222222,-1.39299022222222,300,0,3744.6,22.3707853333333,0.2432,0
2/8/20 18:49,412.25,412.208333333333,0,0,4730.9,20.35,0,2.00221373333333,1.8,0,843.7,0,0,-2150.17270222222,23.4,0,0,1.26094844444444,-1.39675288888889,300,0,3744.6,22.3566506666667,0.2432,0
2/8/20 18:54,412.333333333333,412.291666666667,0,0,4730.9,20.35,0,2.0030852,1.8,0,843.7,0,0,-2149.71798222222,23.4,0,0,1.26411902222222,-1.38726666666667,300,0,3744.6,22.5330413333333,0.2432,0
2/8/20 18:59,412.416666666667,412.375,0,0,4730.9,20.35,0,2.00474764444444,1.8,0,843.7,0,0,-2149.7,23.4,0,0,1.2662992,-1.38324711111111,300,0,3744.6,22.662308,0.2432,0
2/8/20 19:04,412.5,412.458333333333,0,0,4730.9,20.35,0,2.00547431111111,1.8,0,843.7,0,0,-2149.90931555556,23.4,0,0,1.26415431111111,-1.38974311111111,300,0,3744.6,22.5445173333333,0.2432,0
2/8/20 19:09,412.583333333333,412.541666666667,0,0,4730.9,20.35,0,2.00460293333333,1.8,0,843.7,0,0,-2150.38201777778,23.4,0,0,1.26297413333333,-1.39,300,0,3744.6,22.4003946666667,0.2432,0
2/8/20 19:14,412.666666666667,412.625,0,0,4730.9,20.35,0,2.00287608888889,1.8,0,843.7,0,0,-2150.4,23.4,0,0,1.26582,-1.39299022222222,300,0,3744.6,22.368088,0.2432,0
2/8/20 19:19,412.75,412.708333333333,0,0,4730.9,20.35,0,2.00347431111111,1.8,0,843.7,0,0,-2150.60931555556,23.4,0,0,1.26911902222222,-1.39974311111111,300,0,3744.6,22.2445173333333,0.2432,0
2/8/20 19:24,412.833333333333,412.791666666667,0,0,4730.9,20.35,0,2.0035,1.8,0,843.7,0,0,-2151.08201777778,23.4,0,0,1.27279431111111,-1.4,300,0,3744.6,22.1003946666667,0.2432,0
2/8/20 19:29,412.916666666667,412.875,0,0,4730.9,20.35,0,2.00379902222222,1.8,0,843.7,0,0,-2151.1,23.3686026666667,0,0,1.27552097777778,-1.40299022222222,300,0,3744.6,22.0366906666667,0.2432,0
2/8/20 19:34,413,412.958333333333,0,0,4730.9,20.35,0,2.00477333333333,1.8,0,843.7,0,0,-2151.1,23.2976973333333,0,0,1.27784568888889,-1.40974311111111,300,0,3744.6,21.9050093333333,0.241286257777778,0
2/8/20 19:39,413.083333333333,413.041666666667,0,0,4730.9,20.35,0,2.0039792,1.8,0,843.7,0,0,-2151.1,23.295,0,0,1.28141804444444,-1.41,300,0,3744.6,21.9,0.236964408888889,0
2/8/20 19:44,413.166666666667,413.125,0,0,4730.9,20.35,0,2.00167502222222,1.8,0,843.7,0,0,-2151.1,23.295,0,0,1.28606764444444,-1.41,300,0,3744.6,21.8686026666667,0.2368,0
2/8/20 19:49,413.25,413.208333333333,0,0,4730.9,20.35,0,2.0040596,1.8,0,843.7,0,0,-2151.1,23.295,0,0,1.28919626666667,-1.41299022222222,300,0,3744.6,21.7707853333333,0.2368,0
2/8/20 19:54,413.333333333333,413.291666666667,0,0,4730.9,20.35,0,2.00433764444444,1.8,0,843.7,0,0,-2151.30931555556,23.295,0,0,1.2911704,-1.41974311111111,300,0,3744.6,21.707312,0.2368,0
2/8/20 19:59,413.416666666667,413.375,0,0,4730.9,20.35,0,2.00356431111111,1.8,0,843.7,0,0,-2151.57270222222,23.295,0,0,1.29389724444444,-1.42,300,0,3744.6,21.705,0.2368,0
2/8/20 20:04,413.5,413.458333333333,0,0,4730.9,20.35,0,2.00298706666667,1.8,0,843.7,0,0,-2151.11798222222,23.295,0,0,1.29340195555556,-1.41700977777778,300,0,3744.6,21.731912,0.2368,0
2/8/20 20:09,413.583333333333,413.541666666667,0,0,4730.9,20.35,0,2.00381195555556,1.8,0,843.7,0,0,-2151.1,23.295,0,0,1.29115431111111,-1.41025688888889,300,0,3744.6,21.8240853333333,0.2368,0
2/8/20 20:14,413.666666666667,413.625,0,0,4730.9,20.35,0,2.00396137777778,1.8,0,843.7,0,0,-2151.1,23.295,0,0,1.28907706666667,-1.40700977777778,300,0,3744.6,21.955612,0.2368,0
2/8/20 20:19,413.75,413.708333333333,0,0,4730.9,20.35,0,2.00541,1.8,0,843.7,0,0,-2151.1,23.295,0,0,1.28750488888889,-1.40324711111111,300,0,3744.6,22.0630786666667,0.2368,0
2/8/20 20:24,413.833333333333,413.791666666667,0,0,4730.9,20.35,0,2.00571391111111,1.8,0,843.7,0,0,-2151.1,23.295,0,0,1.2835304,-1.40675288888889,300,0,3744.6,22.0656213333333,0.2368,0
2/8/20 20:29,413.916666666667,413.875,0,0,4730.9,20.35,0,2.00391471111111,1.8,0,843.7,0,0,-2150.89068444444,23.295,0,0,1.27936017777778,-1.40324711111111,300,0,3744.6,22.105284,0.2368,0
2/8/20 20:34,414,413.958333333333,0,0,4730.9,20.35,0,2.00351284444444,1.8,0,843.7,0,0,-2150.41798222222,23.295,0,0,1.27442728888889,-1.40675288888889,300,0,3744.6,22.0288106666667,0.2368,0
2/8/20 20:39,414.083333333333,414.041666666667,0,0,4730.9,20.35,0,2.00409605758583,1.8,0,843.7,0,0,-2150.4,23.295,0,0,1.27421498530823,-1.40323717681801,300,0,3744.6,22.2051873621262,0.2368,0
2/8/20 20:44,414.166666666667,414.125,0,0,4730.9,20.35,0,2.00529905074751,1.8,0,843.7,0,0,-2150.4,23.295,0,0,1.26764435913621,-1.40973637873754,300,0,3744.6,22.0129086378738,0.2368,0
2/8/20 20:49,414.25,414.208333333333,0,0,4730.9,20.35,0,2.00516145,1.8,0,843.7,0,0,-2150.4,23.295,0,0,1.26575645,-1.4070355,300,0,3744.6,22.0316805,0.2368,0
2/8/20 20:54,414.333333333333,414.291666666667,0,0,4730.9,20.35,0,2.004893875,1.8,0,843.7,0,0,-2150.4,23.295,0,0,1.26443355,-1.4002645,300,0,3744.6,22.12374675,0.2368,0
2/8/20 20:59,414.416666666667,414.375,0,0,4730.9,20.35,0,2.00384935,1.8,0,843.7,0,0,-2150.4,23.295,0,0,1.2630529,-1.4,300,0,3744.6,22.22835,0.2368,0
2/8/20 21:04,414.5,414.458333333333,0,0,4730.9,20.35,0,2.004918225,1.8,0,843.7,0,0,-2150.607515,23.295,0,0,1.26151775,-1.4,300,0,3744.6,22.2710955,0.2368,0
2/8/20 21:09,414.583333333333,414.541666666667,0,0,4730.9,20.35,0,2.005070975,1.8,0,843.7,0,0,-2151.081485,23.32612725,0,0,1.25694645,-1.4,300,0,3744.6,22.19388375,0.2368,0
2/8/20 21:14,414.666666666667,414.625,0,0,4730.9,20.35,0,2.003524025,1.8,0,843.7,0,0,-2151.1,23.39722275,0,0,1.25321645,-1.4,300,0,3744.6,22.179687,0.2368,0
2/8/20 21:19,414.75,414.708333333333,0,0,4730.9,20.35,0,2.00520145,1.8,0,843.7,0,0,-2151.307515,23.4,0,0,1.24989355,-1.4,300,0,3744.6,22.1992065,0.2368,0
2/8/20 21:24,414.833333333333,414.791666666667,0,0,4730.9,20.35,0,2.00619275,1.8,0,843.7,0,0,-2151.781485,23.4,0,0,1.24621645,-1.4,300,0,3744.6,22.2,0.2368,0
2/8/20 21:29,414.916666666667,414.875,0,0,4730.9,20.35,0,2.004269675,1.8,0,843.7,0,0,-2151.8,23.4,0,0,1.24348645,-1.4,300,0,3744.6,22.23112725,0.2368,0
2/8/20 21:34,415,414.958333333333,0,0,4730.9,20.35,0,2.003674675,1.8,0,843.7,0,0,-2151.8,23.4,0,0,1.24057065,-1.4,300,0,3744.6,22.2710955,0.2368,0
2/8/20 21:39,415.083333333333,415.041666666667,0,0,4730.9,20.35,0,2.003986775,1.8,0,843.7,0,0,-2151.8,23.4,0,0,1.23713225,-1.3970355,300,0,3744.6,22.260585,0.2368,0
2/8/20 21:44,415.166666666667,415.125,0,0,4730.9,20.35,0,2.00370355,1.8,0,843.7,0,0,-2152.007515,23.4,0,0,1.2340355,-1.3961935,300,0,3744.6,22.27422675,0.2368,0
2/8/20 21:49,415.25,415.208333333333,0,0,4730.9,20.35,0,2.00361935,1.8,0,843.7,0,0,-2152.689,23.4,0,0,1.22756095,-1.4065065,300,0,3744.6,22.07312325,0.2368,0
2/8/20 21:54,415.333333333333,415.291666666667,0,0,4730.9,20.35,0,2.0049471,1.8,0,843.7,0,0,-2153.181485,23.43112725,0,0,1.22560195,-1.403229,300,0,3744.6,22.10590725,0.23490272,0
2/8/20 21:59,415.416666666667,415.375,0,0,4730.9,20.35,0,2.00470355,1.8,0,843.7,0,0,-2152.992485,23.50222275,0,0,1.21872935,-1.4097355,300,0,3744.6,21.87680775,0.23056928,0
2/8/20 22:04,415.5,415.458333333333,0,0,4730.9,20.35,0,2.004471125,1.8,0,843.7,0,0,-2152.72603,23.505,0,0,1.21691095,-1.4070355,300,0,3744.6,21.94896675,0.2304,0
2/8/20 22:09,415.583333333333,415.541666666667,0,0,4730.9,20.35,0,2.004867425,1.8,0,843.7,0,0,-2153.181485,23.505,0,0,1.21758035,-1.403229,300,0,3744.6,22.2025755,0.2304,0
2/8/20 22:14,415.666666666667,415.625,0,0,4730.9,20.35,0,2.003997575,1.8,0,843.7,0,0,-2153.2,23.505,0,0,1.21088385,-1.4038065,300,0,3744.6,22.1285505,0.2304,0
2/8/20 22:19,415.75,415.708333333333,0,0,4730.9,20.35,0,2.004663875,1.8,0,843.7,0,0,-2153.2,23.505,0,0,1.21165065,-1.390529,300,0,3744.6,22.446939,0.2304,0
2/8/20 22:24,415.833333333333,415.791666666667,0,0,4730.9,20.35,0,2.004174675,1.8,0,843.7,0,0,-2153.2,23.505,0,0,1.20984065,-1.39,300,0,3744.6,22.5994455,0.2304,0
2/8/20 22:29,415.916666666667,415.875,0,0,4730.9,20.35,0,2.004486775,1.8,0,843.7,0,0,-2153.407515,23.505,0,0,1.20621645,-1.39,300,0,3744.6,22.605,0.2304,0
2/8/20 22:34,416,415.958333333333,0,0,4730.9,20.35,0,2.0039071,1.8,0,843.7,0,0,-2153.881485,23.505,0,0,1.20348645,-1.3870355,300,0,3744.6,22.6316805,0.2304,0
2/8/20 22:39,416.083333333333,416.041666666667,0,0,4730.9,20.35,0,2.00284935,1.8,0,843.7,0,0,-2153.692485,23.505,0,0,1.19997775,-1.383229,300,0,3744.6,22.665939,0.2304,0
2/8/20 22:44,416.166666666667,416.125,0,0,4730.9,20.35,0,2.00377,1.8,0,843.7,0,0,-2153.42603,23.505,0,0,1.1919242,-1.3927,300,0,3744.6,22.5184455,0.2304,0
2/8/20 22:49,416.25,416.208333333333,0,0,4730.9,20.35,0,2.00447355,1.8,0,843.7,0,0,-2153.881485,23.505,0,0,1.1816229,-1.3997355,300,0,3744.6,22.2506805,0.2304,0
2/8/20 22:54,416.333333333333,416.291666666667,0,0,4730.9,20.35,0,2.004055325,1.8,0,843.7,0,0,-2154.107515,23.505,0,0,1.17345935,-1.4,300,0,3744.6,22.1005545,0.2304,0
2/8/20 22:59,416.416666666667,416.375,0,0,4730.9,20.35,0,2.003929025,1.8,0,843.7,0,0,-2154.37397,23.505,0,0,1.16886225,-1.4,300,0,3744.6,22.1572545,0.2304,0
2/8/20 23:04,416.5,416.458333333333,0,0,4730.9,20.35,0,2.005475975,1.8,0,843.7,0,0,-2153.918515,23.505,0,0,1.1671371,-1.3970355,300,0,3744.6,22.326126,0.2304,0
2/8/20 23:09,416.583333333333,416.541666666667,0,0,4730.9,20.35,0,2.004243225,1.8,0,843.7,0,0,-2153.9,23.505,0,0,1.16152195,-1.393229,300,0,3744.6,22.3036845,0.2304,0
2/8/20 23:14,416.666666666667,416.625,0,0,4730.9,20.35,0,2.003971125,1.8,0,843.7,0,0,-2153.9,23.5316805,0,0,1.15302095,-1.3997355,300,0,3744.6,22.1651895,0.2304,0
2/8/20 23:19,416.75,416.708333333333,0,0,4730.9,20.35,0,2.004960325,1.8,0,843.7,0,0,-2153.9,23.5926195,0,0,1.1493584,-1.4,300,0,3744.6,22.237191,0.2304,0
2/8/20 23:24,416.833333333333,416.791666666667,0,0,4730.9,20.35,0,2.00470355,1.8,0,843.7,0,0,-2153.9,23.595,0,0,1.14205225,-1.4,300,0,3744.6,22.1005545,0.2304,0
2/8/20 23:29,416.916666666667,416.875,0,0,4730.9,20.35,0,2.003878225,1.8,0,843.7,0,0,-2153.9,23.595,0,0,1.13880935,-1.4,300,0,3744.6,22.1572545,0.2304,0
2/8/20 23:34,417,416.958333333333,0,0,4730.9,20.35,0,2.003809675,1.8,0,843.7,0,0,-2153.9,23.595,0,0,1.1359513,-1.4,300,0,3744.6,22.26831825,0.2304,0
2/8/20 23:39,417.083333333333,417.041666666667,0,0,4730.9,20.35,0,2.003732425,1.8,0,843.7,0,0,-2153.9,23.595,0,0,1.12940645,-1.4,300,0,3744.6,22.20277725,0.2304,0
2/8/20 23:44,417.166666666667,417.125,0,0,4730.9,20.35,0,2.002955475,1.8,0,843.7,0,0,-2153.9,23.595,0,0,1.12426935,-1.4,300,0,3744.6,22.23112725,0.2304,0
2/8/20 23:49,417.25,417.208333333333,0,0,4730.9,20.35,0,2.00492065,1.8,0,843.7,0,0,-2154.107515,23.595,0,0,1.1205971,-1.4,300,0,3744.6,22.30222275,0.22850272,0
2/8/20 23:54,417.333333333333,417.291666666667,0,0,4730.9,20.35,0,2.005148225,1.8,0,843.7,0,0,-2154.37397,23.595,0,0,1.11476065,-1.4,300,0,3744.6,22.27387275,0.22416928,0
2/8/20 23:59,417.416666666667,417.375,0,0,4730.9,20.35,0,2.005190325,1.8,0,843.7,0,0,-2153.711,23.595,0,0,1.10684,-1.4,300,0,3744.6,22.17165,0.224,0
2/9/20 0:04,417.5,417.458333333333,0,0,4730.9,20.35,0,2.0048229,1.8,0,843.7,0,0,-2153.218515,23.595,0,0,1.1000258,-1.4,300,0,3744.6,22.1289045,0.224,0
2/9/20 0:09,417.583333333333,417.541666666667,0,0,4730.9,20.35,0,2.0051771,1.8,0,843.7,0,0,-2153.407515,23.595,0,0,1.09562355,-1.4,300,0,3744.6,22.19722275,0.224,0
2/9/20 0:14,417.666666666667,417.625,0,0,4730.9,20.35,0,2.00452645,1.8,0,843.7,0,0,-2153.881485,23.612787,0,0,1.09094645,-1.4,300,0,3744.6,22.2,0.224,0
2/9/20 0:19,417.75,417.708333333333,0,0,4730.9,20.35,0,2.0045,1.8,0,843.7,0,0,-2153.9,23.66675325,0,0,1.08721645,-1.4,300,0,3744.6,22.23112725,0.224,0
2/9/20 0:24,417.833333333333,417.791666666667,0,0,4730.9,20.35,0,2.00420355,1.8,0,843.7,0,0,-2153.9,23.69880975,0,0,1.0847829,-1.3970355,300,0,3744.6,22.32890325,0.224,0
2/9/20 0:29,417.916666666667,417.875,0,0,4730.9,20.35,0,2.0044158,1.8,0,843.7,0,0,-2154.107515,23.7,0,0,1.0825442,-1.393229,300,0,3744.6,22.37927925,0.224,0
2/9/20 0:34,418,417.958333333333,0,0,4730.9,20.35,0,2.006272425,1.8,0,843.7,0,0,-2154.37397,23.7,0,0,1.0770571,-1.3997355,300,0,3744.6,22.33785,0.224,0
2/9/20 0:39,418.083333333333,418.041666666667,0,0,4730.9,20.35,0,2.005420325,1.8,0,843.7,0,0,-2154.12603,23.7,0,0,1.07159225,-1.3970355,300,0,3744.6,22.33287075,0.224,0
2/9/20 0:44,418.166666666667,418.125,0,0,4730.9,20.35,0,2.003608225,1.8,0,843.7,0,0,-2154.37397,23.7,0,0,1.06946,-1.3902645,300,0,3744.6,22.454874,0.224,0
2/9/20 0:49,418.25,418.208333333333,0,0,4730.9,20.35,0,2.00298435,1.8,0,843.7,0,0,-2153.918515,23.7,0,0,1.06538485,-1.39,300,0,3744.6,22.537191,0.224,0
2/9/20 0:54,418.333333333333,418.291666666667,0,0,4730.9,20.35,0,2.004256775,1.8,0,843.7,0,0,-2154.107515,23.7,0,0,1.0583487,-1.39,300,0,3744.6,22.43168175,0.224,0
2/9/20 0:59,418.416666666667,418.375,0,0,4730.9,20.35,0,2.004825325,1.8,0,843.7,0,0,-2154.581485,23.7,0,0,1.0545971,-1.39,300,0,3744.6,22.49722275,0.224,0
2/9/20 1:04,418.5,418.458333333333,0,0,4730.9,20.35,0,2.003920325,1.8,0,843.7,0,0,-2154.807515,23.7,0,0,1.04935355,-1.39,300,0,3744.6,22.46887275,0.224,0
2/9/20 1:09,418.583333333333,418.541666666667,0,0,4730.9,20.35,0,2.00284935,1.8,0,843.7,0,0,-2155.281485,23.7,0,0,1.04426935,-1.39,300,0,3744.6,22.4289045,0.224,0
2/9/20 1:14,418.666666666667,418.625,0,0,4730.9,20.35,0,2.00347355,1.8,0,843.7,0,0,-2155.092485,23.73112725,0,0,1.03970775,-1.39,300,0,3744.6,22.4660955,0.224,0
2/9/20 1:19,418.75,418.708333333333,0,0,4730.9,20.35,0,2.003944675,1.8,0,843.7,0,0,-2154.82603,23.80222275,0,0,1.03272935,-1.39,300,0,3744.6,22.4289045,0.224,0
2/9/20 1:24,418.833333333333,418.791666666667,0,0,4730.9,20.35,0,2.0042192,1.8,0,843.7,0,0,-2155.281485,23.805,0,0,1.02765,-1.39,300,0,3744.6,22.49722275,0.224,0
2/9/20 1:29,418.916666666667,418.875,0,0,4730.9,20.35,0,2.00330725,1.8,0,843.7,0,0,-2155.507515,23.805,0,0,1.0238358,-1.3870355,300,0,3744.6,22.55780775,0.224,0
2/9/20 1:34,419,418.958333333333,0,0,4730.9,20.35,0,2.00419275,1.8,0,843.7,0,0,-2155.981485,23.805,0,0,1.02065485,-1.383229,300,0,3744.6,22.66316175,0.224,0
2/9/20 1:39,419.083333333333,419.041666666667,0,0,4730.9,20.35,0,2.0024179,1.8,0,843.7,0,0,-2156,23.805,0,0,1.01372935,-1.3897355,300,0,3744.6,22.57625325,0.22210272,0
2/9/20 1:44,419.166666666667,419.125,0,0,4730.9,20.35,0,2.00275435,1.8,0,843.7,0,0,-2156.207515,23.805,0,0,1.00865,-1.39,300,0,3744.6,22.50277725,0.21776928,0
2/9/20 1:49,419.25,419.208333333333,0,0,4730.9,20.35,0,2.0039892,1.8,0,843.7,0,0,-2156.681485,23.805,0,0,1.00394645,-1.39,300,0,3744.6,22.53112725,0.2176,0
2/9/20 1:54,419.333333333333,419.291666666667,0,0,4730.9,20.35,0,2.0031879,1.8,0,843.7,0,0,-2156.7,23.805,0,0,1.00021645,-1.3870355,300,0,3744.6,22.62890325,0.2176,0
2/9/20 1:59,419.416666666667,419.375,0,0,4730.9,20.35,0,2.003783225,1.8,0,843.7,0,0,-2156.7,23.805,0,0,0.9948184,-1.383229,300,0,3744.6,22.63481175,0.2176,0
2/9/20 2:04,419.5,419.458333333333,0,0,4730.9,20.35,0,2.00388065,1.8,0,843.7,0,0,-2156.7,23.805,0,0,0.9852158,-1.3897355,300,0,3744.6,22.50515775,0.2176,0
2/9/20 2:09,419.583333333333,419.541666666667,0,0,4730.9,20.35,0,2.0031458,1.8,0,843.7,0,0,-2156.907515,23.805,0,0,0.97811,-1.39,300,0,3744.6,22.5,0.2176,0
2/9/20 2:14,419.666666666667,419.625,0,0,4730.9,20.35,0,2.00459483255814,1.8,0,843.7,0,0,-2157.381485,23.805,0,0,0.971412359302326,-1.39,300,0,3744.6,22.5,0.2176,0
2/9/20 2:19,419.75,419.708333333333,0,0,4730.9,20.35,0,2.00513337855297,1.8,0,843.7,0,0,-2157.4,23.805,0,0,0.964517790697674,-1.39,300,0,3744.6,22.4691416666667,0.2176,0
2/9/20 2:24,419.833333333333,419.791666666667,0,0,4730.9,20.35,0,2.00489861111111,1.8,0,843.7,0,0,-2157.4,23.805,0,0,0.956775555555556,-1.39,300,0,3744.6,22.4287166666667,0.2176,0
2/9/20 2:29,419.916666666667,419.875,0,0,4730.9,20.35,0,2.00355444444444,1.8,0,843.7,0,0,-2157.4,23.805,0,0,0.951078888888889,-1.39,300,0,3744.6,22.4971416666667,0.2176,0
2/9/20 2:34,420,419.958333333333,0,0,4730.9,20.35,0,2.0035,1.8,0,843.7,0,0,-2157.4,23.805,0,0,0.944721111111111,-1.39,300,0,3744.6,22.5,0.2176,0
2/9/20 2:39,420.083333333333,420.041666666667,0,0,4730.9,20.35,0,2.00305916666667,1.8,0,843.7,0,0,-2157.60572222222,23.8270416666667,0,0,0.937903333333333,-1.39,300,0,3744.6,22.4691416666667,0.2176,0
2/9/20 2:44,420.166666666667,420.125,0,0,4730.9,20.35,0,2.00262861111111,1.8,0,843.7,0,0,-2158.08094444444,23.8823666666667,0,0,0.929123888888889,-1.39,300,0,3744.6,22.4287166666667,0.2176,0
2/9/20 2:49,420.25,420.208333333333,0,0,4730.9,20.35,0,2.00350472222222,1.8,0,843.7,0,0,-2158.1,23.8945916666667,0,0,0.923757777777778,-1.39,300,0,3744.6,22.4971416666667,0.2176,0
2/9/20 2:54,420.333333333333,420.291666666667,0,0,4730.9,20.35,0,2.00268777777778,1.8,0,843.7,0,0,-2158.1,23.895,0,0,0.916160555555556,-1.39,300,0,3744.6,22.5,0.2176,0
2/9/20 2:59,420.416666666667,420.375,0,0,4730.9,20.35,0,2.00313333333333,1.8,0,843.7,0,0,-2158.30572222222,23.895,0,0,0.909427222222222,-1.39,300,0,3744.6,22.5308583333333,0.2176,0
2/9/20 3:04,420.5,420.458333333333,0,0,4730.9,20.35,0,2.00275166666667,1.8,0,843.7,0,0,-2158.57522222222,23.895,0,0,0.901048888888889,-1.39293888888889,300,0,3744.6,22.513975,0.2176,0
2/9/20 3:09,420.583333333333,420.541666666667,0,0,4730.9,20.35,0,2.0025375,1.8,0,843.7,0,0,-2158.11905555556,23.895,0,0,0.891087222222222,-1.39678888888889,300,0,3744.6,22.4013333333333,0.2176,0
2/9/20 3:14,420.666666666667,420.625,0,0,4730.9,20.35,0,2.00557,1.8,0,843.7,0,0,-2158.1,23.895,0,0,0.887382222222222,-1.39027222222222,300,0,3744.6,22.565975,0.2176,0
2/9/20 3:19,420.75,420.708333333333,0,0,4730.9,20.35,0,2.00532111111111,1.8,0,843.7,0,0,-2158.1,23.895,0,0,0.879775555555556,-1.39,300,0,3744.6,22.5337166666667,0.2176,0
2/9/20 3:24,420.833333333333,420.791666666667,0,0,4730.9,20.35,0,2.00553194444444,1.8,0,843.7,0,0,-2158.30572222222,23.895,0,0,0.873491111111111,-1.39,300,0,3744.6,22.5712833333333,0.2176,0
2/9/20 3:29,420.916666666667,420.875,0,0,4730.9,20.35,0,2.00424694444444,1.8,0,843.7,0,0,-2158.57522222222,23.895,0,0,0.865187777777778,-1.39,300,0,3744.6,22.5028583333333,0.215719111111111,0
2/9/20 3:34,421,420.958333333333,0,0,4730.9,20.35,0,2.00396805555556,1.8,0,843.7,0,0,-2158.11905555556,23.895,0,0,0.857545555555556,-1.39,300,0,3744.6,22.5,0.211374222222222,0
2/9/20 3:39,421.083333333333,421.041666666667,0,0,4730.9,20.35,0,2.00481222222222,1.8,0,843.7,0,0,-2158.1,23.895,0,0,0.849187777777778,-1.39,300,0,3744.6,22.5,0.2112,0
2/9/20 3:44,421.166666666667,421.125,0,0,4730.9,20.35,0,2.00495444444444,1.8,0,843.7,0,0,-2158.1,23.895,0,0,0.840957777777778,-1.39293888888889,300,0,3744.6,22.4426916666667,0.2112,0
2/9/20 3:49,421.25,421.208333333333,0,0,4730.9,20.35,0,2.00522444444444,1.8,0,843.7,0,0,-2158.1,23.895,0,0,0.832417777777778,-1.39678888888889,300,0,3744.6,22.3676166666667,0.2112,0
2/9/20 3:54,421.333333333333,421.291666666667,0,0,4730.9,20.35,0,2.00415583333333,1.8,0,843.7,0,0,-2158.1,23.895,0,0,0.828024444444444,-1.39027222222222,300,0,3744.6,22.4946916666667,0.2112,0
2/9/20 3:59,421.416666666667,421.375,0,0,4730.9,20.35,0,2.0055925,1.8,0,843.7,0,0,-2158.30572222222,23.895,0,0,0.822308888888889,-1.38706111111111,300,0,3744.6,22.5573083333333,0.2112,0
2/9/20 4:04,421.5,421.458333333333,0,0,4730.9,20.35,0,2.00525166666667,1.8,0,843.7,0,0,-2158.78094444444,23.895,0,0,0.818612222222222,-1.38027222222222,300,0,3744.6,22.72055,0.2112,0
2/9/20 4:09,421.583333333333,421.541666666667,0,0,4730.9,20.35,0,2.00312722222222,1.8,0,843.7,0,0,-2158.38855555556,23.895,0,0,0.812491111111111,-1.38,300,0,3744.6,22.7662833333333,0.2112,0
2/9/20 4:14,421.666666666667,421.625,0,0,4730.9,20.35,0,2.00262861111111,1.8,0,843.7,0,0,-2157.84955555556,23.895,0,0,0.8036,-1.38293888888889,300,0,3744.6,22.6714083333333,0.2112,0
2/9/20 4:19,421.75,421.708333333333,0,0,4730.9,20.35,0,2.00453333333333,1.8,0,843.7,0,0,-2158.76188888889,23.895,0,0,0.795775555555556,-1.38972777777778,300,0,3744.6,22.60745,0.2112,0
2/9/20 4:24,421.833333333333,421.791666666667,0,0,4730.9,20.35,0,2.00623944444444,1.8,0,843.7,0,0,-2158.59427777778,23.895,0,0,0.790078888888889,-1.39,300,0,3744.6,22.605,0.2112,0
2/9/20 4:29,421.916666666667,421.875,0,0,4730.9,20.35,0,2.00667888888889,1.8,0,843.7,0,0,-2158.11905555556,23.895,0,0,0.782251666666667,-1.39,300,0,3744.6,22.5432833333333,0.2112,0
2/9/20 4:34,422,421.958333333333,0,0,4730.9,20.35,0,2.0052925,1.8,0,843.7,0,0,-2158.1,23.895,0,0,0.774390555555555,-1.39,300,0,3744.6,22.4624333333333,0.2112,0
2/9/20 4:39,422.083333333333,422.041666666667,0,0,4730.9,20.35,0,2.00356805555556,1.8,0,843.7,0,0,-2158.30572222222,23.895,0,0,0.770024444444445,-1.39,300,0,3744.6,22.5992833333333,0.2112,0
2/9/20 4:44,422.166666666667,422.125,0,0,4730.9,20.35,0,2.0035,1.8,0,843.7,0,0,-2158.78094444444,23.895,0,0,0.763721111111111,-1.39,300,0,3744.6,22.605,0.2112,0
2/9/20 4:49,422.25,422.208333333333,0,0,4730.9,20.35,0,2.00364694444444,1.8,0,843.7,0,0,-2158.8,23.895,0,0,0.758666666666667,-1.39,300,0,3744.6,22.605,0.2112,0
2/9/20 4:54,422.333333333333,422.291666666667,0,0,4730.9,20.35,0,2.00383944444444,1.8,0,843.7,0,0,-2158.8,23.895,0,0,0.751609444444444,-1.39,300,0,3744.6,22.5432833333333,0.2112,0
2/9/20 4:59,422.416666666667,422.375,0,0,4730.9,20.35,0,2.00395444444444,1.8,0,843.7,0,0,-2158.8,23.895,0,0,0.743032777777778,-1.39,300,0,3744.6,22.431575,0.2112,0
2/9/20 5:04,422.5,422.458333333333,0,0,4730.9,20.35,0,2.00466527777778,1.8,0,843.7,0,0,-2158.8,23.895,0,0,0.741145555555556,-1.38706111111111,300,0,3744.6,22.55445,0.2112,0
2/9/20 5:09,422.583333333333,422.541666666667,0,0,4730.9,20.35,0,2.00388027777778,1.8,0,843.7,0,0,-2158.8,23.895,0,0,0.737024444444444,-1.38321111111111,300,0,3744.6,22.6632416666667,0.2112,0
2/9/20 5:14,422.666666666667,422.625,0,0,4730.9,20.35,0,2.00321972222222,1.8,0,843.7,0,0,-2158.8,23.895,0,0,0.729545555555556,-1.38972777777778,300,0,3744.6,22.5765916666667,0.2112,0
2/9/20 5:19,422.75,422.708333333333,0,0,4730.9,20.35,0,2.00296805555556,1.8,0,843.7,0,0,-2158.8,23.9258583333333,0,0,0.721187777777778,-1.39,300,0,3744.6,22.5028583333333,0.2112,0
2/9/20 5:24,422.833333333333,422.791666666667,0,0,4730.9,20.35,0,2.00395916666667,1.8,0,843.7,0,0,-2158.59427777778,23.9971416666667,0,0,0.715015,-1.39,300,0,3744.6,22.5308583333333,0.2112,0
2/9/20 5:29,422.916666666667,422.875,0,0,4730.9,20.35,0,2.00385305555556,1.8,0,843.7,0,0,-2158.32477777778,24,0,0,0.710051666666667,-1.39,300,0,3744.6,22.6021416666667,0.2112,0
2/9/20 5:34,423,422.958333333333,0,0,4730.9,20.35,0,2.00424833333333,1.8,0,843.7,0,0,-2158.78094444444,24,0,0,0.704308888888889,-1.39,300,0,3744.6,22.605,0.2112,0
2/9/20 5:39,423.083333333333,423.041666666667,0,0,4730.9,20.35,0,2.005785,1.8,0,843.7,0,0,-2159.00572222222,24,0,0,0.700318333333333,-1.39,300,0,3744.6,22.5829583333333,0.2112,0
2/9/20 5:44,423.166666666667,423.125,0,0,4730.9,20.35,0,2.00566055555556,1.8,0,843.7,0,0,-2159.48094444444,24,0,0,0.694106111111111,-1.39,300,0,3744.6,22.523225,0.2112,0
2/9/20 5:49,423.25,423.208333333333,0,0,4730.9,20.35,0,2.00525166666667,1.8,0,843.7,0,0,-2159.29427777778,24,0,0,0.688308888888889,-1.38706111111111,300,0,3744.6,22.558125,0.2112,0
2/9/20 5:54,423.333333333333,423.291666666667,0,0,4730.9,20.35,0,2.00386194444444,1.8,0,843.7,0,0,-2158.81905555556,24,0,0,0.684024444444444,-1.38321111111111,300,0,3744.6,22.6632416666667,0.2112,0
2/9/20 5:59,423.416666666667,423.375,0,0,4730.9,20.35,0,2.003885,1.8,0,843.7,0,0,-2158.8,24,0,0,0.678308888888889,-1.38678888888889,300,0,3744.6,22.6339,0.2112,0
2/9/20 6:04,423.5,423.458333333333,0,0,4730.9,20.35,0,2.00284833333333,1.8,0,843.7,0,0,-2159.00572222222,24,0,0,0.674612222222222,-1.38027222222222,300,0,3744.6,22.69255,0.2112,0
2/9/20 6:09,423.583333333333,423.541666666667,0,0,4730.9,20.35,0,2.00332583333333,1.8,0,843.7,0,0,-2159.27522222222,24,0,0,0.668785,-1.38293888888889,300,0,3744.6,22.66855,0.2112,0
2/9/20 6:14,423.666666666667,423.625,0,0,4730.9,20.35,0,2.0033075,1.8,0,843.7,0,0,-2159.02477777778,24,0,0,0.661160555555556,-1.38972777777778,300,0,3744.6,22.5765916666667,0.2112,0
2/9/20 6:19,423.75,423.708333333333,0,0,4730.9,20.35,0,2.00397277777778,1.8,0,843.7,0,0,-2159.48094444444,24,0,0,0.655015,-1.39,300,0,3744.6,22.5028583333333,0.2112,0
2/9/20 6:24,423.833333333333,423.791666666667,0,0,4730.9,20.35,0,2.00370611111111,1.8,0,843.7,0,0,-2159.5,24,0,0,0.651227222222222,-1.39,300,0,3744.6,22.5308583333333,0.2112,0
2/9/20 6:29,423.916666666667,423.875,0,0,4730.9,20.35,0,2.00332013473607,1.8,0,843.7,0,0,-2159.5,24,0,0,0.648202929125138,-1.38707087486157,300,0,3744.6,22.6285037929125,0.2112,0
2/9/20 6:34,424,423.958333333333,0,0,4730.9,20.35,0,2.00440909581949,1.8,0,843.7,0,0,-2159.5,24,0,0,0.644918381985973,-1.38027912513843,300,0,3744.6,22.6924878737542,0.2112,0
2/9/20 6:39,424.083333333333,424.041666666667,0,0,4730.9,20.35,0,2.00531232222222,1.8,0,843.7,0,0,-2159.29606277778,24,0,0,0.639198633333333,-1.38291338888889,300,0,3744.6,22.6381889166667,0.209335431111111,0
2/9/20 6:44,424.166666666667,424.125,0,0,4730.9,20.35,0,2.00501400277778,1.8,0,843.7,0,0,-2159.02354111111,24,0,0,0.631697377777778,-1.38971994444444,300,0,3744.6,22.5360516666667,0.206843804444444,0
2/9/20 6:49,424.25,424.208333333333,0,0,4730.9,20.35,0,2.00456299166667,1.8,0,843.7,0,0,-2159.27645888889,24,0,0,0.628307977777778,-1.39,300,0,3744.6,22.6020594166667,0.209156195555556,0
2/9/20 6:54,424.333333333333,424.291666666667,0,0,4730.9,20.35,0,2.00354200833333,1.8,0,843.7,0,0,-2158.81960388889,24,0,0,0.623294016666667,-1.39,300,0,3744.6,22.605,0.204979235555556,0
2/9/20 6:59,424.416666666667,424.375,0,0,4730.9,20.35,0,2.00320866111111,1.8,0,843.7,0,0,-2158.8,24,0,0,0.619627322222222,-1.39,300,0,3744.6,22.605,0.2048,0
2/9/20 7:04,424.5,424.458333333333,0,0,4730.9,20.35,0,2.00252800555556,1.8,0,843.7,0,0,-2158.8,24,0,0,0.613809316666667,-1.39,300,0,3744.6,22.5744094166667,0.2048,0
2/9/20 7:09,424.583333333333,424.541666666667,0,0,4730.9,20.35,0,2.00308267777778,1.8,0,843.7,0,0,-2159.00393722222,24,0,0,0.607932705555556,-1.39,300,0,3744.6,22.5335311666667,0.2048,0
2/9/20 7:14,424.666666666667,424.625,0,0,4730.9,20.35,0,2.00356997222222,1.8,0,843.7,0,0,-2159.27645888889,24,0,0,0.606736666666667,-1.38708661111111,300,0,3744.6,22.6588705,0.2048,0
2/9/20 7:19,424.75,424.708333333333,0,0,4730.9,20.35,0,2.00216669444444,1.8,0,843.7,0,0,-2158.81960388889,24,0,0,0.604279972222222,-1.38028005555556,300,0,3744.6,22.7639483333333,0.2048,0
2/9/20 7:24,424.833333333333,424.791666666667,0,0,4730.9,20.35,0,2.00402666666667,1.8,0,843.7,0,0,-2158.8,24,0,0,0.59842,-1.38291338888889,300,0,3744.6,22.6717200833333,0.2048,0
2/9/20 7:29,424.916666666667,424.875,0,0,4730.9,20.35,0,2.00471564166667,1.8,0,843.7,0,0,-2159.00393722222,24,0,0,0.593294016666667,-1.38680655555556,300,0,3744.6,22.633741,0.2048,0
2/9/20 7:34,425,424.958333333333,0,0,4730.9,20.35,0,2.0040897,1.8,0,843.7,0,0,-2159.27645888889,24,0,0,0.59021,-1.38028005555556,300,0,3744.6,22.6924795,0.2048,0
2/9/20 7:39,425.083333333333,425.041666666667,0,0,4730.9,20.35,0,2.00581930277778,1.8,0,843.7,0,0,-2158.81960388889,24,0,0,0.586627322222222,-1.38,300,0,3744.6,22.695,0.2048,0
2/9/20 7:44,425.166666666667,425.125,0,0,4730.9,20.35,0,2.00455601111111,1.8,0,843.7,0,0,-2158.8,24,0,0,0.581100655555556,-1.38291338888889,300,0,3744.6,22.6687795,0.2048,0
2/9/20 7:49,425.25,425.208333333333,0,0,4730.9,20.35,0,2.00420866111111,1.8,0,843.7,0,0,-2158.8,24,0,0,0.575613361111111,-1.38680655555556,300,0,3744.6,22.633741,0.2048,0
2/9/20 7:54,425.333333333333,425.291666666667,0,0,4730.9,20.35,0,2.00352800555556,1.8,0,843.7,0,0,-2158.8,24,0,0,0.572890655555556,-1.38028005555556,300,0,3744.6,22.6924795,0.2048,0
2/9/20 7:59,425.416666666667,425.375,0,0,4730.9,20.35,0,2.00320866111111,1.8,0,843.7,0,0,-2158.8,24,0,0,0.569238005555556,-1.38,300,0,3744.6,22.695,0.2048,0
2/9/20 8:04,425.5,425.458333333333,0,0,4730.9,20.35,0,2.00311068333333,1.8,0,843.7,0,0,-2159.00393722222,24,0,0,0.565918661111111,-1.38,300,0,3744.6,22.695,0.2048,0
2/9/20 8:09,425.583333333333,425.541666666667,0,0,4730.9,20.35,0,2.00429831944444,1.8,0,843.7,0,0,-2159.27645888889,24,0,0,0.562529344444445,-1.38,300,0,3744.6,22.695,0.2048,0
2/9/20 8:14,425.666666666667,425.625,0,0,4730.9,20.35,0,2.00474235,1.8,0,843.7,0,0,-2159.02354111111,24,0,0,0.560181994444444,-1.38,300,0,3744.6,22.7124803333333,0.2048,0
2/9/20 8:19,425.75,425.708333333333,0,0,4730.9,20.35,0,2.00555596944444,1.8,0,843.7,0,0,-2159.27645888889,24,0,0,0.556918661111111,-1.38,300,0,3744.6,22.7358393333333,0.2048,0
2/9/20 8:24,425.833333333333,425.791666666667,0,0,4730.9,20.35,0,2.00358401666667,1.8,0,843.7,0,0,-2158.81960388889,24,0,0,0.553820683333333,-1.38,300,0,3744.6,22.7272709166667,0.2048,0
2/9/20 8:29,425.916666666667,425.875,0,0,4730.9,20.35,0,2.00379133888889,1.8,0,843.7,0,0,-2158.8,24,0,0,0.552153988888889,-1.38,300,0,3744.6,22.7970594166667,0.2048,0
2/9/20 8:34,426,425.958333333333,0,0,4730.9,20.35,0,2.00388931666667,1.8,0,843.7,0,0,-2159.00393722222,24,0,0,0.548918661111111,-1.38,300,0,3744.6,22.7694094166667,0.2048,0
2/9/20 8:39,426.083333333333,426.041666666667,0,0,4730.9,20.35,0,2.00241034166667,1.8,0,843.7,0,0,-2159.48039611111,24.01311025,0,0,0.544363988888889,-1.38291338888889,300,0,3744.6,22.6717200833333,0.2048,0
2/9/20 8:44,426.166666666667,426.125,0,0,4730.9,20.35,0,2.00288801944444,1.8,0,843.7,0,0,-2159.29606277778,24.0612200833333,0,0,0.53842,-1.38971994444444,300,0,3744.6,22.5769299166667,0.2048,0
2/9/20 8:49,426.25,426.208333333333,0,0,4730.9,20.35,0,2.004478975,1.8,0,843.7,0,0,-2158.81960388889,24.1033196666667,0,0,0.533294016666666,-1.39,300,0,3744.6,22.5029405833333,0.2048,0
2/9/20 8:54,426.333333333333,426.291666666667,0,0,4730.9,20.35,0,2.00383334722222,1.8,0,843.7,0,0,-2158.8,24.105,0,0,0.531084016666667,-1.39,300,0,3744.6,22.5305905833333,0.2048,0
2/9/20 8:59,426.416666666667,426.375,0,0,4730.9,20.35,0,2.00418065555556,1.8,0,843.7,0,0,-2158.8,24.105,0,0,0.529834644444444,-1.39,300,0,3744.6,22.5714688333333,0.2048,0
2/9/20 9:04,426.5,426.458333333333,0,0,4730.9,20.35,0,2.00381934444444,1.8,0,843.7,0,0,-2159.00393722222,24.105,0,0,0.525946666666667,-1.39,300,0,3744.6,22.47235,0.2048,0
2/9/20 9:09,426.583333333333,426.541666666667,0,0,4730.9,20.35,0,2.00388931666667,1.8,0,843.7,0,0,-2159.27645888889,24.105,0,0,0.523403361111111,-1.39,300,0,3744.6,22.4285311666667,0.2048,0
2/9/20 9:14,426.666666666667,426.625,0,0,4730.9,20.35,0,2.00343002777778,1.8,0,843.7,0,0,-2159.02354111111,24.105,0,0,0.521932622222222,-1.39291338888889,300,0,3744.6,22.40965775,0.2048,0
2/9/20 9:19,426.75,426.708333333333,0,0,4730.9,20.35,0,2.00512464444444,1.8,0,843.7,0,0,-2159.48039611111,24.105,0,0,0.516030683333333,-1.39971994444444,300,0,3744.6,22.1778110833333,0.2048,0
2/9/20 9:24,426.833333333333,426.791666666667,0,0,4730.9,20.35,0,2.00423666666667,1.8,0,843.7,0,0,-2159.5,24.105,0,0,0.51107265,-1.40291338888889,300,0,3744.6,22.0105389166667,0.202935431111111,0
2/9/20 9:29,426.916666666667,426.875,0,0,4730.9,20.35,0,2.00352800555556,1.8,0,843.7,0,0,-2159.5,24.105,0,0,0.507070055555556,-1.40971994444444,300,0,3744.6,21.83399225,0.198579235555556,0
2/9/20 9:34,427,426.958333333333,0,0,4730.9,20.35,0,2.00379133888889,1.8,0,843.7,0,0,-2159.5,24.0744094166667,0,0,0.509498661111111,-1.41,300,0,3744.6,21.92765,0.1984,0
2/9/20 9:39,427.083333333333,427.041666666667,0,0,4730.9,20.35,0,2.00403498611111,1.8,0,843.7,0,0,-2159.5,24.0029405833333,0,0,0.510943988888889,-1.40708661111111,300,0,3744.6,22.0282799166667,0.1984,0
2/9/20 9:44,427.166666666667,427.125,0,0,4730.9,20.35,0,2.003916025,1.8,0,843.7,0,0,-2159.5,24,0,0,0.511291338888889,-1.40028005555556,300,0,3744.6,22.1230700833333,0.1984,0
2/9/20 9:49,427.25,427.208333333333,0,0,4730.9,20.35,0,2.00591598333333,1.8,0,843.7,0,0,-2159.70393722222,24,0,0,0.511389316666667,-1.4,300,0,3744.6,22.1970594166667,0.1984,0
2/9/20 9:54,427.333333333333,427.291666666667,0,0,4730.9,20.35,0,2.00527165277778,1.8,0,843.7,0,0,-2160.18039611111,24,0,0,0.508890655555556,-1.4,300,0,3744.6,22.1694094166667,0.1984,0
2/9/20 9:59,427.416666666667,427.375,0,0,4730.9,20.35,0,2.00415269166667,1.8,0,843.7,0,0,-2160.2,24,0,0,0.505820683333333,-1.4,300,0,3744.6,22.0979405833333,0.1984,0
2/9/20 10:04,427.5,427.458333333333,0,0,4730.9,20.35,0,2.00442430277778,1.8,0,843.7,0,0,-2160.2,24,0,0,0.503571311111111,-1.40291338888889,300,0,3744.6,22.0687795,0.1984,0
2/9/20 10:09,427.583333333333,427.541666666667,0,0,4730.9,20.35,0,2.00224368888889,1.8,0,843.7,0,0,-2160.2,24,0,0,0.499266011111111,-1.40971994444444,300,0,3744.6,22.0075205,0.1984,0
2/9/20 10:14,427.666666666667,427.625,0,0,4730.9,20.35,0,2.00292300555556,1.8,0,843.7,0,0,-2160.2,24,0,0,0.497084016666667,-1.40708661111111,300,0,3744.6,22.0312205,0.1984,0
2/9/20 10:19,427.75,427.708333333333,0,0,4730.9,20.35,0,2.00410366111111,1.8,0,843.7,0,0,-2160.2,24,0,0,0.496708661111111,-1.40028005555556,300,0,3744.6,22.1230700833333,0.1984,0
2/9/20 10:24,427.833333333333,427.791666666667,0,0,4730.9,20.35,0,2.00404898888889,1.8,0,843.7,0,0,-2160.2,24,0,0,0.496028005555556,-1.4,300,0,3744.6,22.22765,0.1984,0
2/9/20 10:29,427.916666666667,427.875,0,0,4730.9,20.35,0,2.00362468611111,1.8,0,843.7,0,0,-2160.2,24,0,0,0.495708661111111,-1.4,300,0,3744.6,22.3020594166667,0.1984,0
2/9/20 10:34,428,427.958333333333,0,0,4730.9,20.35,0,2.00479831944444,1.8,0,843.7,0,0,-2159.99606277778,24,0,0,0.494445327777778,-1.39708661111111,300,0,3744.6,22.3312205,0.1984,0
2/9/20 10:39,428.083333333333,428.041666666667,0,0,4730.9,20.35,0,2.00451400277778,1.8,0,843.7,0,0,-2159.72354111111,24,0,0,0.492473333333333,-1.39028005555556,300,0,3744.6,22.3924795,0.1984,0
2/9/20 10:44,428.166666666667,428.125,0,0,4730.9,20.35,0,2.00493700833333,1.8,0,843.7,0,0,-2160.18039611111,24,0,0,0.49134735,-1.39,300,0,3744.6,22.4255905833333,0.1984,0
2/9/20 10:49,428.25,428.208333333333,0,0,4730.9,20.35,0,2.00610366111111,1.8,0,843.7,0,0,-2159.99606277778,24,0,0,0.491389316666667,-1.39,300,0,3744.6,22.4970594166667,0.1984,0
2/9/20 10:54,428.333333333333,428.291666666667,0,0,4730.9,20.35,0,2.00619465833333,1.8,0,843.7,0,0,-2159.72354111111,24,0,0,0.490056011111111,-1.39,300,0,3744.6,22.5,0.1984,0
2/9/20 10:59,428.416666666667,428.375,0,0,4730.9,20.35,0,2.00494532777778,1.8,0,843.7,0,0,-2160.18039611111,24,0,0,0.489125983333333,-1.39,300,0,3744.6,22.5,0.1984,0
2/9/20 11:04,428.5,428.458333333333,0,0,4730.9,20.35,0,2.00384735,1.8,0,843.7,0,0,-2160.2,24,0,0,0.48621,-1.39,300,0,3744.6,22.4694094166667,0.1984,0
2/9/20 11:09,428.583333333333,428.541666666667,0,0,4730.9,20.35,0,2.00476333333333,1.8,0,843.7,0,0,-2159.99606277778,24,0,0,0.482627322222222,-1.39,300,0,3744.6,22.3979405833333,0.1984,0
2/9/20 11:14,428.666666666667,428.625,0,0,4730.9,20.35,0,2.00488931666667,1.8,0,843.7,0,0,-2159.51960388889,24,0,0,0.479431366666667,-1.39,300,0,3744.6,22.4255905833333,0.1984,0
2/9/20 11:19,428.75,428.708333333333,0,0,4730.9,20.35,0,2.00311900277778,1.8,0,843.7,0,0,-2159.5,24,0,0,0.479097977777778,-1.39,300,0,3744.6,22.4664688333333,0.1984,0
2/9/20 11:24,428.833333333333,428.791666666667,0,0,4730.9,20.35,0,2.00218767777778,1.8,0,843.7,0,0,-2159.5,24,0,0,0.476792677777778,-1.39,300,0,3744.6,22.3979405833333,0.1984,0
2/9/20 11:29,428.916666666667,428.875,0,0,4730.9,20.35,0,2.003068675,1.8,0,843.7,0,0,-2159.5,24,0,0,0.476028005555556,-1.39,300,0,3744.6,22.395,0.1984,0
2/9/20 11:34,429,428.958333333333,0,0,4730.9,20.35,0,2.00458965833333,1.8,0,843.7,0,0,-2159.70393722222,24,0,0,0.475125983333333,-1.39291338888889,300,0,3744.6,22.3687795,0.1984,0
2/9/20 11:39,429.083333333333,429.041666666667,0,0,4730.9,20.35,0,2.00498599722222,1.8,0,843.7,0,0,-2159.97645888889,24,0,0,0.47221,-1.39971994444444,300,0,3744.6,22.3075205,0.1984,0
2/9/20 11:44,429.166666666667,429.125,0,0,4730.9,20.35,0,2.00470866111111,1.8,0,843.7,0,0,-2159.51960388889,24,0,0,0.469501338888889,-1.4,300,0,3744.6,22.305,0.196535431111111,0
2/9/20 11:49,429.25,429.208333333333,0,0,4730.9,20.35,0,2.00388233611111,1.8,0,843.7,0,0,-2159.5,24,0,0,0.469221366666667,-1.39708661111111,300,0,3744.6,22.3312205,0.192179235555556,0
2/9/20 11:54,429.333333333333,429.291666666667,0,0,4730.9,20.35,0,2.00351400277778,1.8,0,843.7,0,0,-2159.70393722222,23.9694094166667,0,0,0.471887977777778,-1.39319344444444,300,0,3744.6,22.366259,0.192,0
2/9/20 11:59,429.416666666667,429.375,0,0,4730.9,20.35,0,2.00364566944444,1.8,0,843.7,0,0,-2160.18039611111,23.8979405833333,0,0,0.473456694444444,-1.39680655555556,300,0,3744.6,22.333741,0.192,0
2/9/20 12:04,429.5,429.458333333333,0,0,4730.9,20.35,0,2.00413166666667,1.8,0,843.7,0,0,-2160.2,23.895,0,0,0.475403277777778,-1.39319344444444,300,0,3744.6,22.3050778333333,0.192,0
2/9/20 12:09,429.583333333333,429.541666666667,0,0,4730.9,20.35,0,2.00419465833333,1.8,0,843.7,0,0,-2160.2,23.895,0,0,0.472140027777778,-1.40263333333333,300,0,3744.6,22.0771811666667,0.192,0
2/9/20 12:14,429.666666666667,429.625,0,0,4730.9,20.35,0,2.00352800555556,1.8,0,843.7,0,0,-2160.2,23.895,0,0,0.473165355555555,-1.40971994444444,300,0,3744.6,22.0075205,0.192,0
2/9/20 12:19,429.75,429.708333333333,0,0,4730.9,20.35,0,2.0035,1.8,0,843.7,0,0,-2160.2,23.8687795,0,0,0.475013961111111,-1.41,300,0,3744.6,21.9438188333333,0.192,0
2/9/20 12:24,429.833333333333,429.791666666667,0,0,4730.9,20.35,0,2.00320866111111,1.8,0,843.7,0,0,-2160.2,23.8075205,0,0,0.473084016666667,-1.41,300,0,3744.6,21.8008811666667,0.192,0
2/9/20 12:29,429.916666666667,429.875,0,0,4730.9,20.35,0,2.00296501388889,1.8,0,843.7,0,0,-2160.2,23.805,0,0,0.473582677777778,-1.41,300,0,3744.6,21.8255905833333,0.192,0
2/9/20 12:34,430,429.958333333333,0,0,4730.9,20.35,0,2.004395,1.8,0,843.7,0,0,-2160.2,23.805,0,0,0.475235327777778,-1.41,300,0,3744.6,21.92765,0.192,0
2/9/20 12:39,430.083333333333,430.041666666667,0,0,4730.9,20.35,0,2.00531232222222,1.8,0,843.7,0,0,-2160.2,23.805,0,0,0.476554672222222,-1.40708661111111,300,0,3744.6,22.0588705,0.192,0
2/9/20 12:44,430.166666666667,430.125,0,0,4730.9,20.35,0,2.00515967222222,1.8,0,843.7,0,0,-2160.2,23.7744094166667,0,0,0.477361311111111,-1.40028005555556,300,0,3744.6,22.1945389166667,0.192,0
2/9/20 12:49,430.25,430.208333333333,0,0,4730.9,20.35,0,2.00490331944444,1.8,0,843.7,0,0,-2160.2,23.7029405833333,0,0,0.475764672222222,-1.4,300,0,3744.6,22.2,0.192,0
2/9/20 12:54,430.333333333333,430.291666666667,0,0,4730.9,20.35,0,2.00297333333333,1.8,0,843.7,0,0,-2160.2,23.7,0,0,0.475028005555556,-1.4,300,0,3744.6,22.2305905833333,0.192,0
2/9/20 12:59,430.416666666667,430.375,0,0,4730.9,20.35,0,2.00228435833333,1.8,0,843.7,0,0,-2160.2,23.7,0,0,0.473834644444444,-1.4,300,0,3744.6,22.2714688333333,0.192,0
2/9/20 13:04,430.5,430.458333333333,0,0,4730.9,20.35,0,2.00334730833333,1.8,0,843.7,0,0,-2160.2,23.7,0,0,0.472277377777778,-1.4,300,0,3744.6,22.2335311666667,0.192,0
2/9/20 13:09,430.583333333333,430.541666666667,0,0,4730.9,20.35,0,2.00249301944444,1.8,0,843.7,0,0,-2160.40393722222,23.7,0,0,0.473722622222222,-1.4,300,0,3744.6,22.24087825,0.192,0
2/9/20 13:14,430.666666666667,430.625,0,0,4730.9,20.35,0,2.00345799166667,1.8,0,843.7,0,0,-2160.67645888889,23.6694094166667,0,0,0.469946666666667,-1.40291338888889,300,0,3744.6,22.0746606666667,0.192,0
2/9/20 13:19,430.75,430.708333333333,0,0,4730.9,20.35,0,2.00379133888889,1.8,0,843.7,0,0,-2160.21960388889,23.5979405833333,0,0,0.467112022222222,-1.40680655555556,300,0,3744.6,22.033741,0.192,0
2/9/20 13:24,430.833333333333,430.791666666667,0,0,4730.9,20.35,0,2.00447199444444,1.8,0,843.7,0,0,-2160.2,23.595,0,0,0.466125983333333,-1.40028005555556,300,0,3744.6,22.0924795,0.192,0
2/9/20 13:29,430.916666666667,430.875,0,0,4730.9,20.35,0,2.00420866111111,1.8,0,843.7,0,0,-2159.99606277778,23.595,0,0,0.461753305555556,-1.40291338888889,300,0,3744.6,22.0687795,0.192,0
2/9/20 13:34,431,430.958333333333,0,0,4730.9,20.35,0,2.00323666666667,1.8,0,843.7,0,0,-2159.51960388889,23.595,0,0,0.455350027777778,-1.40680655555556,300,0,3744.6,22.033741,0.192,0
2/9/20 13:39,431.083333333333,431.041666666667,0,0,4730.9,20.35,0,2.00281934444444,1.8,0,843.7,0,0,-2159.70393722222,23.595,0,0,0.452792677777778,-1.40028005555556,300,0,3744.6,22.1230700833333,0.192,0
2/9/20 13:44,431.166666666667,431.125,0,0,4730.9,20.35,0,2.00376333333333,1.8,0,843.7,0,0,-2159.97645888889,23.595,0,0,0.451445327777778,-1.4,300,0,3744.6,22.22765,0.192,0
2/9/20 13:49,431.25,431.208333333333,0,0,4730.9,20.35,0,2.00418065555556,1.8,0,843.7,0,0,-2159.72354111111,23.595,0,0,0.449181994444444,-1.4,300,0,3744.6,22.3020594166667,0.192,0
2/9/20 13:54,431.333333333333,431.291666666667,0,0,4730.9,20.35,0,2.00352800555556,1.8,0,843.7,0,0,-2160.18039611111,23.595,0,0,0.445922532724252,-1.4,300,0,3744.6,22.305,0.192,0
2/9/20 13:59,431.416666666667,431.375,0,0,4730.9,20.35,0,2.0037888,1.8,0,843.7,0,0,-2160.2,23.595,0,0,0.443114817275748,-1.397112,300,0,3744.6,22.330992,0.192,0
2/9/20 14:04,431.5,431.458333333333,0,0,4730.9,20.35,0,2.0049044,1.8,0,843.7,0,0,-2160.2,23.625324,0,0,0.443,-1.390288,300,0,3744.6,22.422732,0.192,0
2/9/20 14:09,431.583333333333,431.541666666667,0,0,4730.9,20.35,0,2.0055236,1.8,0,843.7,0,0,-2160.2,23.696976,0,0,0.4418448,-1.39,300,0,3744.6,22.496976,0.19015168,0
2/9/20 14:14,431.666666666667,431.625,0,0,4730.9,20.35,0,2.004832,1.8,0,843.7,0,0,-2159.99784,23.7,0,0,0.4388264,-1.39,300,0,3744.6,22.530324,0.18578432,0
2/9/20 14:19,431.75,431.708333333333,0,0,4730.9,20.35,0,2.0051824,1.8,0,843.7,0,0,-2159.72232,23.7,0,0,0.4368736,-1.39,300,0,3744.6,22.601976,0.1856,0
2/9/20 14:24,431.833333333333,431.791666666667,0,0,4730.9,20.35,0,2.00424,1.8,0,843.7,0,0,-2160.17984,23.7,0,0,0.4335376,-1.39,300,0,3744.6,22.605,0.1856,0
2/9/20 14:29,431.916666666667,431.875,0,0,4730.9,20.35,0,2.0038176,1.8,0,843.7,0,0,-2159.99784,23.7,0,0,0.4306136,-1.39,300,0,3744.6,22.574676,0.1856,0
2/9/20 14:34,432,431.958333333333,0,0,4730.9,20.35,0,2.0043268,1.8,0,843.7,0,0,-2159.52016,23.7,0,0,0.427144,-1.39,300,0,3744.6,22.533348,0.1856,0
2/9/20 14:39,432.083333333333,432.041666666667,0,0,4730.9,20.35,0,2.0044476,1.8,0,843.7,0,0,-2159.5,23.7,0,0,0.4264224,-1.39,300,0,3744.6,22.601976,0.1856,0
2/9/20 14:44,432.166666666667,432.125,0,0,4730.9,20.35,0,2.0048792,1.8,0,843.7,0,0,-2159.5,23.7,0,0,0.4236136,-1.39,300,0,3744.6,22.574676,0.1856,0
2/9/20 14:49,432.25,432.208333333333,0,0,4730.9,20.35,0,2.0035576,1.8,0,843.7,0,0,-2159.70216,23.7,0,0,0.4195664,-1.39,300,0,3744.6,22.503024,0.1856,0
2/9/20 14:54,432.333333333333,432.291666666667,0,0,4730.9,20.35,0,2.0037888,1.8,0,843.7,0,0,-2160.17984,23.7,0,0,0.4180576,-1.39,300,0,3744.6,22.530324,0.1856,0
2/9/20 14:59,432.416666666667,432.375,0,0,4730.9,20.35,0,2.0038936,1.8,0,843.7,0,0,-2160.2,23.7,0,0,0.4188664,-1.387112,300,0,3744.6,22.627968,0.1856,0
2/9/20 15:04,432.5,432.458333333333,0,0,4730.9,20.35,0,2.0031352,1.8,0,843.7,0,0,-2160.2,23.7,0,0,0.4194696,-1.383176,300,0,3744.6,22.627428,0.1856,0
2/9/20 15:09,432.583333333333,432.541666666667,0,0,4730.9,20.35,0,2.0044424,1.8,0,843.7,0,0,-2160.2,23.7,0,0,0.4164328,-1.389712,300,0,3744.6,22.45482,0.1856,0
2/9/20 15:14,432.666666666667,432.625,0,0,4730.9,20.35,0,2.0042112,1.8,0,843.7,0,0,-2160.2,23.7,0,0,0.4169712,-1.392888,300,0,3744.6,22.371168,0.1856,0
2/9/20 15:19,432.75,432.708333333333,0,0,4730.9,20.35,0,2.003962,1.8,0,843.7,0,0,-2160.2,23.7,0,0,0.4164224,-1.399712,300,0,3744.6,22.277268,0.1856,0
2/9/20 15:24,432.833333333333,432.791666666667,0,0,4730.9,20.35,0,2.0042348,1.8,0,843.7,0,0,-2160.40216,23.7,0,0,0.4147688,-1.4,300,0,3744.6,22.1727,0.1856,0
2/9/20 15:29,432.916666666667,432.875,0,0,4730.9,20.35,0,2.003294,1.8,0,843.7,0,0,-2160.67768,23.7,0,0,0.4140288,-1.4,300,0,3744.6,22.098024,0.1856,0
2/9/20 15:34,433,432.958333333333,0,0,4730.9,20.35,0,2.0050724,1.8,0,843.7,0,0,-2160.22016,23.7,0,0,0.4151552,-1.4,300,0,3744.6,22.095,0.1856,0
2/9/20 15:39,433.083333333333,433.041666666667,0,0,4730.9,20.35,0,2.0051968,1.8,0,843.7,0,0,-2160.40216,23.7,0,0,0.4173072,-1.402888,300,0,3744.6,22.069008,0.1856,0
2/9/20 15:44,433.166666666667,433.125,0,0,4730.9,20.35,0,2.0045288,1.8,0,843.7,0,0,-2160.87984,23.669676,0,0,0.4157688,-1.409712,300,0,3744.6,21.977268,0.1856,0
2/9/20 15:49,433.25,433.208333333333,0,0,4730.9,20.35,0,2.0045,1.8,0,843.7,0,0,-2160.69784,23.598024,0,0,0.4150288,-1.41,300,0,3744.6,21.903024,0.1856,0
2/9/20 15:54,433.333333333333,433.291666666667,0,0,4730.9,20.35,0,2.0050776,1.8,0,843.7,0,0,-2160.22016,23.595,0,0,0.4155776,-1.41,300,0,3744.6,21.9,0.1856,0
2/9/20 15:59,433.416666666667,433.375,0,0,4730.9,20.35,0,2.0058648,1.8,0,843.7,0,0,-2160.2,23.595,0,0,0.41752,-1.41,300,0,3744.6,21.9,0.1856,0
2/9/20 16:04,433.5,433.458333333333,0,0,4730.9,20.35,0,2.0044132,1.8,0,843.7,0,0,-2160.40216,23.595,0,0,0.4183648,-1.41,300,0,3744.6,21.9,0.1856,0
2/9/20 16:09,433.583333333333,433.541666666667,0,0,4730.9,20.35,0,2.0043032,1.8,0,843.7,0,0,-2160.67768,23.595,0,0,0.4159024,-1.41,300,0,3744.6,21.869676,0.1856,0
2/9/20 16:14,433.666666666667,433.625,0,0,4730.9,20.35,0,2.0048268,1.8,0,843.7,0,0,-2160.22016,23.569008,0,0,0.4131152,-1.41,300,0,3744.6,21.828348,0.1856,0
2/9/20 16:19,433.75,433.708333333333,0,0,4730.9,20.35,0,2.0046588,1.8,0,843.7,0,0,-2160.2,23.507592,0,0,0.4132888,-1.41,300,0,3744.6,21.9273,0.1856,0
2/9/20 16:24,433.833333333333,433.791666666667,0,0,4730.9,20.35,0,2.0042636,1.8,0,843.7,0,0,-2160.2,23.505,0,0,0.41426,-1.407112,300,0,3744.6,22.058292,0.1856,0
2/9/20 16:29,433.916666666667,433.875,0,0,4730.9,20.35,0,2.003294,1.8,0,843.7,0,0,-2160.2,23.505,0,0,0.4126608,-1.400288,300,0,3744.6,22.16406,0.18375168,0
2/9/20 16:34,434,433.958333333333,0,0,4730.9,20.35,0,2.0047836,1.8,0,843.7,0,0,-2159.99784,23.505,0,0,0.4080968,-1.397112,300,0,3744.6,22.184664,0.17938432,0
2/9/20 16:39,434.083333333333,434.041666666667,0,0,4730.9,20.35,0,2.0045144,1.8,0,843.7,0,0,-2159.72232,23.505,0,0,0.4070256,-1.393176,300,0,3744.6,22.29972,0.1792,0
2/9/20 16:44,434.166666666667,434.125,0,0,4730.9,20.35,0,2.0046444,1.8,0,843.7,0,0,-2160.17984,23.505,0,0,0.3997104,-1.399712,300,0,3744.6,22.10364,0.1792,0
2/9/20 16:49,434.25,434.208333333333,0,0,4730.9,20.35,0,2.0042636,1.8,0,843.7,0,0,-2160.2,23.505,0,0,0.3971912,-1.4,300,0,3744.6,22.095,0.1792,0
2/9/20 16:54,434.333333333333,434.291666666667,0,0,4730.9,20.35,0,2.0028608,1.8,0,843.7,0,0,-2159.99784,23.505,0,0,0.3950864,-1.4,300,0,3744.6,22.125324,0.1792,0
2/9/20 16:59,434.416666666667,434.375,0,0,4730.9,20.35,0,2.0031824,1.8,0,843.7,0,0,-2159.72232,23.505,0,0,0.3947112,-1.4,300,0,3744.6,22.196976,0.1792,0
2/9/20 17:04,434.5,434.458333333333,0,0,4730.9,20.35,0,2.0033952,1.8,0,843.7,0,0,-2160.17984,23.505,0,0,0.3940288,-1.4,300,0,3744.6,22.230324,0.1792,0
2/9/20 17:09,434.583333333333,434.541666666667,0,0,4730.9,20.35,0,2.0052692,1.8,0,843.7,0,0,-2160.2,23.505,0,0,0.3928448,-1.4,300,0,3744.6,22.271652,0.1792,0
2/9/20 17:14,434.666666666667,434.625,0,0,4730.9,20.35,0,2.0050144,1.8,0,843.7,0,0,-2160.2,23.530992,0,0,0.390404,-1.4,300,0,3744.6,22.233348,0.1792,0
2/9/20 17:19,434.75,434.708333333333,0,0,4730.9,20.35,0,2.0045668,1.8,0,843.7,0,0,-2160.40216,23.592408,0,0,0.3909712,-1.4,300,0,3744.6,22.301976,0.1792,0
2/9/20 17:24,434.833333333333,434.791666666667,0,0,4730.9,20.35,0,2.0041208,1.8,0,843.7,0,0,-2160.67768,23.595,0,0,0.3904224,-1.4,300,0,3744.6,22.305,0.1792,0
2/9/20 17:29,434.916666666667,434.875,0,0,4730.9,20.35,0,2.0048648,1.8,0,843.7,0,0,-2160.22016,23.595,0,0,0.3890576,-1.397112,300,0,3744.6,22.330992,0.1792,0
2/9/20 17:34,435,434.958333333333,0,0,4730.9,20.35,0,2.0035576,1.8,0,843.7,0,0,-2159.99784,23.595,0,0,0.3872672,-1.393176,300,0,3744.6,22.336092,0.1792,0
2/9/20 17:39,435.083333333333,435.041666666667,0,0,4730.9,20.35,0,2.0046552,1.8,0,843.7,0,0,-2159.52016,23.595,0,0,0.3840392,-1.396824,300,0,3744.6,22.261932,0.1792,0
2/9/20 17:44,435.166666666667,435.125,0,0,4730.9,20.35,0,2.0068072,1.8,0,843.7,0,0,-2159.5,23.595,0,0,0.3864912,-1.390288,300,0,3744.6,22.419708,0.1792,0
2/9/20 17:49,435.25,435.208333333333,0,0,4730.9,20.35,0,2.0052688,1.8,0,843.7,0,0,-2159.5,23.595,0,0,0.3876536,-1.39,300,0,3744.6,22.496976,0.1792,0
2/9/20 17:54,435.333333333333,435.291666666667,0,0,4730.9,20.35,0,2.00424,1.8,0,843.7,0,0,-2159.5,23.595,0,0,0.38674,-1.39,300,0,3744.6,22.469676,0.1792,0
2/9/20 17:59,435.416666666667,435.375,0,0,4730.9,20.35,0,2.003962,1.8,0,843.7,0,0,-2159.70216,23.595,0,0,0.38574,-1.392888,300,0,3744.6,22.341708,0.1792,0
2/9/20 18:04,435.5,435.458333333333,0,0,4730.9,20.35,0,2.0051012,1.8,0,843.7,0,0,-2159.97768,23.569008,0,0,0.3858952,-1.399712,300,0,3744.6,22.205616,0.1792,0
2/9/20 18:09,435.583333333333,435.541666666667,0,0,4730.9,20.35,0,2.0046192,1.8,0,843.7,0,0,-2159.72232,23.507592,0,0,0.3884912,-1.4,300,0,3744.6,22.169676,0.1792,0
2/9/20 18:14,435.666666666667,435.625,0,0,4730.9,20.35,0,2.0028752,1.8,0,843.7,0,0,-2160.17984,23.505,0,0,0.3902312,-1.402888,300,0,3744.6,22.072032,0.1792,0
2/9/20 18:19,435.75,435.708333333333,0,0,4730.9,20.35,0,2.0039044,1.8,0,843.7,0,0,-2159.99784,23.505,0,0,0.3924152,-1.409712,300,0,3744.6,22.007592,0.1792,0
2/9/20 18:24,435.833333333333,435.791666666667,0,0,4730.9,20.35,0,2.0049568,1.8,0,843.7,0,0,-2159.52016,23.505,0,0,0.3970112,-1.41,300,0,3744.6,22.005,0.1792,0
2/9/20 18:29,435.916666666667,435.875,0,0,4730.9,20.35,0,2.005,1.8,0,843.7,0,0,-2159.5,23.474676,0,0,0.4007512,-1.41,300,0,3744.6,21.974676,0.1792,0
2/9/20 18:34,436,435.958333333333,0,0,4730.9,20.35,0,2.0052888,1.8,0,843.7,0,0,-2159.5,23.403024,0,0,0.4032024,-1.41,300,0,3744.6,21.903024,0.1792,0
2/9/20 18:39,436.083333333333,436.041666666667,0,0,4730.9,20.35,0,2.0058268,1.8,0,843.7,0,0,-2159.5,23.4,0,0,0.4036824,-1.41,300,0,3744.6,21.9,0.1792,0
2/9/20 18:44,436.166666666667,436.125,0,0,4730.9,20.35,0,2.0049368,1.8,0,843.7,0,0,-2159.5,23.4,0,0,0.4024512,-1.41,300,0,3744.6,21.9,0.1792,0
2/9/20 18:49,436.25,436.208333333333,0,0,4730.9,20.35,0,2.0032688,1.8,0,843.7,0,0,-2159.5,23.4,0,0,0.40048,-1.41,300,0,3744.6,21.9,0.1792,0
2/9/20 18:54,436.333333333333,436.291666666667,0,0,4730.9,20.35,0,2.0035396,1.8,0,843.7,0,0,-2159.5,23.4,0,0,0.3981912,-1.41,300,0,3744.6,21.9,0.1792,0
2/9/20 18:59,436.416666666667,436.375,0,0,4730.9,20.35,0,2.0051772,1.8,0,843.7,0,0,-2159.5,23.4,0,0,0.3949312,-1.41,300,0,3744.6,21.9,0.17735168,0
2/9/20 19:04,436.5,436.458333333333,0,0,4730.9,20.35,0,2.0032832,1.8,0,843.7,0,0,-2159.29784,23.4,0,0,0.3932704,-1.407112,300,0,3744.6,21.977976,0.17298432,0
2/9/20 19:09,436.583333333333,436.541666666667,0,0,4730.9,20.35,0,2.00310448106312,1.8,0,843.7,0,0,-2158.82016,23.4,0,0,0.396460481063123,-1.400288,300,0,3744.6,22.2010824717608,0.1728,0
2/9/20 19:14,436.666666666667,436.625,0,0,4730.9,20.35,0,2.00415471338132,1.8,0,843.7,0,0,-2158.8,23.4,0,0,0.399086074492433,-1.39713727777778,300,0,3744.6,22.3568396115725,0.1728,0
2/9/20 19:19,436.75,436.708333333333,0,0,4730.9,20.35,0,2.00395901388889,1.8,0,843.7,0,0,-2158.8,23.4,0,0,0.402740394444445,-1.38743333333333,300,0,3744.6,22.55005,0.1728,0
2/9/20 19:24,436.833333333333,436.791666666667,0,0,4730.9,20.35,0,2.00452618333333,1.8,0,843.7,0,0,-2158.8,23.4,0,0,0.40319355,-1.38315877777778,300,0,3744.6,22.6334038333333,0.1728,0
2/9/20 19:29,436.916666666667,436.875,0,0,4730.9,20.35,0,2.00340127222222,1.8,0,843.7,0,0,-2158.8,23.4,0,0,0.399177633333333,-1.38970394444444,300,0,3744.6,22.5057730833333,0.1728,0
2/9/20 19:34,437,436.958333333333,0,0,4730.9,20.35,0,2.003301075,1.8,0,843.7,0,0,-2158.8,23.4,0,0,0.399572544444444,-1.39,300,0,3744.6,22.5300585833333,0.1728,0
2/9/20 19:39,437.083333333333,437.041666666667,0,0,4730.9,20.35,0,2.00454293888889,1.8,0,843.7,0,0,-2158.8,23.4,0,0,0.401513333333333,-1.38713727777778,300,0,3744.6,22.6276559166667,0.1728,0
2/9/20 19:44,437.166666666667,437.125,0,0,4730.9,20.35,0,2.00508197222222,1.8,0,843.7,0,0,-2158.8,23.4,0,0,0.403513333333334,-1.38029605555556,300,0,3744.6,22.7223940833333,0.1728,0
2/9/20 19:49,437.25,437.208333333333,0,0,4730.9,20.35,0,2.00337508888889,1.8,0,843.7,0,0,-2158.8,23.4,0,0,0.404940788888889,-1.38,300,0,3744.6,22.7968914166667,0.1728,0
2/9/20 19:54,437.333333333333,437.291666666667,0,0,4730.9,20.35,0,2.00411353055556,1.8,0,843.7,0,0,-2158.8,23.4,0,0,0.404427455555556,-1.38,300,0,3744.6,22.7699414166667,0.1728,0
2/9/20 19:59,437.416666666667,437.375,0,0,4730.9,20.35,0,2.004198925,1.8,0,843.7,0,0,-2158.8,23.4,0,0,0.403631755555556,-1.38,300,0,3744.6,22.719579,0.1728,0
2/9/20 20:04,437.5,437.458333333333,0,0,4730.9,20.35,0,2.00324333333333,1.8,0,843.7,0,0,-2158.8,23.4,0,0,0.404940788888889,-1.38,300,0,3744.6,22.77636775,0.1728,0
2/9/20 20:09,437.583333333333,437.541666666667,0,0,4730.9,20.35,0,2.00310215,1.8,0,843.7,0,0,-2158.8,23.4300585833333,0,0,0.405,-1.38,300,0,3744.6,22.7991118333333,0.1728,0
2/9/20 20:14,437.666666666667,437.625,0,0,4730.9,20.35,0,2.00444078888889,1.8,0,843.7,0,0,-2159.00039055556,23.5018914166667,0,0,0.403854911111111,-1.38286272222222,300,0,3744.6,22.7441769166667,0.1728,0
2/9/20 20:19,437.75,437.708333333333,0,0,4730.9,20.35,0,2.0045,1.8,0,843.7,0,0,-2159.47927611111,23.505,0,0,0.401690966666667,-1.38970394444444,300,0,3744.6,22.6107730833333,0.1728,0
2/9/20 20:24,437.833333333333,437.791666666667,0,0,4730.9,20.35,0,2.00421372777778,1.8,0,843.7,0,0,-2159.5,23.505,0,0,0.402081972222222,-1.39,300,0,3744.6,22.5749414166667,0.1728,0
2/9/20 20:29,437.916666666667,437.875,0,0,4730.9,20.35,0,2.00352960555556,1.8,0,843.7,0,0,-2159.5,23.505,0,0,0.400661361111111,-1.39,300,0,3744.6,22.5031085833333,0.1728,0
2/9/20 20:34,438,437.958333333333,0,0,4730.9,20.35,0,2.0035,1.8,0,843.7,0,0,-2159.5,23.505,0,0,0.402513333333333,-1.39,300,0,3744.6,22.5,0.1728,0
2/9/20 20:39,438.083333333333,438.041666666667,0,0,4730.9,20.35,0,2.00321372777778,1.8,0,843.7,0,0,-2159.5,23.505,0,0,0.405085877777778,-1.39,300,0,3744.6,22.5300585833333,0.1728,0
2/9/20 20:44,438.166666666667,438.125,0,0,4730.9,20.35,0,2.00310024785899,1.8,0,843.7,0,0,-2159.5,23.505,0,0,0.406740293170912,-1.39,300,0,3744.6,22.5719326957364,0.1728,0
2/9/20 20:49,438.25,438.208333333333,0,0,4730.9,20.35,0,2.00429747991879,1.8,0,843.7,0,0,-2159.5,23.505,0,0,0.403553773495755,-1.39,300,0,3744.6,22.4733893875969,0.1728,0
2/9/20 20:54,438.333333333333,438.291666666667,0,0,4730.9,20.35,0,2.00358957777778,1.8,0,843.7,0,0,-2159.30137111111,23.505,0,0,0.403195866666667,-1.38716244444444,300,0,3744.6,22.483321,0.1728,0
2/9/20 20:59,438.416666666667,438.375,0,0,4730.9,20.35,0,2.00297126666667,1.8,0,843.7,0,0,-2158.82129555556,23.505,0,0,0.4053108,-1.38314177777778,300,0,3744.6,22.6603353333333,0.1728,0
2/9/20 21:04,438.5,438.458333333333,0,0,4730.9,20.35,0,2.00409624444444,1.8,0,843.7,0,0,-2158.8,23.505,0,0,0.403777088888889,-1.38969577777778,300,0,3744.6,22.607738,0.1728,0
2/9/20 21:09,438.583333333333,438.541666666667,0,0,4730.9,20.35,0,2.00476854444444,1.8,0,843.7,0,0,-2158.8,23.505,0,0,0.403030422222222,-1.39,300,0,3744.6,22.605,0.1728,0
2/9/20 21:14,438.666666666667,438.625,0,0,4730.9,20.35,0,2.00561145555556,1.8,0,843.7,0,0,-2158.60137111111,23.505,0,0,0.401864977777778,-1.39,300,0,3744.6,22.605,0.1728,0
2/9/20 21:19,438.75,438.708333333333,0,0,4730.9,20.35,0,2.0052754,1.8,0,843.7,0,0,-2158.31992444444,23.505,0,0,0.397986666666667,-1.39,300,0,3744.6,22.5454113333333,0.1728,0
2/9/20 21:24,438.833333333333,438.791666666667,0,0,4730.9,20.35,0,2.00357605555556,1.8,0,843.7,0,0,-2158.77870444444,23.505,0,0,0.3956892,-1.39,300,0,3744.6,22.431183,0.1728,0
2/9/20 21:29,438.916666666667,438.875,0,0,4730.9,20.35,0,2.0035,1.8,0,843.7,0,0,-2158.99862888889,23.505,0,0,0.395804133333333,-1.39,300,0,3744.6,22.4670113333333,0.1728,0
2/9/20 21:34,439,438.958333333333,0,0,4730.9,20.35,0,2.00378375555556,1.8,0,843.7,0,0,-2159.08144666667,23.505,0,0,0.392554177777778,-1.39,300,0,3744.6,22.3981943333333,0.1728,0
2/9/20 21:39,439.083333333333,439.041666666667,0,0,4730.9,20.35,0,2.00446957777778,1.8,0,843.7,0,0,-2158.14259111111,23.530538,0,0,0.390493333333333,-1.39283755555556,300,0,3744.6,22.369462,0.1728,0
2/9/20 21:44,439.166666666667,439.125,0,0,4730.9,20.35,0,2.00435812222222,1.8,0,843.7,0,0,-2158.29862888889,23.592262,0,0,0.389628355555556,-1.39685822222222,300,0,3744.6,22.3630703333333,0.1728,0
2/9/20 21:49,439.25,439.208333333333,0,0,4730.9,20.35,0,2.00401521111111,1.8,0,843.7,0,0,-2158.77870444444,23.595,0,0,0.390939155555555,-1.39030422222222,300,0,3744.6,22.4940676666667,0.1728,0
2/9/20 21:54,439.333333333333,439.291666666667,0,0,4730.9,20.35,0,2.00385812222222,1.8,0,843.7,0,0,-2158.60137111111,23.595,0,0,0.390432488888889,-1.39,300,0,3744.6,22.4702056666667,0.170983964444444,0
2/9/20 21:59,439.416666666667,439.375,0,0,4730.9,20.35,0,2.00337333333333,1.8,0,843.7,0,0,-2158.31992444444,23.595,0,0,0.388209577777778,-1.39,300,0,3744.6,22.3981943333333,0.166594702222222,0
2/9/20 22:04,439.5,439.458333333333,0,0,4730.9,20.35,0,2.00329896666667,1.8,0,843.7,0,0,-2158.77870444444,23.595,0,0,0.387226288888889,-1.39,300,0,3744.6,22.4545886666667,0.1664,0
2/9/20 22:09,439.583333333333,439.541666666667,0,0,4730.9,20.35,0,2.0038277,1.8,0,843.7,0,0,-2158.8,23.595,0,0,0.390445822222222,-1.38716244444444,300,0,3744.6,22.6241493333333,0.1664,0
2/9/20 22:14,439.666666666667,439.625,0,0,4730.9,20.35,0,2.00379896666667,1.8,0,843.7,0,0,-2158.60137111111,23.6247943333333,0,0,0.389669111111111,-1.38314177777778,300,0,3744.6,22.6369296666667,0.1664,0
2/9/20 22:19,439.75,439.708333333333,0,0,4730.9,20.35,0,2.00446957777778,1.8,0,843.7,0,0,-2158.31992444444,23.6968056666667,0,0,0.384527133333333,-1.38969577777778,300,0,3744.6,22.5059323333333,0.1664,0
2/9/20 22:24,439.833333333333,439.791666666667,0,0,4730.9,20.35,0,2.00435812222222,1.8,0,843.7,0,0,-2158.77870444444,23.7,0,0,0.384685822222222,-1.39,300,0,3744.6,22.5,0.1664,0
2/9/20 22:29,439.916666666667,439.875,0,0,4730.9,20.35,0,2.00444084444444,1.8,0,843.7,0,0,-2158.60137111111,23.7,0,0,0.384314177777778,-1.39,300,0,3744.6,22.5297943333333,0.1664,0
2/9/20 22:34,440,439.958333333333,0,0,4730.9,20.35,0,2.00488685555556,1.8,0,843.7,0,0,-2158.12129555556,23.7,0,0,0.385253333333333,-1.38716244444444,300,0,3744.6,22.6273436666667,0.1664,0
2/9/20 22:39,440.083333333333,440.041666666667,0,0,4730.9,20.35,0,2.00441211111111,1.8,0,843.7,0,0,-2158.1,23.7,0,0,0.385118311111111,-1.38314177777778,300,0,3744.6,22.666724,0.1664,0
2/9/20 22:44,440.166666666667,440.125,0,0,4730.9,20.35,0,2.00541558888889,1.8,0,843.7,0,0,-2158.1,23.7,0,0,0.383091266666667,-1.38969577777778,300,0,3744.6,22.607738,0.1664,0
2/9/20 22:49,440.25,440.208333333333,0,0,4730.9,20.35,0,2.00339023333333,1.8,0,843.7,0,0,-2158.1,23.7,0,0,0.384418777777778,-1.38716244444444,300,0,3744.6,22.6901266666667,0.1664,0
2/9/20 22:54,440.333333333333,440.291666666667,0,0,4730.9,20.35,0,2.00439521111111,1.8,0,843.7,0,0,-2158.1,23.7297943333333,0,0,0.385294088888889,-1.38314177777778,300,0,3744.6,22.7809523333333,0.1664,0
2/9/20 22:59,440.416666666667,440.375,0,0,4730.9,20.35,0,2.00531248888889,1.8,0,843.7,0,0,-2158.1,23.8018056666667,0,0,0.379841311111111,-1.38969577777778,300,0,3744.6,22.5421153333333,0.1664,0
2/9/20 23:04,440.5,440.458333333333,0,0,4730.9,20.35,0,2.00487333333333,1.8,0,843.7,0,0,-2157.90137111111,23.805,0,0,0.381790422222222,-1.38716244444444,300,0,3744.6,22.6273436666667,0.1664,0
2/9/20 23:09,440.583333333333,440.541666666667,0,0,4730.9,20.35,0,2.00494084444444,1.8,0,843.7,0,0,-2157.42129555556,23.805,0,0,0.383057466666667,-1.38314177777778,300,0,3744.6,22.666724,0.1664,0
2/9/20 23:14,440.666666666667,440.625,0,0,4730.9,20.35,0,2.00567061111111,1.8,0,843.7,0,0,-2157.4,23.805,0,0,0.381942533333333,-1.38685822222222,300,0,3744.6,22.633276,0.1664,0
2/9/20 23:19,440.75,440.708333333333,0,0,4730.9,20.35,0,2.00432103333333,1.8,0,843.7,0,0,-2157.4,23.805,0,0,0.383908733333333,-1.38030422222222,300,0,3744.6,22.692262,0.1664,0
2/9/20 23:24,440.833333333333,440.791666666667,0,0,4730.9,20.35,0,2.00342732222222,1.8,0,843.7,0,0,-2157.20137111111,23.805,0,0,0.385135022222222,-1.38,300,0,3744.6,22.7247943333333,0.1664,0
2/9/20 23:29,440.916666666667,440.875,0,0,4730.9,20.35,0,2.00555061111111,1.8,0,843.7,0,0,-2156.72129555556,23.805,0,0,0.388445822222222,-1.38,300,0,3744.6,22.8266,0.1664,0
2/9/20 23:34,441,440.958333333333,0,0,4730.9,20.35,0,2.00584291111111,1.8,0,843.7,0,0,-2156.7,23.805,0,0,0.389087888888889,-1.38,300,0,3744.6,22.842217,0.1664,0
2/9/20 23:39,441.083333333333,441.041666666667,0,0,4730.9,20.35,0,2.00537333333333,1.8,0,843.7,0,0,-2156.7,23.805,0,0,0.3887938,-1.38,300,0,3744.6,22.7609773333333,0.1664,0
2/9/20 23:44,441.166666666667,441.125,0,0,4730.9,20.35,0,2.0044477,1.8,0,843.7,0,0,-2156.89862888889,23.805,0,0,0.393384977777778,-1.38,300,0,3744.6,22.868817,0.1664,0
2/9/20 23:49,441.25,441.208333333333,0,0,4730.9,20.35,0,2.00391211111111,1.8,0,843.7,0,0,-2157.37870444444,23.805,0,0,0.396357933333333,-1.38,300,0,3744.6,22.8329886666667,0.1664,0
2/9/20 23:54,441.333333333333,441.291666666667,0,0,4730.9,20.35,0,2.00576685555556,1.8,0,843.7,0,0,-2157.4,23.805,0,0,0.400982911111111,-1.38,300,0,3744.6,22.9018056666667,0.1664,0
2/9/20 23:59,441.416666666667,441.375,0,0,4730.9,20.35,0,2.00466394444444,1.8,0,843.7,0,0,-2157.4,23.805,0,0,0.405013333333334,-1.37716244444444,300,0,3744.6,22.930538,0.1664,0
2/10/20 0:04,441.5,441.458333333333,0,0,4730.9,20.35,0,2.00244938888889,1.8,0,843.7,0,0,-2157.4,23.805,0,0,0.408729577777778,-1.37030422222222,300,0,3744.6,22.992262,0.1664,0
2/10/20 0:09,441.583333333333,441.541666666667,0,0,4730.9,20.35,0,2.0027246,1.8,0,843.7,0,0,-2157.4,23.817769,0,0,0.411476244444444,-1.37,300,0,3744.6,22.995,0.1664,0
2/10/20 0:14,441.666666666667,441.625,0,0,4730.9,20.35,0,2.00442394444444,1.8,0,843.7,0,0,-2157.4,23.8614,0,0,0.412939155555556,-1.37283755555556,300,0,3744.6,22.969462,0.1664,0
2/10/20 0:19,441.75,441.708333333333,0,0,4730.9,20.35,0,2.0045,1.8,0,843.7,0,0,-2157.59862888889,23.893631,0,0,0.413851266666667,-1.37969577777778,300,0,3744.6,22.907738,0.1664,0
2/10/20 0:24,441.833333333333,441.791666666667,0,0,4730.9,20.35,0,2.0045,1.8,0,843.7,0,0,-2157.88007555556,23.869462,0,0,0.417043755555556,-1.37716244444444,300,0,3744.6,22.930538,0.164583964444444,0
2/10/20 0:29,441.916666666667,441.875,0,0,4730.9,20.35,0,2.00435812222222,1.8,0,843.7,0,0,-2157.61992444444,23.820507,0,0,0.416757,-1.37597933333333,300,0,3744.6,22.8220086666667,0.160194702222222,0
2/10/20 0:34,442,441.958333333333,0,0,4730.9,20.35,0,2.00429896666667,1.8,0,843.7,0,0,-2157.88007555556,23.835862,0,0,0.4096184,-1.38939155555556,300,0,3744.6,22.4132533333333,0.16,0
2/10/20 0:39,442.083333333333,442.041666666667,0,0,4730.9,20.35,0,2.00454394444444,1.8,0,843.7,0,0,-2157.42129555556,23.831907,0,0,0.411955866666667,-1.39,300,0,3744.6,22.4545886666667,0.16,0
2/10/20 0:44,442.166666666667,442.125,0,0,4730.9,20.35,0,2.00354563333333,1.8,0,843.7,0,0,-2157.4,23.892262,0,0,0.417354555555555,-1.38716244444444,300,0,3744.6,22.6241493333333,0.16,0
2/10/20 0:49,442.25,442.208333333333,0,0,4730.9,20.35,0,2.0035,1.8,0,843.7,0,0,-2157.4,23.895,0,0,0.419506666666667,-1.38030422222222,300,0,3744.6,22.692262,0.16,0
2/10/20 0:54,442.333333333333,442.291666666667,0,0,4730.9,20.35,0,2.00321624444444,1.8,0,843.7,0,0,-2157.59862888889,23.895,0,0,0.418952866666667,-1.38283755555556,300,0,3744.6,22.6098733333333,0.16,0
2/10/20 0:59,442.416666666667,442.375,0,0,4730.9,20.35,0,2.00323981111111,1.8,0,843.7,0,0,-2157.88007555556,23.895,0,0,0.414780466666667,-1.38969577777778,300,0,3744.6,22.4041266666667,0.16,0
2/10/20 1:04,442.5,442.458333333333,0,0,4730.9,20.35,0,2.0052077,1.8,0,843.7,0,0,-2157.42129555556,23.895,0,0,0.416222911111111,-1.39,300,0,3744.6,22.395,0.16,0
2/10/20 1:09,442.583333333333,442.541666666667,0,0,4730.9,20.35,0,2.00596957777778,1.8,0,843.7,0,0,-2157.4,23.895,0,0,0.417537088888889,-1.39,300,0,3744.6,22.395,0.16,0
2/10/20 1:14,442.666666666667,442.625,0,0,4730.9,20.35,0,2.00557436666667,1.8,0,843.7,0,0,-2157.20137111111,23.895,0,0,0.419506666666667,-1.39,300,0,3744.6,22.4247943333333,0.16,0
2/10/20 1:19,442.75,442.708333333333,0,0,4730.9,20.35,0,2.00426187777778,1.8,0,843.7,0,0,-2156.91992444444,23.895,0,0,0.420939155555555,-1.39,300,0,3744.6,22.4670113333333,0.16,0
2/10/20 1:24,442.833333333333,442.791666666667,0,0,4730.9,20.35,0,2.00452356666667,1.8,0,843.7,0,0,-2157.37870444444,23.895,0,0,0.421567511111111,-1.39,300,0,3744.6,22.4279886666667,0.16,0
2/10/20 1:29,442.916666666667,442.875,0,0,4730.9,20.35,0,2.00590037777778,1.8,0,843.7,0,0,-2157.4,23.895,0,0,0.424074177777778,-1.39,300,0,3744.6,22.5266,0.16,0
2/10/20 1:34,443,442.958333333333,0,0,4730.9,20.35,0,2.00332272222222,1.8,0,843.7,0,0,-2157.4,23.895,0,0,0.427445822222222,-1.39,300,0,3744.6,22.6018056666667,0.16,0
2/10/20 1:39,443.083333333333,443.041666666667,0,0,4730.9,20.35,0,2.00295605555556,1.8,0,843.7,0,0,-2157.20137111111,23.895,0,0,0.430641688888889,-1.38716244444444,300,0,3744.6,22.6603323333333,0.16,0
2/10/20 1:44,443.166666666667,443.125,0,0,4730.9,20.35,0,2.00381248888889,1.8,0,843.7,0,0,-2156.91992444444,23.895,0,0,0.434249955555556,-1.38030422222222,300,0,3744.6,22.7642733333333,0.16,0
2/10/20 1:49,443.25,443.208333333333,0,0,4730.9,20.35,0,2.00408272222222,1.8,0,843.7,0,0,-2157.57733333333,23.895,0,0,0.433628355555556,-1.38283755555556,300,0,3744.6,22.6726563333333,0.16,0
2/10/20 1:54,443.333333333333,443.291666666667,0,0,4730.9,20.35,0,2.0051554,1.8,0,843.7,0,0,-2158.07870444444,23.895,0,0,0.435222911111111,-1.38969577777778,300,0,3744.6,22.607738,0.16,0
2/10/20 1:59,443.416666666667,443.375,0,0,4730.9,20.35,0,2.00453042222222,1.8,0,843.7,0,0,-2158.1,23.895,0,0,0.435969577777778,-1.39,300,0,3744.6,22.605,0.16,0
2/10/20 2:04,443.5,443.458333333333,0,0,4730.9,20.35,0,2.0045,1.8,0,843.7,0,0,-2158.1,23.895,0,0,0.435148733333333,-1.39,300,0,3744.6,22.5454113333333,0.16,0
2/10/20 2:09,443.583333333333,443.541666666667,0,0,4730.9,20.35,0,2.00421624444444,1.8,0,843.7,0,0,-2158.1,23.895,0,0,0.433942533333334,-1.39,300,0,3744.6,22.431183,0.16,0
2/10/20 2:14,443.666666666667,443.625,0,0,4730.9,20.35,0,2.0036723,1.8,0,843.7,0,0,-2158.1,23.9247943333333,0,0,0.436192488888889,-1.39,300,0,3744.6,22.4968056666667,0.16,0
2/10/20 2:19,443.75,443.708333333333,0,0,4730.9,20.35,0,2.00426854444444,1.8,0,843.7,0,0,-2158.1,23.9968056666667,0,0,0.437253333333333,-1.39,300,0,3744.6,22.5,0.158183964444444,0
2/10/20 2:24,443.833333333333,443.791666666667,0,0,4730.9,20.35,0,2.00511145555556,1.8,0,843.7,0,0,-2158.1,24,0,0,0.438820844444444,-1.39,300,0,3744.6,22.5297943333333,0.153794702222222,0
2/10/20 2:29,443.916666666667,443.875,0,0,4730.9,20.35,0,2.00520103333333,1.8,0,843.7,0,0,-2158.29862888889,24,0,0,0.440908733333333,-1.39,300,0,3744.6,22.6018056666667,0.1536,0
2/10/20 2:34,444,443.958333333333,0,0,4730.9,20.35,0,2.00424666666667,1.8,0,843.7,0,0,-2158.77870444444,24,0,0,0.441851266666667,-1.38716244444444,300,0,3744.6,22.630538,0.1536,0
2/10/20 2:39,444.083333333333,444.041666666667,0,0,4730.9,20.35,0,2.00338854444444,1.8,0,843.7,0,0,-2158.60137111111,24,0,0,0.443341222222222,-1.38030422222222,300,0,3744.6,22.692262,0.1536,0
2/10/20 2:44,444.166666666667,444.125,0,0,4730.9,20.35,0,2.00315708888889,1.8,0,843.7,0,0,-2158.12129555556,24,0,0,0.442060844444444,-1.38,300,0,3744.6,22.695,0.1536,0
2/10/20 2:49,444.25,444.208333333333,0,0,4730.9,20.35,0,2.00320103333333,1.8,0,843.7,0,0,-2158.1,24,0,0,0.442,-1.38,300,0,3744.6,22.695,0.1536,0
2/10/20 2:54,444.333333333333,444.291666666667,0,0,4730.9,20.35,0,2.0026723,1.8,0,843.7,0,0,-2158.29862888889,24,0,0,0.441148733333333,-1.38283755555556,300,0,3744.6,22.669462,0.1536,0
2/10/20 2:59,444.416666666667,444.375,0,0,4730.9,20.35,0,2.00312666666667,1.8,0,843.7,0,0,-2158.77870444444,24,0,0,0.439658777777778,-1.38969577777778,300,0,3744.6,22.607738,0.1536,0
2/10/20 3:04,444.5,444.458333333333,0,0,4730.9,20.35,0,2.00348478888889,1.8,0,843.7,0,0,-2158.99862888889,24,0,0,0.440939155555555,-1.39,300,0,3744.6,22.605,0.1536,0
2/10/20 3:09,444.583333333333,444.541666666667,0,0,4730.9,20.35,0,2.00307436666667,1.8,0,843.7,0,0,-2159.28007555556,24,0,0,0.441567511111111,-1.38716244444444,300,0,3744.6,22.630538,0.1536,0
2/10/20 3:14,444.666666666667,444.625,0,0,4730.9,20.35,0,2.00318065555556,1.8,0,843.7,0,0,-2158.62266666667,24,0,0,0.4426554,-1.38030422222222,300,0,3744.6,22.692262,0.1536,0
2/10/20 3:19,444.75,444.708333333333,0,0,4730.9,20.35,0,2.00587831111111,1.8,0,843.7,0,0,-2158.31992444444,24,0,0,0.441462911111111,-1.38,300,0,3744.6,22.695,0.1536,0
2/10/20 3:24,444.833333333333,444.791666666667,0,0,4730.9,20.35,0,2.00529061111111,1.8,0,843.7,0,0,-2158.77870444444,24,0,0,0.440060844444444,-1.38,300,0,3744.6,22.7247943333333,0.1536,0
2/10/20 3:29,444.916666666667,444.875,0,0,4730.9,20.35,0,2.00371793333333,1.8,0,843.7,0,0,-2158.8,24,0,0,0.438864977777778,-1.38,300,0,3744.6,22.7670113333333,0.1536,0
2/10/20 3:34,445,444.958333333333,0,0,4730.9,20.35,0,2.00412666666667,1.8,0,843.7,0,0,-2158.8,24,0,0,0.436121688888889,-1.38,300,0,3744.6,22.6981943333333,0.1536,0
2/10/20 3:39,445.083333333333,445.041666666667,0,0,4730.9,20.35,0,2.00391727777778,1.8,0,843.7,0,0,-2158.8,24,0,0,0.434864977777778,-1.38283755555556,300,0,3744.6,22.669462,0.1536,0
2/10/20 3:44,445.166666666667,445.125,0,0,4730.9,20.35,0,2.00369586666667,1.8,0,843.7,0,0,-2158.8,24,0,0,0.432121688888889,-1.38969577777778,300,0,3744.6,22.607738,0.1536,0
2/10/20 3:49,445.25,445.208333333333,0,0,4730.9,20.35,0,2.00566892222222,1.8,0,843.7,0,0,-2158.8,24,0,0,0.432851266666666,-1.38716244444444,300,0,3744.6,22.6603323333333,0.1536,0
2/10/20 3:54,445.333333333333,445.291666666667,0,0,4730.9,20.35,0,2.00450168888889,1.8,0,843.7,0,0,-2158.60137111111,24,0,0,0.433773711111111,-1.38030422222222,300,0,3744.6,22.7642733333333,0.1536,0
2/10/20 3:59,445.416666666667,445.375,0,0,4730.9,20.35,0,2.00488685555556,1.8,0,843.7,0,0,-2158.31992444444,24.0297943333333,0,0,0.430554177777778,-1.38283755555556,300,0,3744.6,22.6726563333333,0.1536,0
2/10/20 4:04,445.5,445.458333333333,0,0,4730.9,20.35,0,2.0038446,1.8,0,843.7,0,0,-2158.97733333333,24.1018056666667,0,0,0.428493333333333,-1.38969577777778,300,0,3744.6,22.607738,0.1536,0
2/10/20 4:09,445.583333333333,445.541666666667,0,0,4730.9,20.35,0,2.0043277,1.8,0,843.7,0,0,-2159.28007555556,24.105,0,0,0.427628355555555,-1.38716244444444,300,0,3744.6,22.630538,0.151783964444444,0
2/10/20 4:14,445.666666666667,445.625,0,0,4730.9,20.35,0,2.00415708888889,1.8,0,843.7,0,0,-2159.01992444444,24.105,0,0,0.427804133333333,-1.38314177777778,300,0,3744.6,22.666724,0.147394702222222,0
2/10/20 4:19,445.75,445.708333333333,0,0,4730.9,20.35,0,2.00434291111111,1.8,0,843.7,0,0,-2159.28007555556,24.105,0,0,0.425405444444444,-1.38685822222222,300,0,3744.6,22.633276,0.1472,0
2/10/20 4:24,445.833333333333,445.791666666667,0,0,4730.9,20.35,0,2.00444084444444,1.8,0,843.7,0,0,-2158.82129555556,24.105,0,0,0.425969577777778,-1.38030422222222,300,0,3744.6,22.692262,0.1472,0
2/10/20 4:29,445.916666666667,445.875,0,0,4730.9,20.35,0,2.00517061111111,1.8,0,843.7,0,0,-2158.99862888889,24.105,0,0,0.425432488888889,-1.38,300,0,3744.6,22.695,0.1472,0
2/10/20 4:34,446,445.958333333333,0,0,4730.9,20.35,0,2.00396291111111,1.8,0,843.7,0,0,-2159.28007555556,24.105,0,0,0.423493333333333,-1.38,300,0,3744.6,22.695,0.1472,0
2/10/20 4:39,446.083333333333,446.041666666667,0,0,4730.9,20.35,0,2.0028446,1.8,0,843.7,0,0,-2158.82129555556,24.105,0,0,0.420925822222222,-1.38283755555556,300,0,3744.6,22.669462,0.1472,0
2/10/20 4:44,446.166666666667,446.125,0,0,4730.9,20.35,0,2.00346957777778,1.8,0,843.7,0,0,-2158.8,24.105,0,0,0.418121688888889,-1.38969577777778,300,0,3744.6,22.607738,0.1472,0
2/10/20 4:49,446.25,446.208333333333,0,0,4730.9,20.35,0,2.00406751111111,1.8,0,843.7,0,0,-2158.8,24.105,0,0,0.418851266666667,-1.38716244444444,300,0,3744.6,22.630538,0.1472,0
2/10/20 4:54,446.333333333333,446.291666666667,0,0,4730.9,20.35,0,2.00529727777778,1.8,0,843.7,0,0,-2158.8,24.105,0,0,0.420908733333333,-1.38030422222222,300,0,3744.6,22.7220563333333,0.1472,0
2/10/20 4:59,446.416666666667,446.375,0,0,4730.9,20.35,0,2.0044477,1.8,0,843.7,0,0,-2158.99862888889,24.105,0,0,0.419864977777778,-1.38,300,0,3744.6,22.7670113333333,0.1472,0
2/10/20 5:04,446.5,446.458333333333,0,0,4730.9,20.35,0,2.00306084444444,1.8,0,843.7,0,0,-2159.47870444444,24.105,0,0,0.416554177777778,-1.38,300,0,3744.6,22.6981943333333,0.1472,0
2/10/20 5:09,446.583333333333,446.541666666667,0,0,4730.9,20.35,0,2.00370938888889,1.8,0,843.7,0,0,-2159.30137111111,24.105,0,0,0.414777088888889,-1.38,300,0,3744.6,22.695,0.1472,0
2/10/20 5:14,446.666666666667,446.625,0,0,4730.9,20.35,0,2.00485643333333,1.8,0,843.7,0,0,-2158.82129555556,24.105,0,0,0.4128954,-1.38283755555556,300,0,3744.6,22.669462,0.1472,0
2/10/20 5:19,446.75,446.708333333333,0,0,4730.9,20.35,0,2.0038446,1.8,0,843.7,0,0,-2158.99862888889,24.105,0,0,0.410121688888889,-1.38969577777778,300,0,3744.6,22.607738,0.1472,0
2/10/20 5:24,446.833333333333,446.791666666667,0,0,4730.9,20.35,0,2.00461145555556,1.8,0,843.7,0,0,-2159.28007555556,24.105,0,0,0.41,-1.39,300,0,3744.6,22.605,0.1472,0
2/10/20 5:29,446.916666666667,446.875,0,0,4730.9,20.35,0,2.00470197604282,1.8,0,843.7,0,0,-2158.82129555556,24.105,0,0,0.409434374307863,-1.39,300,0,3744.6,22.605,0.1472,0
2/10/20 5:34,447,446.958333333333,0,0,4730.9,20.35,0,2.0041717711794,1.8,0,843.7,0,0,-2158.8,24.105,0,0,0.408062292358804,-1.3871875,300,0,3744.6,22.6303125,0.1472,0
2/10/20 5:39,447.083333333333,447.041666666667,0,0,4730.9,20.35,0,2.00378125,1.8,0,843.7,0,0,-2158.8,24.105,0,0,0.408,-1.3803125,300,0,3744.6,22.6921875,0.1472,0
2/10/20 5:44,447.166666666667,447.125,0,0,4730.9,20.35,0,2.002640625,1.8,0,843.7,0,0,-2158.8,24.105,0,0,0.4074375,-1.38,300,0,3744.6,22.695,0.1472,0
2/10/20 5:49,447.25,447.208333333333,0,0,4730.9,20.35,0,2.004640625,1.8,0,843.7,0,0,-2158.8,24.105,0,0,0.4055,-1.3828125,300,0,3744.6,22.6696875,0.1472,0
2/10/20 5:54,447.333333333333,447.291666666667,0,0,4730.9,20.35,0,2.00515625,1.8,0,843.7,0,0,-2158.996875,24.07546875,0,0,0.40378125,-1.3896875,300,0,3744.6,22.6078125,0.1472,0
2/10/20 5:59,447.416666666667,447.375,0,0,4730.9,20.35,0,2.0025625,1.8,0,843.7,0,0,-2159.478125,24.00328125,0,0,0.40303125,-1.39,300,0,3744.6,22.605,0.1472,0
2/10/20 6:04,447.5,447.458333333333,0,0,4730.9,20.35,0,2.003453125,1.8,0,843.7,0,0,-2159.5,24,0,0,0.40215625,-1.39,300,0,3744.6,22.57546875,0.1472,0
2/10/20 6:09,447.583333333333,447.541666666667,0,0,4730.9,20.35,0,2.00378125,1.8,0,843.7,0,0,-2159.5,24,0,0,0.40009375,-1.39,300,0,3744.6,22.50328125,0.1472,0
2/10/20 6:14,447.666666666667,447.625,0,0,4730.9,20.35,0,2.003765625,1.8,0,843.7,0,0,-2159.5,24,0,0,0.39971875,-1.39,300,0,3744.6,22.5,0.1472,0
2/10/20 6:19,447.75,447.708333333333,0,0,4730.9,20.35,0,2.003203125,1.8,0,843.7,0,0,-2159.5,24,0,0,0.39790625,-1.39,300,0,3744.6,22.47046875,0.1472,0
2/10/20 6:24,447.833333333333,447.791666666667,0,0,4730.9,20.35,0,2.0053125,1.8,0,843.7,0,0,-2159.696875,24,0,0,0.39625,-1.39,300,0,3744.6,22.45734375,0.1472,0
2/10/20 6:29,447.916666666667,447.875,0,0,4730.9,20.35,0,2.0040625,1.8,0,843.7,0,0,-2159.98125,24,0,0,0.39915625,-1.39,300,0,3744.6,22.61953125,0.1472,0
2/10/20 6:34,448,447.958333333333,0,0,4730.9,20.35,0,2.003859375,1.8,0,843.7,0,0,-2159.71875,24,0,0,0.3974375,-1.3928125,300,0,3744.6,22.5721875,0.1472,0
2/10/20 6:39,448.083333333333,448.041666666667,0,0,4730.9,20.35,0,2.003796875,1.8,0,843.7,0,0,-2160.178125,24,0,0,0.39071875,-1.3996875,300,0,3744.6,22.31671875,0.1472,0
2/10/20 6:44,448.166666666667,448.125,0,0,4730.9,20.35,0,2.004609375,1.8,0,843.7,0,0,-2160.2,24,0,0,0.3885,-1.4,300,0,3744.6,22.305,0.1454,0
2/10/20 6:49,448.25,448.208333333333,0,0,4730.9,20.35,0,2.004421875,1.8,0,843.7,0,0,-2160.2,24,0,0,0.3870625,-1.4,300,0,3744.6,22.305,0.141,0
2/10/20 6:54,448.333333333333,448.291666666667,0,0,4730.9,20.35,0,2.003484375,1.8,0,843.7,0,0,-2160.2,24,0,0,0.385875,-1.4,300,0,3744.6,22.27546875,0.1408,0
2/10/20 6:59,448.416666666667,448.375,0,0,4730.9,20.35,0,2.004171875,1.8,0,843.7,0,0,-2160.2,24,0,0,0.3825625,-1.4,300,0,3744.6,22.20328125,0.1408,0
2/10/20 7:04,448.5,448.458333333333,0,0,4730.9,20.35,0,2.0038125,1.8,0,843.7,0,0,-2160.2,24,0,0,0.3821875,-1.4,300,0,3744.6,22.22953125,0.1408,0
2/10/20 7:09,448.583333333333,448.541666666667,0,0,4730.9,20.35,0,2.00475,1.8,0,843.7,0,0,-2160.2,24,0,0,0.38375,-1.4,300,0,3744.6,22.2721875,0.1408,0
2/10/20 7:14,448.666666666667,448.625,0,0,4730.9,20.35,0,2.0051875,1.8,0,843.7,0,0,-2160.2,24,0,0,0.3805625,-1.4,300,0,3744.6,22.20328125,0.1408,0
2/10/20 7:19,448.75,448.708333333333,0,0,4730.9,20.35,0,2.004390625,1.8,0,843.7,0,0,-2160.396875,23.97046875,0,0,0.37878125,-1.4,300,0,3744.6,22.2,0.1408,0
2/10/20 7:24,448.833333333333,448.791666666667,0,0,4730.9,20.35,0,2.004015625,1.8,0,843.7,0,0,-2160.68125,23.89828125,0,0,0.37803125,-1.4,300,0,3744.6,22.22953125,0.1408,0
2/10/20 7:29,448.916666666667,448.875,0,0,4730.9,20.35,0,2.004421875,1.8,0,843.7,0,0,-2160.41875,23.895,0,0,0.3774375,-1.4,300,0,3744.6,22.2721875,0.1408,0
2/10/20 7:34,449,448.958333333333,0,0,4730.9,20.35,0,2.00503125,1.8,0,843.7,0,0,-2160.878125,23.895,0,0,0.37578125,-1.4,300,0,3744.6,22.2328125,0.1408,0
2/10/20 7:39,449.083333333333,449.041666666667,0,0,4730.9,20.35,0,2.004609375,1.8,0,843.7,0,0,-2160.9,23.895,0,0,0.37446875,-1.4,300,0,3744.6,22.30171875,0.1408,0
2/10/20 7:44,449.166666666667,449.125,0,0,4730.9,20.35,0,2.005515625,1.8,0,843.7,0,0,-2160.9,23.895,0,0,0.371375,-1.4,300,0,3744.6,22.2459375,0.1408,0
2/10/20 7:49,449.25,449.208333333333,0,0,4730.9,20.35,0,2.0046875,1.8,0,843.7,0,0,-2160.9,23.895,0,0,0.3671875,-1.4,300,0,3744.6,22.13109375,0.1408,0
2/10/20 7:54,449.333333333333,449.291666666667,0,0,4730.9,20.35,0,2.0045625,1.8,0,843.7,0,0,-2160.9,23.895,0,0,0.36615625,-1.4,300,0,3744.6,22.19671875,0.1408,0
2/10/20 7:59,449.416666666667,449.375,0,0,4730.9,20.35,0,2.004109375,1.8,0,843.7,0,0,-2160.9,23.895,0,0,0.36353125,-1.4,300,0,3744.6,22.2,0.1408,0
2/10/20 8:04,449.5,449.458333333333,0,0,4730.9,20.35,0,2.005578125,1.8,0,843.7,0,0,-2160.9,23.895,0,0,0.3620625,-1.4,300,0,3744.6,22.22953125,0.1408,0
2/10/20 8:09,449.583333333333,449.541666666667,0,0,4730.9,20.35,0,2.0055625,1.8,0,843.7,0,0,-2160.9,23.895,0,0,0.36228125,-1.3971875,300,0,3744.6,22.3565625,0.1408,0
2/10/20 8:14,449.666666666667,449.625,0,0,4730.9,20.35,0,2.004546875,1.8,0,843.7,0,0,-2160.50625,23.895,0,0,0.3615625,-1.3903125,300,0,3744.6,22.49390625,0.1408,0
2/10/20 8:19,449.75,449.708333333333,0,0,4730.9,20.35,0,2.00421875,1.8,0,843.7,0,0,-2159.740625,23.895,0,0,0.35675,-1.39,300,0,3744.6,22.5,0.1408,0
2/10/20 8:24,449.833333333333,449.791666666667,0,0,4730.9,20.35,0,2.00325,1.8,0,843.7,0,0,-2160.178125,23.895,0,0,0.35259375,-1.39,300,0,3744.6,22.5,0.1408,0
2/10/20 8:29,449.916666666667,449.875,0,0,4730.9,20.35,0,2.003234375,1.8,0,843.7,0,0,-2160.2,23.895,0,0,0.3510625,-1.39,300,0,3744.6,22.5,0.1408,0
2/10/20 8:34,450,449.958333333333,0,0,4730.9,20.35,0,2.003796875,1.8,0,843.7,0,0,-2160.2,23.895,0,0,0.349875,-1.39,300,0,3744.6,22.5,0.1408,0
2/10/20 8:39,450.083333333333,450.041666666667,0,0,4730.9,20.35,0,2.00196875,1.8,0,843.7,0,0,-2160.2,23.92453125,0,0,0.34684375,-1.39,300,0,3744.6,22.52953125,0.139,0
2/10/20 8:44,450.166666666667,450.125,0,0,4730.9,20.35,0,2.004328125,1.8,0,843.7,0,0,-2160.003125,23.99671875,0,0,0.344625,-1.39,300,0,3744.6,22.60171875,0.1346,0
2/10/20 8:49,450.25,450.208333333333,0,0,4730.9,20.35,0,2.0053125,1.8,0,843.7,0,0,-2159.521875,24,0,0,0.34059375,-1.3871875,300,0,3744.6,22.6303125,0.1344,0
2/10/20 8:54,450.333333333333,450.291666666667,0,0,4730.9,20.35,0,2.004875,1.8,0,843.7,0,0,-2159.5,24,0,0,0.33765625,-1.3803125,300,0,3744.6,22.6921875,0.1344,0
2/10/20 8:59,450.416666666667,450.375,0,0,4730.9,20.35,0,2.004234375,1.8,0,843.7,0,0,-2159.696875,24,0,0,0.33303125,-1.3828125,300,0,3744.6,22.6696875,0.1344,0
2/10/20 9:04,450.5,450.458333333333,0,0,4730.9,20.35,0,2.0038125,1.8,0,843.7,0,0,-2160.178125,24,0,0,0.32984375,-1.3896875,300,0,3744.6,22.6078125,0.1344,0
2/10/20 9:09,450.583333333333,450.541666666667,0,0,4730.9,20.35,0,2.004046875,1.8,0,843.7,0,0,-2160.2,24,0,0,0.32846875,-1.3871875,300,0,3744.6,22.6303125,0.1344,0
2/10/20 9:14,450.666666666667,450.625,0,0,4730.9,20.35,0,2.00346875,1.8,0,843.7,0,0,-2160.003125,24,0,0,0.32734375,-1.3803125,300,0,3744.6,22.75125,0.1344,0
2/10/20 9:19,450.75,450.708333333333,0,0,4730.9,20.35,0,2.004453125,1.8,0,843.7,0,0,-2159.521875,24,0,0,0.32628125,-1.38,300,0,3744.6,22.86890625,0.1344,0
2/10/20 9:24,450.833333333333,450.791666666667,0,0,4730.9,20.35,0,2.0045,1.8,0,843.7,0,0,-2159.5,24.02953125,0,0,0.32134375,-1.38,300,0,3744.6,22.8328125,0.1344,0
2/10/20 9:29,450.916666666667,450.875,0,0,4730.9,20.35,0,2.004921875,1.8,0,843.7,0,0,-2159.303125,24.10171875,0,0,0.319375,-1.3771875,300,0,3744.6,22.9565625,0.1344,0
2/10/20 9:34,451,450.958333333333,0,0,4730.9,20.35,0,2.00525,1.8,0,843.7,0,0,-2159.01875,24.105,0,0,0.319125,-1.3703125,300,0,3744.6,23.09390625,0.1344,0
2/10/20 9:39,451.083333333333,451.041666666667,0,0,4730.9,20.35,0,2.003578125,1.8,0,843.7,0,0,-2159.28125,24.105,0,0,0.31765625,-1.3671875,300,0,3744.6,23.15484375,0.1344,0
2/10/20 9:44,451.166666666667,451.125,0,0,4730.9,20.35,0,2.00392047342193,1.8,0,843.7,0,0,-2158.821875,24.105,0,0,0.318657184385382,-1.3603125,300,0,3744.6,23.3183393895349,0.1344,0
2/10/20 9:49,451.25,451.208333333333,0,0,4730.9,20.35,0,2.00453389324474,1.8,0,843.7,0,0,-2158.8,24.105,0,0,0.316916960059062,-1.36,300,0,3744.6,23.3840978604651,0.1344,0
2/10/20 9:54,451.333333333333,451.291666666667,0,0,4730.9,20.35,0,2.00410564444444,1.8,0,843.7,0,0,-2158.8,24.105,0,0,0.312177066666667,-1.36278755555556,300,0,3744.6,23.3146306666667,0.1344,0
2/10/20 9:59,451.416666666667,451.375,0,0,4730.9,20.35,0,2.00501768888889,1.8,0,843.7,0,0,-2158.8,24.130088,0,0,0.305552088888889,-1.36967911111111,300,0,3744.6,23.180544,0.1344,0
2/10/20 10:04,451.5,451.458333333333,0,0,4730.9,20.35,0,2.00418751111111,1.8,0,843.7,0,0,-2158.8,24.192112,0,0,0.301471288888889,-1.36721244444444,300,0,3744.6,23.1577266666667,0.1344,0
2/10/20 10:09,451.583333333333,451.541666666667,0,0,4730.9,20.35,0,2.00462333333333,1.8,0,843.7,0,0,-2158.8,24.195,0,0,0.300295377777778,-1.36310844444444,300,0,3744.6,23.2343853333333,0.1344,0
2/10/20 10:14,451.666666666667,451.625,0,0,4730.9,20.35,0,2.0047052,1.8,0,843.7,0,0,-2158.8,24.195,0,0,0.295635022222222,-1.36967911111111,300,0,3744.6,23.1062573333333,0.1344,0
2/10/20 10:19,451.75,451.708333333333,0,0,4730.9,20.35,0,2.00375333333333,1.8,0,843.7,0,0,-2158.8,24.195,0,0,0.293785422222222,-1.37,300,0,3744.6,23.1292693333333,0.1344,0
2/10/20 10:24,451.833333333333,451.791666666667,0,0,4730.9,20.35,0,2.00345022222222,1.8,0,843.7,0,0,-2158.8,24.195,0,0,0.292474577777778,-1.37,300,0,3744.6,23.2016306666667,0.1344,0
2/10/20 10:29,451.916666666667,451.875,0,0,4730.9,20.35,0,2.00445186666667,1.8,0,843.7,0,0,-2158.8,24.195,0,0,0.290227911111111,-1.37,300,0,3744.6,23.205,0.1344,0
2/10/20 10:34,452,451.958333333333,0,0,4730.9,20.35,0,2.00463937777778,1.8,0,843.7,0,0,-2158.8,24.195,0,0,0.287538755555556,-1.37,300,0,3744.6,23.205,0.1344,0
2/10/20 10:39,452.083333333333,452.041666666667,0,0,4730.9,20.35,0,2.00540208888889,1.8,0,843.7,0,0,-2158.8,24.2242693333333,0,0,0.284391644444445,-1.37,300,0,3744.6,23.1464613333333,0.1344,0
2/10/20 10:44,452.166666666667,452.125,0,0,4730.9,20.35,0,2.00589435555556,1.8,0,843.7,0,0,-2158.8,24.2966306666667,0,0,0.279635022222222,-1.37,300,0,3744.6,23.031008,0.1344,0
2/10/20 10:49,452.25,452.208333333333,0,0,4730.9,20.35,0,2.00498231111111,1.8,0,843.7,0,0,-2158.40974222222,24.3,0,0,0.278342933333333,-1.37,300,0,3744.6,23.1259,0.1344,0
2/10/20 10:54,452.333333333333,452.291666666667,0,0,4730.9,20.35,0,2.00553373333333,1.8,0,843.7,0,0,-2157.44492444444,24.3,0,0,0.2784104,-1.37,300,0,3744.6,23.2016306666667,0.1344,0
2/10/20 10:59,452.416666666667,452.375,0,0,4730.9,20.35,0,2.00454813333333,1.8,0,843.7,0,0,-2157.4,24.3,0,0,0.276506666666667,-1.37,300,0,3744.6,23.205,0.1344,0
2/10/20 11:04,452.5,452.458333333333,0,0,4730.9,20.35,0,2.00436062222222,1.8,0,843.7,0,0,-2157.20487111111,24.3,0,0,0.274506666666667,-1.37,300,0,3744.6,23.205,0.1344,0
2/10/20 11:09,452.583333333333,452.541666666667,0,0,4730.9,20.35,0,2.0042948,1.8,0,843.7,0,0,-2156.91759111111,24.3,0,0,0.271949155555556,-1.37,300,0,3744.6,23.1464613333333,0.1344,0
2/10/20 11:14,452.666666666667,452.625,0,0,4730.9,20.35,0,2.0044104,1.8,0,843.7,0,0,-2157.18240888889,24.3,0,0,0.269685866666667,-1.37,300,0,3744.6,23.031008,0.1344,0
2/10/20 11:19,452.75,452.708333333333,0,0,4730.9,20.35,0,2.00306417777778,1.8,0,843.7,0,0,-2156.72246222222,24.3,0,0,0.2698208,-1.37,300,0,3744.6,23.0673613333333,0.132615964444444,0
2/10/20 11:24,452.833333333333,452.791666666667,0,0,4730.9,20.35,0,2.00258186666667,1.8,0,843.7,0,0,-2156.7,24.3292693333333,0,0,0.267685866666667,-1.37,300,0,3744.6,23.0276386666667,0.128205368888889,0
2/10/20 11:29,452.916666666667,452.875,0,0,4730.9,20.35,0,2.0023844,1.8,0,843.7,0,0,-2156.50487111111,24.4016306666667,0,0,0.269772088888889,-1.37,300,0,3744.6,23.1259,0.128,0
2/10/20 11:34,453,452.958333333333,0,0,4730.9,20.35,0,2.00412497777778,1.8,0,843.7,0,0,-2156.21759111111,24.405,0,0,0.271624977777778,-1.37,300,0,3744.6,23.1723613333333,0.128,0
2/10/20 11:39,453.083333333333,453.041666666667,0,0,4730.9,20.35,0,2.0040896,1.8,0,843.7,0,0,-2156.67753777778,24.405,0,0,0.2715896,-1.37,300,0,3744.6,23.1033693333333,0.128,0
2/10/20 11:44,453.166666666667,453.125,0,0,4730.9,20.35,0,2.00487831111111,1.8,0,843.7,0,0,-2156.89512888889,24.405,0,0,0.270984533333333,-1.37278755555556,300,0,3744.6,23.0163733333333,0.128,0
2/10/20 11:49,453.25,453.208333333333,0,0,4730.9,20.35,0,2.00356417777778,1.8,0,843.7,0,0,-2156.98728,24.405,0,0,0.2651096,-1.38246666666667,300,0,3744.6,22.7552693333333,0.128,0
2/10/20 11:54,453.333333333333,453.291666666667,0,0,4730.9,20.35,0,2.0035,1.8,0,843.7,0,0,-2155.84979555556,24.405,0,0,0.263243377777778,-1.38689155555556,300,0,3744.6,22.6363453333333,0.128,0
2/10/20 11:59,453.416666666667,453.375,0,0,4730.9,20.35,0,2.00377875555556,1.8,0,843.7,0,0,-2155.71272,24.405,0,0,0.265035377777778,-1.38310844444444,300,0,3744.6,22.667024,0.128,0
2/10/20 12:04,453.5,453.458333333333,0,0,4730.9,20.35,0,2.0039104,1.8,0,843.7,0,0,-2156.65507555556,24.405,0,0,0.263096266666667,-1.38967911111111,300,0,3744.6,22.5786186666667,0.128,0
2/10/20 12:09,453.583333333333,453.541666666667,0,0,4730.9,20.35,0,2.00312168888889,1.8,0,843.7,0,0,-2156.7,24.405,0,0,0.263557511111111,-1.39,300,0,3744.6,22.5033693333333,0.128,0
2/10/20 12:14,453.666666666667,453.625,0,0,4730.9,20.35,0,2.00485395555556,1.8,0,843.7,0,0,-2156.7,24.405,0,0,0.264099555555556,-1.39278755555556,300,0,3744.6,22.4456426666667,0.128,0
2/10/20 12:19,453.75,453.708333333333,0,0,4730.9,20.35,0,2.00581248888889,1.8,0,843.7,0,0,-2156.7,24.405,0,0,0.263211288888889,-1.39689155555556,300,0,3744.6,22.3363453333333,0.128,0
2/10/20 12:24,453.833333333333,453.791666666667,0,0,4730.9,20.35,0,2.00537666666667,1.8,0,843.7,0,0,-2156.89512888889,24.405,0,0,0.266429155555556,-1.39032088888889,300,0,3744.6,22.392112,0.128,0
2/10/20 12:29,453.916666666667,453.875,0,0,4730.9,20.35,0,2.00501604444444,1.8,0,843.7,0,0,-2157.37753777778,24.405,0,0,0.267657066666667,-1.39278755555556,300,0,3744.6,22.3406426666667,0.128,0
2/10/20 12:34,454,453.958333333333,0,0,4730.9,20.35,0,2.005,1.8,0,843.7,0,0,-2157.4,24.405,0,0,0.267868355555555,-1.39967911111111,300,0,3744.6,22.1937133333333,0.128,0
2/10/20 12:39,454.083333333333,454.041666666667,0,0,4730.9,20.35,0,2.00472124444444,1.8,0,843.7,0,0,-2157.4,24.405,0,0,0.271018755555556,-1.4,300,0,3744.6,22.168988,0.128,0
2/10/20 12:44,454.166666666667,454.125,0,0,4730.9,20.35,0,2.00417146666667,1.8,0,843.7,0,0,-2157.4,24.405,0,0,0.273314133333333,-1.40278755555556,300,0,3744.6,22.1441986666667,0.128,0
2/10/20 12:49,454.25,454.208333333333,0,0,4730.9,20.35,0,2.00406582222222,1.8,0,843.7,0,0,-2157.59512888889,24.405,0,0,0.273736711111111,-1.40689155555556,300,0,3744.6,22.0363453333333,0.128,0
2/10/20 12:54,454.333333333333,454.291666666667,0,0,4730.9,20.35,0,2.00346626666667,1.8,0,843.7,0,0,-2157.68728,24.3757306666667,0,0,0.278922488888889,-1.40032088888889,300,0,3744.6,22.1213813333333,0.128,0
2/10/20 12:59,454.416666666667,454.375,0,0,4730.9,20.35,0,2.00431248888889,1.8,0,843.7,0,0,-2156.74492444444,24.3033693333333,0,0,0.282429155555556,-1.4,300,0,3744.6,22.1966306666667,0.128,0
2/10/20 13:04,454.5,454.458333333333,0,0,4730.9,20.35,0,2.0042948,1.8,0,843.7,0,0,-2156.89512888889,24.3,0,0,0.284493333333333,-1.4,300,0,3744.6,22.2,0.128,0
2/10/20 13:09,454.583333333333,454.541666666667,0,0,4730.9,20.35,0,2.0044104,1.8,0,843.7,0,0,-2157.37753777778,24.3,0,0,0.286493333333333,-1.4,300,0,3744.6,22.2,0.128,0
2/10/20 13:14,454.666666666667,454.625,0,0,4730.9,20.35,0,2.00348092196382,1.8,0,843.7,0,0,-2157.59448062015,24.3,0,0,0.287657992764858,-1.40277829457364,300,0,3744.6,22.145823255814,0.128,0
2/10/20 13:19,454.75,454.708333333333,0,0,4730.9,20.35,0,2.00431261970284,1.8,0,843.7,0,0,-2158.07701937984,24.3,0,0,0.288690462790698,-1.40690898320413,300,0,3744.6,22.036266244186,0.126231857777778,0
2/10/20 13:24,454.833333333333,454.791666666667,0,0,4730.9,20.35,0,2.00360206111111,1.8,0,843.7,0,0,-2158.1,24.3,0,0,0.293078638888889,-1.40309211111111,300,0,3744.6,22.067171,0.121810808888889,0
2/10/20 13:29,454.916666666667,454.875,0,0,4730.9,20.35,0,2.00310195277778,1.8,0,843.7,0,0,-2157.90660944444,24.3,0,0,0.295348422222222,-1.40967061111111,300,0,3744.6,22.0079645,0.1216,0
2/10/20 13:34,455,454.958333333333,0,0,4730.9,20.35,0,2.00471039444444,1.8,0,843.7,0,0,-2157.42305722222,24.3,0,0,0.29938785,-1.41,300,0,3744.6,22.005,0.1216,0
2/10/20 13:39,455.083333333333,455.041666666667,0,0,4730.9,20.35,0,2.00546706111111,1.8,0,843.7,0,0,-2157.01321888889,24.3,0,0,0.302591755555556,-1.40723727777778,300,0,3744.6,22.0298645,0.1216,0
2/10/20 13:44,455.166666666667,455.125,0,0,4730.9,20.35,0,2.0055,1.8,0,843.7,0,0,-2155.85272388889,24.3,0,0,0.307078638888889,-1.40032938888889,300,0,3744.6,22.0920355,0.1216,0
2/10/20 13:49,455.25,455.208333333333,0,0,4730.9,20.35,0,2.0055,1.8,0,843.7,0,0,-2155.32305722222,24.3,0,0,0.30907215,-1.4,300,0,3744.6,22.1240085833333,0.1216,0
2/10/20 13:54,455.333333333333,455.291666666667,0,0,4730.9,20.35,0,2.00494745555556,1.8,0,843.7,0,0,-2155.3,24.2709914166667,0,0,0.313525877777778,-1.4,300,0,3744.6,22.1965414166667,0.1216,0
2/10/20 13:59,455.416666666667,455.375,0,0,4730.9,20.35,0,2.00370401388889,1.8,0,843.7,0,0,-2155.10660944444,24.1984585833333,0,0,0.31946,-1.4,300,0,3744.6,22.2290085833333,0.1216,0
2/10/20 14:04,455.5,455.458333333333,0,0,4730.9,20.35,0,2.00425980277778,1.8,0,843.7,0,0,-2154.62305722222,24.195,0,0,0.326012544444444,-1.39723727777778,300,0,3744.6,22.3844230833333,0.1216,0
2/10/20 14:09,455.583333333333,455.541666666667,0,0,4730.9,20.35,0,2.00427638055556,1.8,0,843.7,0,0,-2154.40660944444,24.195,0,0,0.332289033333333,-1.39032938888889,300,0,3744.6,22.5951183333333,0.119831857777778,0
2/10/20 14:14,455.666666666667,455.625,0,0,4730.9,20.35,0,2.00327302777778,1.8,0,843.7,0,0,-2153.92305722222,24.195,0,0,0.334486666666667,-1.39,300,0,3744.6,22.5884236666667,0.115410808888889,0
2/10/20 14:19,455.75,455.708333333333,0,0,4730.9,20.35,0,2.00505578888889,1.8,0,843.7,0,0,-2153.9,24.195,0,0,0.336486666666667,-1.39,300,0,3744.6,22.5055355,0.1152,0
2/10/20 14:24,455.833333333333,455.791666666667,0,0,4730.9,20.35,0,2.00534539444444,1.8,0,843.7,0,0,-2153.9,24.195,0,0,0.339315483333333,-1.39,300,0,3744.6,22.3999408333333,0.1152,0
2/10/20 14:29,455.916666666667,455.875,0,0,4730.9,20.35,0,2.00501646944444,1.8,0,843.7,0,0,-2153.9,24.195,0,0,0.3458743,-1.38723727777778,300,0,3744.6,22.4778816666667,0.1152,0
2/10/20 14:34,456,455.958333333333,0,0,4730.9,20.35,0,2.005,1.8,0,843.7,0,0,-2153.9,24.1701355,0,0,0.354742761111111,-1.38032938888889,300,0,3744.6,22.6851183333333,0.1152,0
2/10/20 14:39,456.083333333333,456.041666666667,0,0,4730.9,20.35,0,2.005,1.8,0,843.7,0,0,-2153.9,24.1079645,0,0,0.35980215,-1.38,300,0,3744.6,22.7240085833333,0.1152,0
2/10/20 14:44,456.166666666667,456.125,0,0,4730.9,20.35,0,2.00472372777778,1.8,0,843.7,0,0,-2153.70660944444,24.105,0,0,0.366703333333333,-1.38,300,0,3744.6,22.82555,0.1152,0
2/10/20 14:49,456.25,456.208333333333,0,0,4730.9,20.35,0,2.00389480277778,1.8,0,843.7,0,0,-2153.22305722222,24.105,0,0,0.373427061111111,-1.38,300,0,3744.6,22.9015414166667,0.1152,0
2/10/20 14:54,456.333333333333,456.291666666667,0,0,4730.9,20.35,0,2.00420715,1.8,0,843.7,0,0,-2153.2,24.105,0,0,0.37697355,-1.38276272222222,300,0,3744.6,22.84283875,0.1152,0
2/10/20 14:59,456.416666666667,456.375,0,0,4730.9,20.35,0,2.00522697222222,1.8,0,843.7,0,0,-2153.2,24.105,0,0,0.37675645,-1.38967061111111,300,0,3744.6,22.6666908333333,0.1152,0
2/10/20 15:04,456.5,456.458333333333,0,0,4730.9,20.35,0,2.00413489166667,1.8,0,843.7,0,0,-2153.2,24.105,0,0,0.382183727777778,-1.39,300,0,3744.6,22.6074704166667,0.1152,0
2/10/20 15:09,456.583333333333,456.541666666667,0,0,4730.9,20.35,0,2.00446716944444,1.8,0,843.7,0,0,-2153.2,24.105,0,0,0.387492938888889,-1.39,300,0,3744.6,22.605,0.1152,0
2/10/20 15:14,456.666666666667,456.625,0,0,4730.9,20.35,0,2.00308223888889,1.8,0,843.7,0,0,-2153.2,24.105,0,0,0.393183727777778,-1.39,300,0,3744.6,22.605,0.1152,0
2/10/20 15:19,456.75,456.708333333333,0,0,4730.9,20.35,0,2.00483216944444,1.8,0,843.7,0,0,-2153.2,24.105,0,0,0.398216666666667,-1.39,300,0,3744.6,22.5759914166667,0.1152,0
2/10/20 15:24,456.833333333333,456.791666666667,0,0,4730.9,20.35,0,2.00315146944444,1.8,0,843.7,0,0,-2153.2,24.105,0,0,0.404598027777778,-1.38723727777778,300,0,3744.6,22.5573316666667,0.1152,0
2/10/20 15:29,456.916666666667,456.875,0,0,4730.9,20.35,0,2.00260195277778,1.8,0,843.7,0,0,-2153.2,24.105,0,0,0.414157061111111,-1.38032938888889,300,0,3744.6,22.7175855,0.1152,0
2/10/20 15:34,457,456.958333333333,0,0,4730.9,20.35,0,2.00351971388889,1.8,0,843.7,0,0,-2153.00660944445,24.0759914166667,0,0,0.422913727777778,-1.37723727777778,300,0,3744.6,22.8504145,0.1152,0
2/10/20 15:39,457.083333333333,457.041666666667,0,0,4730.9,20.35,0,2.00324008888889,1.8,0,843.7,0,0,-2152.71644777778,24.0034585833333,0,0,0.428460216666667,-1.37309211111111,300,0,3744.6,22.90569525,0.1152,0
2/10/20 15:44,457.166666666667,457.125,0,0,4730.9,20.35,0,1.37301515277778,1.8,0,843.7,0,0,-2152.79016166667,24,0,0,0.429690572222222,-1.37967061111111,200.5,0,3744.6,22.7048816666667,-3.341088,0
2/10/20 15:49,457.25,457.208333333333,0,0,4730.9,20.35,0,0,1.8,0,843.7,0,0,-2152.23289555556,24,0,0,0.433526094444445,-1.38552544444444,0,0,3744.6,22.5872538333333,-12.8364693333333,0
2/10/20 15:54,457.333333333333,457.291666666667,0,0,4730.9,20.35,0,0,1.8,0,843.7,0,0,-2153.15388555556,24,0,0,0.43192785,-1.40210394444444,0,0,3744.6,22.2059559166667,-3.8528,0
2/10/20 15:59,457.416666666667,457.375,0,0,4730.9,20.35,0,0,1.8,0,843.7,0,0,-2153.39339055556,24.0290085833333,0,0,0.429960572222222,-1.41243333333333,0,0,3744.6,21.8594671666667,-3.8528,0
2/10/20 16:04,457.5,457.458333333333,0,0,4730.9,20.35,0,0,1.8,0,843.7,0,0,-2153.87694277778,24.1015414166667,0,0,0.431901183333333,-1.42243333333333,0,0,3744.6,21.6285414166667,-3.85456814222222,0
2/10/20 16:09,457.583333333333,457.541666666667,0,0,4730.9,20.35,0,0,1.8,0,843.7,0,0,-2153.70660944444,24.105,0,0,0.43448645,-1.42967061111111,0,0,3744.6,21.4148816666667,-3.85898919111111,0
2/10/20 16:14,457.666666666667,457.625,0,0,4730.9,20.35,0,0,1.8,0,843.7,0,0,-2153.41644777778,24.105,0,0,0.442637455555555,-1.43,0,0,3744.6,21.405,-3.8592,0
2/10/20 16:19,457.75,457.708333333333,0,0,4730.9,20.35,0,0,1.8,0,843.7,0,0,-2153.68355222222,24.105,0,0,0.449150788888889,-1.43,0,0,3744.6,21.3759914166667,-3.8592,0
2/10/20 16:24,457.833333333333,457.791666666667,0,0,4730.9,20.35,0,0,1.8,0,843.7,0,0,-2153.41644777778,24.0842795833333,0,0,0.455321755555556,-1.43,0,0,3744.6,21.3034585833333,-3.8592,0
2/10/20 16:29,457.916666666667,457.875,0,0,4730.9,20.35,0,0,1.8,0,843.7,0,0,-2153.87694277778,24.02418225,0,0,0.463637455555555,-1.43,0,0,3744.6,21.31243225,-3.8592,0
2/10/20 16:34,458,457.958333333333,0,0,4730.9,20.35,0,0,1.8,0,843.7,0,0,-2153.70660944444,24.0009881666667,0,0,0.471255877777778,-1.43,0,0,3744.6,21.3600940833333,-3.8592,0
2/10/20 16:39,458.083333333333,458.041666666667,0,0,4730.9,20.35,0,0,1.8,0,843.7,0,0,-2153.02966666667,24,0,0,0.480466272222222,-1.42723727777778,0,0,3744.6,21.45689675,-3.8592,0
2/10/20 16:44,458.166666666667,458.125,0,0,4730.9,20.35,0,0,1.8,0,843.7,0,0,-2152.32966666667,24,0,0,0.489604516666667,-1.42032938888889,0,0,3744.6,21.6225855,-3.86096814222222,0
2/10/20 16:49,458.25,458.208333333333,0,0,4730.9,20.35,0,0,1.8,0,843.7,0,0,-2151.82305722222,24,0,0,0.49753215,-1.41723727777778,0,0,3744.6,21.7554145,-3.86538919111111,0
2/10/20 16:54,458.333333333333,458.291666666667,0,0,4730.9,20.35,0,0,1.8,0,843.7,0,0,-2151.8,24,0,0,0.505499427777778,-1.41032938888889,0,0,3744.6,21.8645683333333,-3.8656,0
2/10/20 16:59,458.416666666667,458.375,0,0,4730.9,20.35,0,0,1.8,0,843.7,0,0,-2151.8,24,0,0,0.510111361111111,-1.41,0,0,3744.6,21.8274671666667,-3.8656,0
2/10/20 17:04,458.5,458.458333333333,0,0,4730.9,20.35,0,0,1.8,0,843.7,0,0,-2151.60660944444,24.0290085833333,0,0,0.51711785,-1.41,0,0,3744.6,21.8965414166667,-3.8656,0
2/10/20 17:09,458.583333333333,458.541666666667,0,0,4730.9,20.35,0,0,1.8,0,843.7,0,0,-2151.12305722222,24.0849650833333,0,0,0.523321755555555,-1.41,0,0,3744.6,21.9,-3.8656,0
2/10/20 17:14,458.666666666667,458.625,0,0,4730.9,20.35,0,0,1.8,0,843.7,0,0,-2151.1,24.0345440833333,0,0,0.531361183333333,-1.41,0,0,3744.6,21.8709914166667,-3.8656,0
2/10/20 17:19,458.75,458.708333333333,0,0,4730.9,20.35,0,0,1.8,0,843.7,0,0,-2151.1,24.00148225,0,0,0.538288816666667,-1.41,0,0,3744.6,21.8274671666667,-3.8656,0
2/10/20 17:24,458.833333333333,458.791666666667,0,0,4730.9,20.35,0,0,1.8,0,843.7,0,0,-2150.90660944444,24,0,0,0.547466272222222,-1.41,0,0,3744.6,21.92555,-3.8656,0
2/10/20 17:29,458.916666666667,458.875,0,0,4730.9,20.35,0,0,1.8,0,843.7,0,0,-2150.42305722222,24,0,0,0.557709605555556,-1.40723727777778,0,0,3744.6,22.0554145,-3.8656,0
2/10/20 17:34,459,458.958333333333,0,0,4730.9,20.35,0,0,1.8,0,843.7,0,0,-2150.4,24,0,0,0.567571577777778,-1.40032938888889,0,0,3744.6,22.1935769166667,-3.8656,0
2/10/20 17:39,459.083333333333,459.041666666667,0,0,4730.9,20.35,0,0,1.8,0,843.7,0,0,-2150.20660944444,24,0,0,0.574703333333333,-1.4,0,0,3744.6,22.1709914166667,-3.8656,0
2/10/20 17:44,459.166666666667,459.125,0,0,4730.9,20.35,0,0,1.8,0,843.7,0,0,-2149.91644777778,24,0,0,0.581150788888889,-1.40276272222222,0,0,3744.6,22.0445855,-3.8656,0
2/10/20 17:49,459.25,459.208333333333,0,0,4730.9,20.35,0,0,1.8,0,843.7,0,0,-2150.18419471576,24,0,0,0.587864203672942,-1.40967061111111,0,0,3744.6,21.9394656082503,-3.8656,0
2/10/20 17:54,459.333333333333,459.291666666667,0,0,4730.9,20.35,0,0,1.8,0,843.7,0,0,-2149.53192139535,24,0,0,0.599188835215947,-1.407262,0,0,3744.6,22.0652414750831,-3.8656,0
2/10/20 17:59,459.416666666667,459.375,0,0,4730.9,20.35,0,0,1.8,0,843.7,0,0,-2149.02366,24,0,0,0.6115724,-1.400338,0,0,3744.6,22.222665,-3.8656,0
2/10/20 18:04,459.5,459.458333333333,0,0,4730.9,20.35,0,0,1.8,0,843.7,0,0,-2149,24,0,0,0.6231876,-1.397262,0,0,3744.6,22.354842,-3.8656,0
2/10/20 18:09,459.583333333333,459.541666666667,0,0,4730.9,20.35,0,0,1.8,0,843.7,0,0,-2148.80834,24,0,0,0.63612,-1.3876,0,0,3744.6,22.5468,-3.8656,0
2/10/20 18:14,459.666666666667,459.625,0,0,4730.9,20.35,0,0,1.8,0,843.7,0,0,-2148.32366,24,0,0,0.6480248,-1.380338,0,0,3744.6,22.717158,-3.8656,0
2/10/20 18:19,459.75,459.708333333333,0,0,4730.9,20.35,0,0,1.8,0,843.7,0,0,-2148.49166,24,0,0,0.65716,-1.38,0,0,3744.6,22.767702,-3.8656,0
2/10/20 18:24,459.833333333333,459.791666666667,0,0,4730.9,20.35,0,0,1.8,0,843.7,0,0,-2148.78468,23.971251,0,0,0.6653386,-1.382738,0,0,3744.6,22.673907,-3.8656,0
2/10/20 18:29,459.916666666667,459.875,0,0,4730.9,20.35,0,0,1.8,0,843.7,0,0,-2148.32366,23.898549,0,0,0.6697972,-1.3924,0,0,3744.6,22.468404,-3.8656,0
2/10/20 18:34,460,459.958333333333,0,0,4730.9,20.35,0,0,1.8,0,843.7,0,0,-2148.3,23.895,0,0,0.672738,-1.4024,0,0,3744.6,22.087596,-3.8656,0
2/10/20 18:39,460.083333333333,460.041666666667,0,0,4730.9,20.35,0,0,1.8,0,843.7,0,0,-2148.49166,23.895,0,0,0.6821262,-1.409662,0,0,3744.6,21.991614,-3.8656,0
2/10/20 18:44,460.166666666667,460.125,0,0,4730.9,20.35,0,0,1.8,0,843.7,0,0,-2148.97634,23.895,0,0,0.6914338,-1.41,0,0,3744.6,21.905958,-3.8656,0
2/10/20 18:49,460.25,460.208333333333,0,0,4730.9,20.35,0,0,1.8,0,843.7,0,0,-2148.80834,23.895,0,0,0.7016738,-1.41,0,0,3744.6,21.80007,-3.8656,0
2/10/20 18:54,460.333333333333,460.291666666667,0,0,4730.9,20.35,0,0,1.8,0,843.7,0,0,-2148.32366,23.870358,0,0,0.7118186,-1.412738,0,0,3744.6,21.770358,-3.8656,0
2/10/20 18:59,460.416666666667,460.375,0,0,4730.9,20.35,0,0,1.8,0,843.7,0,0,-2148.3,23.808042,0,0,0.7207414,-1.419662,0,0,3744.6,21.708042,-3.8656,0
2/10/20 19:04,460.5,460.458333333333,0,0,4730.9,20.35,0,0,1.8,0,843.7,0,0,-2148.3,23.805,0,0,0.7313662,-1.42,0,0,3744.6,21.705,-3.8656,0
2/10/20 19:09,460.583333333333,460.541666666667,0,0,4730.9,20.35,0,0,1.8,0,843.7,0,0,-2148.3,23.805,0,0,0.7405786,-1.42,0,0,3744.6,21.676251,-3.8656,0
2/10/20 19:14,460.666666666667,460.625,0,0,4730.9,20.35,0,0,1.8,0,843.7,0,0,-2148.10834,23.805,0,0,0.7482276,-1.42,0,0,3744.6,21.603549,-3.8656,0
2/10/20 19:19,460.75,460.708333333333,0,0,4730.9,20.35,0,0,1.8,0,843.7,0,0,-2147.62366,23.805,0,0,0.75716,-1.42,0,0,3744.6,21.628749,-3.8656,0
2/10/20 19:24,460.833333333333,460.791666666667,0,0,4730.9,20.35,0,0,1.8,0,843.7,0,0,-2147.6,23.776251,0,0,0.76616,-1.42,0,0,3744.6,21.701451,-3.8656,0
2/10/20 19:29,460.916666666667,460.875,0,0,4730.9,20.35,0,0,1.8,0,843.7,0,0,-2147.6,23.703549,0,0,0.7757076,-1.417262,0,0,3744.6,21.729642,-3.8656,0
2/10/20 19:34,461,460.958333333333,0,0,4730.9,20.35,0,0,1.8,0,843.7,0,0,-2147.40834,23.7,0,0,0.785271,-1.413076,0,0,3744.6,21.767316,-3.8656,0
2/10/20 19:39,461.083333333333,461.041666666667,0,0,4730.9,20.35,0,0,1.8,0,843.7,0,0,-2147.11532,23.7,0,0,0.7922614,-1.419662,0,0,3744.6,21.708042,-3.8656,0
2/10/20 19:44,461.166666666667,461.125,0,0,4730.9,20.35,0,0,1.8,0,843.7,0,0,-2147.57634,23.7,0,0,0.80116,-1.42,0,0,3744.6,21.705,-3.8656,0
2/10/20 19:49,461.25,461.208333333333,0,0,4730.9,20.35,0,0,1.8,0,843.7,0,0,-2147.6,23.7,0,0,0.8107076,-1.42,0,0,3744.6,21.705,-3.8656,0
2/10/20 19:54,461.333333333333,461.291666666667,0,0,4730.9,20.35,0,0,1.8,0,843.7,0,0,-2147.6,23.7,0,0,0.8210924,-1.42,0,0,3744.6,21.705,-3.8656,0
2/10/20 19:59,461.416666666667,461.375,0,0,4730.9,20.35,0,0,1.8,0,843.7,0,0,-2147.6,23.671251,0,0,0.8320766,-1.417262,0,0,3744.6,21.758391,-3.8656,0
2/10/20 20:04,461.5,461.458333333333,0,0,4730.9,20.35,0,0,1.8,0,843.7,0,0,-2147.79166,23.598549,0,0,0.8475662,-1.410338,0,0,3744.6,21.922158,-3.8656,0
2/10/20 20:09,461.583333333333,461.541666666667,0,0,4730.9,20.35,0,0,1.8,0,843.7,0,0,-2148.27634,23.595,0,0,0.8623262,-1.41,0,0,3744.6,22.001451,-3.8656,0
2/10/20 20:14,461.666666666667,461.625,0,0,4730.9,20.35,0,0,1.8,0,843.7,0,0,-2148.3,23.595,0,0,0.8758124,-1.41,0,0,3744.6,22.005,-3.8656,0
2/10/20 20:19,461.75,461.708333333333,0,0,4730.9,20.35,0,0,1.8,0,843.7,0,0,-2148.3,23.570358,0,0,0.88788,-1.41,0,0,3744.6,21.976251,-3.8656,0
2/10/20 20:24,461.833333333333,461.791666666667,0,0,4730.9,20.35,0,0,1.8,0,843.7,0,0,-2148.3,23.508042,0,0,0.8993324,-1.41,0,0,3744.6,21.8748,-3.8656,0
2/10/20 20:29,461.916666666667,461.875,0,0,4730.9,20.35,0,0,1.8,0,843.7,0,0,-2148.3,23.505,0,0,0.9096738,-1.41,0,0,3744.6,21.798549,-3.8656,0
2/10/20 20:34,462,461.958333333333,0,0,4730.9,20.35,0,0,1.8,0,843.7,0,0,-2148.3,23.476251,0,0,0.9209138,-1.41,0,0,3744.6,21.795,-3.8656,0
2/10/20 20:39,462.083333333333,462.041666666667,0,0,4730.9,20.35,0,0,1.8,0,843.7,0,0,-2148.3,23.403549,0,0,0.9326062,-1.41,0,0,3744.6,21.795,-3.8656,0
2/10/20 20:44,462.166666666667,462.125,0,0,4730.9,20.35,0,0,1.8,0,843.7,0,0,-2148.3,23.4,0,0,0.9433662,-1.412738,0,0,3744.6,21.770358,-3.8656,0
2/10/20 20:49,462.25,462.208333333333,0,0,4730.9,20.35,0,0,1.8,0,843.7,0,0,-2148.3,23.371251,0,0,0.9536738,-1.419662,0,0,3744.6,21.708042,-3.8656,0
2/10/20 20:54,462.333333333333,462.291666666667,0,0,4730.9,20.35,0,0,1.8,0,843.7,0,0,-2148.3,23.298549,0,0,0.9643662,-1.42,0,0,3744.6,21.676251,-3.8656,0
2/10/20 20:59,462.416666666667,462.375,0,0,4730.9,20.35,0,0,1.8,0,843.7,0,0,-2148.3,23.295,0,0,0.9746738,-1.42,0,0,3744.6,21.603549,-3.8656,0
2/10/20 21:04,462.5,462.458333333333,0,0,4730.9,20.35,0,0,1.8,0,843.7,0,0,-2148.3,23.270358,0,0,0.9861876,-1.42,0,0,3744.6,21.6,-3.8656,0
2/10/20 21:09,462.583333333333,462.541666666667,0,0,4730.9,20.35,0,0,1.8,0,843.7,0,0,-2148.3,23.208042,0,0,0.997751,-1.42,0,0,3744.6,21.571251,-3.8656,0
2/10/20 21:14,462.666666666667,462.625,0,0,4730.9,20.35,0,0,1.8,0,843.7,0,0,-2148.3,23.205,0,0,1.0064676,-1.422738,0,0,3744.6,21.473907,-3.8656,0
2/10/20 21:19,462.75,462.708333333333,0,0,4730.9,20.35,0,0,1.8,0,843.7,0,0,-2148.3,23.176251,0,0,1.0161262,-1.429662,0,0,3744.6,21.408042,-3.8656,0
2/10/20 21:24,462.833333333333,462.791666666667,0,0,4730.9,20.35,0,0,1.8,0,843.7,0,0,-2148.3,23.103549,0,0,1.0248862,-1.43,0,0,3744.6,21.376251,-3.8656,0
2/10/20 21:29,462.916666666667,462.875,0,0,4730.9,20.35,0,0,1.8,0,843.7,0,0,-2148.10834,23.1,0,0,1.0337414,-1.43,0,0,3744.6,21.332298,-3.8656,0
2/10/20 21:34,463,462.958333333333,0,0,4730.9,20.35,0,0,1.8,0,843.7,0,0,-2147.62366,23.071251,0,0,1.0435448,-1.43,0,0,3744.6,21.372702,-3.8656,0
2/10/20 21:39,463.083333333333,463.041666666667,0,0,4730.9,20.35,0,0,1.8,0,843.7,0,0,-2147.6,22.998549,0,0,1.05068,-1.43,0,0,3744.6,21.2748,-3.8656,0
2/10/20 21:44,463.166666666667,463.125,0,0,4730.9,20.35,0,0,1.8,0,843.7,0,0,-2147.6,22.995,0,0,1.0582276,-1.43,0,0,3744.6,21.198549,-3.8656,0
2/10/20 21:49,463.25,463.208333333333,0,0,4730.9,20.35,0,0,1.8,0,843.7,0,0,-2147.6,22.970358,0,0,1.0679814,-1.43,0,0,3744.6,21.223749,-3.8656,0
2/10/20 21:54,463.333333333333,463.291666666667,0,0,4730.9,20.35,0,0,1.8,0,843.7,0,0,-2147.6,22.908042,0,0,1.0790586,-1.43,0,0,3744.6,21.296451,-3.8656,0
2/10/20 21:59,463.416666666667,463.375,0,0,4730.9,20.35,0,0,1.8,0,843.7,0,0,-2147.6,22.905,0,0,1.0876124,-1.43,0,0,3744.6,21.271251,-3.8656,0
2/10/20 22:04,463.5,463.458333333333,0,0,4730.9,20.35,0,0,1.8,0,843.7,0,0,-2147.6,22.888572,0,0,1.0957752,-1.43,0,0,3744.6,21.198549,-3.8656,0
2/10/20 22:09,463.583333333333,463.541666666667,0,0,4730.9,20.35,0,0,1.8,0,843.7,0,0,-2147.6,22.834707,0,0,1.1058186,-1.432738,0,0,3744.6,21.170358,-3.8656,0
2/10/20 22:14,463.666666666667,463.625,0,0,4730.9,20.35,0,0,1.8,0,843.7,0,0,-2147.6,22.801521,0,0,1.1147414,-1.439662,0,0,3744.6,21.108042,-3.8656,0
2/10/20 22:19,463.75,463.708333333333,0,0,4730.9,20.35,0,0,1.8,0,843.7,0,0,-2147.6,22.8,0,0,1.1250924,-1.44,0,0,3744.6,21.105,-3.8656,0
2/10/20 22:24,463.833333333333,463.791666666667,0,0,4730.9,20.35,0,0,1.8,0,843.7,0,0,-2147.6,22.771251,0,0,1.13416,-1.44,0,0,3744.6,21.105,-3.8656,0
2/10/20 22:29,463.916666666667,463.875,0,0,4730.9,20.35,0,0,1.8,0,843.7,0,0,-2147.6,22.698549,0,0,1.14316,-1.44,0,0,3744.6,21.105,-3.8656,0
2/10/20 22:34,464,463.958333333333,0,0,4730.9,20.35,0,0,1.8,0,843.7,0,0,-2147.6,22.695,0,0,1.1505172,-1.44,0,0,3744.6,21.105,-3.8656,0
2/10/20 22:39,464.083333333333,464.041666666667,0,0,4730.9,20.35,0,0,1.8,0,843.7,0,0,-2147.6,22.695,0,0,1.1534462,-1.44,0,0,3744.6,21.105,-3.8656,0
2/10/20 22:44,464.166666666667,464.125,0,0,4730.9,20.35,0,0,1.8,0,843.7,0,0,-2147.6,22.695,0,0,1.1560276,-1.437262,0,0,3744.6,21.129642,-3.8656,0
2/10/20 22:49,464.25,464.208333333333,0,0,4730.9,20.35,0,0,1.8,0,843.7,0,0,-2147.40834,22.695,0,0,1.1602338,-1.430338,0,0,3744.6,21.249456,-3.8656,0
2/10/20 22:54,464.333333333333,464.291666666667,0,0,4730.9,20.35,0,0,1.8,0,843.7,0,0,-2146.92366,22.695,0,0,1.1649262,-1.43,0,0,3744.6,21.397902,-3.8656,0
2/10/20 22:59,464.416666666667,464.375,0,0,4730.9,20.35,0,0,1.8,0,843.7,0,0,-2146.9,22.695,0,0,1.16896,-1.427262,0,0,3744.6,21.429642,-3.8656,0
2/10/20 23:04,464.5,464.458333333333,0,0,4730.9,20.35,0,0,1.8,0,843.7,0,0,-2146.9,22.695,0,0,1.1732338,-1.420338,0,0,3744.6,21.520707,-3.8656,0
2/10/20 23:09,464.583333333333,464.541666666667,0,0,4730.9,20.35,0,0,1.8,0,843.7,0,0,-2146.9,22.695,0,0,1.1784738,-1.42,0,0,3744.6,21.6252,-3.8656,0
2/10/20 23:14,464.666666666667,464.625,0,0,4730.9,20.35,0,0,1.8,0,843.7,0,0,-2146.9,22.695,0,0,1.1836186,-1.42,0,0,3744.6,21.701451,-3.8656,0
2/10/20 23:19,464.75,464.708333333333,0,0,4730.9,20.35,0,0,1.8,0,843.7,0,0,-2146.9,22.695,0,0,1.188089,-1.417262,0,0,3744.6,21.758391,-3.8656,0
2/10/20 23:24,464.833333333333,464.791666666667,0,0,4730.9,20.35,0,0,1.8,0,843.7,0,0,-2146.9,22.695,0,0,1.1934558,-1.410338,0,0,3744.6,21.86466,-3.86735232,0
2/10/20 23:29,464.916666666667,464.875,0,0,4730.9,20.35,0,0,1.8,0,843.7,0,0,-2146.9,22.695,0,0,1.1946766,-1.41,0,0,3744.6,21.827298,-3.87178368,0
2/10/20 23:34,465,464.958333333333,0,0,4730.9,20.35,0,0,1.8,0,843.7,0,0,-2147.09166,22.695,0,0,1.1993448,-1.41,0,0,3744.6,21.896451,-3.872,0
2/10/20 23:39,465.083333333333,465.041666666667,0,0,4730.9,20.35,0,0,1.8,0,843.7,0,0,-2147.57634,22.695,0,0,1.2017538,-1.41,0,0,3744.6,21.9,-3.872,0
2/10/20 23:44,465.166666666667,465.125,0,0,4730.9,20.35,0,0,1.8,0,843.7,0,0,-2147.6,22.695,0,0,1.2055414,-1.41,0,0,3744.6,21.928749,-3.872,0
2/10/20 23:49,465.25,465.208333333333,0,0,4730.9,20.35,0,0,1.8,0,843.7,0,0,-2147.6,22.695,0,0,1.210071,-1.41,0,0,3744.6,22.001451,-3.872,0
2/10/20 23:54,465.333333333333,465.291666666667,0,0,4730.9,20.35,0,0,1.8,0,843.7,0,0,-2147.6,22.695,0,0,1.2115138,-1.41,0,0,3744.6,21.976251,-3.872,0
2/10/20 23:59,465.416666666667,465.375,0,0,4730.9,20.35,0,0,1.8,0,843.7,0,0,-2147.6,22.695,0,0,1.21348,-1.41,0,0,3744.6,21.91587,-3.872,0
2/11/20 0:04,465.5,465.458333333333,0,0,4730.9,20.35,0,0,1.8,0,843.7,0,0,-2147.6,22.703214,0,0,1.2160276,-1.41,0,0,3744.6,21.959907,-3.872,0
2/11/20 0:09,465.583333333333,465.541666666667,0,0,4730.9,20.35,0,0,1.8,0,843.7,0,0,-2147.6,22.744521,0,0,1.2191386,-1.41,0,0,3744.6,22.002972,-3.872,0
2/11/20 0:14,465.666666666667,465.625,0,0,4730.9,20.35,0,0,1.8,0,843.7,0,0,-2147.6,22.797465,0,0,1.2199662,-1.41,0,0,3744.6,22.005,-3.872,0
2/11/20 0:19,465.75,465.708333333333,0,0,4730.9,20.35,0,0,1.8,0,843.7,0,0,-2147.6,22.8,0,0,1.2205476,-1.407262,0,0,3744.6,22.029642,-3.872,0
2/11/20 0:24,465.833333333333,465.791666666667,0,0,4730.9,20.35,0,0,1.8,0,843.7,0,0,-2147.79166,22.8,0,0,1.2219324,-1.400338,0,0,3744.6,22.091958,-3.872,0
2/11/20 0:29,465.916666666667,465.875,0,0,4730.9,20.35,0,0,1.8,0,843.7,0,0,-2148.27634,22.8,0,0,1.222,-1.4,0,0,3744.6,22.095,-3.872,0
2/11/20 0:34,466,465.958333333333,0,0,4730.9,20.35,0,0,1.8,0,843.7,0,0,-2148.3,22.8,0,0,1.222,-1.4,0,0,3744.6,22.095,-3.872,0
2/11/20 0:39,466.083333333333,466.041666666667,0,0,4730.9,20.35,0,0,1.8,0,843.7,0,0,-2148.3,22.8,0,0,1.2214524,-1.402738,0,0,3744.6,22.070358,-3.872,0
2/11/20 0:44,466.166666666667,466.125,0,0,4730.9,20.35,0,0,1.8,0,843.7,0,0,-2148.3,22.8,0,0,1.2200676,-1.406924,0,0,3744.6,22.032684,-3.872,0
2/11/20 0:49,466.25,466.208333333333,0,0,4730.9,20.35,0,0,1.8,0,843.7,0,0,-2148.3,22.8,0,0,1.2202738,-1.400338,0,0,3744.6,22.120707,-3.872,0
2/11/20 0:54,466.333333333333,466.291666666667,0,0,4730.9,20.35,0,0,1.8,0,843.7,0,0,-2148.3,22.828749,0,0,1.219871,-1.4,0,0,3744.6,22.167702,-3.872,0
2/11/20 0:59,466.416666666667,466.375,0,0,4730.9,20.35,0,0,1.8,0,843.7,0,0,-2148.3,22.901451,0,0,1.2171352,-1.4,0,0,3744.6,22.127298,-3.872,0
2/11/20 1:04,466.5,466.458333333333,0,0,4730.9,20.35,0,0,1.8,0,843.7,0,0,-2148.49102325581,22.905,0,0,1.2164542192691,-1.4,0,0,3744.6,22.196451,-3.872,0
2/11/20 1:09,466.583333333333,466.541666666667,0,0,4730.9,20.35,0,0,1.8,0,843.7,0,0,-2148.97581007752,22.905,0,0,1.21534045295312,-1.4,0,0,3744.6,22.2284905833333,-3.872,0
2/11/20 1:14,466.666666666667,466.625,0,0,4730.9,20.35,0,0,1.8,0,843.7,0,0,-2149.18993722222,22.905,0,0,1.21487997222222,-1.4,0,0,3744.6,22.2728688333333,-3.872,0
2/11/20 1:19,466.75,466.708333333333,0,0,4730.9,20.35,0,0,1.8,0,843.7,0,0,-2149.67572944444,22.905,0,0,1.21159601111111,-1.4,0,0,3744.6,22.2036405833333,-3.872,0
2/11/20 1:24,466.833333333333,466.791666666667,0,0,4730.9,20.35,0,0,1.8,0,843.7,0,0,-2149.7,22.905,0,0,1.20979800555556,-1.4,0,0,3744.6,22.2284905833333,-3.872,0
2/11/20 1:29,466.916666666667,466.875,0,0,4730.9,20.35,0,0,1.8,0,843.7,0,0,-2149.88993722222,22.905,0,0,1.20740663888889,-1.4,0,0,3744.6,22.2728688333333,-3.872,0
2/11/20 1:34,467,466.958333333333,0,0,4730.9,20.35,0,0,1.8,0,843.7,0,0,-2150.56566666667,22.9294205,0,0,1.20239401666667,-1.4,0,0,3744.6,22.2321311666667,-3.872,0
2/11/20 1:39,467.083333333333,467.041666666667,0,0,4730.9,20.35,0,0,1.8,0,843.7,0,0,-2151.07572944444,22.9918795,0,0,1.19847598333333,-1.4,0,0,3744.6,22.3013594166667,-3.87373656888889,0
2/11/20 1:44,467.166666666667,467.125,0,0,4730.9,20.35,0,0,1.8,0,843.7,0,0,-2151.1,22.995,0,0,1.19285133888889,-1.4,0,0,3744.6,22.2765094166667,-3.87817809777778,0
2/11/20 1:49,467.25,467.208333333333,0,0,4730.9,20.35,0,0,1.8,0,843.7,0,0,-2151.28993722222,22.995,0,0,1.18781666666667,-1.4,0,0,3744.6,22.2036405833333,-3.8784,0
2/11/20 1:54,467.333333333333,467.291666666667,0,0,4730.9,20.35,0,0,1.8,0,843.7,0,0,-2151.77572944444,22.995,0,0,1.18363068333333,-1.4,0,0,3744.6,22.2284905833333,-3.8784,0
2/11/20 1:59,467.416666666667,467.375,0,0,4730.9,20.35,0,0,1.8,0,843.7,0,0,-2151.98993722222,22.995,0,0,1.17962729444444,-1.4,0,0,3744.6,22.2728688333333,-3.8784,0
2/11/20 2:04,467.5,467.458333333333,0,0,4730.9,20.35,0,0,1.8,0,843.7,0,0,-2152.47572944444,22.995,0,0,1.17168401666667,-1.4,0,0,3744.6,22.17515,-3.8784,0
2/11/20 2:09,467.583333333333,467.541666666667,0,0,4730.9,20.35,0,0,1.8,0,843.7,0,0,-2152.68993722222,22.995,0,0,1.16585133888889,-1.4,0,0,3744.6,22.1271311666667,-3.8784,0
2/11/20 2:14,467.666666666667,467.625,0,0,4730.9,20.35,0,0,1.8,0,843.7,0,0,-2153.17572944444,22.995,0,0,1.16081666666667,-1.4,0,0,3744.6,22.1963594166667,-3.8784,0
2/11/20 2:19,467.75,467.708333333333,0,0,4730.9,20.35,0,0,1.8,0,843.7,0,0,-2153.2,22.995,0,0,1.15527398888889,-1.4,0,0,3744.6,22.2,-3.8784,0
2/11/20 2:24,467.833333333333,467.791666666667,0,0,4730.9,20.35,0,0,1.8,0,843.7,0,0,-2153.2,23.0234905833333,0,0,1.14834333333333,-1.4,0,0,3744.6,22.2284905833333,-3.8784,0
2/11/20 2:29,467.916666666667,467.875,0,0,4730.9,20.35,0,0,1.8,0,843.7,0,0,-2153.2,23.0963594166667,0,0,1.14080065555556,-1.4,0,0,3744.6,22.3013594166667,-3.8784,0
2/11/20 2:34,468,467.958333333333,0,0,4730.9,20.35,0,0,1.8,0,843.7,0,0,-2153.2,23.1,0,0,1.13295535555556,-1.39728661111111,0,0,3744.6,22.3294205,-3.8784,0
2/11/20 2:39,468.083333333333,468.041666666667,0,0,4730.9,20.35,0,0,1.8,0,843.7,0,0,-2153.38993722222,23.1,0,0,1.12645997222222,-1.39306011111111,0,0,3744.6,22.367459,-3.8784,0
2/11/20 2:44,468.166666666667,468.125,0,0,4730.9,20.35,0,0,1.8,0,843.7,0,0,-2153.68579222222,23.1,0,0,1.11744735,-1.39965327777778,0,0,3744.6,22.3081205,-3.8784,0
2/11/20 2:49,468.25,468.208333333333,0,0,4730.9,20.35,0,0,1.8,0,843.7,0,0,-2153.22427055556,23.1,0,0,1.10925797777778,-1.4,0,0,3744.6,22.2480188333333,-3.8784,0
2/11/20 2:54,468.333333333333,468.291666666667,0,0,4730.9,20.35,0,0,1.8,0,843.7,0,0,-2153.2,23.1,0,0,1.09921068333333,-1.4,0,0,3744.6,22.1022811666667,-3.8784,0
2/11/20 2:59,468.416666666667,468.375,0,0,4730.9,20.35,0,0,1.8,0,843.7,0,0,-2153.2,23.1,0,0,1.09110666666667,-1.4,0,0,3744.6,22.095,-3.8784,0
2/11/20 3:04,468.5,468.458333333333,0,0,4730.9,20.35,0,0,1.8,0,843.7,0,0,-2153.38993722222,23.1,0,0,1.08229265,-1.40271338888889,0,0,3744.6,22.0705795,-3.8784,0
2/11/20 3:09,468.583333333333,468.541666666667,0,0,4730.9,20.35,0,0,1.8,0,843.7,0,0,-2153.87572944444,23.1,0,0,1.07248202222222,-1.40693988888889,0,0,3744.6,22.032541,-3.8784,0
2/11/20 3:14,468.666666666667,468.625,0,0,4730.9,20.35,0,0,1.8,0,843.7,0,0,-2154.08993722222,23.1,0,0,1.06534333333333,-1.40034672222222,0,0,3744.6,22.0918795,-3.8784,0
2/11/20 3:19,468.75,468.708333333333,0,0,4730.9,20.35,0,0,1.8,0,843.7,0,0,-2154.57572944444,23.1,0,0,1.05780065555556,-1.40271338888889,0,0,3744.6,22.0705795,-3.8784,0
2/11/20 3:24,468.833333333333,468.791666666667,0,0,4730.9,20.35,0,0,1.8,0,843.7,0,0,-2154.78993722222,23.1,0,0,1.04941267777778,-1.40965327777778,0,0,3744.6,22.0081205,-3.8784,0
2/11/20 3:29,468.916666666667,468.875,0,0,4730.9,20.35,0,0,1.8,0,843.7,0,0,-2155.27572944444,23.1,0,0,1.04125797777778,-1.41,0,0,3744.6,21.9765094166667,-3.8784,0
2/11/20 3:34,469,468.958333333333,0,0,4730.9,20.35,0,0,1.8,0,843.7,0,0,-2155.3,23.1081401666667,0,0,1.0320247,-1.41,0,0,3744.6,21.923991,-3.8784,0
2/11/20 3:39,469.083333333333,469.041666666667,0,0,4730.9,20.35,0,0,1.8,0,843.7,0,0,-2155.3,23.14931025,0,0,1.02545997222222,-1.41,0,0,3744.6,21.9520491666667,-3.8784,0
2/11/20 3:44,469.166666666667,469.125,0,0,4730.9,20.35,0,0,1.8,0,843.7,0,0,-2155.3,23.2023995833333,0,0,1.01671868888889,-1.41,0,0,3744.6,21.9026004166667,-3.8784,0
2/11/20 3:49,469.25,469.208333333333,0,0,4730.9,20.35,0,0,1.8,0,843.7,0,0,-2155.48993722222,23.205,0,0,1.00922330555556,-1.41,0,0,3744.6,21.8715094166667,-3.8784,0
2/11/20 3:54,469.333333333333,469.291666666667,0,0,4730.9,20.35,0,0,1.8,0,843.7,0,0,-2155.97572944444,23.205,0,0,0.998939344444444,-1.41,0,0,3744.6,21.7986405833333,-3.8784,0
2/11/20 3:59,469.416666666667,469.375,0,0,4730.9,20.35,0,0,1.8,0,843.7,0,0,-2155.81006277778,23.205,0,0,0.990955355555556,-1.41,0,0,3744.6,21.8234905833333,-3.8784,0
2/11/20 4:04,469.5,469.458333333333,0,0,4730.9,20.35,0,0,1.8,0,843.7,0,0,-2155.51420777778,23.205,0,0,0.984188633333333,-1.41,0,0,3744.6,21.8678688333333,-3.8784,0
2/11/20 4:09,469.583333333333,469.541666666667,0,0,4730.9,20.35,0,0,1.8,0,843.7,0,0,-2155.97572944444,23.205,0,0,0.973939344444444,-1.41271338888889,0,0,3744.6,21.7742200833333,-3.8784,0
2/11/20 4:14,469.666666666667,469.625,0,0,4730.9,20.35,0,0,1.8,0,843.7,0,0,-2156,23.205,0,0,0.965412677777778,-1.41693988888889,0,0,3744.6,21.732541,-3.8784,0
2/11/20 4:19,469.75,469.708333333333,0,0,4730.9,20.35,0,0,1.8,0,843.7,0,0,-2156,23.205,0,0,0.957800655555555,-1.41306011111111,0,0,3744.6,21.767459,-3.8784,0
2/11/20 4:24,469.833333333333,469.791666666667,0,0,4730.9,20.35,0,0,1.8,0,843.7,0,0,-2155.81006277778,23.205,0,0,0.949955355555555,-1.41693988888889,0,0,3744.6,21.732541,-3.8784,0
2/11/20 4:29,469.916666666667,469.875,0,0,4730.9,20.35,0,0,1.8,0,843.7,0,0,-2155.51420777778,23.205,0,0,0.943188633333333,-1.41306011111111,0,0,3744.6,21.767459,-3.8784,0
2/11/20 4:34,470,469.958333333333,0,0,4730.9,20.35,0,0,1.8,0,843.7,0,0,-2155.97572944444,23.205,0,0,0.933482022222222,-1.41965327777778,0,0,3744.6,21.7081205,-3.8784,0
2/11/20 4:39,470.083333333333,470.041666666667,0,0,4730.9,20.35,0,0,1.8,0,843.7,0,0,-2156,23.205,0,0,0.926886011111111,-1.41728661111111,0,0,3744.6,21.7294205,-3.8784,0
2/11/20 4:44,470.166666666667,470.125,0,0,4730.9,20.35,0,0,1.8,0,843.7,0,0,-2156,23.205,0,0,0.920731311111111,-1.41306011111111,0,0,3744.6,21.767459,-3.8784,0
2/11/20 4:49,470.25,470.208333333333,0,0,4730.9,20.35,0,0,1.8,0,843.7,0,0,-2156,23.205,0,0,0.91187,-1.41965327777778,0,0,3744.6,21.7081205,-3.8784,0
2/11/20 4:54,470.333333333333,470.291666666667,0,0,4730.9,20.35,0,0,1.8,0,843.7,0,0,-2156,23.205,0,0,0.903412677777778,-1.42,0,0,3744.6,21.705,-3.8784,0
2/11/20 4:59,470.416666666667,470.375,0,0,4730.9,20.35,0,0,1.8,0,843.7,0,0,-2156,23.205,0,0,0.896343333333333,-1.42,0,0,3744.6,21.705,-3.8784,0
2/11/20 5:04,470.5,470.458333333333,0,0,4730.9,20.35,0,0,1.8,0,843.7,0,0,-2156,23.205,0,0,0.889343333333333,-1.42,0,0,3744.6,21.705,-3.8784,0
2/11/20 5:09,470.583333333333,470.541666666667,0,0,4730.9,20.35,0,0,1.8,0,843.7,0,0,-2156,23.205,0,0,0.882343333333333,-1.42,0,0,3744.6,21.6765094166667,-3.8784,0
2/11/20 5:14,470.666666666667,470.625,0,0,4730.9,20.35,0,0,1.8,0,843.7,0,0,-2156,23.205,0,0,0.875886011111111,-1.42,0,0,3744.6,21.6321311666667,-3.8784,0
2/11/20 5:19,470.75,470.708333333333,0,0,4730.9,20.35,0,0,1.8,0,843.7,0,0,-2156,23.205,0,0,0.869739424234035,-1.42,0,0,3744.6,21.6729634864341,-3.8784,0
2/11/20 5:24,470.833333333333,470.791666666667,0,0,4730.9,20.35,0,0,1.8,0,843.7,0,0,-2156,23.205,0,0,0.861167825765965,-1.42,0,0,3744.6,21.6037209302326,-3.8784,0
2/11/20 5:29,470.916666666667,470.875,0,0,4730.9,20.35,0,0,1.8,0,843.7,0,0,-2156,23.205,0,0,0.854477777777778,-1.42,0,0,3744.6,21.6282333333333,-3.8784,0
2/11/20 5:34,471,470.958333333333,0,0,4730.9,20.35,0,0,1.8,0,843.7,0,0,-2156,23.205,0,0,0.849686666666667,-1.42,0,0,3744.6,21.6730333333333,-3.8784,0
2/11/20 5:39,471.083333333333,471.041666666667,0,0,4730.9,20.35,0,0,1.8,0,843.7,0,0,-2156,23.205,0,0,0.842513333333333,-1.42,0,0,3744.6,21.6319666666667,-3.8784,0
2/11/20 5:44,471.166666666667,471.125,0,0,4730.9,20.35,0,0,1.8,0,843.7,0,0,-2156,23.205,0,0,0.838224444444444,-1.42,0,0,3744.6,21.6730333333333,-3.8784,0
2/11/20 5:49,471.25,471.208333333333,0,0,4730.9,20.35,0,0,1.8,0,843.7,0,0,-2156,23.205,0,0,0.831635555555556,-1.42,0,0,3744.6,21.6037333333333,-3.8784,0
2/11/20 5:54,471.333333333333,471.291666666667,0,0,4730.9,20.35,0,0,1.8,0,843.7,0,0,-2156,23.205,0,0,0.825868888888889,-1.42,0,0,3744.6,21.6282333333333,-3.8784,0
2/11/20 5:59,471.416666666667,471.375,0,0,4730.9,20.35,0,0,1.8,0,843.7,0,0,-2155.81177777778,23.205,0,0,0.820295555555556,-1.42,0,0,3744.6,21.7012666666667,-3.8784,0
2/11/20 6:04,471.5,471.458333333333,0,0,4730.9,20.35,0,0,1.8,0,843.7,0,0,-2155.51311111111,23.205,0,0,0.813904444444444,-1.42,0,0,3744.6,21.705,-3.8784,0
2/11/20 6:09,471.583333333333,471.541666666667,0,0,4730.9,20.35,0,0,1.8,0,843.7,0,0,-2156.16333333333,23.205,0,0,0.807757777777778,-1.42,0,0,3744.6,21.6767666666667,-3.8784,0
2/11/20 6:14,471.666666666667,471.625,0,0,4730.9,20.35,0,0,1.8,0,843.7,0,0,-2156.67511111111,23.205,0,0,0.799706666666667,-1.42,0,0,3744.6,21.6037333333333,-3.8784,0
2/11/20 6:19,471.75,471.708333333333,0,0,4730.9,20.35,0,0,1.8,0,843.7,0,0,-2156.51177777778,23.205,0,0,0.794944444444444,-1.42,0,0,3744.6,21.6282333333333,-3.8784,0
2/11/20 6:24,471.833333333333,471.791666666667,0,0,4730.9,20.35,0,0,1.8,0,843.7,0,0,-2156.02488888889,23.205,0,0,0.792153333333333,-1.42,0,0,3744.6,21.6730333333333,-3.8784,0
2/11/20 6:29,471.916666666667,471.875,0,0,4730.9,20.35,0,0,1.8,0,843.7,0,0,-2156.18822222222,23.205,0,0,0.785635555555556,-1.42,0,0,3744.6,21.6037333333333,-3.8784,0
2/11/20 6:34,472,471.958333333333,0,0,4730.9,20.35,0,0,1.8,0,843.7,0,0,-2156.48688888889,23.205,0,0,0.779868888888889,-1.42,0,0,3744.6,21.6,-3.8784,0
2/11/20 6:39,472.083333333333,472.041666666667,0,0,4730.9,20.35,0,0,1.8,0,843.7,0,0,-2156.21311111111,23.205,0,0,0.774833333333333,-1.42,0,0,3744.6,21.6,-3.8784,0
2/11/20 6:44,472.166666666667,472.125,0,0,4730.9,20.35,0,0,1.8,0,843.7,0,0,-2156.48688888889,23.205,0,0,0.77064,-1.42,0,0,3744.6,21.6282333333333,-3.8784,0
2/11/20 6:49,472.25,472.208333333333,0,0,4730.9,20.35,0,0,1.8,0,843.7,0,0,-2156.02488888889,23.205,0,0,0.767188888888889,-1.42,0,0,3744.6,21.7012666666667,-3.8784,0
2/11/20 6:54,472.333333333333,472.291666666667,0,0,4730.9,20.35,0,0,1.8,0,843.7,0,0,-2156.18822222222,23.205,0,0,0.760366666666667,-1.42,0,0,3744.6,21.6767666666667,-3.8784,0
2/11/20 6:59,472.416666666667,472.375,0,0,4730.9,20.35,0,0,1.8,0,843.7,0,0,-2156.67511111111,23.205,0,0,0.753635555555556,-1.42,0,0,3744.6,21.5755,-3.8784,0
2/11/20 7:04,472.5,472.458333333333,0,0,4730.9,20.35,0,0,1.8,0,843.7,0,0,-2156.51177777778,23.205,0,0,0.748675555555556,-1.42,0,0,3744.6,21.5269666666667,-3.8784,0
2/11/20 7:09,472.583333333333,472.541666666667,0,0,4730.9,20.35,0,0,1.8,0,843.7,0,0,-2156.02488888889,23.205,0,0,0.745726666666667,-1.42,0,0,3744.6,21.5962666666667,-3.8784,0
2/11/20 7:14,472.666666666667,472.625,0,0,4730.9,20.35,0,0,1.8,0,843.7,0,0,-2156,23.205,0,0,0.740833333333333,-1.42,0,0,3744.6,21.5717666666667,-3.8784,0
2/11/20 7:19,472.75,472.708333333333,0,0,4730.9,20.35,0,0,1.8,0,843.7,0,0,-2156,23.205,0,0,0.736371111111111,-1.42,0,0,3744.6,21.5269666666667,-3.8784,0
2/11/20 7:24,472.833333333333,472.791666666667,0,0,4730.9,20.35,0,0,1.8,0,843.7,0,0,-2155.81177777778,23.205,0,0,0.732493333333333,-1.42,0,0,3744.6,21.5962666666667,-3.8784,0
2/11/20 7:29,472.916666666667,472.875,0,0,4730.9,20.35,0,0,1.8,0,843.7,0,0,-2155.32488888889,23.205,0,0,0.726868888888889,-1.42,0,0,3744.6,21.6,-3.8784,0
2/11/20 7:34,473,472.958333333333,0,0,4730.9,20.35,0,0,1.8,0,843.7,0,0,-2155.48822222222,23.205,0,0,0.722908888888889,-1.42,0,0,3744.6,21.6282333333333,-3.8784,0
2/11/20 7:39,473.083333333333,473.041666666667,0,0,4730.9,20.35,0,0,1.8,0,843.7,0,0,-2155.78688888889,23.205,0,0,0.721497777777778,-1.41731111111111,0,0,3744.6,21.7254666666667,-3.8784,0
2/11/20 7:44,473.166666666667,473.125,0,0,4730.9,20.35,0,0,1.8,0,843.7,0,0,-2155.32488888889,23.205,0,0,0.719264444444444,-1.41035555555556,0,0,3744.6,21.8200333333333,-3.8784,0
2/11/20 7:49,473.25,473.208333333333,0,0,4730.9,20.35,0,0,1.8,0,843.7,0,0,-2155.48822222222,23.205,0,0,0.715762222222222,-1.41,0,0,3744.6,21.8962666666667,-3.8784,0
2/11/20 7:54,473.333333333333,473.291666666667,0,0,4730.9,20.35,0,0,1.8,0,843.7,0,0,-2155.78688888889,23.205,0,0,0.710833333333333,-1.41,0,0,3744.6,21.9,-3.8784,0
2/11/20 7:59,473.416666666667,473.375,0,0,4730.9,20.35,0,0,1.8,0,843.7,0,0,-2155.32488888889,23.205,0,0,0.705564444444444,-1.41,0,0,3744.6,21.9282333333333,-3.8784,0
2/11/20 8:04,473.5,473.458333333333,0,0,4730.9,20.35,0,0,1.8,0,843.7,0,0,-2155.3,23.205,0,0,0.700137777777778,-1.40731111111111,0,0,3744.6,22.0254666666667,-3.8784,0
2/11/20 8:09,473.583333333333,473.541666666667,0,0,4730.9,20.35,0,0,1.8,0,843.7,0,0,-2155.3,23.2292,0,0,0.695797777777778,-1.40035555555556,0,0,3744.6,22.1200333333333,-3.8784,0
2/11/20 8:14,473.666666666667,473.625,0,0,4730.9,20.35,0,0,1.8,0,843.7,0,0,-2155.3,23.2918,0,0,0.690295555555556,-1.4,0,0,3744.6,22.1962666666667,-3.8784,0
2/11/20 8:19,473.75,473.708333333333,0,0,4730.9,20.35,0,0,1.8,0,843.7,0,0,-2155.3,23.295,0,0,0.684442222222222,-1.4,0,0,3744.6,22.1717666666667,-3.8784,0
2/11/20 8:24,473.833333333333,473.791666666667,0,0,4730.9,20.35,0,0,1.8,0,843.7,0,0,-2155.3,23.2708,0,0,0.681837777777778,-1.4,0,0,3744.6,22.0987333333333,-3.8784,0
2/11/20 8:29,473.916666666667,473.875,0,0,4730.9,20.35,0,0,1.8,0,843.7,0,0,-2155.3,23.2082,0,0,0.681035555555555,-1.4,0,0,3744.6,22.095,-3.8784,0
2/11/20 8:34,474,473.958333333333,0,0,4730.9,20.35,0,0,1.8,0,843.7,0,0,-2155.3,23.205,0,0,0.680462222222222,-1.4,0,0,3744.6,22.1232333333333,-3.8784,0
2/11/20 8:39,474.083333333333,474.041666666667,0,0,4730.9,20.35,0,0,1.8,0,843.7,0,0,-2155.3,23.205,0,0,0.678802222222222,-1.4,0,0,3744.6,22.1962666666667,-3.8784,0
2/11/20 8:44,474.166666666667,474.125,0,0,4730.9,20.35,0,0,1.8,0,843.7,0,0,-2155.11177777778,23.205,0,0,0.67696,-1.4,0,0,3744.6,22.2,-3.8784,0
2/11/20 8:49,474.25,474.208333333333,0,0,4730.9,20.35,0,0,1.8,0,843.7,0,0,-2154.43666666667,23.2292,0,0,0.67226,-1.4,0,0,3744.6,22.2,-3.8784,0
2/11/20 8:54,474.333333333333,474.291666666667,0,0,4730.9,20.35,0,0,1.8,0,843.7,0,0,-2153.73666666667,23.2918,0,0,0.665904444444445,-1.4,0,0,3744.6,22.2282333333333,-3.8784,0
2/11/20 8:59,474.416666666667,474.375,0,0,4730.9,20.35,0,0,1.8,0,843.7,0,0,-2153.03666666667,23.295,0,0,0.660833333333333,-1.39731111111111,0,0,3744.6,22.3254666666667,-3.8784,0
2/11/20 9:04,474.5,474.458333333333,0,0,4730.9,20.35,0,0,1.8,0,843.7,0,0,-2152.33666666667,23.295,0,0,0.656371111111111,-1.39035555555556,0,0,3744.6,22.4200333333333,-3.8784,0
2/11/20 9:09,474.583333333333,474.541666666667,0,0,4730.9,20.35,0,0,1.8,0,843.7,0,0,-2151.63666666667,23.295,0,0,0.653837777777778,-1.38731111111111,0,0,3744.6,22.5487,-3.8784,0
2/11/20 9:14,474.666666666667,474.625,0,0,4730.9,20.35,0,0,1.8,0,843.7,0,0,-2151.12488888889,23.295,0,0,0.651153333333333,-1.38304444444444,0,0,3744.6,22.6638666666667,-3.8784,0
2/11/20 9:19,474.75,474.708333333333,0,0,4730.9,20.35,0,0,1.8,0,843.7,0,0,-2151.1,23.3232333333333,0,0,0.645711111111111,-1.38695555555556,0,0,3744.6,22.6324,-3.8784,0
2/11/20 9:24,474.833333333333,474.791666666667,0,0,4730.9,20.35,0,0,1.8,0,843.7,0,0,-2151.1,23.3962666666667,0,0,0.643802222222222,-1.38035555555556,0,0,3744.6,22.7200333333333,-3.8784,0
2/11/20 9:29,474.916666666667,474.875,0,0,4730.9,20.35,0,0,1.8,0,843.7,0,0,-2151.47644444444,23.4,0,0,4.5537780620155,-1.38,0,0,3744.6,22.8245,-3.8784,0
2/11/20 9:34,475,474.958333333333,0,0,4730.9,20.35,0,0,1.8,0,843.7,0,0,-2152.63844444444,23.4,0,0,6.91797416020672,-1.37731111111111,0,0,3744.6,22.9254666666667,-3.8784,0
2/11/20 9:39,475.083333333333,475.041666666667,0,0,4730.9,20.35,0,0,1.8,0,843.7,0,0,-2152.98688888889,23.4,0,0,6.92,-1.37304444444444,0,0,3744.6,22.9676,-3.8784,0
2/11/20 9:44,475.166666666667,475.125,0,0,4730.9,20.35,0,0,1.8,0,843.7,0,0,-2152.33666666667,23.4282333333333,0,0,6.92,-1.37695555555556,0,0,3744.6,22.9324,-3.87667911111111,0
2/11/20 9:49,475.25,475.208333333333,0,0,4730.9,20.35,0,0,1.8,0,843.7,0,0,-2151.82488888889,23.5012666666667,0,0,6.92,-1.37035555555556,0,0,3744.6,22.9918,-3.87394844444444,0
2/11/20 9:54,475.333333333333,475.291666666667,0,0,4730.9,20.35,0,0,1.8,0,843.7,0,0,-2151.8,23.505,0,0,6.92,-1.37,0,0,3744.6,23.0232333333333,-3.70474311111111,0
2/11/20 9:59,475.416666666667,475.375,0,0,4730.9,20.35,0,0,1.8,0,843.7,0,0,-2151.8,23.505,0,0,6.92,-1.36731111111111,0,0,3744.6,23.1487,-3.9104,0
2/11/20 10:04,475.5,475.458333333333,0,0,4730.9,20.35,0,0,1.8,0,843.7,0,0,-2151.8,23.505,0,0,6.92,-1.36035555555556,0,0,3744.6,23.3163,-4.275808,0
2/11/20 10:09,475.583333333333,475.541666666667,0,0,4730.9,20.35,0,0,1.8,0,843.7,0,0,-2151.98822222222,23.5292,0,0,6.89894463276836,-1.36268888888889,0,0,3744.6,23.3438333333333,-3.8656,0
2/11/20 10:14,475.666666666667,475.625,0,0,4730.9,20.35,0,0,1.8,0,843.7,0,0,-2152.28688888889,23.5918,0,0,7.10525536723164,-1.36964444444444,0,0,3744.6,23.2119333333333,-3.8656,0
2/11/20 10:19,475.75,475.708333333333,0,0,4730.9,20.35,0,0,1.8,0,843.7,0,0,-2152.20133333333,23.595,0,0,7.672,-1.37,0,0,3744.6,23.1767666666667,-3.8656,0
2/11/20 10:24,475.833333333333,475.791666666667,0,0,4730.9,20.35,0,0,1.8,0,843.7,0,0,-2152.77377777778,23.595,0,0,7.672,-1.37,0,0,3744.6,23.1319666666667,-3.77482666666667,0
2/11/20 10:29,475.916666666667,475.875,0,0,4730.9,20.35,0,0,1.8,0,843.7,0,0,-2152.038,23.595,0,0,7.672,-1.37,0,0,3744.6,23.2012666666667,-3.8304798185941,0
2/11/20 10:34,476,475.958333333333,0,0,4730.9,20.35,0,0,1.8,0,843.7,0,0,-2152.66333333333,23.6232333333333,0,0,7.672,-1.37,0,0,3744.6,23.1767666666667,-3.75478951473923,0
2/11/20 10:39,476.083333333333,476.041666666667,0,0,4730.9,20.35,0,0,1.8,0,843.7,0,0,-2153.17511111111,23.6962666666667,0,0,7.672,-1.37,0,0,3744.6,23.1037333333333,-3.7696,0
2/11/20 10:44,476.166666666667,476.125,0,0,4730.9,20.35,0,0,1.8,0,843.7,0,0,-2153.01177777778,23.7,0,0,7.55707639534884,-1.37,0,0,3744.6,23.1282333333333,-3.7696,0
2/11/20 10:49,476.25,476.208333333333,0,0,4730.9,20.35,0,0,1.8,0,843.7,0,0,-2152.52488888889,23.7,0,0,7.19840917607973,-1.37,0,0,3744.6,23.1730333333333,-3.7696,0
2/11/20 10:54,476.333333333333,476.291666666667,0,0,4730.9,20.35,0,0,1.8,0,843.7,0,0,-2152.68822222222,23.7,0,0,9.66810165079365,-1.37,0,0,3744.6,23.0755,-3.7696,0
2/11/20 10:59,476.416666666667,476.375,0,0,4730.9,20.35,0,0,1.8,0,843.7,0,0,-2152.98688888889,23.7,0,0,9.92697333333333,-1.37,0,0,3744.6,23.0552,-3.7696,0
2/11/20 11:04,476.5,476.458333333333,0,0,4730.9,20.35,0,0,1.8,0,843.7,0,0,-2152.52488888889,23.7,0,0,9.87032,-1.36731111111111,0,0,3744.6,23.2499666666667,-3.7696,0
2/11/20 11:09,476.583333333333,476.541666666667,0,0,4730.9,20.35,0,0,1.8,0,843.7,0,0,-2152.5,23.7,0,0,9.39944466853408,-1.36035555555556,0,0,3744.6,23.3930666666667,-3.76754316069057,0
2/11/20 11:14,476.666666666667,476.625,0,0,4730.9,20.35,0,0,1.8,0,843.7,0,0,-2152.68822222222,23.7282333333333,0,0,6.83621078683933,-1.38688888888889,0,0,3744.6,22.3760392156863,-3.04469567988914,0
2/11/20 11:19,476.75,476.708333333333,0,0,4730.9,20.35,0,0,1.8,0,843.7,0,0,-2153.73977777778,23.7730333333333,0.221504807692308,0,6.82630287795993,-1.44837777777778,130.5,0,3744.6,20.8182941176471,-1.56701253556708,0
2/11/20 11:24,476.833333333333,476.791666666667,0,0,4730.9,20.35,0,0,1.8,0,843.7,0,0,-2155.22533333333,24.1167855421687,0.499108803418803,0,6.91858888888889,-1.42568888888889,300,0,3744.6,21.335,-9.15E-02,0
2/11/20 11:29,476.916666666667,476.875,0,0,4730.9,20.35,0,0,1.8,0,843.7,0,0,-2155.48822222222,32.8932727911647,0.500154444444444,0,7.01452052287582,-1.35962222222222,300,0,3744.6,23.1285931372549,-0.220838534534535,0
2/11/20 11:34,477,476.958333333333,0,0,4730.9,20.35,0,0,1.8,0,843.7,0,0,-2155.97511111111,48.7354285714286,0.501507777777778,0,7.12257947712418,-1.1676,300,0,3744.6,30.9355735294118,4.50E-02,0
2/11/20 11:39,477.083333333333,477.041666666667,0,0,4730.9,20.35,0,0,1.8,0,843.7,0,0,-2155.81177777778,61.0228214285714,0.499860320733104,0,7.19233111111111,-0.9648,300,0,3744.6,41.7424575,3.93E-02,0
2/11/20 11:44,477.166666666667,477.125,0,0,4730.9,20.35,0,0,1.8,0,843.7,0,0,-2155.32488888889,70.0209872727273,0.138569401489118,0,7.18652222222222,-0.8188,300,0,3744.6,52.4490775,5.67E-02,0
2/11/20 11:49,477.25,477.208333333333,0,0,4730.9,20.35,0,0,1.8,0,843.7,0,0,-2155.3,62.3211883522727,2.80E-02,0,7.14334,-0.743555555555556,300,0,3744.6,59.5076066666667,0.0576,0
2/11/20 11:54,477.333333333333,477.291666666667,0,0,4730.9,20.35,0,0,1.8,0,843.7,0,0,-2155.48822222222,61.1533827083333,2.66E-02,0,7.14645777777778,-0.74,300,0,3744.6,59.786,0.0576,0
2/11/20 11:59,477.416666666667,477.375,0,0,4730.9,20.35,0,0,1.8,0,843.7,0,0,-2155.97511111111,60.4718666666667,2.43E-02,0,7.13940222222222,-0.74,300,0,3744.6,59.9893333333333,0.0576,0
2/11/20 12:04,477.5,477.458333333333,0,0,4730.9,20.35,0,0,1.8,0,843.7,0,0,-2155.62355555556,60.4918,9.11E-02,0,7.13774444444444,-0.74,300,0,3744.6,60,0.0576,0
2/11/20 12:09,477.583333333333,477.541666666667,0,0,4730.9,20.35,0,0,1.8,8.33333333333333,843.7,0,0,-2154.838,60.5514666666667,0.498754903160041,0,7.16105777777778,-0.74,300,0,3744.6,60,0.0576,0
2/11/20 12:14,477.666666666667,477.625,0,0,4730.9,20.35,0,0,1.8,0,843.7,0,0,-2155.46333333333,60.6410666666667,0.501063333333333,0,7.20876,-0.74,300,0,3744.6,60,0.0576,0
2/11/20 12:19,477.75,477.708333333333,0,0,4730.9,20.35,0,0,1.8,0,843.7,0,0,-2155.97511111111,60.5024666666667,0.500944444444444,0,7.24298,-0.74,300,0,3744.6,60,0.0576,0
2/11/20 12:24,477.833333333333,477.791666666667,0,0,4730.9,20.35,0,0,1.8,0,843.7,0,0,-2156.18822222222,60.4708,0.49984,0,7.26814888888889,-0.74,300,0,3744.6,60,0.0576,0
2/11/20 12:29,477.916666666667,477.875,0,0,4730.9,20.35,0,0,1.8,0,843.7,0,0,-2156.67511111111,60.2996617940199,0.500866437799926,0,7.28634437799926,-0.74,300,0,3744.6,60,0.0576,0
2/11/20 12:34,478,477.958333333333,0,0,4730.9,20.35,0,0,1.8,0,843.7,0,0,-2156.7,60.1226254559801,0.501146156644518,0,7.30011956644518,-0.74,300,0,3744.6,60.01199025,0.0576,0
2/11/20 12:39,478.083333333333,478.041666666667,0,0,4730.9,20.35,0,0,1.8,0,843.7,0,0,-2156.513485,60.39023775,0.4999087,0,7.3092342,-0.74,300,0,3744.6,60.0313695,0.0576,0
2/11/20 12:44,478.166666666667,478.125,0,0,4730.9,20.35,0,0,1.8,0,843.7,0,0,-2156.025515,60.2691105,0.502023875,0,7.31404775,-0.74,300,0,3744.6,60.00164025,0.0576,0
2/11/20 12:49,478.25,478.208333333333,0,0,4730.9,20.35,0,0,1.8,0,843.7,0,0,-2156,60.02150175,0.501948875,0,7.3168287,-0.74,300,0,3744.6,60,0.0576,0
2/11/20 12:54,478.333333333333,478.291666666667,0,0,4730.9,20.35,0,0,1.8,0,843.7,0,0,-2156.186515,60.28523775,0.500439675,0,7.32227775,-0.74,300,0,3744.6,60.02797725,0.0576,0
2/11/20 12:59,478.416666666667,478.375,0,0,4730.9,20.35,0,0,1.8,0,843.7,0,0,-2156.48797,60.27202275,0.500018225,0,7.32446,-0.74,300,0,3744.6,60.0731955,0.0576,0
2/11/20 13:04,478.5,478.458333333333,0,0,4730.9,20.35,0,0,1.8,0,843.7,0,0,-2156.21203,60.19882725,0.500133225,0,7.3253942,-0.74,300,0,3744.6,60.00382725,0.0576,0
2/11/20 13:09,478.583333333333,478.541666666667,0,0,4730.9,20.35,0,0,1.8,0,843.7,0,0,-2156.674485,60.195,0.500748225,0,7.3246058,-0.74,300,0,3744.6,60,0.0576,0
2/11/20 13:14,478.666666666667,478.625,0,0,4730.9,20.35,0,0,1.8,0,843.7,0,0,-2156.513485,60.115065,0.501330325,0,7.3269929,-0.74,300,0,3744.6,60.0079935,0.0576,0
2/11/20 13:19,478.75,478.708333333333,0,0,4730.9,20.35,0,0,1.8,0,843.7,0,0,-2156.025515,59.98587,0.501284675,0,7.3298542,-0.74,300,0,3744.6,60.020913,0.0576,0
2/11/20 13:24,478.833333333333,478.791666666667,0,0,4730.9,20.35,0,0,1.8,0,843.7,0,0,-2156.186515,60.184065,0.50196355,0,7.3310658,-0.74,300,0,3744.6,60.0010935,0.0576,0
2/11/20 13:29,478.916666666667,478.875,0,0,4730.9,20.35,0,0,1.8,0,843.7,0,0,-2156.674485,60.195,0.501333875,0,7.3333213,-0.74,300,0,3744.6,60,0.0576,0
2/11/20 13:34,479,478.958333333333,0,0,4730.9,20.35,0,0,1.8,0,843.7,0,0,-2156.7,60.1710195,0.49919145,0,7.33180645,-0.74,300,0,3744.6,60,0.0576,0
2/11/20 13:39,479.083333333333,479.041666666667,0,0,4730.9,20.35,0,0,1.8,0,843.7,0,0,-2156.7,60.1082805,0.498321125,0,7.33103645,-0.74,300,0,3744.6,60,0.0576,0
2/11/20 13:44,479.166666666667,479.125,0,0,4730.9,20.35,0,0,1.8,0,843.7,0,0,-2156.7,60.105,0.49949645,0,7.3304671,-0.74,300,0,3744.6,60,0.0576,0
2/11/20 13:49,479.25,479.208333333333,0,0,4730.9,20.35,0,0,1.8,0,843.7,0,0,-2156.7,60.1289805,0.50066065,0,7.3296058,-0.74,300,0,3744.6,60,0.0576,0
2/11/20 13:54,479.333333333333,479.291666666667,0,0,4730.9,20.35,0,0,1.8,0,843.7,0,0,-2156.513485,60.167739,0.499370325,0,7.3303942,-0.74,300,0,3744.6,60,0.0576,0
2/11/20 13:59,479.416666666667,479.375,0,0,4730.9,20.35,0,0,1.8,0,843.7,0,0,-2156.025515,60.1082805,0.498124025,0,7.3290729,-0.74,300,0,3744.6,60,0.0576,0
2/11/20 14:04,479.5,479.458333333333,0,0,4730.9,20.35,0,0,1.8,0,843.7,0,0,-2155.813485,60.105,0.4994271,0,7.3284671,-0.74,300,0,3744.6,60,0.0576,0
2/11/20 14:09,479.583333333333,479.541666666667,0,0,4730.9,20.35,0,0,1.8,0,843.7,0,0,-2155.325515,60.1289805,0.499633225,0,7.32680645,-0.74,300,0,3744.6,60,0.0576,0
2/11/20 14:14,479.666666666667,479.625,0,0,4730.9,20.35,0,0,1.8,0,843.7,0,0,-2155.3,60.167739,0.500514675,0,7.32603645,-0.74,300,0,3744.6,60,0.0576,0
2/11/20 14:19,479.75,479.708333333333,0,0,4730.9,20.35,0,0,1.8,0,843.7,0,0,-2155.3,60.1082805,0.501260975,0,7.3254671,-0.74,300,0,3744.6,60,0.0576,0
2/11/20 14:24,479.833333333333,479.791666666667,0,0,4730.9,20.35,0,0,1.8,0,843.7,0,0,-2155.113485,60.105,0.499857575,0,7.3240729,-0.74,300,0,3744.6,60,0.0576,0
2/11/20 14:29,479.916666666667,479.875,0,0,4730.9,20.35,0,0,1.8,0,843.7,0,0,-2154.625515,60.10899675,0.501396125,0,7.329329,-0.74,300,0,3744.6,60,0.0576,0
2/11/20 14:34,480,479.958333333333,0,0,4730.9,20.35,0,0,1.8,0,843.7,0,0,-2154.786515,60.1154565,0.50293985,0,7.3422052,-0.74,300,0,3744.6,60,0.0576,0
2/11/20 14:39,480.083333333333,480.04158983564,0,0,4730.9,20.35,0,0,1.8,0,843.7,0,0,-2155.46809918685,60.10554675,0.500350983304498,0,7.33710329134948,-0.74,300,0,3744.6,60,0.0576,0
2/11/20 14:44,480.166666666667,480.092811418685,0,0,4730.9,20.35,0,0,1.8,0,843.7,0,0,-2155.9152249135,60.105,0.499621107266436,0,7.3303321799308,-0.74,300,0,3744.6,60,0.0576,0
2/11/20 14:49,480.25,,,,,,,,,,,,,,,,,,,,,,,,